month,own_mean_top,own_mean_bottom,own_mean_spread,ols_top,ols_bottom,ols_spread,enet_top,enet_bottom,enet_spread,gbrt_top,gbrt_bottom,gbrt_spread,mlp_top,mlp_bottom,mlp_spread,all
1995-01,1.0026274290233186,0.4219101447010688,0.5807172843222498,1.7192391403310503,0.026775096716927703,1.6924640436141225,1.584444089662125,0.5834582869740194,1.0009858026881058,0.7155168028465919,0.14635473538479515,0.5691620674617968,1.584444089662125,1.1871597295552878,0.3972843601068372,0.48927110438257754
1995-02,1.0075555599390502,-0.1166754286359443,1.1242309885749946,0.8833287223987139,-0.6316422307793024,1.5149709531780162,0.4306522933093584,-0.4513253825565416,0.8819776758658999,0.4306522933093584,-0.8290659200320343,1.2597182133413927,0.12860443127366789,-0.4513253825565416,0.5799298138302095,-0.024833148792634447
1995-03,1.3312493125944471,-0.012158217437092611,1.3434075300315398,1.5036493227413739,0.38677406909361556,1.1168752536477582,1.5036493227413739,0.9034979901225857,0.6001513326187882,0.9121655233302773,0.5536930740901765,0.3584724492401008,1.7016767845410403,0.7302259838388898,0.9714508007021505,0.6371010028808509
1995-04,0.415742749378202,-0.041718617606368816,0.4574613669845708,1.4357401906576395,-0.6945640528983922,2.1303042435560315,1.305822381701579,-0.7669045732827005,2.0727269549842795,0.7742062502397455,-1.3281898227360958,2.102396072975841,0.42071238226440133,-0.723622550778099,1.1443349330425003,0.1014559951989336
1995-05,1.552850301079439,2.2398148494833547,-0.6869645484039157,-0.30160303625145707,2.5674513505011967,-2.8690543867526537,-0.48430589028316745,0.9750595500396049,-1.4593654403227723,-1.5727590609629571,0.1991229107791849,-1.7718819717421421,-0.48430589028316745,2.064774284299611,-2.5490801745827785,0.28975719518999704
1995-06,1.3443498570786538,2.346397627212729,-1.002047770134075,1.415677076350828,-1.9684223239336738,3.3840994002845015,1.257340503892636,-1.2474154955864312,2.504755999479067,1.3108782826089715,-2.173370061725945,3.4842483443349166,1.313120410735878,-1.9684223239336738,3.281542734669552,0.2123626571014315
1995-07,2.880140156117048,0.9259394704799995,1.9542006856370486,2.189478455051034,0.08475924523881043,2.1047192098122234,2.608067021921192,0.1921807946947124,2.41588622722648,2.003107293938254,0.11923454332972241,1.8838727506085318,2.552373119473929,1.3648298236504979,1.1875432958234313,1.5249133684042884
1995-08,1.7947393583290023,-0.19237914908532341,1.9871185074143258,1.5939964376610258,-1.2798983079417514,2.8738947456027772,2.393610562960012,-1.2798983079417514,3.6735088709017636,2.197385001213771,-0.7645416958865546,2.9619266971003255,1.8687343495966027,-1.1368731318639362,3.005607481460539,0.7008156236835855
1995-09,1.1749682722997892,-2.207559511317265,3.382527783617054,3.0350023246926767,-0.30177865438307694,3.336780979075754,0.8703164967516148,-0.30177865438307694,1.1720951511346918,0.08308824107220285,0.2263050725775956,-0.14321683150539277,1.0350881410812027,-1.8413873314348883,2.8764754725160913,0.11947662056176256
1995-10,0.2985816363432888,-0.3969538277368388,0.6955354640801277,3.398246599074075,-4.308808823664435,7.70705542273851,3.6930636995645125,0.36860732027440507,3.3244563792901074,3.6930636995645125,-1.0218766245328248,4.714940324097338,2.2236726545509726,-2.205543808572391,4.429216463123364,-0.46588726966240607
1995-11,0.1351886269550608,0.177574909643122,-0.042386282688061216,1.6451032870061646,-1.7015286058136183,3.346631892819783,1.9575633567764996,-2.028042857316198,3.985606214092698,1.991071434249524,-1.0192285262908292,3.010299960540353,1.0015787435271342,-1.5442651257885385,2.5458438693156724,0.04374042000570144
1995-12,2.111331955207448,0.654247174306912,1.457084780900536,-0.7598180695779121,2.943614160931558,-3.70343223050947,-0.7598180695779121,-0.8010992855506318,0.04128121597271972,-0.9457548791644985,1.86516990956799,-2.810924788732488,0.5429491226566642,1.644762180001046,-1.1018130573443816,1.2620023878871744
1996-01,1.2411704427390509,1.171918548532817,0.0692518942062339,2.050037372914866,-0.46042175045860106,2.5104591233734674,2.7775164382423245,-0.7316644390003879,3.5091808772427124,2.4841462214049597,-1.039273155685237,3.523419377090197,2.1446563383994515,-0.10714171752772528,2.2517980559271766,0.3175756805815384
1996-02,0.5072729418727179,0.6196720296072109,-0.11239908773449303,0.3142295304160341,0.8688315188888237,-0.5546019884727896,0.7867191696108754,0.5693627027956824,0.21735646681519305,1.8981064544732176,0.5009878843796426,1.3971185700935749,0.17375226300892244,0.7800320996571308,-0.6062798366482084,0.4776685195592072
1996-03,1.1689699361983417,2.451396850981917,-1.2824269147835752,1.1815447240868517,-0.24586181676424848,1.4274065408511003,2.2868790248321385,-0.4339563957609718,2.7208354205931102,2.2089521952590645,-2.7576432711998913,4.966595466458956,1.915756621154962,0.5720690897793715,1.3436875313755903,0.2980300702072986
1996-04,1.0341159450493507,2.3097112039249477,-1.275595258875597,3.2713234427562465,-3.3621502004834056,6.633473643239652,4.993445807006869,-3.2124452264104932,8.205891033417362,5.072185560892595,-2.6659679444104403,7.7381535053030355,2.4100976762067607,-3.0610466566681716,5.471144332874932,1.295097226982305
1996-05,1.3054511558201,-2.2208912486015193,3.5263424044216194,-1.5289136236016698,4.535669595606502,-6.064583219208172,-1.46382067329629,4.535669595606502,-5.999490268902792,0.4076889170626267,4.599320636683319,-4.191631719620692,-1.2419581841674265,4.397463911715911,-5.639422095883337,0.9113267478969005
1996-06,0.2601662921268364,-2.419739046225067,2.6799053383519036,-0.6653479793345617,-0.4110962616318626,-0.2542517177026991,-0.34567278030814313,0.840762473880949,-1.1864352541890921,3.0353451438465715,-2.576936877802349,5.61228202164892,3.5919808568216656,0.21148987545347075,3.3804909813681947,0.6449531435680288
1996-07,1.5402981377403908,0.93783329351611,0.6024648442242808,0.29069669151080185,1.3036080158631544,-1.0129113243523526,0.29069669151080185,1.2796264305803666,-0.9889297390695648,0.060556253260098135,0.9620601609034236,-0.9015039076433254,0.09828449740212604,-0.23697291753604832,0.33525741493817435,-0.11620652066574726
1996-08,0.9277797691255181,0.5715478428994322,0.3562319262260859,1.3451909066449044,0.6431686434527156,0.7020222631921887,0.9847176577853647,0.6326015067975107,0.352116150987854,1.2592691409138712,0.4566137225085425,0.8026554184053287,1.5010285470983227,0.6684737236869457,0.832554823411377,0.23522041900193205
1996-09,1.7784717727570067,-2.713569567507557,4.492041340264564,1.6274868754768301,-0.666487317294515,2.293974192771345,1.6274868754768301,-0.4986614337422366,2.126148309219067,0.4775326361999171,-3.3263918088628004,3.8039244450627177,1.6274868754768301,-2.8328404168215005,4.460327292298331,0.642092786066879
1996-10,-1.4982778642966175,-0.15162489269992316,-1.3466529715966944,1.127854842993351,-1.093354267111774,2.221209110105125,1.3412630749654408,-1.4410659841097717,2.7823290590752126,1.3412630749654408,-2.726601044131236,4.067864119096677,0.13430439550176754,-1.9763099890831732,2.1106143845849408,-0.0800819887648394
1996-11,0.57169858308327,-0.0369019451108793,0.6086005281941493,1.7376325403652337,-0.4730598239123755,2.2106923642776093,2.356866010567393,-0.6734066934954578,3.0302727040628508,2.356866010567393,-2.997479277955486,5.354345288522879,1.5436469027998534,-1.96148752812379,3.5051344309236434,0.41998759150945514
1996-12,2.068618722559684,0.713556363113684,1.3550623594459998,-0.8559284762318526,5.2400415709410675,-6.09597004717292,-1.0812034915078257,7.296000899966269,-8.377204391474095,-2.7096454984150586,4.970214430745082,-7.67985992916014,-0.5550643014100262,6.713682554527022,-7.2687468559370485,1.0084450204895432
1997-01,0.9904574394944994,-0.6910768871458819,1.6815343266403813,0.8673541464959,1.3374317045749875,-0.47007755807908747,1.292513446905129,1.6945914482171798,-0.40207800131205085,-0.258566116569772,1.9501574418071748,-2.208723558376947,0.8470481762374669,2.1458061373794486,-1.2987579611419817,1.8035302249023129
1997-02,1.217076452777045,-0.27241583543783054,1.4894922882148756,5.304551937621115,-1.7732525157280166,7.077804453349131,5.518443309426366,-1.7732525157280166,7.291695825154383,5.8120182034074865,-1.5442856420914368,7.356303845498923,5.232289759955696,-2.3656929298948355,7.597982689850532,1.6005880118373208
1997-03,0.8480071046373765,0.0008596902674048446,0.8471474143699717,2.5365015657991243,-2.093937041507759,4.630438607306884,3.4716918725854,-2.093937041507759,5.565628914093159,3.0915181110271046,-3.7687625451684266,6.860280656195531,3.215672964993037,-2.9899091016251553,6.2055820666181924,0.778267377269259
1997-04,-0.24675229459407133,1.554301125785018,-1.8010534203790893,-3.604595798176389,1.7353202217153962,-5.339916019891786,-4.623707793712439,1.7353202217153962,-6.359028015427835,-2.840787507070022,1.2458654461408087,-4.086652953210831,-5.3171856076021715,0.6243583218785989,-5.941543929480771,-1.488199740669672
1997-05,1.3448875686032684,0.5148194357152415,0.8300681328880269,2.892472579581227,-1.4155962112045695,4.308068790785796,2.788476806875597,-0.9678623210994407,3.7563391279750378,0.9807465882103994,-0.048595939353105744,1.029342527563505,2.6423157259216428,-1.015982491448468,3.6582982173701106,1.147773898494234
1997-06,1.4379618020135667,-0.21932607441356022,1.657287876427127,1.8573463555897574,-1.2122575354678504,3.069603891057608,2.1448162984000305,-1.2122575354678504,3.357073833867881,1.1091827137101329,-1.4323478025307175,2.5415305162408504,0.6839679149418683,-1.2122575354678504,1.8962254504097187,0.5634942089648332
1997-07,0.6277119761550799,0.18538888863460357,0.44232308752047633,-0.9350034306383153,2.863509664913537,-3.7985130955518525,-0.6559959555789212,2.437154067654996,-3.093150023233917,-0.7277897503343806,2.4255384906236057,-3.153328240957986,-0.800693259917886,2.8530115525179944,-3.6537048124358806,0.27820229364555277
1997-08,1.8739963200019814,-0.04385543534684694,1.9178517553488283,0.4565420544487818,0.20263799742258376,0.25390405702619806,0.6817172027863538,0.3995423973563255,0.2821748054300283,1.2162525415729022,0.6861672921422524,0.5300852494306498,0.8770478023547731,0.8815209167811795,-0.0044731144264064104,0.30655384701983013
1997-09,1.292022075972367,-0.08661813826284792,1.378640214235215,2.635446805149633,0.5351076544149613,2.100339150734672,2.635446805149633,1.1349802491724188,1.5004665559772143,1.4180111137535305,0.14580839690354652,1.2722027168499839,3.22163721349189,0.26912733705107383,2.952509876440816,1.7155915406342235
1997-10,0.5563325964909092,-0.5039988563065576,1.0603314527974668,2.945491060792737,-0.12999802498271373,3.075489085775451,2.1224615958242583,-0.8630184232118899,2.985480019036148,2.6389315141605345,-0.8057714237969997,3.4447029379575342,2.6499354627543936,-2.19613870849956,4.846074171253953,0.8932196725797141
1997-11,0.5872205413372308,0.7236609376733254,-0.13644039633609462,5.447769693596642,-7.906281973223536,13.35405166682018,6.811093958227195,-7.906281973223536,14.717375931450732,5.240532944157083,-7.572154842987443,12.812687787144526,4.923794963792669,-8.957584144150498,13.881379107943168,0.995912841854357
1997-12,-0.051328707319074796,-0.014857374443936533,-0.03647133287513826,-1.2756630476048465,4.925654792481746,-6.201317840086592,-1.8524331316250655,4.925654792481746,-6.778087924106812,0.03590614977305784,3.0272666279367524,-2.9913604781636947,0.21432553880314786,4.925654792481746,-4.711329253678598,0.5577583706574153
1998-01,0.5024009658894404,0.9671918928542705,-0.46479092696483015,-1.058783668971687,0.6012726095885439,-1.6600562785602309,-0.6527355659956355,0.01445775726277515,-0.6671933232584106,-1.0478082561982092,-0.17060563892053182,-0.8772026172776773,-0.9688891245273565,0.3376280138042934,-1.30651713833165,-0.13412008798831615
1998-02,1.8535739848221027,0.6999587474544008,1.1536152373677018,2.495110501359081,0.2955221806840488,2.199588320675032,1.9183463050994232,-0.06289408674990885,1.981240391849332,2.4352771724611877,-0.07959490492039681,2.5148720773815847,1.9764197082139208,0.30965616132816337,1.6667635468857573,0.9249345864390669
1998-03,0.565434831316988,0.200622410342207,0.364812420974781,0.04251480370643618,2.5064894871718497,-2.4639746834654135,0.17503006510658198,2.4021872978603307,-2.2271572327537488,0.2154316603313738,1.8001448013630093,-1.5847131410316355,0.41344685965739375,2.641725489710656,-2.2282786300532624,0.5484676725585526
1998-04,0.8713402562415461,-0.481165318802276,1.3525055750438222,1.3398098807907992,0.6710036277660798,0.6688062530247194,1.394603314130182,1.5595379301509273,-0.16493461602074544,1.986197562247708,1.7186388078046635,0.26755875444304444,2.429734003008358,-0.3163637183435944,2.746097721351952,1.4249121692037767
1998-05,1.2146963137194302,-0.03307173420367526,1.2477680479231055,0.34194600155278876,-1.5460941734427263,1.8880401749955151,0.7256695400686394,-2.6017690266682085,3.327438566736848,0.6129181907936323,-3.9335613345313107,4.546479525324943,0.7121062789032235,-3.9229763791298513,4.635082658033075,0.2335915104422797
1998-06,0.9768849379990643,-0.7102824927646872,1.6871674307637514,1.8457639171842004,-0.5704558347807424,2.4162197519649427,1.8457639171842004,-0.6150244028682649,2.4607883200524654,1.8982752914176804,-0.8622778863256653,2.7605531777433456,2.556873506790449,-0.9068464544131878,3.463719961203637,1.0570552115567213
1998-07,0.44733512295536015,-0.32373484982789646,0.7710699727832566,6.377126548050585,-2.7471579898676035,9.12428453791819,5.490213512353558,-3.1596313433169065,8.649844855670464,7.247803682611035,-4.201714666446645,11.44951834905768,7.777855560502216,-3.9094668064576372,11.687322366959853,1.7887950758731541
1998-08,2.0260568149537814,0.3021344209876372,1.723922393966144,-3.7802779141051777,0.8492496946649952,-4.629527608770173,-2.55316108068981,0.8492496946649952,-3.4024107753548054,-1.8125944952353938,0.3742464889135604,-2.1868409841489544,-4.477566183098186,0.8492496946649952,-5.326815877763181,-1.1029892416757718
1998-09,-1.2849469742866073,1.4729661866813608,-2.757913160967968,-2.1165050279703763,-1.6718182551279561,-0.4446867728424202,-2.1165050279703763,-1.6718182551279561,-0.4446867728424202,0.8943035925226488,-3.8439515325435094,4.738255125066158,-2.048267696144506,-2.6812492904390663,0.6329815942945602,-1.4203543933334375
1998-10,1.7770680009992195,-0.2768636880158235,2.0539316890150427,-1.2472493418477764,4.838497733338851,-6.085747075186628,-1.31280401018893,5.463305410988915,-6.7761094211778445,-1.804436128669815,2.4267409379946274,-4.231177066664443,-0.7142952218975851,4.838497733338851,-5.552792955236436,-0.0745998301533755
1998-11,1.9177255725456588,1.2670320739069485,0.6506934986387103,2.377793809392414,-2.603237466241346,4.98103127563376,2.926803866294383,-3.2603772521719168,6.1871811184663,2.4855701237439964,-4.171432070575898,6.657002194319895,3.329212729119778,-3.864540144378868,7.193752873498646,-0.47266784249279276
1998-12,2.9177821087470517,-1.3249320677266527,4.242714176473704,-0.580262995061269,0.5305567802533515,-1.1108197753146205,-0.580262995061269,-0.37692997125775607,-0.20333302380351292,-2.017231476345965,4.599370351828982,-6.6166018281749475,-0.580262995061269,5.687212196566299,-6.267475191627568,0.6867627042077945
1999-01,1.4940723897655803,-0.5299352989084237,2.024007688674004,1.8421222382790488,2.2013671722250185,-0.3592449339459698,1.0701438724901662,2.2013671722250185,-1.1312232997348524,0.43414509681311425,1.9207682367422663,-1.486623139929152,1.6270962292694,2.7073808839478306,-1.0802846546784306,1.3422664225548926
1999-02,-1.811808240290633,0.09498115938270288,-1.9067893996733358,-1.3153612779434918,-0.10376542607919148,-1.2115958518643004,-2.336213254238464,0.07730893801042077,-2.4135221922488848,-1.7844078295537393,-0.058625890839433904,-1.7257819387143054,-2.1689481523688965,0.07730893801042077,-2.2462570903793173,-0.9342233128023867
1999-03,-0.43818037140651567,0.22535730286710107,-0.6635376742736168,1.8602332147131118,0.5466360177961485,1.3135971969169633,1.6590626363567498,0.7301248649618715,0.9289377713948783,2.071803356466527,1.0477078210694475,1.0240955353970795,1.6530941048162673,1.0119622451659551,0.6411318596503122,1.0742104427479349
1999-04,1.7420868570119772,-0.2586795838553539,2.000766440867331,1.4597614390087381,-0.34589212132380553,1.8056535603325437,0.7204234239150884,0.3834692573013486,0.3369541666137398,0.8894870062489688,0.33105169926356115,0.5584353069854077,0.9531516208827954,-0.06602479128635452,1.0191764121691498,0.7128033912144277
1999-05,1.0044037799070038,-0.4202805037603861,1.4246842836673899,0.016068850001550672,-0.6588469163911226,0.6749157663926733,-0.057933955344828245,-0.9943325722781295,0.9363986169333013,0.27104850673059316,-0.15162422877463796,0.4226727355052311,0.7232893207021032,-1.18089416316115,1.9041834838632532,0.013275883039931565
1999-06,2.5145884050332485,-0.2201938009263448,2.7347822059595934,3.588472455077338,-0.2761335275503418,3.8646059826276797,2.518723119914518,-0.36960824897058264,2.8883313688851007,1.6544014871985402,-0.5614955879761503,2.2158970751746905,2.1152744947746616,-0.111129194329291,2.2264036891039525,1.2655781155586128
1999-07,0.2118995650251179,-0.979370733952494,1.1912702989776118,0.4583991214590422,-1.489275908324368,1.9476750297834102,0.4583991214590422,-1.245364687985701,1.7037638094447431,0.3301181557787729,-0.6636605756202096,0.9937787313989825,0.7897507675982312,-1.4119813915421624,2.2017321591403936,0.15048886060847202
1999-08,0.4916711443573882,-0.6469406230754717,1.13861176743286,1.4658012688565052,-3.305202418200794,4.771003687057299,1.4658012688565052,-3.305202418200794,4.771003687057299,1.7102329722785,-3.53729590259769,5.24752887487619,1.6030448277238196,-3.8022186788288423,5.405263506552662,-0.24286802585357395
1999-09,0.24849451265068348,-0.8685901226069692,1.1170846352576527,-0.7559957165895567,-2.8966968726608586,2.140701156071302,-1.0111488786113623,-2.8966968726608586,1.8855479940494964,0.22548030041457898,-2.7784666322469307,3.00394693266151,0.915702337793507,-2.7784666322469307,3.6941689700404376,-0.6239320036465661
1999-10,1.486016490114662,-2.3751452960517603,3.8611617861664222,8.993554993084267,-11.07214112279345,20.065696115877717,8.993554993084267,-11.07214112279345,20.065696115877717,3.1498228003365742,-10.853697200169698,14.003520000506272,6.6388192799783505,-10.502788481553399,17.14160776153175,-0.710021715169139
1999-11,-2.007895214118958,-5.926049648326258,3.9181544342073003,7.8967529872643825,-12.969311540679126,20.866064527943507,7.437045050202885,-12.969311540679126,20.406356590882012,4.996812454105184,-11.093136377318384,16.08994883142357,7.0990778731717015,-12.983250579450203,20.082328452621905,-1.7931838679657697
1999-12,4.273908721035343,-4.226252420040039,8.500161141075381,13.010721357840724,-6.877609568644921,19.888330926485644,13.010721357840724,-6.877609568644921,19.888330926485644,6.152188666404064,-6.146112557072184,12.298301223476248,9.951800161178701,-6.877609568644921,16.829409729823624,1.3600971561713835
2000-01,0.48241406383327784,-11.65520141707099,12.137615480904268,18.3184001467471,-24.86103380500245,43.179433951749544,18.3184001467471,-26.08503310348509,44.40343325023219,18.3184001467471,-26.08503310348509,44.40343325023219,14.518443572523342,-26.40396708069294,40.92241065321628,-2.041112137168105
2000-02,2.5270093327930843,3.595315013690359,-1.0683056808972746,-5.0558374706865745,7.120912014952431,-12.176749485639005,-5.0558374706865745,7.120912014952431,-12.176749485639005,-5.0558374706865745,7.475022606541526,-12.530860077228102,-5.249161978247102,7.120912014952431,-12.370073993199533,1.0742534629853049
2000-03,-0.2146251830504921,5.6550250407680025,-5.869650223818494,-11.054704741343738,10.262698398558856,-21.317403139902595,-11.054704741343738,10.262698398558856,-21.317403139902595,-7.117503550127225,6.769620635228452,-13.887124185355677,-11.054704741343738,9.458379724029395,-20.513084465373133,1.0899287312048196
2000-04,-1.5181763472990806,3.208147750151556,-4.726324097450636,-2.280982280595641,1.729180036505619,-4.01016231710126,-0.21871537416152495,2.134958966242923,-2.353674340404448,1.5498555601286301,-2.5594244589705744,4.109280019099204,-2.036674484857918,1.853762598572414,-3.890437083430332,0.06969244712637468
2000-05,3.051373300737823,-5.666944304692445,8.718317605430268,0.4568442649719443,-5.34383965917677,5.800683924148714,-0.658251500173302,-0.9741170157980499,0.31586551562474785,-1.0025994316165887,-3.7035377231718294,2.7009382915552407,0.9412600325225343,-5.67951107874599,6.620771111268525,-0.05774478143440157
2000-06,2.2343567842776872,4.633516317303807,-2.39915953302612,-2.2663880985572917,8.514550565386207,-10.780938663943498,-2.2663880985572917,8.514550565386207,-10.780938663943498,-4.030009179906204,6.981468941411036,-11.01147812131724,-2.0493088372906896,8.514550565386207,-10.563859402676897,2.486654954242321
2000-07,0.6265407110261864,-2.8946064613888574,3.5211471724150436,3.7023646247802957,-4.866591941415099,8.568956566195395,3.7023646247802957,-4.866591941415099,8.568956566195395,1.837095264100681,-2.8730160312778326,4.710111295378514,3.6377431003498826,-4.866591941415099,8.504335041764982,-0.6056296966879667
2000-08,2.0255277217618177,3.417922872669248,-1.3923951509074302,-0.7642604888670816,5.4102430484651105,-6.174503537332193,-0.7642604888670816,5.4102430484651105,-6.174503537332193,0.4821320524646674,5.5190663290358035,-5.036934276571136,-1.6743351826393476,5.534084622099195,-7.208419804738543,2.0335326000497362
2000-09,-1.062888950892696,4.89137827460744,-5.9542672255001365,2.281928362503538,6.198275027610955,-3.916346665107417,2.281928362503538,6.198275027610955,-3.916346665107417,2.129135549154769,3.6744414739614144,-1.5453059248066454,2.1206253273203943,6.078952265034702,-3.9583269377143075,1.6433634788506082
2000-10,-0.41634914653142713,8.785070493525508,-9.201419640056935,5.809213510490389,7.357560144776386,-1.5483466342859966,5.809213510490389,8.811430419526774,-3.0022169090363846,11.164093309874303,3.0940993124945266,8.069993997379777,5.8267546693258625,7.749396200440435,-1.9226415311145724,3.747803331162592
2000-11,-0.26795964074719836,3.9838134730453545,-4.251773113792553,6.268685006720259,-7.330260757281968,13.598945764002227,6.268685006720259,-9.770226784787042,16.0389117915073,6.882008692566615,-6.124538147764441,13.006546840331055,8.676013824557472,-10.09334378035142,18.76935760490889,0.7404624143235617
2000-12,1.4971344632281074,-0.9694536968234461,2.4665881600515536,-29.668557852202913,29.258330554382177,-58.92688840658509,-31.226825747254793,29.258330554382177,-60.48515630163697,-31.4174879948507,28.853804223034786,-60.27129221788549,-24.80397445804008,22.256516469255423,-47.060490927295504,-2.5545491746791607
2001-01,7.600847397343307,6.038255517298123,1.5625918800451837,-1.09800123430055,9.544427125817906,-10.642428360118457,0.924056257264794,10.653969790194814,-9.72991353293002,15.883150584704932,2.24888484894841,13.634265735756522,9.672059782868084,2.287303180479928,7.384756602388157,5.952879082404331
2001-02,3.172358592981624,3.812051918757616,-0.6396933257759922,10.472904559556193,-5.223284636158969,15.696189195715162,11.078823642172651,-4.163977735662738,15.242801377835388,8.313151761616794,-4.6541300989109144,12.96728186052771,10.166032199688212,-0.8930876253931518,11.059119825081364,3.9564068704728386
2001-03,0.5817906862701037,-0.9004912979645436,1.4822819842346473,-3.971672666446645,3.889445281306321,-7.861117947752966,-5.195142610635589,3.859693053627443,-9.054835664263031,-7.143720347209873,3.5567036417238143,-10.700423988933688,-1.729107906869121,0.6886547489213535,-2.4177626557904746,-2.4232749560682905
2001-04,3.518667159085549,0.21922164643070288,3.299445512654846,2.2802800565448273,1.831288656273806,0.44899140027102136,2.2802800565448273,2.0172873439762644,0.26299271256856294,3.4942424440690885,-0.07826336834663787,3.5725058124157263,1.763050223218979,0.07196125338582805,1.691088969833151,1.1686946757715104
2001-05,0.27463202504642836,0.6793316767107217,-0.40469965166429334,2.3993924723521323,0.6616686672279481,1.7377238051241841,2.3993924723521323,0.09301541233671097,2.3063770600154214,-1.2301432440152753,0.01824805298439245,-1.2483912969996678,2.594220422976196,1.7866944888773555,0.8075259340988403,0.7197702628469312
2001-06,2.3932512253925555,3.7514254016835564,-1.358174176291001,8.30363713338371,-2.4608912613628693,10.764528394746579,7.480053007259199,-2.4608912613628693,9.940944268622069,0.39194477699443686,5.415004357952956,-5.023059580958519,2.1127193029047606,4.535361720106905,-2.422642417202144,2.981963062981765
2001-07,1.6993724454895571,0.819000914638739,0.8803715308508181,7.076633335173173,-2.385384785639537,9.46201812081271,6.9409615433409275,-2.467911119360713,9.40887266270164,8.298555576585114,-3.0085848169889533,11.307140393574068,3.9917246547517125,0.3382522076123776,3.6534724471393347,2.4677835427582093
2001-08,2.508148136116077,-0.060351361628989124,2.568499497745066,8.718080846007734,-4.508232939346116,13.226313785353849,8.718080846007734,-4.4999307631691154,13.218011609176848,7.779428553832427,-6.694350515929437,14.473779069761864,1.3243554594467521,0.1761515915533446,1.1482038678934074,1.880564309383627
2001-09,-1.9559510995158171,0.4378781214547837,-2.3938292209706007,-11.35450927297319,3.8862259435770032,-15.240735216550192,-11.35450927297319,3.8607580644215305,-15.21526733739472,-10.780280323504774,3.734213290047841,-14.514493613552615,3.4331337926157217,-4.92355459525117,8.356688387866892,-3.2284374824516
2001-10,-3.8786714033055567,0.14518083594533449,-4.023852239250891,0.22027597830054318,-2.9530728373689707,3.173348815669514,1.0460956796277316,-2.8483004325735766,3.894396112201308,-4.40067575293111,1.3153017570190395,-5.715977509950149,-1.4602142075464335,-2.087775687450381,0.6275614799039473,-1.7795676091320674
2001-11,0.020756137355949545,-0.3874780071945605,0.40823414455051005,0.2599095245273319,0.03355866627609696,0.22635085825123494,0.9242841304784332,-0.22336424888054152,1.1476483793589747,-1.0770605580169907,-0.2770641444140216,-0.7999964136029691,-0.7741615176587617,-0.3984713241571928,-0.37569019350156896,-0.48874182113161746
2001-12,4.5864218887515555,1.8263481722026547,2.760073716548901,5.836546701524517,0.4398750791242872,5.39667162240023,4.290264669813012,-0.13524845327154383,4.4255131230845555,4.571321144527857,1.4459515331202013,3.125369611407656,5.069326647403483,3.493680369139297,1.5756462782641862,3.736361638410134
2002-01,3.118700306896435,2.3413962204985848,0.7773040863978502,9.749711103189382,-3.7202762460714647,13.469987349260848,9.369402265092745,-1.4318568234719395,10.801259088564684,6.829226140311145,-0.08280911420179526,6.91203525451294,5.411289404800782,-0.7395330791932526,6.150822483994035,2.853195044844327
2002-02,-2.312838717858127,0.08119657495258742,-2.3940352928107145,-2.1939366920378975,1.432878884945858,-3.6268155769837556,-2.205001633651415,1.1068405958207987,-3.311842229472214,-0.5883645293152149,1.4046750494078724,-1.9930395787230872,-1.4461879425936357,1.6134404202421706,-3.0596283628358063,-0.5333623796341862
2002-03,5.19714723803043,1.2727876568030752,3.924359581227355,9.045631706143242,2.9622343077188074,6.0833973984244345,6.981898070195884,2.2292443949581386,4.752653675237745,7.009977307001189,2.5810073424770987,4.42896996452409,6.80008120167806,1.9273946012135594,4.8726866004645,4.188267038408125
2002-04,2.0346609492103727,0.3465289198794545,1.688132029330918,5.757181847688481,-2.8691540199060195,8.6263358675945,5.657179283325192,-2.17040347088643,7.8275827542116225,4.018220152334792,-2.1715697788212545,6.189789931156047,4.371185047687466,-2.814453114884827,7.1856381625722925,2.0403475655755723
2002-05,2.5505248685912787,-0.020218708108843887,2.5707435767001225,8.594507941631365,-3.2568540026765342,11.8513619443079,8.771793542253658,-2.21582101168385,10.987614553937508,7.43309921345715,-4.4478033226955755,11.880902536152725,4.292762197807836,-0.423606443023892,4.716368640831727,2.5549452963485546
2002-06,2.3600384638713363,0.3685134072514922,1.9915250566198441,3.983324694478991,-1.7945384751367766,5.777863169615768,3.672101687412119,-2.7014267543304453,6.373528441742565,4.07108466154418,-1.9662892300499688,6.037373891594149,4.379107325211253,-0.24810038177593188,4.627207706987185,1.5886613086046424
2002-07,1.0913794651825315,0.6085596484867543,0.4828198166957772,2.7292213005316226,0.34080077365382394,2.3884205268777987,2.6514826747452678,0.4383601551872202,2.2131225195580475,1.4097543830694959,0.3751260500056099,1.034628333063886,1.3946923690873865,0.8170277583981639,0.5776646106892226,0.8136815774574762
2002-08,3.2709047972778054,0.3836382983301891,2.8872664989476164,4.764745175326113,0.4531052852272345,4.311639890098879,5.334299095838588,-1.0197897971935488,6.354088893032137,2.8440279553202337,0.5225950453493704,2.3214329099708633,1.2261523478693797,5.0640053590860585,-3.837853011216679,1.2749985108464865
2002-09,-0.3206198790818232,0.2909130069531999,-0.6115328860350231,-4.127183170055799,3.079033428415154,-7.206216598470953,-4.959810198113998,3.3361570889449226,-8.295967287058922,-3.1782265693215206,3.423547039080557,-6.601773608402078,-1.564428983066762,-1.0095917480465242,-0.5548372350202377,-1.4638850572829292
2002-10,-8.865867688926782,0.28607347562757235,-9.151941164554355,-9.023560060782277,-3.9650259556410137,-5.058534105141263,-7.784770786255388,0.6779709552739676,-8.462741741529355,-4.001538977506699,-2.3146357843764083,-1.6869031931302905,-4.784445808088251,-9.539456781742718,4.755010973654467,-2.8089537282709642
2002-11,4.463485572738435,1.1854858612943562,3.2779997114440786,-3.036330205540465,6.764774256230529,-9.801104461770993,-3.1452584545268207,4.895042030372993,-8.040300484899813,2.5159590648059185,2.7027749243609387,-0.18681585955502023,6.59487801802653,3.353922873387335,3.240955144639195,2.4642622686957036
2002-12,-0.2779786323126684,0.7029303156800272,-0.9809089479926956,-1.8784536945131909,0.41453443010496616,-2.292988124618157,-1.6505969996612928,1.0906564797735756,-2.741253479434868,-0.14777917474563781,0.8558580261546138,-1.0036372009002517,1.7483496755524457,-0.21558152858824448,1.9639312041406902,0.8354416627157706
2003-01,1.3260614856847848,0.34694026853769466,0.9791212171470901,1.2382568714462887,0.46654065185688703,0.7717162195894016,1.6509157994468409,0.02138648684061279,1.629529312606228,1.104726270442896,0.814705297174117,0.29002097326877896,0.7056585583894461,0.8061492446961545,-0.10049068630670832,0.9472433245587646
2003-02,-0.22150604945900573,-0.2591053518173555,0.03759930235834977,-1.1917058807061258,-0.5257031586527107,-0.6660027220534152,-2.097093352835756,-0.015700303450719964,-2.081393049385036,-0.37786213088623466,-0.7752650117036592,0.3974028808174246,-0.41152903417995557,-0.5962492319476065,0.18472019776765092,-0.34394846371275134
2003-03,-1.344414037806964,-0.17046827996839362,-1.1739457578385704,1.352161047679408,-1.3672332664514653,2.719394314130873,-3.050596096337,1.1408008457570942,-4.191396942094094,2.7158315485378823,-3.1993960788875913,5.915227627425473,0.5679587329402925,-3.224447179317774,3.7924059122580664,-0.6582878835076209
2003-04,-0.25856144615857785,-0.7408667984550237,0.48230535229644583,6.018334630143469,-6.345245182303373,12.363579812446842,6.215652415316932,-1.7365755943033747,7.952228009620307,4.448321520325847,-5.933375483958058,10.381697004283906,1.1484932017797658,-7.507936407638089,8.656429609417854,-0.7611941614708305
2003-05,1.0048542548403323,-0.28527099173192366,1.290125246572256,3.1722950144056945,-1.6979389707016515,4.870233985107346,3.6666522744535426,-2.1501806750178374,5.8168329494713795,1.2869802818131606,-0.33476146202698437,1.621741743840145,0.6165202034277447,-0.48903021763451016,1.1055504210622549,0.8043606926779131
2003-06,1.8068626338806983,-0.47631015725357717,2.2831727911342754,4.1284903487833935,-2.731222644504954,6.859712993288348,3.668701631544333,-1.09742673388669,4.7661283654310225,4.2606287790041675,-1.5205140776057937,5.781142856609961,3.496184172385856,-2.362116201241573,5.858300373627429,0.7604594424431002
2003-07,-0.40516834957530484,-1.147089156480835,0.7419208069055301,2.1263485117750096,-2.883263011057479,5.009611522832488,0.7987454049272155,-2.4533018017019175,3.252047206629133,0.37121100740713114,-2.5936609081165223,2.9648719155236534,1.7964177936540502,-2.640513787945859,4.436931581599909,-0.25764342797334683
2003-08,3.5027903785885406,-0.10874786715401884,3.6115382457425595,5.342580531582626,-1.7347900774264786,7.077370609009105,5.502115448040581,-2.019568106537122,7.521683554577703,4.432714167430875,-1.9398715041366155,6.3725856715674905,2.256480110318988,-1.7347900774264786,3.9912701877454664,1.5775146780327731
2003-09,2.2552903811171054,-1.1612108099106335,3.4165011910277387,3.482523129324965,-1.4959547361190053,4.9784778654439705,2.9769933787061587,-0.8598255619303323,3.836818940636491,3.370283533899365,-0.8713108526339124,4.2415943865332775,3.1665628658922467,-1.2143046712011802,4.380867537093427,1.3051372383173154
2003-10,0.47752655517574577,-0.34608877871613153,0.8236153338918772,1.1961298282128756,-0.3027922510218513,1.4989220792347269,0.4720022514177686,-0.42047281869780473,0.8924750701155733,1.6401540798827703,-0.17635979568143414,1.8165138755642045,0.4036004003556786,-0.2805963661011192,0.6841967664567978,0.6210397551548326
2003-11,-1.1998988648418867,0.34255517850937306,-1.5424540433512597,-1.4784651976975791,0.8619586240857807,-2.34042382178336,-0.6845939187468487,0.06727111291175561,-0.7518650316586043,-1.4919324488620131,0.17448793495852907,-1.6664203838205423,-1.0242783374616968,0.6828932892399727,-1.7071716267016694,-0.3861465085489819
2003-12,2.1470275687793916,-1.8252909365846424,3.9723185053640337,7.249616902132471,-4.339087100572741,11.588704002705212,8.799892151698042,-4.416832011744396,13.21672416344244,2.3677256477573008,-1.717913815022986,4.085639462780287,5.060041276859716,-4.229009832912509,9.289051109772224,1.2856311228455943
2004-01,0.012308354545914894,0.9606026909923694,-0.9482943364464544,-1.7477235240826015,2.7792144839642585,-4.52693800804686,-1.668666156219227,2.4287043868198395,-4.097370543039067,-1.830839737355112,2.328959011447998,-4.15979874880311,-1.8461466522215555,2.671244777276668,-4.517391429498224,0.20469996251205963
2004-02,-0.7182976983893828,0.8732704163823517,-1.5915681147717344,-2.110592098731408,1.5769658628192451,-3.6875579615506533,-1.441848613753057,1.596647811347506,-3.038496425100563,-0.6938591353982517,1.587740062558527,-2.281599197956779,-1.3819209068456038,1.6669395106327478,-3.048860417478352,0.1971122272666823
2004-03,-0.8033602605812228,1.2457212662002062,-2.049081526781429,-1.1074623459026902,1.9660567146269217,-3.0735190605296117,-0.09808203735740853,2.7016806547936496,-2.799762692151058,-0.37185058634112855,2.338564152900574,-2.7104147392417026,-0.7136826370993344,2.8734056175503864,-3.587088254649721,0.13169691896770716
2004-04,0.2622222887477734,-0.023654066726580627,0.285876355474354,-0.9746880712246663,0.053671032665236644,-1.028359103889903,-0.9460773820234897,0.6976329701645667,-1.6437103521880565,-0.8347619479504925,1.3083958816446422,-2.143157829595135,-0.5246888855972062,0.7280436152166508,-1.252732500813857,0.18881157364268628
2004-05,0.07622066243761842,0.33122457085172174,-0.2550039084141033,0.3041024795756883,0.01014420888116921,0.2939582706945191,-0.5136042481250529,-0.42226159468974156,-0.09134265343531134,-0.49555400034123154,0.012140630243945754,-0.5076946305851773,1.6392102913483557,-0.27722446176323307,1.9164347531115888,0.37244284446597553
2004-06,1.7378102038574137,2.5705181886595847,-0.832707984802171,-2.011796741652683,3.7155934745531587,-5.727390216205842,0.016050973469032215,4.003339229544902,-3.9872882560758693,0.7187896329933561,2.9202681496986767,-2.2014785167053206,1.0546266769059107,4.506733271444994,-3.4521065945390834,1.8794339705103869
2004-07,0.4052432121300697,0.6764168058099415,-0.27117359367987176,0.7293228470837023,-0.6545034154555299,1.3838262625392321,1.1548414659774953,-0.7284712492548594,1.8833127152323548,1.8638286740992522,-1.4789916529293323,3.3428203270285843,1.8025741033647407,-1.3656747199887482,3.1682488233534887,0.3656380478219662
2004-08,1.4130850168604212,-0.3488866301140225,1.7619716469744438,0.23163911607214244,0.6298761571473861,-0.39823704107524366,0.7760469482647302,0.3093081340522771,0.4667388142124531,-0.6973908053639806,1.2359608726295148,-1.9333516779934954,-0.1254667821827436,1.1734541399050398,-1.2989209220877833,-0.005325887607950265
2004-09,-0.4689037932161899,0.07129467970398726,-0.5401984729201772,0.3222833525960894,0.20771672230867447,0.11456663028741496,0.4284150370940649,0.25085649268937243,0.1775585444046925,0.31699211541279915,0.40904995026534685,-0.0920578348525477,-0.2309272461758067,0.4355990789253067,-0.6665263251011134,0.13614192213990567
2004-10,1.1986103688115435,-0.8800348525961714,2.078645221407715,-1.2008444760324783,0.9331951232911643,-2.1340395993236427,-0.258957508348115,0.4146295813827855,-0.6735870897309004,-0.2704223373413818,0.6236785281323535,-0.8941008654737352,-0.8572007322224093,1.293032134973919,-2.150232867196328,0.061453862660886295
2004-11,0.5129535173894562,-0.9120243541212838,1.42497787151074,-1.5252719998572155,0.010227522211803949,-1.5354995220690195,0.8015584923194953,-0.952906714707782,1.7544652070272773,0.30096850008147563,-1.693480769334567,1.9944492694160427,-0.47355744732326593,-0.4533213116096879,-0.02023613571357802,-0.41295254731626607
2004-12,2.859598696182569,1.2750772017856964,1.5845214943968726,2.2024346351045243,1.1222028934168742,1.0802317416876501,1.0616810932851246,1.9755611501899395,-0.9138800569048149,0.9500855394266391,3.304679919030131,-2.354594379603492,1.9164459951933592,1.8764915498695567,0.039954445323802545,1.7957008395679086
2005-01,1.3265222935668264,0.16516246386425096,1.1613598297025753,3.5612468686732908,-1.783133990563078,5.344380859236368,3.7237717740762117,-1.3615040204605604,5.085275794536772,3.747217359375491,-1.7995003617067873,5.5467177210822785,2.3646324441131052,-1.7440965930847354,4.108729037197841,0.7439446530028008
2005-02,-0.01917303526007433,0.7737159731301384,-0.7928890083902127,3.2159258296569857,-1.2020870452235093,4.418012874880495,3.2521092177086253,-1.1193204960574357,4.3714297137660605,3.705634660591148,-0.7648527572368815,4.470487417828029,2.993085024183018,-1.301865292213477,4.294950316396495,1.0040179084365621
2005-03,0.45982527455065847,0.376640591869402,0.08318468268125645,2.941938577003372,-2.4361038682180283,5.3780424452214,2.0694368320469883,-1.9910408998781695,4.0604777319251575,2.0688828947381204,-2.4966490286640983,4.565531923402219,2.365427941060179,-2.666598873670722,5.0320268147309015,0.6814569657066716
2005-04,0.03963270193488024,-0.3055552909727914,0.3451879929076716,-0.5985215726549338,0.24376606973233597,-0.8422876423872697,-0.6604551681514853,0.49713925084883026,-1.1575944190003156,-1.0584519163221202,0.514014734758276,-1.5724666510803962,-0.7383479374403176,0.4673784779163319,-1.2057264153566494,-0.34400845841316013
2005-05,0.7641322962512902,-0.10143702894889793,0.8655693252001881,1.0681074021913919,0.00087491536032008,1.0672324868310719,1.4410676578683654,0.07603754718091463,1.3650301106874507,1.4530583961767245,-0.37134880147897975,1.8244071976557041,0.9233275186491199,0.3598162122166194,0.5635113064325005,0.4194037350671029
2005-06,0.5334262013681323,-0.582395837285948,1.1158220386540805,-1.4158520722879782,0.5803934166587504,-1.9962454889467285,-0.8377580184420851,0.21616096179078337,-1.0539189802328686,-1.0302081304113646,-0.03566927481154364,-0.9945388555998209,-0.7419879742598707,0.6697818993027008,-1.4117698735625717,-0.5058621519509258
2005-07,1.5580371604865901,-5.807131473295725e-06,1.5580429676180634,1.6402333748666895,0.25541294378073814,1.3848204310859513,1.755343261965601,0.24367459892042054,1.5116686630451805,1.450849420407123,-0.045878376425611656,1.4967277968327346,1.625190235039144,-0.2693414000188117,1.8945316350579557,0.6078000544094652
2005-08,0.9117672754412122,0.4706112387464001,0.44115603669481207,-0.018517901635281168,0.9370374366171791,-0.9555553382524603,0.7024285767704646,0.44561165747976045,0.2568169192907041,0.8529352104869766,0.4031156315465671,0.4498195789404095,0.2136915046572178,0.5472134093765113,-0.3335219047192935,0.32774128916704875
2005-09,0.38997932914564926,0.9426355131123018,-0.5526561839666525,2.151957030193337,-0.7887612188401679,2.940718249033505,1.1244971502442043,0.4476390730976464,0.6768580771465579,1.5242945760531583,0.9348608888364232,0.5894336872167352,1.9154460300644733,-0.28774801928429816,2.2031940493487716,0.5528692639441483
2005-10,-0.0975528134661293,-0.4489109580678874,0.35135814460175807,0.2435228454510014,-0.5158881902991032,0.7594110357501045,0.5226886688481107,-0.09720573057789698,0.6198943994260077,0.1795350555505554,-0.37258536286567434,0.5521204184162297,-0.04646970351314472,-0.5027305268210173,0.45626082330787254,-0.3509682611894197
2005-11,0.46087017754761767,-0.39794331350381024,0.8588134910514279,0.4233223829756798,0.016088600307570672,0.40723378266810917,0.7488933380640771,-0.2547002023886029,1.00359354045268,0.43566706192762983,0.04178074150091558,0.39388632042671423,0.7432849391448392,-0.21460909138962875,0.9578940305344679,0.2068475058069223
2005-12,1.9829984492451487,-0.6229485539976399,2.6059470032427887,-1.282317262284965,2.1584739042055126,-3.4407911664904773,0.11358339950308138,1.2411939101735856,-1.1276105106705043,0.3647517085376608,-1.6205233352167485,1.9852750437544093,-1.2768930156076568,1.5606987416249225,-2.8375917572325795,-0.23238696614110818
2006-01,0.7382422075448071,0.06581282307879632,0.6724293844660107,-0.2645391770698668,0.6232776419788196,-0.8878168190486864,0.02939630017976,0.6463236451492478,-0.6169273449694878,-0.3402722816790891,0.10642880442270422,-0.44670108610179327,-0.18480946028560186,0.4314415110946229,-0.6162509713802248,0.33943128567791525
2006-02,0.5964701006552489,-0.4482425857963489,1.0447126864515979,-0.2757574382411428,0.7240184429787371,-0.9997758812198798,0.9998602441791936,-0.3008290296702215,1.3006892738494151,0.6503448425529607,0.31682558905590985,0.3335192534970508,0.43649265548728905,0.7059951010510597,-0.2695024455637706,0.21762692309203946
2006-03,0.26829166417541994,0.4196148232435524,-0.15132315906813248,-0.0586022607267383,-0.053491361033382555,-0.005110899693355743,0.17494045492854307,0.08629374441855778,0.0886467105099853,0.8539647512040245,0.49603863042231583,0.35792612078170866,1.3699999035378223,0.34180943919309464,1.0281904643447277,0.39028518737109236
2006-04,-0.08825761831954783,0.593330681254226,-0.6815882995737738,0.5716864659455969,0.8812342754423772,-0.3095478094967803,-0.4257110558473189,2.068541346642582,-2.494252402489901,0.20995285105129605,2.005137121573788,-1.7951842705224919,1.0881346315640679,0.5022627734368852,0.5858718581271827,0.7026002222187392
2006-05,0.3113620896560858,0.09272664278427128,0.21863544687181452,1.1047757810140582,-0.25591459152390034,1.3606903725379584,1.665587875776997,-0.20937995944126508,1.8749678352182622,1.9631178189380036,-0.28157310436512534,2.244690923303129,1.8113397896766283,-0.37156334080297926,2.1829031304796076,0.5427915296564578
2006-06,-0.12305805589132819,1.0554451496850743,-1.1785032055764024,-0.4912008453308182,0.4380931271334581,-0.9292939724642764,0.9304864976417312,-0.15046444050106467,1.080950938142796,1.3899531157566254,-1.388750677931806,2.7787037936884316,1.9101813191051964,-1.3287735571266197,3.238954876231816,0.46908758964585334
2006-07,-0.7723031744241615,0.2398823232928914,-1.012185497717053,-0.7204321509866405,0.1828119060687257,-0.9032440570553661,-2.1008689835055043,0.18830913366463287,-2.2891781171701373,-2.1521382469933306,0.5231180509436042,-2.6752562979369348,-1.794186945014467,-0.0035401873852099978,-1.790646757629257,-0.5289963895124967
2006-08,-0.3744276178230978,0.7491225617266861,-1.123550179549784,0.1136960970757955,0.2835875439101689,-0.16989144683437338,0.10701266521381922,0.5165518522966406,-0.40953918708282133,0.5380649485095123,0.21496274844567687,0.3231022000638354,-0.023767099316752985,0.7744393799097515,-0.7982064792265046,0.3996372811165027
2006-09,-1.1195540573570977,-0.18468150349683735,-0.9348725538602604,-1.0175056594473997,-0.34208770635614827,-0.6754179530912514,-1.9808716804763722,0.33011931586848403,-2.3109909963448563,-1.455576536720233,0.2780693416178683,-1.7336458783381012,-1.285528415303185,0.09907387096234785,-1.3846022862655327,-0.41342165925830715
2006-10,0.22201121907888202,-0.3049525342489147,0.5269637533277968,0.1802727987480346,-0.3328358231653203,0.5131086219133549,0.46944216779658243,-0.5136331907399453,0.9830753585365277,0.40275836978747004,-0.6420130096602313,1.0447713794477014,0.06431632859276662,-0.7188560436980819,0.7831723722908485,-0.17680494556499637
2006-11,1.355170632907338,0.39116246444843566,0.9640081684589024,1.2560576547651816,0.47859045948295464,0.777467195282227,1.3407895963627703,0.6820507946015933,0.6587388017611769,1.5204968863291877,0.9948888787269339,0.5256080076022538,0.9847070394666769,0.6676434824624129,0.31706355700426403,0.806283609720561
2006-12,0.882357549899647,-0.49622179881871487,1.378579348718362,1.1130064094524106,-0.10312891994145817,1.2161353293938688,0.8949629131568286,-0.27859281628610516,1.1735557294429337,0.5813639624021663,0.46481991619953406,0.1165440462026322,1.20121256011903,-0.08470570823183404,1.285918268350864,0.3752559880389401
2007-01,0.915051131700464,-0.30308290255227643,1.2181340342527405,0.9373892349677279,-0.2608088363818456,1.1981980713495735,0.7646924816193829,-0.19855318257806578,0.9632456641974486,0.9181745293856142,-0.2770518390442653,1.1952263684298794,1.052174913974097,0.19857650254053932,0.8535984114335577,0.3980074001294267
2007-02,0.581830499536116,0.10618480335752181,0.4756456961785942,0.1036960801567148,0.7167699245916851,-0.6130738444349703,0.19519030760464162,0.25998161338935244,-0.06479130578471082,0.6481728003998761,0.32742225050879026,0.32075054989108587,0.008062185510340974,0.3268494687982377,-0.3187872832878967,0.30551223993277576
2007-03,0.2922587912266889,-0.25273542609855726,0.5449942173252462,-0.24170966745529848,-0.28297442329889094,0.04126475584359246,0.008391228177495328,-0.4290055499094396,0.43739677808693495,0.6204333835072805,-0.8603416628223285,1.480775046329609,0.12275377326997039,-0.9236267212545161,1.0463804945244863,-0.10275981837717998
2007-04,-1.206738450639267,-0.2639937070870882,-0.942744743552179,-1.2867437605825864,0.21330455953166633,-1.5000483201142527,-0.9356327826553373,-0.377561809759056,-0.5580709728962814,0.6798593670722061,-2.037333189379874,2.71719255645208,-0.19706898092391661,-0.7057543773162249,0.5086853963923084,-0.4255001346036537
2007-05,1.1532676381147042,-0.3938554887550187,1.547123126869723,0.6976427538941693,-0.46964479712605794,1.1672875510202272,0.982188603589469,-0.21990744102140455,1.2020960446108735,0.7996667896549068,0.053811806681776736,0.74585498297313,0.7977861921896003,-0.3222601753422455,1.1200463675318457,0.28860814670610474
2007-06,1.2179215553280849,0.13521813143976497,1.08270342388832,0.5373520738965435,-0.2419999619020588,0.7793520357986023,0.5857692888130567,-0.4469978745314094,1.0327671633444662,1.3473271979166415,-1.1721237492578571,2.519450947174499,1.5017122099504616,-0.8574801852682499,2.3591923952187113,0.19796070266361035
2007-07,0.2859374633775358,0.8136961226464456,-0.5277586592689099,-0.5284194269696953,1.292441808523101,-1.8208612354927964,0.38394892542227194,0.8921735609457933,-0.5082246355235214,1.007040039299626,0.06375751955071325,0.9432825197489126,0.3562408522385481,0.16864851590986518,0.18759233632868294,-0.050460728274291655
2007-08,1.3777812862818257,-0.6525725214250963,2.030353807706922,1.6458735992808948,-1.350388569289651,2.9962621685705457,2.4236674423146605,-2.0045573958189697,4.42822483813363,2.4222076819158453,-2.4643071102055782,4.886514792121424,2.738203888600569,-2.21819680883707,4.956400697437639,-0.3117091136043368
2007-09,0.8388798031468425,-0.8085040827533505,1.647383885900193,1.6761167798384315,-2.39516812471003,4.071284904548461,2.7186782128116667,-2.9767721745082123,5.6954503873198785,3.1937985397529194,-4.053140936044603,7.246939475797522,3.0383562327164673,-3.7377240059382877,6.776080238654755,-0.42277669913636
2007-10,0.916617981096818,1.5587369693542636,-0.6421189882574456,0.8428492835101363,2.0255083196561112,-1.1826590361459748,2.1265910277495155,1.1300132375780374,0.9965777901714781,2.735063017218474,-0.4525463504996151,3.187609367718089,1.4625725745572096,1.798284578551444,-0.3357120039942345,0.968625575093012
2007-11,0.2206890782481771,-0.15083200333403268,0.37152108158220976,0.9103244423227894,-1.112396318433163,2.022720760755952,0.8892775579557785,-1.562972424212615,2.4522499821683934,1.3913553670886736,-2.069790491600309,3.4611458586889827,0.817549884985843,-1.8239362968905914,2.6414861818764344,-0.01789588530705722
2007-12,-1.417083101484022,1.60140781626497,-3.0184909177489923,-3.9115031033219863,4.551783059617132,-8.463286162939118,-4.151297520340765,4.854414849784337,-9.005712370125103,-4.783608472430919,3.8245920846104315,-8.60820055704135,-3.8827365097370117,5.062251465898938,-8.94498797563595,0.652478379245464
2008-01,2.970271263663989,-0.33722918713760375,3.307500450801593,1.6409974106296426,1.1764420194933085,0.46455539113633404,1.7441532036164946,0.5009818317005086,1.243171371915986,1.990780498715098,1.4538388576268093,0.5369416410882888,1.4142593316124674,1.6964797790993233,-0.28222044748685593,0.8966270871467614
2008-02,0.6149518730366423,0.7542114459760689,-0.1392595729394266,1.3354420460361223,1.1085288859375204,0.22691316009860185,1.632791758129426,0.4256896542089496,1.2071021039204763,1.3469961964120498,0.1955494585259586,1.1514467378860913,1.151336352190581,0.356411353190299,0.794924999000282,0.9367221400016928
2008-03,0.9100717428557028,-1.3661107688252063,2.276182511680909,1.318295688023873,-1.9787541892020712,3.2970498772259442,1.517567284931584,-2.278218029884921,3.795785314816505,1.1055090175731879,-2.789311917608004,3.8948209351811918,1.6085071226072047,-2.4174054675895955,4.0259125901968,-0.48023754184535966
2008-04,2.4648127434717577,-1.276121647015012,3.74093439048677,4.338569326985782,-1.309042810170084,5.647612137155866,4.4284118022973535,-1.2755697767085865,5.70398157900594,4.222304215299416,-2.312362521767508,6.5346667370669245,3.6579296821079046,-1.8358236413801692,5.4937533234880735,0.2457283814175673
2008-05,4.307236678704741,-0.40446597251626976,4.71170265122101,7.80884650794005,-2.8412780467720635,10.650124554712114,7.6527732792809555,-3.4326515848134735,11.08542486409443,8.467224951892447,-3.337765238931593,11.80499019082404,8.051614251875904,-3.46025957378725,11.511873825663153,1.2092581956158748
2008-06,-2.2444466480009626,1.0772250562742758,-3.3216717042752384,-2.7557788838902844,2.8849926421593755,-5.64077152604966,-2.769001501998582,3.0067792969579017,-5.775780798956484,-3.8792400454892353,3.0295121772861493,-6.908752222775385,-4.720296557365633,3.4449002652077527,-8.165196822573385,0.21218628557516067
2008-07,-2.521011912927193,0.06660344974054354,-2.5876153626677367,-0.9278755806291661,-0.6748883763158766,-0.25298720431328947,-1.1741537417108279,-0.9707708021014598,-0.20338293960936804,0.3240396168877328,-0.9095174489731449,1.2335570658608777,2.1379561943916756,-1.8007957523123166,3.9387519467039924,-0.24127102026403927
2008-08,-1.2810950468106257,2.503679191678479,-3.7847742384891045,3.253961033776455,-0.44181208098129826,3.695773114757753,3.096120628407309,-0.3194203752724451,3.415541003679754,5.2785406273961435,-1.333997076023948,6.612537703420092,6.2791861039650465,-1.4509360421578132,7.730122146122859,1.4804745546307998
2008-09,1.6083378605622067,2.307549470262676,-0.6992116097004695,4.216120346236626,-1.0589382815337445,5.27505862777037,4.241554426191633,-0.7326732395818985,4.974227665773531,4.221301517038174,-0.407758404232088,4.629059921270262,4.6481475565752115,-1.3005821957017536,5.948729752276965,2.4317323309924626
2008-10,3.8325309620341965,1.6388151484097833,2.1937158136244133,6.773710512932029,-1.8929076400989546,8.666618153030983,6.8933147763322005,-1.8385493823000907,8.731864158632291,6.881883630786054,-3.31373507550117,10.195618706287224,6.661285890266614,-2.5774530331369205,9.238738923403535,1.5989593737882344
2008-11,1.1715526535769707,-0.45822494969640976,1.6297776032733804,2.3240967652506903,-0.6753171177886664,2.999413883039357,2.398784251876776,-0.3358437922441007,2.7346280441208766,0.41124519318374814,-0.7915512380427161,1.2027964312264643,1.078195619353428,-1.2495442543036681,2.3277398736570962,-0.2503213011156471
2008-12,4.446376644279147,0.7193931902352718,3.7269834540438755,-0.05279712218115433,5.324955542565189,-5.377752664746343,1.5227709285359565,5.959965002368223,-4.437194073832266,0.2800086463908038,5.040016783525339,-4.760008137134536,0.1411096496783422,5.087582235032855,-4.946472585354512,0.9409230334280645
2009-01,2.633591187980367,0.4120097999707747,2.221581388009592,5.272206273622366,-0.8362122916015773,6.1084185652239436,5.272206273622366,-0.9598728104413503,6.232079084063717,3.347755043396278,-1.0410608966285197,4.388815940024798,3.1289063108841693,-1.154436966142446,4.283343277026615,1.1682143447456639
2009-02,-5.58414138623452,-0.6760462180674243,-4.908095168167096,-10.388095292945325,3.144933117191334,-13.533028410136659,-10.388095292945325,3.0120597143169947,-13.40015500726232,-9.821329237613911,4.2837844973681385,-14.10511373498205,-5.034464076672774,0.3647145491430239,-5.399178625815797,-1.991059850541815
2009-03,-8.922417931085159,-1.7613881598770806,-7.161029771208078,-0.9328848347938639,-6.554893809550473,5.622008974756609,-0.15457108732832767,-6.535183805005299,6.380612717676971,-13.154432937924257,-1.8482451174256296,-11.306187820498629,-10.091690869485516,-1.9651110940339964,-8.12657977545152,-2.9815197672961977
2009-04,-2.518989383330302,-1.1306149457527732,-1.3883744375775289,-0.4909691133802962,-5.977030751479539,5.486061638099243,-0.4909691133802962,-5.977030751479539,5.486061638099243,-5.554082196684029,-0.4080583600148694,-5.14602383666916,-4.101808745634812,-2.8058670042622706,-1.2959417413725411,-1.635914449880481
2009-05,2.1735452306985246,0.11838211479502442,2.0551631159035,3.3537745771935534,-1.2197023862640464,4.573476963457599,3.3537745771935534,-1.2197023862640464,4.573476963457599,2.617100484049622,-0.3191101609548827,2.9362106450045045,3.3141710313829473,-1.532758242957394,4.846929274340342,0.9197281741910344
2009-06,-0.06900496470945829,-0.8882649784119353,0.819260013702477,-1.2490208733203627,-0.27904534694282856,-0.9699755263775341,-1.224331486479524,-0.27904534694282856,-0.9452861395366955,-0.7115085562504938,0.15569446228327238,-0.8672030185337662,-0.7260324847905971,0.22817446280463574,-0.9542069475952328,-0.2292649118435795
2009-07,-0.5896679800324284,-2.101081043797897,1.5114130637654686,2.9849288011127157,-2.7581203737097955,5.743049174822511,2.9849288011127157,-2.570709460484096,5.555638261596812,-2.686690777831482,-3.7842679470157328,1.0975771691842509,0.09876179708714686,-3.6757428810962405,3.7745046781833875,-0.00872802276015667
2009-08,-0.4841893606583194,-0.3142032404556829,-0.16998612020263654,1.0979513407329815,-1.0087559627689084,2.10670730350189,1.0979513407329815,-0.7803361507551985,1.87828749148818,0.2510701879497847,-1.246456610574263,1.4975267985240477,0.2814550383221637,-0.4557036808725713,0.737158719194735,0.04519983796655066
2009-09,0.1216967565511425,1.2435959021035645,-1.121899145552422,-0.37057741245940073,1.8753451495320668,-2.2459225619914673,-0.37057741245940073,1.989552412825553,-2.360129825284954,1.085337328576716,1.8321311150752804,-0.7467937864985643,-0.2555356882583023,2.048656284923399,-2.3041919731817013,0.8076864325578218
2009-10,1.3142015094594328,-0.15692971348298923,1.471131222942422,0.4478629036074483,-0.35837973744055246,0.8062426410480008,0.37554912945704827,0.09873333394762097,0.2768157955094273,1.7476961605030603,-1.181111590122169,2.9288077506252295,1.4833396250882478,-1.2770971679426895,2.7604367930309373,0.12931175776320417
2009-11,0.06905545428219002,0.39998384994077535,-0.33092839565858534,1.5965035833432495,0.15232373641364164,1.4441798469296079,1.5965035833432495,0.0711029739213289,1.5254006094219206,1.3053373410029994,0.07193429445091175,1.2334030465520875,1.6627549381636393,-0.049251729981461746,1.712006668145101,0.2727807269510898
2009-12,0.5941614464372027,-0.4866494323950528,1.0808108788322555,2.2752097424172595,-0.7858242520231012,3.061033994440361,2.2752097424172595,-0.7858242520231012,3.061033994440361,0.98624531175447,0.1512593751001862,0.8349859366542839,2.415080549936345,-0.14198686372078834,2.5570674136571334,0.8229200334892748
2010-01,1.2747271962051925,-0.37255113172261267,1.6472783279278052,0.8860493023929933,-0.13187441596930344,1.0179237183622967,0.8860493023929933,-0.13187441596930344,1.0179237183622967,-0.12066711087849558,0.22545884017433399,-0.34612595105282956,-0.07863340087072773,0.13808554828201078,-0.2167189491527385,0.3338483021288537
2010-02,0.8610702410808547,-0.3967926393347113,1.257862880415566,2.3300419069025775,-3.041842608811103,5.37188451571368,2.3300419069025775,-3.041842608811103,5.37188451571368,2.3114644499372705,-1.9475304920846392,4.25899494202191,2.1891022902350254,-3.2336796605241727,5.422781950759198,0.1523809961278219
2010-03,1.1608556385404116,-0.3434453887766677,1.5043010273170794,5.343876034397941,-3.4707587452434314,8.814634779641374,5.343876034397941,-3.4707587452434314,8.814634779641374,4.950073623968642,-2.6728810981010347,7.622954722069677,5.4955677591087655,-3.853611938767446,9.349179697876211,0.6866213943537839
2010-04,0.2894232038182895,1.1328055475183039,-0.8433823437000143,-1.1615002649545785,3.401665678267022,-4.5631659432216,-1.0878437345121528,3.401665678267022,-4.489509412779174,-1.3691092530857454,2.949843462278419,-4.318952715364165,-1.0888047648696875,2.990326633136276,-4.079131398005964,0.6871751151279716
2010-05,0.10630656719428913,1.3598068024536405,-1.2535002352593514,-0.6939006905268601,1.2378260211600507,-1.9317267116869108,-0.6939006905268601,1.2378260211600507,-1.9317267116869108,2.2953546779282172,0.6731008843507597,1.6222537935774577,1.0789285535719777,-0.667299371418807,1.7462279249907846,0.4834155756278263
2010-06,-0.1564150573351559,-0.9387073179269795,0.7822922605918236,-0.5898092413637617,-0.46209190909809456,-0.12771733226566712,-0.5898092413637617,-0.46209190909809456,-0.12771733226566712,-1.2389953660890227,0.04907800981185466,-1.2880733759008773,-1.272843375286561,0.20003220618215756,-1.4728755814687187,-0.2620768554355241
2010-07,0.8527971322915642,0.8578918343117645,-0.005094702020200348,-0.7350260328288539,1.810478158142787,-2.545504190971641,-0.7350260328288539,1.810478158142787,-2.545504190971641,-0.5047972977075468,2.0901651997406465,-2.5949624974481935,-1.1029739478432974,3.1356995634572327,-4.23867351130053,0.28694708033445754
2010-08,0.56110959215919,-0.8055696881664884,1.3666792803256784,-0.696137686671624,0.5216467123014022,-1.2177843989730261,-0.696137686671624,0.5216467123014022,-1.2177843989730261,-1.4042087064385291,0.5457757288004631,-1.9499844352389921,-1.1381348532190525,0.39054762263320225,-1.5286824758522548,-0.335298540855193
2010-09,0.9883175903149082,-0.15123218030292757,1.1395497706178357,1.0281484144288089,-0.36371375656201144,1.3918621709908203,1.0281484144288089,-0.36371375656201144,1.3918621709908203,0.870452290296534,-0.6660465469465123,1.5364988372430464,1.369197785333523,-0.8691945762441391,2.238392361577662,0.13931843957263612
2010-10,1.0088669791318639,-0.2505984815927425,1.2594654607246063,1.5159527961975026,-0.7914950054885751,2.3074478016860778,1.5159527961975026,-0.7914950054885751,2.3074478016860778,1.4639161176372004,-1.308764637672567,2.7726807553097674,1.666377338561285,-0.8374851156004492,2.5038624541617343,0.05901646873426041
2010-11,-0.2419676180203293,-0.9752502000286676,0.7332825820083383,-0.49703067022350955,-1.0435629792902965,0.546532309066787,-0.3576924273898965,-1.1130252936164913,0.7553328662265948,0.2050422076490884,-0.9258020577301044,1.1308442653791928,-0.8017798874608627,-0.46622198805102566,-0.33555789940983705,-0.6005111392143954
2010-12,1.8978274067529115,0.17731771180929184,1.7205096949436196,2.49101629527415,-0.32201484999710106,2.813031145271251,2.49101629527415,-0.2742626204618372,2.7652789157359874,2.679427133747046,0.5419555536027948,2.137471580144251,2.1338830548750556,-0.056572003453465934,2.1904550583285216,0.9683281682574988
2011-01,1.71513343590791,0.09403373431701084,1.6210997015908992,2.386929702946372,-0.4917520454817205,2.8786817484280927,2.2266892424997065,-0.45549614166211927,2.6821853841618255,1.8726147333332297,-0.07327161930377357,1.9458863526370034,2.168307776777476,0.2559825604338139,1.9123252163436621,0.7506468222881706
2011-02,0.4739178367978251,0.19640220840946518,0.27751562838835997,0.9942004099497443,-0.15998760122149155,1.154188011171236,1.1068579117111677,-0.17504556015647402,1.2819034718676416,1.103285552157629,-0.21805365913061076,1.3213392112882398,1.4899909824174262,-0.7903062359891204,2.2802972184065466,0.2380237377424585
2011-03,-0.7180970334395644,0.39290398093069123,-1.1110010143702556,-0.39826293041527616,-0.7785952787230338,0.38033234830775764,-0.3096280724325505,-0.6838780457398699,0.37424997330731935,0.09464042750180894,-0.9752655879705543,1.0699060154723632,0.010320176156670025,-1.4440345054121613,1.4543546815688313,-0.40020038423021137
2011-04,-0.5981635515384882,0.6397693504974223,-1.2379329020359107,1.011251787108826,0.14070433954564904,0.8705474475631769,0.7906274787126573,-0.08257348429178978,0.873200963004447,0.5472914644519826,-0.07972222412365138,0.627013688575634,0.5733007888668007,-1.1112842631012156,1.6845850519680163,0.12113858022506097
2011-05,1.2448340472684511,0.4130694477332428,0.8317645995352083,2.404427440346134,-0.4601881759000226,2.8646156162461565,2.404427440346134,-0.42822803175662116,2.832655472102755,2.172727578416717,-0.16062087636209163,2.3333484547788084,2.138654696096568,-0.5688317796085843,2.7074864757051524,0.6765107514962567
2011-06,0.6732542486490953,0.03522631237844388,0.6380279362706515,0.30665817057579947,0.1396876218848631,0.16697054869093636,0.26289419310985535,-0.008850854145682095,0.27174504725553744,0.5866849459937791,0.5160014289728097,0.07068351702096942,0.5508025478711585,-0.049404193795350854,0.6002067416665093,0.3413684730091003
2011-07,1.3758820322225358,0.8589174423752035,0.5169645898473323,3.1957434993066296,-1.0433497779852157,4.239093277291845,3.5048899487787257,-0.906134234989509,4.411024183768235,1.8018664650654581,-0.7484150242696489,2.550281489335107,3.392483917554806,-1.7564183206890949,5.148902238243901,0.8255149431596578
2011-08,1.531833188468638,1.6008517137959464,-0.06901852532730834,5.232740132401284,-0.756816331234357,5.989556463635641,5.232740132401284,-0.7150143760407897,5.947754508442074,5.859148531362562,-0.8595416770042389,6.718690208366801,5.104909268204492,-1.382423291992219,6.487332560196711,1.4678253498004339
2011-09,-1.3556497348984224,-0.7506910794619931,-0.6049586554364293,-4.119345469334532,1.8048830950629071,-5.924228564397439,-3.3510212001217643,1.994774594716176,-5.34579579483794,-5.108200626236944,1.7304079733232898,-6.838608599560234,-4.576479458456392,2.6680240464509066,-7.244503504907298,-1.194728755965979
2011-10,0.7089863264054648,0.5792727582364846,0.12971356816898016,2.490941878735274,-0.8039570139184068,3.294898892653681,2.4239086358215904,-0.7374354616942433,3.161344097515834,0.8061486542540443,-1.162952441157287,1.969101095411331,1.7508918387775647,-0.18133939751193787,1.9322312362895027,0.7539034412560219
2011-11,0.10233647132396008,0.5306674115215932,-0.4283309401976332,1.531687453752896,-0.28832217334202165,1.8200096270949175,1.6955971298379275,-0.44433114951472863,2.139928279352656,1.7605886567426139,0.5595322505974247,1.2010564061451892,1.4700766546898851,-0.006654932672858268,1.4767315873627433,0.5163919997720998
2011-12,-0.8918405184351983,-0.25222884317477234,-0.639611675260426,-6.225364779472827,2.2939269062251206,-8.519291685697947,-5.97678072533103,2.1938091896970278,-8.170589915028057,-6.018956812658922,2.9969275134700886,-9.01588432612901,-5.94695079217926,2.23311278909712,-8.18006358127638,-0.8501424780192569
2012-01,0.6970962321324481,-0.2787380114221709,0.975834243554619,-0.6668357001422436,0.9862609146883986,-1.653096614830642,0.12691249723873982,0.27655812940265995,-0.14964563216392013,0.007106695274506297,1.0856508574440158,-1.0785441621695095,-0.12296916303101961,0.5599623249762176,-0.6829314880072371,0.15791911081411492
2012-02,1.2652954193305792,0.2772677340944792,0.9880276852361001,0.7827672254112918,0.17329278673917248,0.6094744386721194,0.9271878603016575,-0.4293116765095379,1.3564995368111954,0.2470264350613743,-0.026637755050948404,0.27366419011232274,1.120435080955091,-0.20945453520017326,1.3298896161552642,0.6090906010220719
2012-03,1.4263428578552912,0.4775400128468347,0.9488028450084565,2.642894745701389,-0.33716947928069985,2.980064224982089,2.248159921640161,0.008716274110166277,2.2394436475299946,1.969383511787581,0.29107610499505987,1.6783074067925212,1.7325805564380132,-0.2001716024681341,1.9327521589061474,0.8183845949761206
2012-04,2.06119132049327,1.092027233039024,0.9691640874542462,4.082756723600378,-0.7918759684086991,4.874632692009077,4.0826145392536475,-0.7735316033794928,4.85614614263314,4.288667548765951,-1.3828954709832812,5.671563019749232,3.5442494790035775,-0.7989721922127633,4.343221671216341,1.228762974620425
2012-05,-0.5109626040352002,-0.29471784798648515,-0.21624475604871507,-0.22320718381125942,-0.06166638934274212,-0.1615407944685173,-0.5520802328244183,-0.2997694953781377,-0.25231073744628063,-0.3877991452686839,-0.16065449213306404,-0.22714465313561988,-0.3324064075864628,-0.2619315418108798,-0.07047486577558298,-0.22766787269987765
2012-06,2.1920323957046652,0.4001344573136373,1.791897938391028,2.374435145602504,-0.5544747783077723,2.9289099239102763,2.9731606952354577,-0.2816162181125296,3.254776913347987,1.4555694779434996,0.4974413814423087,0.9581280965011909,1.0244735130918559,1.3245148591764848,-0.30004134608462896,0.815162718986733
2012-07,0.20213779081756217,-0.213502396751612,0.4156401875691742,-0.4967032973753967,0.025227870447696445,-0.5219311678230931,-0.5736534182312211,-0.030452380481749235,-0.5432010377494718,-0.4389559381003342,-0.23645170424432513,-0.20250423385600905,0.2815080955862727,-0.08796574167376943,0.3694738372600421,-0.1694604715311594
2012-08,-0.5150318054173293,-0.08363572971703243,-0.43139607570029687,-0.792886166668061,0.08741231568337667,-0.8802984823514377,-1.2252834503712347,0.24556602367579414,-1.4708494740470288,-1.0808880868326602,0.7346012977466266,-1.815489384579287,-0.028822610301696958,0.3329481541925741,-0.3617707644942711,0.07259611105009252
2012-09,2.3016530525187346,0.17566879293082557,2.1259842595879093,0.26013708662400753,0.6199462069843976,-0.3598091203603901,0.854664788221534,0.572245137947827,0.28241965027370697,0.9001431464252193,0.81302524520429,0.08711790122092933,-0.1782277221192989,2.028242537848806,-2.2064702599681048,0.8024145971970194
2012-10,1.2143924978349765,-0.32983046965011253,1.544222967485089,1.1682716210873072,-0.46775951772807045,1.6360311388153777,1.3420334417491537,-0.24719787513500005,1.5892313168841539,1.2957359928980818,-0.5980355119175862,1.893771504815668,1.400107042956038,-0.5585606558345462,1.9586676987905842,0.3784604659250577
2012-11,0.08907613584048035,-0.3179167233733624,0.40699285921384276,-0.007889705247709643,-0.1466377157115169,0.13874801046380725,-0.010170021681021138,0.014869782328490257,-0.025039804009511397,0.356957203825915,0.3688514746855449,-0.011894270859629907,0.20228492184552707,-0.13778449727680583,0.3400694191223329,0.14514727812828757
2012-12,0.7012460109537666,-0.19250457565907572,0.8937505866128423,1.4514637583292973,-0.6665380905667553,2.1180018488960526,1.0008661884389405,-0.4060580220310894,1.40692421047003,2.0470201760867686,-0.23000116452980734,2.277021340616576,1.8541267723750137,-1.2644325979608189,3.1185593703358325,0.5986718119678838
2013-01,1.3012423888019367,0.027660563155579847,1.273581825646357,1.0247531047380465,-0.05459515476243868,1.079348259500485,1.0179403221980547,-0.1774673173715089,1.1954076395695636,0.7864662708624708,0.4127784208267109,0.3736878500357599,0.9246343446039567,0.7263289705593609,0.1983053740445958,0.7353630046820837
2013-02,-0.042686389483303895,-0.30805938947499384,0.26537299999168995,-0.04444235347155632,-0.5009252452346952,0.45648289176313883,-0.12536535983808444,-0.5517017292408998,0.42633636940281533,0.1170430989102601,-0.30279191150433116,0.41983501041459126,0.09530100944966158,-0.7071304117764703,0.8024314212261319,0.014564501336350082
2013-03,0.9063386341467684,0.2034299259700065,0.7029087081767619,1.2080978404248586,-0.1916078811229316,1.3997057215477902,1.141289128964102,-0.06603223653449954,1.2073213654986017,1.5677125608353277,0.06505753982647182,1.5026550210088558,0.8904799746081945,-0.21979994159633334,1.1102799162045278,0.39230660627146335
2013-04,-0.015409763052556058,-0.5397088755114091,0.5242991124588531,0.3894340629506516,-0.4484929203945357,0.8379269833451872,0.4010390698293243,-0.19078246620563116,0.5918215360349555,0.04854396857333722,0.49673777833325145,-0.44819380975991424,0.26913462311967706,-0.3704014872716543,0.6395361103913313,-0.085892202390706
2013-05,1.7077079286033499,0.15556101962408989,1.5521469089792599,1.7217359450131506,0.835545698968362,0.8861902460447887,1.7454207390322722,0.9791841724257346,0.7662365666065376,2.1127605868759076,0.5629933920520471,1.5497671948238605,1.6597118115435987,1.3697867695157975,0.2899250420278012,0.8350357718303493
2013-06,0.5720379911017249,-0.4882823612504167,1.0603203523521416,0.17932032242398718,-0.2492496364802011,0.42856995890418825,0.03424934664152211,-0.3271284788591623,0.3613778255006844,-0.38362832844488426,0.6843224620655092,-1.0679507905103933,-0.36404173568963283,0.4398424939875059,-0.8038842296771387,0.09733848168750621
2013-07,0.5767776715172804,-0.01277227962783301,0.5895499511451134,0.37064330265081896,-0.380122418297505,0.750765720948324,0.2525691400121576,-0.45795062052766405,0.7105197605398217,0.46134694759169576,-0.4504571725688811,0.9118041201605769,0.04295643163932267,-0.2247524573897604,0.2677088890290831,0.08528310794957664
2013-08,1.0331872125978727,-0.14912876664317834,1.1823159792410511,1.4125615243770737,-0.5751684131199104,1.9877299374969841,1.049681264632613,-0.5388314205456655,1.5885126851782785,0.3440229455939358,-0.4969555700316843,0.8409785156256201,0.8119872584505182,0.4409679092738676,0.37101934917665064,0.3639206517747606
2013-09,1.2315321446853584,0.33060261538010244,0.9009295293052559,-0.2444427015045533,1.336307600792008,-1.5807503022965614,-0.32377651468123636,1.0510014128131526,-1.374777927494389,-0.24972517062477917,2.2406530050845967,-2.4903781757093757,0.015346150966000957,1.917364420450289,-1.9020182694842882,0.7285172193539123
2013-10,0.685369674609004,0.08260814616648465,0.6027615284425194,0.24088772531440122,0.07471035755413084,0.16617736776027037,0.2575599915626901,0.21427670495626785,0.04328328660642225,0.17514708502107923,-0.0028982835929662084,0.17804536861404544,-0.38240423704152327,-0.12478748747584634,-0.25761674956567693,0.29872587581961335
2013-11,0.7488333995919811,-0.10517546569857253,0.8540088652905536,1.0194375101185422,-0.399058076019255,1.4184955861377972,1.307927300296859,-0.25046946173482587,1.558396762031685,1.2820060268280304,0.0955262986451516,1.186479728182879,1.2840868752602357,-0.03685500077900955,1.3209418760392453,0.19179384949752742
2013-12,0.09912690065652756,-0.2303853057054073,0.32951220636193485,2.545772787719013,-2.581581931113413,5.127354718832426,2.45805441710721,-1.609018878471284,4.067073295578494,2.0632801094376614,-2.2646213241334223,4.327901433571084,2.1494175379455003,-3.5264792960193057,5.675896833964806,0.07811710988942605
2014-01,-0.28077378696046,-0.587678077327051,0.306904290366591,0.3570582654241972,-1.2131117490072019,1.570170014431399,0.09683295245999139,-1.2261369651160856,1.322969917576077,0.5889971202300889,-1.17379145497443,1.7627885752045187,0.6833906267388741,-1.1176790706857134,1.8010696974245874,-0.30931387578497904
2014-02,1.4522860818619079,0.776209058573123,0.6760770232887849,0.24688343928052334,1.9081934294677911,-1.6613099901872679,0.06389136537080956,2.092848592715857,-2.0289572273450474,0.15973103296452018,2.8846104602866793,-2.724879427322159,-0.2727348601054685,3.324783281459156,-3.5975181415646245,1.05889840763916
2014-03,-0.0833886490831324,0.432982669894015,-0.5163713189771474,0.17302237318554153,0.061659124931702856,0.11136324825383867,0.24244811167462835,-0.3442834613018942,0.5867315729765226,2.9468531795988318,-1.0487444219052098,3.9955976015040413,2.126625894797887,-0.6759061879376875,2.8025320827355746,0.29433523828776736
2014-04,-0.28891010065307154,-0.0046050534936508064,-0.28430504715942073,-0.07645153062688011,0.0991000903370981,-0.1755516209639782,0.03278945302996878,-0.0159910327851354,0.04878048581510418,-0.041735321984669116,-0.42269659819370614,0.380961276209037,0.2899672639133492,-0.13533302212629336,0.42530028603964254,-0.14744550868994652
2014-05,-0.6425248691064512,-0.2376686402315685,-0.4048562288748827,-0.02336423943580564,-0.46008847483233933,0.4367242353965337,-0.06763929714341455,-0.30686572493046455,0.23922642778705,-0.8908960001171661,-0.7481335987929386,-0.14276240132422746,0.11656475016062719,-1.2749861561491,1.3915509063097273,-0.6978226550918207
2014-06,1.5745512020532548,-0.13887295823972548,1.7134241602929803,0.428486930527547,1.5162360028966815,-1.0877490723691345,0.4426233442093682,1.4539819448361344,-1.011358600626766,0.34051365950987844,1.8046906872612392,-1.4641770277513606,0.2581937173274761,2.1033792139973784,-1.8451854966699024,0.7180471179786332
2014-07,-0.15728856196328417,-0.3579476146443522,0.20065905268106804,0.16765758652573065,-0.18337907772872653,0.3510366642544572,0.11515560799637556,-0.14380946928040664,0.2589650772767822,-0.5602291737419989,0.07034534071567282,-0.6305745144576717,0.040412996300094824,0.07067954262468018,-0.030266546324585357,-0.1836781105891375
2014-08,1.3793123975755193,0.7856000360804533,0.593712361495066,0.6918961008076223,0.774689149730898,-0.08279304892327566,0.9643902037630508,0.579867279528429,0.38452292423462187,0.8514415778191943,0.6405393469003592,0.2109022309188351,0.635829827979171,0.7513623465949855,-0.11553251861581448,0.8286594870638971
2014-09,-0.16654981367634827,0.6148462000057945,-0.7813960136821427,1.8216452370388783,-0.6712440083471594,2.4928892453860376,1.7923298425241905,-0.7556824462643638,2.5480122887885543,2.413901843890217,-1.7413194579530311,4.155221301843248,2.4156038707707435,-1.8647727447635374,4.280376615534281,0.3567210454816137
2014-10,1.7407187569429936,0.4495243020306617,1.291194454912332,2.9910492020056547,-0.8132828066289058,3.8043320086345607,3.0449928158209407,-0.8246869999846991,3.8696798158056396,3.0276836507724023,-0.7599192036882085,3.787602854460611,2.5160567975755894,-0.6420667778993332,3.1581235754749226,1.008124085272722
2014-11,0.2680697037337619,0.2479445417908845,0.02012516194287739,0.5578565681979037,-0.14260584078271926,0.7004624089806231,0.6274145476688988,-0.20917081316558678,0.8365853608344855,2.1291341098750833,-0.3733593000358037,2.502493409910887,0.9629209482909883,-0.558464329695946,1.5213852779869343,0.4049239118373422
2014-12,1.1719636847469228,0.24432847471578947,0.9276352100311334,1.1379619894758726,-0.6437358330732924,1.781697822549165,1.6499120255292992,-0.6467151583060856,2.2966271838353847,2.102165125595868,-0.30616114337261086,2.4083262689684792,1.7148003157783172,-0.8950869540610035,2.6098872698393207,0.5167450515742643
2015-01,-0.8840635813715323,-0.40298020469243484,-0.48108337667909745,-2.708025378085626,1.140536534106925,-3.848561912192551,-2.7953180456742714,1.2926980597338737,-4.088016105408145,-2.767968032104334,1.241010028744097,-4.008978060848431,-1.7799420992438826,0.724307967994795,-2.5042500672386776,-0.5962982132680239
2015-02,1.3292223555610616,-0.1472101494352936,1.4764325049963551,0.25956035549952167,0.8427654504048937,-0.583205094905372,0.5467623428425832,0.6742879651742357,-0.12752562233165254,0.839207841767179,0.00581980988756242,0.8333880318796166,-0.28025971877633327,1.8696653370633105,-2.1499250558396437,0.39461047302203356
2015-03,-1.8438072873619116,-0.0020645837930196287,-1.841742703568892,-4.3858867662229715,2.13602348622873,-6.521910252451701,-4.700956916051492,2.2909011544959377,-6.99185807054743,-5.449545726318933,2.5561781933046084,-8.005723919623541,-4.1638672516226976,2.359910069755531,-6.523777321378228,-0.6246121094267871
2015-04,1.737822760596785,0.07653340520375351,1.6612893553930315,-0.17061845543633228,1.9939860615986378,-2.16460451703497,-0.20122833210346674,2.1492267685610114,-2.3504551006644783,-0.45733018768523054,2.6613422629856602,-3.118672450670891,-0.5250235692913023,2.1982630451993583,-2.723286614490661,0.4704842782417315
2015-05,0.9531965934458428,0.14035905877184843,0.8128375346739944,2.3070434900027053,-0.9269671661246947,3.2340106561274,2.406158478730913,-0.9986235592793511,3.4047820380102642,2.387931162702084,-1.1481161531130846,3.5360473158151686,2.169629190783895,-0.6848471256714874,2.8544763164553824,0.41744469787133
2015-06,3.8290303542048036,0.40893699947098117,3.4200933547338224,7.402429560541215,-3.5467273507708645,10.94915691131208,7.404499596642209,-3.6718396979625973,11.076339294604807,6.958242119760581,-3.312014941307599,10.27025706106818,5.2836841737581635,-2.2736284940055804,7.557312667763744,1.181311547404755
2015-07,-1.2395173978172802,0.8024317668236277,-2.041949164640908,-2.311486002853424,2.5149122495599032,-4.826398252413327,-2.6186559078835256,2.5408442396764666,-5.159500147559992,-2.5366029741762612,3.004177458056234,-5.540780432232495,-1.767110465757271,2.186893631552134,-3.9540040973094053,0.3076000157332522
2015-08,3.549058125403529,1.0132175968377883,2.535840528565741,4.454690115889376,-0.6965129623433612,5.1512030782327365,4.351288489975778,-0.38778514431035144,4.73907363428613,3.2680316151372506,0.2599205625136987,3.0081110526235517,2.952060775132323,1.7704849365055895,1.1815758386267337,1.8063865774941863
2015-09,-1.0623085459136679,-0.030422324335575488,-1.0318862215780924,-1.698181498410701,0.7889199563537684,-2.4871014547644696,-1.698181498410701,0.6406946035799156,-2.338876101990617,-1.5823094248673348,0.9031705084307445,-2.4854799332980795,-0.10896593739840368,0.1528087235208572,-0.2617746609192609,-0.2820088983409764
2015-10,0.8235186932954924,0.05891370292085109,0.7646049903746414,0.5882882171105226,0.2597856118682982,0.3285026052422244,0.9940412272102096,0.43872315520433125,0.5553180720058783,0.08462166763772509,0.2447340368322225,-0.1601123691944974,-0.4972330550267328,1.4538603618838108,-1.9510934169105436,0.31453623978956075
2015-11,1.4244144245516404,-0.5065446279143989,1.9309590524660392,2.915537197171445,-1.6618826862666596,4.577419883438105,3.0801401550961467,-1.634591407568652,4.714731562664799,2.2912826561729687,-0.9733628594920997,3.264645515665068,1.124110772305748,0.21057736844178174,0.9135334038639662,0.6037747903529527
2015-12,3.450780495920228,0.4543804016591701,2.996400094261058,6.917127106756828,-1.7458384443854116,8.66296555114224,6.761188972142149,-1.8962213983010154,8.657410370443165,6.582668140803702,-0.5241580245364125,7.106826165340115,4.558801536380305,-1.2461796771502958,5.804981213530601,1.917484573634998
2016-01,0.753383922398398,-0.8251003611824559,1.578484283580854,1.154306578916958,-0.7792863115386065,1.9335928904555644,1.2251383673440275,-0.9627080704788991,2.1878464378229268,1.7669017972910535,-0.40363667806734593,2.1705384753583994,2.051426612649138,-1.0407688658540049,3.0921954785031427,0.18584927241558213
2016-02,-1.995341168678432,0.3919421139023099,-2.387283282580742,-3.626281323756821,1.9307371319206577,-5.557018455677479,-3.9111528295008773,1.892205947482549,-5.803358776983426,-2.873112147122134,1.841626276313995,-4.714738423436129,0.6092359688598936,-1.156534333816644,1.7657703026765377,-0.5621821072283206
2016-03,-1.117205039585764,0.8544877260116105,-1.9716927655973744,1.51224362365967,-0.30451032270144557,1.8167539463611155,1.3354310587217615,-1.0092059680075869,2.344637026729348,2.735289923743514,-0.8374461138801172,3.5727360376236312,1.8648947844570833,-2.903526893695579,4.768421678152663,-0.6070953194013422
2016-04,1.0434996445510047,0.246226189755282,0.7972734547957228,-0.5788157872639895,1.6644358384948044,-2.243251625758794,-0.8751811707294831,1.6244921053130117,-2.4996732760424947,-0.9836539839674121,0.9051073728577638,-1.8887613568251758,-0.8128631989462579,1.3713066266884126,-2.1841698256346707,0.3514347575147274
2016-05,1.9929966336366665,-0.34176694343431874,2.3347635770709854,1.585368158584701,-0.36867826317767394,1.954046421762375,1.6313413783555488,-0.2753618193804921,1.906703197736041,0.15878983802186392,0.11374077992652158,0.045049058095342334,2.3091047188557807,0.1653576626709864,2.1437470561847944,0.632977947265085
2016-06,-0.3890508920669261,-0.5020627278539612,0.11301183578703511,-0.7137495790225318,0.6384887824239568,-1.3522383614464886,-0.8829904755747342,0.5051557795477231,-1.3881462551224573,-0.4507977955828969,0.836205415279481,-1.287003210862378,-0.16762485614378614,0.2837852619300666,-0.45141011807385273,0.053709487767738165
2016-07,-0.6372688655430507,0.22557921242473927,-0.8628480779677901,-0.3953541614345555,0.09897691166493293,-0.4943310730994884,-0.43968247872446764,-0.023339840972816068,-0.4163426377516516,-0.00986540133621696,-0.4586938207088309,0.448828419372614,-0.000665562604150895,-0.07783165925252732,0.07716609664837643,-0.016645215714157276
2016-08,-0.3109785930112363,0.12549782271099755,-0.43647641572223383,-0.9297660202679487,-0.20331125253238214,-0.7264547677355666,-0.8923735199008763,0.05050666055275635,-0.9428801804536326,-0.9092065115932696,-0.1619901668978695,-0.7472163446954001,0.0588427730252753,-1.3458118134983956,1.4046545865236708,-0.27000361233587267
2016-09,1.9524072606549607,1.6802617940586257,0.272145466596335,-1.6776963696067115,3.4367825638954637,-5.114478933502175,-1.567792233522754,4.432082825478316,-5.99987505900107,-1.7691194524733933,3.5098871926965414,-5.279006645169934,-0.6046330224447211,3.9366242885011467,-4.541257310945868,1.3083424579483245
2016-10,0.6948660043895191,-0.13059123705804776,0.8254572414475668,1.6028758297032888,0.08691946226347445,1.5159563674398144,1.2220984824794516,0.3047795368611984,0.9173189456182532,0.443254101325527,1.6223831532424966,-1.1791290519169695,1.1522782908846536,0.7751916689225827,0.3770866219620709,0.6826678827000553
2016-11,0.5158908666173218,0.5758128954653787,-0.059922028848056974,1.953105952847271,-0.03950947171814924,1.9926154245654202,1.671200684534992,-0.12600358037540735,1.7972042649103994,2.5215075387047285,-0.6428494462355504,3.164356984940279,1.9672863671672154,-0.062324796424122045,2.0296111635913374,0.5410324717890344
2016-12,0.5907338685811294,-0.26144745277406645,0.8521813213551959,-0.7480350894686142,0.386138982944333,-1.1341740724129472,-1.0631677803266735,0.5742312047725003,-1.637398985099174,-1.5973783459123059,1.228244073457555,-2.8256224193698607,-1.1936860238025717,0.9297819735660453,-2.123467997368617,0.03688358109167352
2017-01,-1.0815852258019734,-0.28773682164052117,-0.7938484041614522,-2.142701690410375,1.1953468049199043,-3.338048495330279,-2.142701690410375,1.2549578793864156,-3.39765956979679,-1.8615779904423195,0.47694929822694315,-2.3385272886692627,-1.72888397619022,0.8026742548996311,-2.531558231089851,-0.5535299512395893
2017-02,0.29499222491400207,-0.36298624661313583,0.657978471527138,0.10396863384520195,0.5119283964120608,-0.40795976256685884,0.2486743429316609,0.520884074072198,-0.27220973114053704,0.5804648548336008,-0.24283821354142393,0.8233030683750246,0.24160945195668582,-0.2217854044068005,0.4633948563634863,-0.008734070217116773
2017-03,0.1363971772439636,-0.6550034810416171,0.7914006582855807,-0.7880782209522053,1.412838390821835,-2.20091661177404,-0.9474812218905357,1.1920839279920166,-2.1395651498825523,1.2022828850311307,0.15253185192459734,1.0497510331065334,-1.3464518527270246,2.2317562091618965,-3.578208061888921,0.09673892208831013
2017-04,0.8448043614227377,-1.043744885783105,1.8885492472058427,1.6862284624376787,-1.0967115577470725,2.782940020184751,1.6862284624376787,-1.0998870271375178,2.7861154895751965,3.434479375688299,-1.0400953377431652,4.474574713431465,-0.09010420167093072,0.5679188669533688,-0.6580230686242995,0.18920163960005001
2017-05,-0.5437009472652174,0.24203716485035884,-0.7857381121155763,-1.0352162664872142,0.7529132664270763,-1.7881295329142906,-1.1536564728186403,0.816360116054104,-1.9700165888727441,-1.8702501810299503,0.6098776561044044,-2.4801278371343547,-0.6173862742467737,-0.03007289266633304,-0.5873133815804407,-0.11643441124293799
2017-06,0.6802898604962583,0.2725598241627532,0.4077300363335051,-0.13308709023837229,-0.01655340868500694,-0.11653368155336535,-0.13308709023837229,0.06061023573289791,-0.1936973259712702,0.06363462710325406,-0.00040329328236692546,0.06403792038562098,0.2236256393830087,0.8536700253718718,-0.630044385988863,0.07885893946999384
2017-07,1.448800807988165,-0.6322025792303605,2.0810033872185256,0.7733372176789393,0.30785360080507285,0.4654836168738664,0.7733372176789393,0.17301648549924398,0.6003207321796953,1.6152103531409954,-0.39412998445406394,2.0093403375950594,1.1057183080506416,0.46212696888503013,0.6435913391656115,0.09382074421293057
2017-08,-1.264831034979873,-0.22853874138105654,-1.0362922935988166,-1.1782090168214325,0.009938507081390628,-1.1881475239028232,-1.324044156812726,0.07164435766448622,-1.3956885144772122,-3.0437790042936776,0.9044806746037676,-3.948259678897445,-1.5225658867771958,-1.7049898179773568,0.18242393120016098,-0.37615071410380213
2017-09,2.1364282324428725,-0.134214835700141,2.2706430681430136,1.0181087001968607,0.501142572561164,0.5169661276356967,1.0181087001968607,0.501142572561164,0.5169661276356967,1.5211616892637505,0.7237102953543019,0.7974513939094486,0.265827986284284,1.69629672934282,-1.4304687430585359,0.7747047572128658
2017-10,-0.14871057319111158,0.14484129879038957,-0.2935518719815011,-0.4516932943353306,-0.16299126341519793,-0.2887020309201327,-0.4516932943353306,-0.15604457089447157,-0.295648723440859,-0.2782703533399653,0.4127873087852278,-0.6910576621251932,-0.7486827681544549,0.484562578790412,-1.2332453469448668,0.1620937600430108
2017-11,-0.452139740303745,-0.42278377847894777,-0.029355961824797216,-0.542863517174795,-0.4161143782164577,-0.12674913895833728,-0.542863517174795,-0.3923794860411831,-0.15048403113361186,-0.07837089300374875,0.6422020971799763,-0.7205729901837251,-0.3776133141572484,-0.2724255714674001,-0.10518774268984832,-0.15809996799058373
2017-12,0.48377247770732656,0.08284580370682255,0.400926674000504,0.8056528701114932,-0.6832701965270601,1.4889230666385533,0.8189347229103126,-0.820640300224637,1.6395750231349495,0.8448575253389559,0.10126112387277274,0.7435964014661831,0.06386292839224716,-0.44538576231177585,0.509248690704023,0.20640445381315478
2018-01,0.4908874423351987,0.3262172996845492,0.1646701426506495,1.342142896609269,0.016459687811805988,1.325683208797463,1.288864548943536,0.050337193040554146,1.238527355902982,1.0781615375131128,-0.4055524394418243,1.4837139769549372,0.974619166634126,-0.4558455656342958,1.4304647322684216,0.24606704749947522
2018-02,-0.1256227812742881,0.26891207551123597,-0.3945348567855241,0.07274572325742648,0.4349637116624881,-0.3622179884050616,0.17418652859924583,0.10561405157684067,0.06857247702240515,-0.12514385419627236,-0.20897197574634846,0.0838281215500761,0.009145387956165395,0.05962999637843539,-0.05048460842227,0.005227764000350632
2018-03,0.29894692140511264,-0.2852660454984304,0.584212966903543,0.21715041790578604,-0.10617342525035581,0.3233238431561418,0.20001206512559463,-0.13939546806034409,0.33940753318593875,-0.03517426598512137,0.0030345042353144254,-0.0382087702204358,0.11496872379721876,-0.3090732357074798,0.4240419595046986,0.03947059419052511
2018-04,0.013233531967662996,-0.5036797810547293,0.5169133130223923,1.1723250303832653,-2.2894515229190358,3.4617765533023013,0.8279717196917664,-1.7360851810056048,2.5640569006973712,0.6330534906550235,-0.27475476624714823,0.9078082569021717,-0.33281938235810554,-1.3155820194679686,0.982762637109863,-0.13466576474334052
2018-05,-0.2513592995843323,-0.9843653799144498,0.7330060803301175,-0.9076933889554055,-0.2978514187474962,-0.6098419702079093,-0.969696056258866,-0.5907963133280945,-0.37889974293077155,-1.2961187773571683,0.06804674246395251,-1.3641655198211209,-1.3251504603579078,0.29368780701676994,-1.6188382673746777,-0.24631173128692802
2018-06,-0.6010179818938938,-0.050683498767559954,-0.5503344831263338,0.14823819643969707,0.2601281480743989,-0.1118899516347018,0.5094929945144344,-0.04761564396480883,0.5571086384792432,0.7196680872811426,-0.32047213850185097,1.0401402257829937,0.07069032376342854,0.24814133168433508,-0.17745100792090654,0.02294177123785288
2018-07,0.49816449314757655,-0.5774916524040612,1.0756561455516378,1.8901695871597584,-0.6439039024716596,2.534073489631418,0.9556401762114982,-0.19161621439393367,1.1472563906054318,-0.2359787539869797,-0.6724254239660185,0.43644666997903875,0.15458797117864906,-1.0572002672824763,1.2117882384611254,-0.343641582554641
2018-08,0.30006782572001844,-0.03857568347482031,0.33864350919483877,-0.11446722025770194,-0.13398159788036781,0.019514377622665877,0.07273658497984883,-0.04828312914438445,0.12101971412423329,-0.12199134532050729,-0.23047701113037808,0.10848566580987079,0.23943493361018744,-0.3350497755674658,0.5744847091776533,0.0725955342916127
2018-09,0.7053944478329734,0.19079295434151755,0.5146014934914559,0.4609519476095459,0.5199062680328237,-0.058954320423277806,0.6721892502070872,0.5292112359931487,0.14297801421393852,0.09880918877593625,-0.15574384479434017,0.2545530335702764,1.2077921557902405,0.7830564662228083,0.42473568956743213,0.5933620824004048
2018-10,-0.2055241033447674,0.016958982284037617,-0.222483085628805,1.1693879785493269,-0.8237115872413305,1.9930995657906574,1.6302774699514542,-1.223695771181838,2.853973241133292,1.7749273255320004,-1.153954912357946,2.9288822378899466,1.281067772660525,-1.6174311081530497,2.898498880813575,-0.07112691211256568
2018-11,1.4397077187131928,0.3158014046150132,1.1239063140981795,4.113639240073879,-2.544958819487772,6.658598059561651,4.886570008416444,-2.8459335220805064,7.732503530496951,4.787979835835361,-1.7307416222082752,6.518721458043636,3.82224383527223,-2.7157123797044758,6.537956214976706,0.4926203290364967
2018-12,-1.0935625929599653,0.19610037688602985,-1.2896629698459952,-5.912044327496596,4.755379538663587,-10.667423866160183,-5.891310668431196,5.098370016140763,-10.989680684571958,-6.891548132832572,2.869720450866957,-9.761268583699529,-6.4489750590588315,5.033412458711462,-11.482387517770293,-0.631564194217624
2019-01,-1.1808830940403428,-0.1256800092512485,-1.0552030847890943,-0.35011172646364425,-1.0933389501848414,0.7432272237211972,-1.0536148154973077,-1.2565330028509927,0.20291818735368494,-0.550750687128948,-0.05931449159401799,-0.49143619553493006,-0.5757540884252558,-0.8577690720104654,0.2820149835852096,-0.4107157332230614
2019-02,-0.3882850453576334,-0.052776570091947396,-0.335508475265686,-0.06686983886483919,-1.155796667656218,1.0889268287913787,0.23792599781527568,-0.6420190691469185,0.8799450669621942,0.0819550652729214,-1.2101523422381495,1.2921074075110708,0.949317155824442,-1.7148245909146544,2.664141746739096,-0.15739274651210036
2019-03,0.3774537642479488,0.23065025428762212,0.14680350996032668,0.6246258327625213,0.5444450564415233,0.08018077632099796,0.28322398930747567,0.6086072044281089,-0.32538321512063323,0.7376518707229307,0.34207576506290827,0.39557610566002244,0.31077109247579165,0.8768759031091944,-0.5661048106334028,0.3230813783437682
2019-04,2.0474993747879267,-0.2029111128481401,2.2504104876360667,4.032497444611069,-0.6087591125220165,4.641256557133086,4.11053632330695,-0.1283559957996611,4.238892319106611,1.884695077281572,-0.696839062967195,2.581534140248767,1.9745764842880562,-0.556441424432931,2.531017908720987,0.7773809821680726
2019-05,-0.8245267580211524,-0.2726458029898956,-0.5518809550312568,-0.30616669510629047,-0.7519028834738455,0.445736188367555,-0.09698268253898557,-0.9842514968553571,0.8872688143163715,-0.4547066393229652,-0.747841572402153,0.2931349330791878,-0.5964467881846136,-0.9471635499247464,0.3507167617401328,-0.8625454492899874
2019-06,1.0201366121342332,-0.18417355028458499,1.2043101624188182,2.4613944494095343,-1.4913225086183757,3.95271695802791,2.393118618656826,-1.2796279035992535,3.6727465222560793,2.285789549766805,-0.898453700284888,3.1842432500516926,1.2839433785953158,-0.7634277684603864,2.0473711470557023,0.2081429971870913
2019-07,2.097986422147159,-0.3772012673401986,2.475187689487358,3.7226414541795,-1.8595357472229268,5.582177201402427,3.7445696724178,-1.678566719288485,5.423136391706285,3.2767834923974535,-1.5837630348572407,4.860546527254694,3.0183093914383754,-1.437667861110081,4.455977252548457,0.5707773610558668
2019-08,0.3727576782306997,0.009022281971187776,0.36373539625951196,-0.615329543774463,1.6101847489883065,-2.2255142927627696,-0.7936526103437855,2.297264691126586,-3.0909173014703715,-0.10190897388052396,1.8798098953218794,-1.9817188692024033,-0.7120660570624255,2.3629032026238272,-3.074969259686253,0.4304469497725422
2019-09,0.7328378476112329,-0.4437841814529116,1.1766220290641445,0.48427983562035576,-0.18500881797560026,0.669288653595956,0.2807322794349895,-0.13221510129826455,0.4129473807332541,0.303996557237824,-0.6052183618936747,0.9092149191314987,-0.37958932782724925,0.052236935199156044,-0.4318262630264053,0.11436509125984194
2019-10,-0.6193922313558677,0.08863081540080905,-0.7080230467566768,-0.20509156788137264,-0.6083691961610375,0.40327762827966485,-0.676053020759622,-1.0342415267758756,0.3581885060162535,-0.3602344578123155,-0.8027715589136709,0.4425371011013554,-0.17245284812973158,-1.1912299581051313,1.0187771099753997,-0.6102868533174338
2019-11,-2.319018710713503,0.5588050889991509,-2.8778237997126537,-2.706862419881502,0.7867571512804601,-3.493619571161962,-2.8177469009472973,1.401275208229873,-4.21902210917717,-2.735206925834502,1.3139070119453902,-4.049113937779892,0.03451347601022446,-1.1372541237625997,1.171767599772824,-0.4870540913883854
2019-12,1.4157686452624103,-0.4406029006115156,1.8563715458739258,0.16441146056151854,1.2083554132442744,-1.0439439526827559,1.65490240869761,-0.4789420698772267,2.133844478574837,0.48275365795026237,0.142362159355068,0.34039149859519435,0.21100330126765726,0.9638841623774881,-0.7528808611098308,0.3248901645046263
2020-01,0.3879705074242228,-0.24575425161699188,0.6337247590412147,1.910413582423225,-2.1410175188836282,4.051431101306854,1.7767410824537317,-2.102866692936333,3.8796077753900646,1.8856367161674061,-2.551863637100696,4.437500353268103,1.5850767915792765,-2.353654163523838,3.9387309551031144,-0.39921755335113773
2020-02,0.6107755535236321,-0.4912334454170482,1.1020089989406803,4.36246945935667,-5.3049593173745535,9.667428776731224,4.184083359519181,-6.147241712018621,10.331325071537801,4.45273637028468,-6.4686098058868895,10.92134617617157,2.8942234991260767,-1.5721566634564506,4.466380162582527,0.015231381520835573
2020-03,-1.4861370077970624,0.7061210029157012,-2.192258010712764,-9.577924768252672,6.620900263506926,-16.198825031759597,-10.295648016242486,7.814948553062394,-18.11059656930488,-9.72282646060215,7.226441476879271,-16.94926793748142,-3.4954611303200656,5.443082082950956,-8.938543213271021,-0.8204133377020721
2020-04,0.18175470186842027,-0.22948992668706225,0.4112446285554825,0.8206722159512115,-1.8098952503263368,2.6305674662775482,0.7445186646431531,-2.3535740607380204,3.0980927253811736,1.017129031366866,-2.763183924490813,3.7803129558576787,-0.34162147616500105,-1.4412454670594204,1.0996239908944192,-0.40219173618648557
2020-05,2.3868348745450985,0.24542920462764867,2.1414056699174497,3.083550247367499,-1.6154434198141514,4.69899366718165,2.864456994555356,-0.885249343317841,3.7497063378731967,3.170038574707797,-1.4534971633156626,4.62353573802346,3.9482181362521493,-1.9558306805069487,5.904048816759098,1.0170096235219708
2020-06,2.972094342707812,-1.0360442635260447,4.008138606233857,3.094382617938573,-1.6028519288605214,4.697234546799095,3.5328327078443027,-1.5257747256936491,5.058607433537952,3.4467242974117123,-0.8284740543851118,4.275198351796824,2.33369099748749,-1.2284703672753337,3.562161364762824,0.8809367461827484
2020-07,0.3546371247094215,0.27826660134990666,0.07637052335951483,-1.294341364648184,1.8440333443274426,-3.1383747089756264,-1.3719209491617512,1.7442062114484325,-3.1161271606101835,-1.8576951980948424,1.7180242349217552,-3.5757194330165976,-0.96929317546093,1.672475580832501,-2.641768756293431,-0.12535449860977022
2020-08,1.8130607835945285,0.0445870552281648,1.7684737283663636,0.521595605016505,0.8991612822932147,-0.37756567727670964,0.869867285505722,0.610670207592504,0.259197077913218,-0.11692760075677616,1.1409422651084438,-1.2578698658652199,-0.06267313230625607,0.9389492830407911,-1.0016224153470472,0.473473106447651
2020-09,1.3116354677876734,0.03850322486895982,1.2731322429187135,0.034511844704121,2.0489096883687474,-2.0143978436646264,0.0877588646379034,2.412675591930147,-2.3249167272922433,-0.3679150607804255,2.255450099457989,-2.6233651602384147,0.4317193638166169,1.9296372979828806,-1.4979179341662636,0.5484399383492031
2020-10,-3.801935177990555,-0.7262748003070125,-3.0756603776835423,1.2813483751578179,-2.5776523320315765,3.859000707189394,0.6545076406491505,-1.6648116748774267,2.319319315526577,0.31465506072485433,-5.281374221563527,5.596029282288382,3.3497840648553683,-2.088142718865817,5.437926783721185,-0.9381689503390335
2020-11,0.6311330110987036,0.01762139727643415,0.6135116138222694,3.277945214152383,-2.1707555942931993,5.448700808445582,3.4784730626779816,-1.967134060396266,5.4456071230742475,3.789849627479986,-1.918594335246195,5.7084439627261805,2.1774669365721415,-0.5173592927154753,2.694826229287617,0.5885119184140264
2020-12,10.69716338191913,0.09350209774666365,10.603661284172468,17.399194763122292,-7.597984310203639,24.99717907332593,18.73394705336994,-8.625167130283291,27.35911418365323,18.87933194011501,-6.885414983467172,25.76474692358218,16.040050897274906,-5.27870602920435,21.318756926479256,2.5503534645181642
2021-01,0.6179641165533438,0.7067645606434241,-0.08880044409008025,4.732879597945231,-1.1831717980446803,5.916051395989911,4.732879597945231,-1.1831717980446803,5.916051395989911,3.424971797533047,-1.1781668204441555,4.603138617977202,3.9142456423756005,-0.9182473663981761,4.832493008773777,1.3635003519754525
2021-02,2.0376777763311957,0.2729539006639771,1.7647238756672186,2.509040003745506,4.018508583885586,-1.50946858014008,2.509040003745506,4.018508583885586,-1.50946858014008,1.6134685635760382,2.660944478902454,-1.0474759153264157,3.717404004364688,2.642573218007465,1.0748307863572228,1.7197764039737895
2021-03,0.46248896556323704,0.26986277701005695,0.1926261885531801,-0.02847268196245048,-0.19101295600110188,0.1625402740386514,-0.02847268196245048,-0.19101295600110188,0.1625402740386514,1.2421780366466724,0.03556445919089181,1.2066135774557805,2.9353637170544493,-0.844296938615614,3.7796606556700634,0.49517791411120265
2021-04,0.5592153820533979,-0.013081063840546121,0.572296445893944,3.4294518095968245,-1.5204147412645865,4.949866550861411,3.4294518095968245,-1.6021142185834545,5.031566028180279,2.6078552614604043,-1.621209525551887,4.229064787012291,2.59614647232062,-0.6682311038139573,3.2643775761345775,0.8706727331897687
2021-05,-1.1100476679410027,-0.536956682150153,-0.5730909857908497,-1.5031084145940246,-0.1294331399922018,-1.3736752746018228,-1.2231046922837923,-0.1294331399922018,-1.0936715522915905,-2.129374565795139,-0.4576425038956958,-1.6717320618994433,-3.3619946503286977,0.39180632746513777,-3.7538009777938353,-0.6509177987083791
2021-06,1.7639021118590041,0.6201764072265904,1.1437257046324136,-1.4030276787584064,5.214388083560927,-6.617415762319333,-1.4030276787584064,5.328430309192332,-6.731457987950739,-2.41655210834327,6.276948990761117,-8.693501099104386,3.1211741965515643,0.33897742145000104,2.7821967751015633,1.3657177312625124
2021-07,0.9389375897808715,0.2505263057397412,0.6884112840411303,-0.21213753763568918,1.2616785004722497,-1.4738160381079388,-0.21213753763568918,1.3190820661373706,-1.5312196037730597,-0.2080286114723302,1.5951713792658753,-1.8031999907382055,-0.723931865909745,1.4529390090539467,-2.176870874963692,0.36471007177192927
2021-08,1.5149900367430325,-0.10521028613579371,1.6202003228788262,2.174063534284375,0.20374688353989012,1.9703166507444847,2.174063534284375,0.23376990526716376,1.940293629017211,1.3852251629611478,0.28097403888054834,1.1042511240805994,1.0737422590437942,0.3437085418822762,0.730033717161518,0.6519886427092605
2021-09,0.8691781740906374,-0.016559412483386573,0.8857375865740239,0.46513604137141906,-0.18408847465942443,0.6492245160308435,0.4955782433110333,-0.18408847465942443,0.6796667179704577,0.2545025902090813,0.39151888527272116,-0.13701629506363988,0.1661266380309387,0.05345770843098982,0.11266892959994887,0.06236791714031071
2021-10,1.267627488065887,0.27134382386378486,0.9962836642021022,2.1320871215479245,-0.5663375252051336,2.698424646753058,2.1320871215479245,-0.5663375252051336,2.698424646753058,2.4737477410619837,-0.804499341341576,3.27824708240356,1.8243673800782165,0.1437036889706683,1.6806636911075483,1.0950313143069887
2021-11,3.2080811622343233,0.04175007007121819,3.166331092163105,8.16431107017102,-3.528278741961924,11.692589812132944,8.381631648287449,-3.528278741961924,11.909910390249372,7.392776217116542,-3.344854021949542,10.737630239066084,6.864260752988581,-3.1727783318472365,10.037039084835817,1.9931685835670634
2021-12,4.125195127175793,0.4619233553395202,3.663271771836273,8.838509005824205,-4.138419705359761,12.976928711183966,8.838509005824205,-4.138419705359761,12.976928711183966,9.042489722763204,-3.536125749271163,12.578615472034366,6.796924063151817,-2.6644672043405304,9.461391267492347,2.125968752792052
2022-01,2.1321619353687353,-0.4411016156316065,2.5732635510003417,2.842945482984863,-2.510864361276104,5.353809844260967,3.016665184658904,-2.71397395358601,5.730639138244914,2.597419991864053,-2.13397879658606,4.731398788450113,2.496226783667287,-2.2855266360267414,4.781753419694029,0.40996466397690795
2022-02,0.5993609716956987,-0.45290133638624186,1.0522623080819407,-0.49552693228373423,0.24974053886506037,-0.7452674711487945,-0.6133780813120258,0.12252933425592885,-0.7359074155679546,-0.26205033381040027,0.0565121962615757,-0.318562530071976,-0.5993676814301194,0.6388224595557975,-1.238190140985917,0.09309576145685808
2022-03,5.816233443492932,0.3899801031870692,5.426253340305863,9.048591167599586,-2.2224007766115728,11.270991944211158,8.737266856868763,-1.6269834401284047,10.364250296997167,6.63384521196366,-1.570441543996669,8.204286755960329,4.873283434128096,2.5649694000216847,2.3083140341064112,2.7199623252594063
2022-04,2.5488538243367684,-0.21445599024063935,2.7633098145774078,6.531935930738135,-3.7892596920237245,10.32119562276186,5.9142690324606395,-3.8510304063137952,9.765299438774434,6.14739484813471,-3.741792503174426,9.889187351309136,5.710494996176745,-4.0191463832824645,9.72964137945921,1.1409118904885494
2022-05,-2.335226516927304,0.5039441784276704,-2.8391706953549747,-2.4157472504424335,1.5105305880551347,-3.926277838497568,-2.4261277634876217,2.0683762270891846,-4.494503990576806,-3.419929210632329,2.220710887905612,-5.640640098537942,-0.5772859589183612,-0.280223601412201,-0.2970623575061602,-0.2958371959868009
2022-06,-0.9085331277847211,-0.7815887827193225,-0.12694434506539853,-0.9527615361455517,-0.5513233885766393,-0.4014381475689124,-1.1210699204368217,-0.227135478705654,-0.8939344417311678,-1.5472283125754078,-0.014471587874863578,-1.5327567247005442,-0.10752767086542918,-1.1957295369056058,1.0882018660401767,-0.7459247254794085
2022-07,-0.5549690106174164,0.1030524572050011,-0.6580214678224175,-2.73095214567421,2.175629897921366,-4.906582043595575,-2.7457679947633586,2.019595119376576,-4.765363114139935,-1.8111635704438034,1.5704562504846142,-3.3816198209284174,-0.9927613612004903,0.7450730894737658,-1.737834450674256,-0.22823828122899356
2022-08,0.9365919497193445,0.4297896969419481,0.5068022527773963,3.646844332989324,-1.6961586439823204,5.343002976971644,2.636470598109261,-1.4654514888244266,4.101922086933687,0.7927718583139568,0.06421387403970812,0.7285579842742487,2.170425413170669,-2.3843238108125795,4.554749223983249,0.6565036165335782
2022-09,3.677228932062652,-0.4671885691386749,4.1444175012013265,4.1450365927938675,-1.5031037603517716,5.648140353145639,4.360542066447331,-1.7671884099235247,6.127730476370855,3.87898812681187,0.227071092465301,3.6519170343465692,3.176074881056416,0.17852882807133513,2.997546052985081,1.3251757650512286
2022-10,1.0309232046954788,-0.41482028037260743,1.4457434850680864,5.103017995939954,-3.5291975460961815,8.632215542036136,4.094735132276426,-3.2801497071062524,7.374884839382679,4.396412567234158,-2.894906273873757,7.291318841107915,4.429809614899446,-3.3380300858943275,7.767839700793774,0.405412782609325
2022-11,1.4482125327079465,0.13087090097093648,1.31734163173701,2.396456645531428,-0.7977344196006633,3.1941910651320913,2.514389947494124,-0.8929698825148923,3.407359830009016,2.6916938964814636,-0.3139621616668692,3.005656058148333,2.2982119981611335,0.9749609195326808,1.3232510786284526,1.23397995418707
2022-12,-1.486851946496625,-1.293655893700703,-0.193196052795922,-8.287755979875495,5.871705846498024,-14.15946182637352,-8.495008514832774,5.595484996380757,-14.09049351121353,-7.3242398699243685,6.523093895328081,-13.84733376525245,-2.9565531676345524,1.5220548665555185,-4.478608034190071,-1.4511443829988193
2023-01,1.8614322983599734,-0.3056513179905512,2.1670836163505247,-1.2283479704299602,2.227359044531971,-3.455707014961931,-1.2488802087803146,2.424914039202159,-3.6737942479824737,-1.7098988364619925,2.0315126365939857,-3.741411473055978,1.4479089435224313,0.7849167369630012,0.66299220655943,0.8037040601419826
2023-02,0.1791475469913122,-0.6780008254843808,0.857148372475693,3.7024745562548076,-3.4140877631950657,7.116562319449873,3.8370006151763745,-2.64321476170429,6.480215376880665,3.6789255747843135,-2.6653641377836754,6.3442897125679885,2.0770151091466653,-4.457066877355154,6.534081986501819,-0.3879475516788036
2023-03,0.6070061660653279,1.4937987243851891,-0.8867925583198613,1.6989076365559845,0.02507978018332904,1.6738278563726554,1.7167452814861441,0.15665091765486627,1.5600943638312779,2.153888185180996,0.40718685273046074,1.7467013324505354,2.2588567196828935,0.6474154791575621,1.6114412405253313,0.778831925144084
2023-04,-1.2919089345656256,-0.9858208717240305,-0.30608806284159507,-1.3293273088879665,-1.727228335678779,0.3979010267908125,-2.052108658067949,-1.4430166281433594,-0.6090920299245897,-2.5044014819892593,-1.053624468766069,-1.4507770132231903,-0.43486491888602447,-2.007480351933227,1.5726154330472026,-1.0325872357125978
2023-05,2.0773730169327016,-0.6999131527942931,2.777286169726995,0.02970004471141028,0.620999314474362,-0.5912992697629517,0.5978490900855429,0.6716252089686201,-0.07377611888307722,-0.07838700621850644,0.2371498889035899,-0.3155368951220964,-1.428612170954176,3.023917316715525,-4.4525294876697,0.14512696953562096
2023-06,-0.6144579049872703,-0.3338100377688075,-0.28064786721846274,-0.3203693818000777,-0.09143572292765863,-0.22893365887241907,0.23748829159785645,-1.2069586541293105,1.444446945727167,-0.2248394230900685,-1.032937727830544,0.8080983047404755,-1.0568424649274752,1.1675188235928544,-2.2243612885203294,-0.671854095903914
2023-07,2.3602566075835134,0.04502369755407405,2.3152329100294393,1.4138784411904481,2.56901093576822,-1.1551324945777717,2.066041416298472,2.6469911315002017,-0.5809497152017298,1.3392038123698249,1.5327642974867648,-0.1935604851169399,-1.1261469628901224,1.5561596903000936,-2.682306653190216,1.280527591455189
2023-08,1.3563958870053079,-0.48080759526292416,1.8372034822682322,4.1434607220681885,-2.286402215272177,6.429862937340365,4.276773553691433,-2.59945833278963,6.8762318864810625,4.3951219347227015,-2.0682695899906953,6.463391524713397,2.724533264393152,-1.3297115335237506,4.054244797916903,0.6169244857179023
2023-09,1.6724065423348424,-0.30917962563753104,1.9815861679723734,4.7284327701838205,-2.500126728220386,7.2285594984042065,5.075407451482593,-3.3940673974980853,8.469474848980678,4.772441040919967,-3.0858806741837106,7.858321715103678,1.9929704354934743,-0.32103524220174595,2.3140056776952203,0.5569747412412334
2023-10,2.277968593008956,0.630048107886531,1.6479204851224252,0.7306456466511831,1.594710906982833,-0.8640652603316498,0.6319071411092378,1.1927359896258027,-0.5608288485165649,1.0154062646892925,0.9651381892639197,0.050268075425372816,1.419308490540401,1.5291701543706702,-0.10986166383026919,0.7342733064399658
2023-11,0.33991587896189923,0.29297074944025087,0.046945129521648366,2.009953358303014,-1.9792143925987493,3.989167750901763,0.9972428958769232,-2.1485035161953534,3.1457464120722767,1.8025183768845827,-1.7749671691726874,3.57748554605727,2.422828003393684,-2.5869014328402047,5.009729436233888,-0.17284711422860993
2023-12,1.8121692973112853,0.19475404772802601,1.6174152495832592,1.0528589820931833,1.9161833277225582,-0.8633243456293749,1.049699730997693,2.171195719878535,-1.121495988880842,1.3802614673990994,2.167574770063704,-0.7873133026646046,0.3231290109004604,1.8303258424045374,-1.5071968315040771,1.0878474782396874
2024-01,1.0767904382181475,0.5036647675953099,0.5731256706228376,2.326444217369083,-2.4687269150956292,4.795171132464713,0.9800989660925948,-1.4934172008092341,2.473516166901829,0.7700447306147867,-0.6939402205859004,1.463984951200687,4.166650715350541,-3.2455273241733322,7.412178039523873,-0.21700640828549422
2024-02,3.319285621212823,-0.4558335131659678,3.7751191343787904,1.3340782047701167,1.0281215070484742,0.3059566977216426,2.219351714840022,0.6840508452260584,1.5353008696139634,2.5936448680926416,0.8446936911357701,1.7489511769568715,1.3149070625622579,1.5140960585187204,-0.19918899595646256,0.8046733088339575
2024-03,0.8658129118686322,-0.7796369963391474,1.6454499082077796,-1.11145785638417,1.401238513395997,-2.512696369780167,0.7612954354748803,-0.3640284718923601,1.1253239073672403,1.3267099686387205,-1.6560801871572846,2.982790155796005,-1.0655111913470408,2.1154190887612727,-3.1809302801083135,0.03701089532411514
2024-04,-0.5144308802068377,0.0014797223039401785,-0.5159106025107779,-2.4382252986748476,-0.6665337097150194,-1.7716915889598281,-1.7216489009421845,-0.08887410274683705,-1.6327747981953475,-2.116094644521054,-0.1015257876198857,-2.014568856901168,-3.048192851569078,-0.06964998777207185,-2.9785428637970064,-0.4251854392916172
2024-05,1.44356818424519,-0.017362102113889777,1.4609302863590798,0.34931080627942107,0.9947410349251709,-0.6454302286457498,0.7521379138667988,0.11775762873198188,0.6343802851348169,1.3466212775703017,-0.11493739777034939,1.461558675340651,-1.0828799441401773,2.8067549588214704,-3.8896349029616477,0.2594393007775187
2024-06,0.2412422248623154,0.2310613404625726,0.010180884399742796,-0.0040797329295444214,0.7109489656308673,-0.7150286985604117,0.10601254976224453,0.13638739104629935,-0.03037484128405482,0.14917306262843746,0.15107703605040754,-0.0019039734219700732,1.586121392315515,-0.04825631435577678,1.634377706671292,0.40950686717525114
2024-07,2.234501219772624,-0.6383539143793975,2.8728551341520214,1.0450508081358423,0.6227021858293098,0.4223486223065325,2.707261162181438,-0.7577946180332688,3.4650557802147066,2.7360588914823087,-1.8474203866882597,4.583479278170568,-0.29240265646221797,2.180308300470179,-2.472710956932397,0.5669722152236013
2024-08,1.5980794940309435,-0.4213617732867029,2.0194412673176463,1.3886748586230167,-0.6952128143238154,2.0838876729468323,1.8356842624615068,-1.068267109298245,2.903951371759752,1.5266504876671683,-0.8376902326183673,2.3643407202855355,0.08683941288268912,-0.38550266551257795,0.4723420783952671,0.09374414149356544
2024-09,0.03135317279468993,0.5701316821668531,-0.5387785093721631,1.6484174913271015,-0.9345264076551385,2.58294389898224,0.534753927307103,-0.14920361439916288,0.6839575417062659,0.21189685271668696,0.2846586211771171,-0.07276176846043014,0.980577800329618,-0.9257675856487504,1.9063453859783683,0.001025543228088675
2024-10,0.9383603665423964,0.23803264744779837,0.700327719094598,0.7478491037627121,-1.772067702696505,2.519916806459217,0.717050702375549,-2.1127494493098764,2.8298001516854256,1.0849457682247672,-1.7239969140107259,2.808942682235493,1.2156620247764671,-1.459430203552569,2.675092228329036,-0.21081864976871648
2024-11,0.902589061804787,0.6575464644694097,0.24504259733537737,1.4556492668600245,-0.049248619222237854,1.5048978860822624,-0.05526930570979349,0.7724648023247757,-0.8277341080345691,-0.9490473891648429,1.6635838045034956,-2.6126311936683386,2.063079959442239,-0.803855028251715,2.866934987693954,0.5362580485490585
