run_id,year,characteristic,ic_mean,ic_t,months
20261005-010838-8084b01,1995,niq_su,0.0182372792026052,3.5453216160286067,12
20261005-010838-8084b01,1995,ret_6_1,0.0562256287861762,4.323539981395416,12
20261005-010838-8084b01,1995,ret_12_1,0.0788959536390145,5.21043075116851,12
20261005-010838-8084b01,1995,saleq_su,0.0246438718844553,3.297220438005455,12
20261005-010838-8084b01,1995,tax_gr1a,0.0242978568159772,2.128895350800675,12
20261005-010838-8084b01,1995,ni_inc8q,0.0242080151613938,2.72933917635871,12
20261005-010838-8084b01,1995,prc_highprc_252d,0.0820519733833058,3.2184553140718113,12
20261005-010838-8084b01,1995,resff3_6_1,0.022972824270173,3.9701809356364848,12
20261005-010838-8084b01,1995,resff3_12_1,0.036616692168333,5.744284000705355,12
20261005-010838-8084b01,1995,be_me,0.0049297593211569,0.2561811017581548,12
20261005-010838-8084b01,1995,debt_me,-0.0107352491181264,-0.8297691861844338,12
20261005-010838-8084b01,1995,at_me,0.0202857684875555,1.0129251523941938,12
20261005-010838-8084b01,1995,ret_60_12,0.0257093564035321,3.379155063157714,12
20261005-010838-8084b01,1995,ni_me,0.0538974056990254,3.267866800450933,12
20261005-010838-8084b01,1995,fcf_me,0.0662352453891533,6.364568517637904,12
20261005-010838-8084b01,1995,div12m_me,0.0594750457910119,2.697452364186244,12
20261005-010838-8084b01,1995,eqpo_me,0.035210464174763,2.1798347922666483,12
20261005-010838-8084b01,1995,eqnpo_me,0.0266512985050432,1.4988693665117636,12
20261005-010838-8084b01,1995,sale_gr3,-0.008952156468785,-0.9782632445963076,12
20261005-010838-8084b01,1995,sale_gr1,-0.0093420492204529,-0.7842579450709694,12
20261005-010838-8084b01,1995,ebitda_mev,0.0456453258434127,2.81556532257162,12
20261005-010838-8084b01,1995,sale_me,-0.0290412363234837,-2.2661066773573086,12
20261005-010838-8084b01,1995,ocf_me,0.053841164654269,3.747618573217265,12
20261005-010838-8084b01,1995,ival_me,0.0091439653013909,0.740681308423029,12
20261005-010838-8084b01,1995,bev_mev,-0.0057846402500295,-0.3168388745311452,12
20261005-010838-8084b01,1995,netdebt_me,-0.029497063191239,-3.0478009229799645,12
20261005-010838-8084b01,1995,eq_dur,-0.0282340047990097,-1.7970825577945602,12
20261005-010838-8084b01,1995,capex_abn,-0.0018702705358117,-0.3787838715312523,12
20261005-010838-8084b01,1995,at_gr1,-0.0030921393432724,-0.2636449459343449,12
20261005-010838-8084b01,1995,ppeinv_gr1a,-0.0318500683182917,-3.906507832723115,12
20261005-010838-8084b01,1995,noa_at,-0.0420821960887707,-6.932133162698519,12
20261005-010838-8084b01,1995,noa_gr1a,-0.0269596981086024,-2.8572867335132432,12
20261005-010838-8084b01,1995,lnoa_gr1a,-0.0342391412591554,-3.815221777087382,12
20261005-010838-8084b01,1995,capx_gr1,-0.012795112988152,-1.877858725189509,12
20261005-010838-8084b01,1995,capx_gr2,-0.011059051156712,-1.7182525674338027,12
20261005-010838-8084b01,1995,capx_gr3,-0.0078327309915984,-1.111903698308203,12
20261005-010838-8084b01,1995,chcsho_12m,-0.0210929433210701,-1.953001568365362,12
20261005-010838-8084b01,1995,eqnpo_12m,0.0380877231204497,2.3207513523737986,12
20261005-010838-8084b01,1995,debt_gr3,-0.0155294081630969,-3.3827476419828657,12
20261005-010838-8084b01,1995,inv_gr1,-0.031711711320668,-3.6040250172558914,12
20261005-010838-8084b01,1995,inv_gr1a,-0.0374181547056357,-4.417145276895942,12
20261005-010838-8084b01,1995,oaccruals_at,-0.0095364254365256,-2.4729349603776245,12
20261005-010838-8084b01,1995,taccruals_at,0.0128405241279883,2.1501912367082228,12
20261005-010838-8084b01,1995,cowc_gr1a,-0.0189971897845393,-2.8692729837840076,12
20261005-010838-8084b01,1995,coa_gr1a,-0.0136141308880962,-1.3254906933682489,12
20261005-010838-8084b01,1995,col_gr1a,-0.0009766206158364,-0.1123375001382069,12
20261005-010838-8084b01,1995,nncoa_gr1a,-0.0201611079674221,-2.4260508362491895,12
20261005-010838-8084b01,1995,ncoa_gr1a,-0.0155425550734778,-1.9101330553017908,12
20261005-010838-8084b01,1995,ncol_gr1a,0.0202822656954175,3.3291370462480687,12
20261005-010838-8084b01,1995,nfna_gr1a,0.0198255735693009,4.5748268306850015,12
20261005-010838-8084b01,1995,sti_gr1a,-0.0012669574404428,-0.1521691553713963,12
20261005-010838-8084b01,1995,lti_gr1a,0.0199778687898517,5.120139071372439,12
20261005-010838-8084b01,1995,fnl_gr1a,-0.0187692384963533,-4.517126273410123,12
20261005-010838-8084b01,1995,be_gr1a,-0.0027526111616134,-0.2105885859803999,12
20261005-010838-8084b01,1995,oaccruals_ni,-0.0189418840925472,-2.395736752522359,12
20261005-010838-8084b01,1995,taccruals_ni,0.003575633787057,0.559331473074223,12
20261005-010838-8084b01,1995,netis_at,-0.0211984383664055,-2.4777297696383234,12
20261005-010838-8084b01,1995,eqnetis_at,-0.013248363708882,-0.9866185815459398,12
20261005-010838-8084b01,1995,dbnetis_at,0.001061283091024,0.1801591919578538,12
20261005-010838-8084b01,1995,niq_be,0.0620769292100238,4.895942142285838,12
20261005-010838-8084b01,1995,niq_be_chg1,0.0288599457552507,4.832634171895099,12
20261005-010838-8084b01,1995,niq_at,0.0425029153628866,3.090583902267974,12
20261005-010838-8084b01,1995,niq_at_chg1,0.0255891078647296,4.321516194719935,12
20261005-010838-8084b01,1995,ebit_bev,0.064575327633108,3.886676673033728,12
20261005-010838-8084b01,1995,ebit_sale,0.0847471205658931,5.189108148509878,12
20261005-010838-8084b01,1995,sale_bev,-0.0105855626589283,-0.8413116794454853,12
20261005-010838-8084b01,1995,at_turnover,-0.0461415909028898,-3.434476621575898,12
20261005-010838-8084b01,1995,gp_at,-0.0211407798282358,-1.3484090507538509,12
20261005-010838-8084b01,1995,gp_atl1,-0.0201779470513346,-1.2296056546864935,12
20261005-010838-8084b01,1995,ope_be,0.0401566536635801,2.641778473509213,12
20261005-010838-8084b01,1995,ope_bel1,0.0374614545976592,2.452997763889914,12
20261005-010838-8084b01,1995,op_at,0.0365885179018484,2.3025757863237017,12
20261005-010838-8084b01,1995,op_atl1,0.0309161457556794,1.8944073637333136,12
20261005-010838-8084b01,1995,cop_at,0.0572260365320872,5.1388452987706215,12
20261005-010838-8084b01,1995,cop_atl1,0.0558956873690105,4.281288449698996,12
20261005-010838-8084b01,1995,f_score,0.0290389660722547,2.523656433061775,12
20261005-010838-8084b01,1995,o_score,-0.0575092920078287,-3.4281086863597414,12
20261005-010838-8084b01,1995,z_score,0.0212747746978246,2.0560633930803376,12
20261005-010838-8084b01,1995,pi_nix,-0.0036227407400433,-0.70370662703303,12
20261005-010838-8084b01,1995,at_be,0.0252214256109507,2.1715787941961913,12
20261005-010838-8084b01,1995,saleq_gr1,0.0126512778965886,1.1144625129338963,12
20261005-010838-8084b01,1995,rd_me,0.0352804393628264,3.6662237694416926,12
20261005-010838-8084b01,1995,rd_sale,0.0457053972088457,4.590830810669223,12
20261005-010838-8084b01,1995,opex_at,-0.0621682276180028,-4.556570911429975,12
20261005-010838-8084b01,1995,emp_gr1,-0.0106205805154613,-1.1698979352328938,12
20261005-010838-8084b01,1995,rd5_at,0.0308326860823774,3.154927750995678,12
20261005-010838-8084b01,1995,age,0.0145487700525737,1.0191608542550283,12
20261005-010838-8084b01,1995,dsale_dinv,0.0228299242944456,5.47129203931955,12
20261005-010838-8084b01,1995,dsale_drec,-0.000958935396684,-0.3166988728330868,12
20261005-010838-8084b01,1995,dgp_dsale,0.0221631783038575,5.266463462651489,12
20261005-010838-8084b01,1995,dsale_dsga,0.0088066500628574,1.9190497874212835,12
20261005-010838-8084b01,1995,sale_emp_gr1,0.0022228349214438,0.6161451050750587,12
20261005-010838-8084b01,1995,tangibility,0.029002287635764,6.3840556180777615,12
20261005-010838-8084b01,1995,kz_index,-0.0698134037420435,-7.015149736023855,12
20261005-010838-8084b01,1995,ocfq_saleq_std,-0.0305063405079507,-2.4318872362750983,12
20261005-010838-8084b01,1995,cash_at,0.0371331296265079,3.280207968729946,12
20261005-010838-8084b01,1995,ni_ar1,0.0060346546273107,1.5760786526070296,12
20261005-010838-8084b01,1995,ni_ivol,-0.040402611513214,-2.4037916074082575,12
20261005-010838-8084b01,1995,earnings_variability,-0.0037217111520664,-0.4110927885479528,12
20261005-010838-8084b01,1995,aliq_at,0.0030194526853718,0.224193094492517,12
20261005-010838-8084b01,1995,aliq_mat,0.0081967990786944,1.1258350582920078,12
20261005-010838-8084b01,1995,seas_1_1an,0.0225549693021255,2.858991004118517,12
20261005-010838-8084b01,1995,seas_1_1na,0.0465614304310623,2.7696244660092004,12
20261005-010838-8084b01,1995,seas_2_5an,0.0144637621340083,3.559378258762609,12
20261005-010838-8084b01,1995,seas_2_5na,0.0025668739580041,0.2710639660333273,12
20261005-010838-8084b01,1995,seas_6_10an,0.0135632661667277,1.6473174329343443,12
20261005-010838-8084b01,1995,seas_6_10na,-0.005122026387292,-0.7637223129302423,12
20261005-010838-8084b01,1995,seas_11_15an,0.0058082509818411,1.2682970968781908,12
20261005-010838-8084b01,1995,seas_11_15na,0.0048213139482188,0.7452659756067099,12
20261005-010838-8084b01,1995,seas_16_20an,0.0045142775391622,0.7336329621431696,12
20261005-010838-8084b01,1995,seas_16_20na,-0.012043524879064,-1.3554370188742777,12
20261005-010838-8084b01,1995,market_equity,0.0716364392607721,2.784047783048083,12
20261005-010838-8084b01,1995,ivol_ff3_21d,-0.0864044723945037,-3.838787299716487,12
20261005-010838-8084b01,1995,ivol_capm_252d,-0.0842319506299272,-3.264359051162725,12
20261005-010838-8084b01,1995,ivol_capm_21d,-0.088933094408905,-3.947135416881704,12
20261005-010838-8084b01,1995,ivol_hxz4_21d,-0.0869791007394287,-3.8743532932768554,12
20261005-010838-8084b01,1995,rvol_21d,-0.0892234833342909,-3.9442888891880745,12
20261005-010838-8084b01,1995,beta_60m,0.0075359525739453,0.544217368358042,12
20261005-010838-8084b01,1995,betabab_1260d,-0.004716257758777,-0.278205422558401,12
20261005-010838-8084b01,1995,beta_dimson_21d,-0.0030278544692961,-0.2617098360760096,12
20261005-010838-8084b01,1995,turnover_126d,0.0016441993473565,0.0699029178148133,12
20261005-010838-8084b01,1995,turnover_var_126d,-0.0167845977328468,-1.1489411127457991,12
20261005-010838-8084b01,1995,dolvol_126d,0.0542527974014894,2.313900877932569,12
20261005-010838-8084b01,1995,dolvol_var_126d,-0.0195691788690984,-1.3056622432618312,12
20261005-010838-8084b01,1995,prc,0.0915543291790926,3.4787160953168725,12
20261005-010838-8084b01,1995,ami_126d,-0.0590604950500131,-2.658109780801012,12
20261005-010838-8084b01,1995,zero_trades_21d,-0.021660815413713,-0.8638561671529756,12
20261005-010838-8084b01,1995,zero_trades_126d,-0.0134435510241613,-0.5840642514155547,12
20261005-010838-8084b01,1995,zero_trades_252d,-0.0139015773387621,-0.6343135251815889,12
20261005-010838-8084b01,1995,rmax1_21d,-0.0846253218010519,-4.223467873796897,12
20261005-010838-8084b01,1995,rskew_21d,-0.003178133955631,-0.6794728110816521,12
20261005-010838-8084b01,1995,iskew_capm_21d,-0.0025344746174834,-0.5415957248234674,12
20261005-010838-8084b01,1995,iskew_ff3_21d,0.0065052608984668,1.5350073614368975,12
20261005-010838-8084b01,1995,iskew_hxz4_21d,0.004699191314967,1.19615715088726,12
20261005-010838-8084b01,1995,coskew_21d,0.0110768149539968,1.585018919677461,12
20261005-010838-8084b01,1995,ret_1_0,-0.0218525654296859,-1.1714762930148075,12
20261005-010838-8084b01,1995,betadown_252d,-0.0021492698844166,-0.1643950447987186,12
20261005-010838-8084b01,1995,bidaskhl_21d,-0.076709269168476,-3.237687449532781,12
20261005-010838-8084b01,1995,ret_3_1,0.0407993169088733,3.5744598039724536,12
20261005-010838-8084b01,1995,ret_9_1,0.070378673076405,5.175904627290793,12
20261005-010838-8084b01,1995,ret_12_7,0.059291853204939,4.708355708873225,12
20261005-010838-8084b01,1995,corr_1260d,0.0441346423217899,3.1609366141615776,12
20261005-010838-8084b01,1995,rmax5_21d,-0.0889361386552788,-4.331290184924416,12
20261005-010838-8084b01,1995,rmax5_rvol_21d,-0.0374907655795512,-4.470167676661211,12
20261005-010838-8084b01,1995,ni_be,0.052195068506737,3.384671318067032,12
20261005-010838-8084b01,1995,ocf_at,0.0428116189731646,3.118042910351161,12
20261005-010838-8084b01,1995,ocf_at_chg1,0.0180736744870825,3.9043912571996233,12
20261005-010838-8084b01,1995,mispricing_perf,0.0470520149504893,2.6521071492178727,12
20261005-010838-8084b01,1995,mispricing_mgmt,0.0386308198760442,3.1319246304876276,12
20261005-010838-8084b01,1995,qmj,0.0424523542132871,4.317853386585225,12
20261005-010838-8084b01,1995,qmj_prof,0.0430619522514586,2.8057060535818974,12
20261005-010838-8084b01,1995,qmj_growth,0.0277189155951296,7.1665339226182105,12
20261005-010838-8084b01,1995,qmj_safety,0.0582367211668673,4.1798834815422135,12
20261005-010838-8084b01,1997,niq_su,0.0264938583485934,4.486912465048747,12
20261005-010838-8084b01,1997,ret_6_1,0.0580680214545024,2.632497109167385,12
20261005-010838-8084b01,1997,ret_12_1,0.0964009923304684,3.4141542210524634,12
20261005-010838-8084b01,1997,saleq_su,0.0141117918201549,2.0149327617629624,12
20261005-010838-8084b01,1997,tax_gr1a,0.0324420505408666,2.7544646345181145,12
20261005-010838-8084b01,1997,ni_inc8q,0.0495287455978801,4.055686278199459,12
20261005-010838-8084b01,1997,prc_highprc_252d,0.1152758146748048,2.549923172524014,12
20261005-010838-8084b01,1997,resff3_6_1,0.0406828406381327,2.830280795020848,12
20261005-010838-8084b01,1997,resff3_12_1,0.0514706173340333,3.9282948769981534,12
20261005-010838-8084b01,1997,be_me,0.0460383897380708,1.9939436322137971,12
20261005-010838-8084b01,1997,debt_me,0.0554790840890524,2.593749728619927,12
20261005-010838-8084b01,1997,at_me,0.0919594193111366,3.039426567628879,12
20261005-010838-8084b01,1997,ret_60_12,0.0398765393036348,3.0356837366769565,12
20261005-010838-8084b01,1997,ni_me,0.1291244931147341,4.574619933375307,12
20261005-010838-8084b01,1997,fcf_me,0.0928314488265274,3.850649276029265,12
20261005-010838-8084b01,1997,div12m_me,0.1038223831518546,2.718878914833648,12
20261005-010838-8084b01,1997,eqpo_me,0.064706906324367,2.6578795489053517,12
20261005-010838-8084b01,1997,eqnpo_me,0.0804250518288977,2.746297666219557,12
20261005-010838-8084b01,1997,sale_gr3,-0.0103213808167038,-0.6910877764012081,12
20261005-010838-8084b01,1997,sale_gr1,0.0017541014753161,0.0997140738539654,12
20261005-010838-8084b01,1997,ebitda_mev,0.1243419876908607,4.5005497701326,12
20261005-010838-8084b01,1997,sale_me,0.0449254410370626,2.5002352338805567,12
20261005-010838-8084b01,1997,ocf_me,0.1091646049832423,4.4412677268659895,12
20261005-010838-8084b01,1997,ival_me,0.0300007751758829,2.711343806769737,12
20261005-010838-8084b01,1997,bev_mev,0.0555246615626618,2.331655515988696,12
20261005-010838-8084b01,1997,netdebt_me,0.0431543799613032,2.351413941144963,12
20261005-010838-8084b01,1997,eq_dur,-0.088340770094133,-3.702752861762043,12
20261005-010838-8084b01,1997,capex_abn,2.7628614363987666e-05,0.0043015372175275,12
20261005-010838-8084b01,1997,at_gr1,-0.0033994277388778,-0.1911639623424726,12
20261005-010838-8084b01,1997,ppeinv_gr1a,-0.0207696576230931,-1.3685910334319358,12
20261005-010838-8084b01,1997,noa_at,0.0038401456780762,0.7400733907124767,12
20261005-010838-8084b01,1997,noa_gr1a,-0.0194893367446789,-1.4806562763356468,12
20261005-010838-8084b01,1997,lnoa_gr1a,-0.0292519087309194,-2.298820887245468,12
20261005-010838-8084b01,1997,capx_gr1,-0.0131841763584819,-1.1236842368980002,12
20261005-010838-8084b01,1997,capx_gr2,-0.015437961222453,-1.1053994136914345,12
20261005-010838-8084b01,1997,capx_gr3,-0.0119592068739474,-0.9328895292151704,12
20261005-010838-8084b01,1997,chcsho_12m,-0.0653181997757669,-2.804597889404628,12
20261005-010838-8084b01,1997,eqnpo_12m,0.0817853700352253,2.779340159206691,12
20261005-010838-8084b01,1997,debt_gr3,0.0032923226649039,0.7456184376495462,12
20261005-010838-8084b01,1997,inv_gr1,-0.0217017867104676,-1.888574215298765,12
20261005-010838-8084b01,1997,inv_gr1a,-0.0179695808629328,-2.120287561942296,12
20261005-010838-8084b01,1997,oaccruals_at,0.0103298524006589,1.1950113459714031,12
20261005-010838-8084b01,1997,taccruals_at,0.011643308846587,1.7225638620465094,12
20261005-010838-8084b01,1997,cowc_gr1a,-0.0068711308871237,-0.8255794596564316,12
20261005-010838-8084b01,1997,coa_gr1a,-0.0075953703658838,-0.5538524998715547,12
20261005-010838-8084b01,1997,col_gr1a,-0.0031818076967455,-0.2770167335306318,12
20261005-010838-8084b01,1997,nncoa_gr1a,-0.0127268177406719,-1.187099145223774,12
20261005-010838-8084b01,1997,ncoa_gr1a,-0.0068306915233724,-0.5964807043810179,12
20261005-010838-8084b01,1997,ncol_gr1a,0.0294535191265525,3.5279479078106917,12
20261005-010838-8084b01,1997,nfna_gr1a,-0.0020816590990997,-0.5020932498686805,12
20261005-010838-8084b01,1997,sti_gr1a,-0.004677334688019,-0.7944912235571694,12
20261005-010838-8084b01,1997,lti_gr1a,0.0176662304585795,1.9729042749978347,12
20261005-010838-8084b01,1997,fnl_gr1a,0.0028559190502068,0.5834453244623976,12
20261005-010838-8084b01,1997,be_gr1a,-0.0126098317694929,-0.6847036817200456,12
20261005-010838-8084b01,1997,oaccruals_ni,-0.0302455057838202,-3.144577636821038,12
20261005-010838-8084b01,1997,taccruals_ni,-0.0162484830804759,-2.047179048627571,12
20261005-010838-8084b01,1997,netis_at,-0.070594729008714,-3.797774962017469,12
20261005-010838-8084b01,1997,eqnetis_at,-0.0729485532939729,-2.938166437498198,12
20261005-010838-8084b01,1997,dbnetis_at,0.004014457599818,0.675743220067393,12
20261005-010838-8084b01,1997,niq_be,0.1012636660618638,4.353308920059935,12
20261005-010838-8084b01,1997,niq_be_chg1,0.0376933441113042,4.616612611038869,12
20261005-010838-8084b01,1997,niq_at,0.0748502789836217,3.466246713357529,12
20261005-010838-8084b01,1997,niq_at_chg1,0.0307894649182294,4.602818295309109,12
20261005-010838-8084b01,1997,ebit_bev,0.1034545949094076,3.733652290997024,12
20261005-010838-8084b01,1997,ebit_sale,0.1299373183132523,4.0733581768827145,12
20261005-010838-8084b01,1997,sale_bev,-0.012567630225147,-0.7906010021258305,12
20261005-010838-8084b01,1997,at_turnover,-0.0154192324334929,-0.9349979867807552,12
20261005-010838-8084b01,1997,gp_at,-0.0114528899780121,-0.6368460623391605,12
20261005-010838-8084b01,1997,gp_atl1,-0.0155705639644746,-0.7475259374432205,12
20261005-010838-8084b01,1997,ope_be,0.090279610936628,3.816196918176894,12
20261005-010838-8084b01,1997,ope_bel1,0.0750314811837064,3.526321487557438,12
20261005-010838-8084b01,1997,op_at,0.0456098577981708,1.9248295317645463,12
20261005-010838-8084b01,1997,op_atl1,0.0362737346240072,1.4602335148973218,12
20261005-010838-8084b01,1997,cop_at,0.0562197337204126,3.8950093752130863,12
20261005-010838-8084b01,1997,cop_atl1,0.0526604309029517,3.286723750504139,12
20261005-010838-8084b01,1997,f_score,0.0702878121058694,4.067220938624894,12
20261005-010838-8084b01,1997,o_score,-0.0724056734441037,-3.1187320482376863,12
20261005-010838-8084b01,1997,z_score,-0.0010101940270004,-0.0593091204169142,12
20261005-010838-8084b01,1997,pi_nix,0.0126370465756667,1.6532739724474954,12
20261005-010838-8084b01,1997,at_be,0.0779338683119641,2.8764277806140512,12
20261005-010838-8084b01,1997,saleq_gr1,0.0025369891709764,0.1426376077976801,12
20261005-010838-8084b01,1997,rd_me,-0.0194944937106395,-0.9596639190570628,12
20261005-010838-8084b01,1997,rd_sale,-0.0442788603548047,-1.81436532131735,12
20261005-010838-8084b01,1997,opex_at,-0.0543866332415131,-2.8246059246331177,12
20261005-010838-8084b01,1997,emp_gr1,-0.021638006765761,-1.3421082203052868,12
20261005-010838-8084b01,1997,rd5_at,-0.0296146882529569,-1.6690494356766834,12
20261005-010838-8084b01,1997,age,0.0454362877517209,2.227235327111096,12
20261005-010838-8084b01,1997,dsale_dinv,0.0239826933975819,4.095365336419957,12
20261005-010838-8084b01,1997,dsale_drec,-0.0003357794946489,-0.1098502364168464,12
20261005-010838-8084b01,1997,dgp_dsale,0.0152016747562111,2.7247145640087895,12
20261005-010838-8084b01,1997,dsale_dsga,0.0318247072166242,4.188607253963446,12
20261005-010838-8084b01,1997,sale_emp_gr1,0.0078338235000559,2.221870847855742,12
20261005-010838-8084b01,1997,tangibility,-0.0147351656275845,-1.0628982245330427,12
20261005-010838-8084b01,1997,kz_index,-0.0516330950246628,-3.5486279268687433,12
20261005-010838-8084b01,1997,ocfq_saleq_std,-0.0797506018408123,-2.937576270297676,12
20261005-010838-8084b01,1997,cash_at,-0.0574458857150024,-2.243150656688272,12
20261005-010838-8084b01,1997,ni_ar1,0.0148378490199916,3.3724758080947024,12
20261005-010838-8084b01,1997,ni_ivol,-0.0758769868204772,-2.776282717078148,12
20261005-010838-8084b01,1997,earnings_variability,-0.0340855159224658,-2.23990580203706,12
20261005-010838-8084b01,1997,aliq_at,-0.0215529192455228,-1.0073477552778678,12
20261005-010838-8084b01,1997,aliq_mat,0.0504306246572425,3.122780530182486,12
20261005-010838-8084b01,1997,seas_1_1an,0.0481759958996157,3.3757972588859286,12
20261005-010838-8084b01,1997,seas_1_1na,0.0504543330594015,1.9969413725715623,12
20261005-010838-8084b01,1997,seas_2_5an,0.0374135038188391,5.140869189919684,12
20261005-010838-8084b01,1997,seas_2_5na,-0.009191457452231,-0.8911835090393465,12
20261005-010838-8084b01,1997,seas_6_10an,0.0085186387278851,1.208274032630457,12
20261005-010838-8084b01,1997,seas_6_10na,-0.0096440304962859,-1.8928246144227856,12
20261005-010838-8084b01,1997,seas_11_15an,0.0071523468549389,1.5434343291942147,12
20261005-010838-8084b01,1997,seas_11_15na,0.0091958156780412,1.0722634841023688,12
20261005-010838-8084b01,1997,seas_16_20an,0.0048241745279413,0.797202870662074,12
20261005-010838-8084b01,1997,seas_16_20na,-0.0050478042355195,-0.709432031197551,12
20261005-010838-8084b01,1997,market_equity,0.0715532659218361,1.8684181988312671,12
20261005-010838-8084b01,1997,ivol_ff3_21d,-0.1356639298671818,-3.3988907371021857,12
20261005-010838-8084b01,1997,ivol_capm_252d,-0.13940831105059,-3.115788642650932,12
20261005-010838-8084b01,1997,ivol_capm_21d,-0.1356169818048274,-3.36425585385816,12
20261005-010838-8084b01,1997,ivol_hxz4_21d,-0.1352429744469581,-3.4181476930077586,12
20261005-010838-8084b01,1997,rvol_21d,-0.1350261338587625,-3.346411370266094,12
20261005-010838-8084b01,1997,beta_60m,-0.038026311984864,-1.5871144796086971,12
20261005-010838-8084b01,1997,betabab_1260d,-0.0405705060713496,-1.5684614213637762,12
20261005-010838-8084b01,1997,beta_dimson_21d,-0.007902426144688,-0.622604206468284,12
20261005-010838-8084b01,1997,turnover_126d,-0.0528021827384796,-1.4906106940116413,12
20261005-010838-8084b01,1997,turnover_var_126d,0.0033014940004908,0.1587306942284338,12
20261005-010838-8084b01,1997,dolvol_126d,0.0298185999255712,0.8389701517351337,12
20261005-010838-8084b01,1997,dolvol_var_126d,-0.0039793738845967,-0.1855807905144906,12
20261005-010838-8084b01,1997,prc,0.1178311982086791,2.7030239197428467,12
20261005-010838-8084b01,1997,ami_126d,-0.0517549851033155,-1.5530653517403576,12
20261005-010838-8084b01,1997,zero_trades_21d,0.0334997802185376,0.9026860541961994,12
20261005-010838-8084b01,1997,zero_trades_126d,0.0361153045783311,0.9871278798993792,12
20261005-010838-8084b01,1997,zero_trades_252d,0.0374108741492298,1.0561900480279836,12
20261005-010838-8084b01,1997,rmax1_21d,-0.1287036592162072,-3.8384973265839823,12
20261005-010838-8084b01,1997,rskew_21d,-0.0315688826928511,-5.890000791790565,12
20261005-010838-8084b01,1997,iskew_capm_21d,-0.0282837610028097,-9.235611249200469,12
20261005-010838-8084b01,1997,iskew_ff3_21d,-0.0232830784594626,-5.045022426305091,12
20261005-010838-8084b01,1997,iskew_hxz4_21d,-0.023377539479495,-6.245165989764272,12
20261005-010838-8084b01,1997,coskew_21d,-0.0019138600941931,-0.2117538941529539,12
20261005-010838-8084b01,1997,ret_1_0,-0.0161983518454578,-0.5841364522711956,12
20261005-010838-8084b01,1997,betadown_252d,-0.0308750577945379,-1.1978439814121606,12
20261005-010838-8084b01,1997,bidaskhl_21d,-0.0993221812156373,-2.742281314911146,12
20261005-010838-8084b01,1997,ret_3_1,0.027339603338474,1.1047436696117858,12
20261005-010838-8084b01,1997,ret_9_1,0.1063138602031063,4.039678991110318,12
20261005-010838-8084b01,1997,ret_12_7,0.0741786682121792,2.8817993010751835,12
20261005-010838-8084b01,1997,corr_1260d,0.0411354965248496,1.666720364570291,12
20261005-010838-8084b01,1997,rmax5_21d,-0.1344574223393558,-3.949181192746645,12
20261005-010838-8084b01,1997,rmax5_rvol_21d,-0.0268431156667019,-2.254921532035449,12
20261005-010838-8084b01,1997,ni_be,0.107612958696309,4.0581190132298754,12
20261005-010838-8084b01,1997,ocf_at,0.0745864436882316,3.4409379576374493,12
20261005-010838-8084b01,1997,ocf_at_chg1,0.023566933386225,6.908902343251451,12
20261005-010838-8084b01,1997,mispricing_perf,0.0741847695556491,2.9379844022947097,12
20261005-010838-8084b01,1997,mispricing_mgmt,0.0464944441035452,2.0677084955805127,12
20261005-010838-8084b01,1997,qmj,0.0490067510615974,4.464355336511004,12
20261005-010838-8084b01,1997,qmj_prof,0.0715435773701608,3.5197362212175847,12
20261005-010838-8084b01,1997,qmj_growth,0.0258230214507939,6.260075473721103,12
20261005-010838-8084b01,1997,qmj_safety,0.0580544383138937,3.550990267986731,12
20261005-010838-8084b01,1999,niq_su,0.0124624273334949,1.685457990544346,12
20261005-010838-8084b01,1999,ret_6_1,0.0352770527751149,1.717928753290742,12
20261005-010838-8084b01,1999,ret_12_1,0.0596197544821878,2.3436443826021627,12
20261005-010838-8084b01,1999,saleq_su,0.0101082209610009,0.9765987865127514,12
20261005-010838-8084b01,1999,tax_gr1a,-0.0056567011758424,-0.898052490663301,12
20261005-010838-8084b01,1999,ni_inc8q,-0.0033570496881652,-0.3098789394998679,12
20261005-010838-8084b01,1999,prc_highprc_252d,0.0226434013037831,0.7657495010454171,12
20261005-010838-8084b01,1999,resff3_6_1,0.0161166128708916,1.6214569585788638,12
20261005-010838-8084b01,1999,resff3_12_1,0.0519617257688676,4.123225442369124,12
20261005-010838-8084b01,1999,be_me,-0.0245772642258142,-0.7991752747898072,12
20261005-010838-8084b01,1999,debt_me,-0.0542715068163608,-1.8532405047291731,12
20261005-010838-8084b01,1999,at_me,-0.046675912589466,-1.3159976244873095,12
20261005-010838-8084b01,1999,ret_60_12,-0.0034964312503507,-0.2108824849285785,12
20261005-010838-8084b01,1999,ni_me,-0.0167337025802078,-0.6577465890639878,12
20261005-010838-8084b01,1999,fcf_me,0.0184829044537937,1.1584581096128586,12
20261005-010838-8084b01,1999,div12m_me,-0.0117194801908691,-0.3738446049141638,12
20261005-010838-8084b01,1999,eqpo_me,-0.007230720674227,-0.3718533578752739,12
20261005-010838-8084b01,1999,eqnpo_me,-0.0024009742114538,-0.097938499022368,12
20261005-010838-8084b01,1999,sale_gr3,-0.0139520711364015,-1.3390948666463076,12
20261005-010838-8084b01,1999,sale_gr1,-0.0172923087459357,-1.4689359261009385,12
20261005-010838-8084b01,1999,ebitda_mev,-0.0209309524353207,-0.7170356509335735,12
20261005-010838-8084b01,1999,sale_me,-0.0473752718431605,-1.5270307305166797,12
20261005-010838-8084b01,1999,ocf_me,-0.0024552879122007,-0.0918841751189189,12
20261005-010838-8084b01,1999,ival_me,-0.0196715108782069,-1.2630260062161427,12
20261005-010838-8084b01,1999,bev_mev,-0.0366486113912417,-1.1415933975191002,12
20261005-010838-8084b01,1999,netdebt_me,-0.0575979591540014,-2.196356346961791,12
20261005-010838-8084b01,1999,eq_dur,0.0164698713205584,0.6657230095518485,12
20261005-010838-8084b01,1999,capex_abn,-0.0139878926610059,-1.947094258624302,12
20261005-010838-8084b01,1999,at_gr1,-0.0159330697021706,-1.3555620121289755,12
20261005-010838-8084b01,1999,ppeinv_gr1a,-0.0202288571394846,-2.006880842142796,12
20261005-010838-8084b01,1999,noa_at,-0.0417941929527667,-2.7241121810877904,12
20261005-010838-8084b01,1999,noa_gr1a,-0.0234747720070903,-2.6444001010201847,12
20261005-010838-8084b01,1999,lnoa_gr1a,-0.0123646829148711,-1.081032977002946,12
20261005-010838-8084b01,1999,capx_gr1,-0.0166634780954175,-3.1705568417356593,12
20261005-010838-8084b01,1999,capx_gr2,-0.0216028111812193,-3.171726841949033,12
20261005-010838-8084b01,1999,capx_gr3,-0.0150278569822313,-2.099711042682644,12
20261005-010838-8084b01,1999,chcsho_12m,0.0022444909914754,0.1131305409342088,12
20261005-010838-8084b01,1999,eqnpo_12m,-0.0021340685213137,-0.0873770070838622,12
20261005-010838-8084b01,1999,debt_gr3,-0.0301282070164831,-3.9990064123019624,12
20261005-010838-8084b01,1999,inv_gr1,-0.0281362718870191,-8.831626880105327,12
20261005-010838-8084b01,1999,inv_gr1a,-0.0325409440846257,-6.791984250438237,12
20261005-010838-8084b01,1999,oaccruals_at,-0.0281368834338752,-3.485291430281185,12
20261005-010838-8084b01,1999,taccruals_at,-0.0020052605554144,-0.2093611581900299,12
20261005-010838-8084b01,1999,cowc_gr1a,-0.0287194836437705,-5.900708993419681,12
20261005-010838-8084b01,1999,coa_gr1a,-0.0202528332478489,-2.518425056688477,12
20261005-010838-8084b01,1999,col_gr1a,-0.0001420567765665,-0.0121743194988895,12
20261005-010838-8084b01,1999,nncoa_gr1a,-0.0129797329914209,-1.2463349620435282,12
20261005-010838-8084b01,1999,ncoa_gr1a,-0.0164616448013596,-1.567666592534213,12
20261005-010838-8084b01,1999,ncol_gr1a,-0.0066344615726371,-0.6365036327742738,12
20261005-010838-8084b01,1999,nfna_gr1a,0.0239234256990591,2.8465763124455443,12
20261005-010838-8084b01,1999,sti_gr1a,-0.0039916907844875,-0.8265732735709894,12
20261005-010838-8084b01,1999,lti_gr1a,-0.0062570661857189,-0.7018987324863174,12
20261005-010838-8084b01,1999,fnl_gr1a,-0.0279917986930143,-3.158745142527404,12
20261005-010838-8084b01,1999,be_gr1a,-0.0054043950314159,-0.4468513066617366,12
20261005-010838-8084b01,1999,oaccruals_ni,-0.0199764102890701,-2.3237378934683868,12
20261005-010838-8084b01,1999,taccruals_ni,0.0024974531796926,0.2247372768154624,12
20261005-010838-8084b01,1999,netis_at,0.0002949647440763,0.0147675094988363,12
20261005-010838-8084b01,1999,eqnetis_at,0.0064767284494064,0.2803615753813712,12
20261005-010838-8084b01,1999,dbnetis_at,-0.0067337577296622,-0.7567831740684923,12
20261005-010838-8084b01,1999,niq_be,0.0012028868218677,0.0608791244412927,12
20261005-010838-8084b01,1999,niq_be_chg1,0.0104020097117916,1.26222539348416,12
20261005-010838-8084b01,1999,niq_at,0.0100418614062269,0.563014817753391,12
20261005-010838-8084b01,1999,niq_at_chg1,0.010596433146299,1.2564378890903882,12
20261005-010838-8084b01,1999,ebit_bev,-0.0054240901832122,-0.2707935091109625,12
20261005-010838-8084b01,1999,ebit_sale,-0.0125055628514547,-0.4299258051397657,12
20261005-010838-8084b01,1999,sale_bev,0.0150715753972877,0.9341727408931616,12
20261005-010838-8084b01,1999,at_turnover,-0.0159628639482106,-1.0722269897857464,12
20261005-010838-8084b01,1999,gp_at,0.0163599730388285,1.2089182227539863,12
20261005-010838-8084b01,1999,gp_atl1,0.0084837039242126,0.5618748002127347,12
20261005-010838-8084b01,1999,ope_be,-0.0098865403226502,-0.510572575465087,12
20261005-010838-8084b01,1999,ope_bel1,-0.0088485051609966,-0.5417623215524673,12
20261005-010838-8084b01,1999,op_at,0.0289428272407499,1.711833972443238,12
20261005-010838-8084b01,1999,op_atl1,0.0205261642884,1.2101576519748778,12
20261005-010838-8084b01,1999,cop_at,0.0411720637897921,3.679049785909113,12
20261005-010838-8084b01,1999,cop_atl1,0.0356650150181222,3.0648050592865204,12
20261005-010838-8084b01,1999,f_score,0.0061558384973218,0.4057210807206822,12
20261005-010838-8084b01,1999,o_score,-0.0273942156918224,-1.5844494499481554,12
20261005-010838-8084b01,1999,z_score,0.0336740881222924,2.2360180703213635,12
20261005-010838-8084b01,1999,pi_nix,-0.0123572083898592,-1.917013101414781,12
20261005-010838-8084b01,1999,at_be,-0.047957566893627,-2.0334824937693994,12
20261005-010838-8084b01,1999,saleq_gr1,0.0041356792852933,0.2812537259277641,12
20261005-010838-8084b01,1999,rd_me,0.0375355454426828,2.1807019778273715,12
20261005-010838-8084b01,1999,rd_sale,0.064326316442916,2.5146961664882923,12
20261005-010838-8084b01,1999,opex_at,-0.0115640505006335,-0.5745024933677719,12
20261005-010838-8084b01,1999,emp_gr1,-0.0145803365184891,-1.3076634927848547,12
20261005-010838-8084b01,1999,rd5_at,0.0473322221440023,2.355111531488123,12
20261005-010838-8084b01,1999,age,-0.0028493576761182,-0.1244216179646665,12
20261005-010838-8084b01,1999,dsale_dinv,0.0127406080237547,2.3515703860238526,12
20261005-010838-8084b01,1999,dsale_drec,-0.002048687435148,-0.5423861875907673,12
20261005-010838-8084b01,1999,dgp_dsale,-0.001244140234186,-0.2519684688755498,12
20261005-010838-8084b01,1999,dsale_dsga,-0.0065303520020068,-0.8372226786640309,12
20261005-010838-8084b01,1999,sale_emp_gr1,-0.0023719949572116,-0.5003625921415268,12
20261005-010838-8084b01,1999,tangibility,0.0519784758339533,4.090627700015534,12
20261005-010838-8084b01,1999,kz_index,-0.0168731248912395,-1.2668829055656905,12
20261005-010838-8084b01,1999,ocfq_saleq_std,0.0182006882071366,0.9105532316390176,12
20261005-010838-8084b01,1999,cash_at,0.0615303550517412,2.086187984438787,12
20261005-010838-8084b01,1999,ni_ar1,0.0002155560385073,0.0565507276272696,12
20261005-010838-8084b01,1999,ni_ivol,0.0179788346838136,0.7394902573390637,12
20261005-010838-8084b01,1999,earnings_variability,0.0128175332750777,1.1705305235640335,12
20261005-010838-8084b01,1999,aliq_at,0.0083791079115149,0.4734607630217434,12
20261005-010838-8084b01,1999,aliq_mat,-0.0040442096385614,-0.3352306695570339,12
20261005-010838-8084b01,1999,seas_1_1an,0.0423616328928316,4.473620786425638,12
20261005-010838-8084b01,1999,seas_1_1na,0.0269002634762315,0.9409723940296626,12
20261005-010838-8084b01,1999,seas_2_5an,0.0199356643072676,2.2496906434311557,12
20261005-010838-8084b01,1999,seas_2_5na,-0.0022955497602962,-0.2167972788959031,12
20261005-010838-8084b01,1999,seas_6_10an,0.0144835413559857,1.884181625078843,12
20261005-010838-8084b01,1999,seas_6_10na,0.0026016332263221,0.3706379987183965,12
20261005-010838-8084b01,1999,seas_11_15an,0.0086723476699528,1.2687380201581044,12
20261005-010838-8084b01,1999,seas_11_15na,-0.0095714724466734,-1.2925243484047728,12
20261005-010838-8084b01,1999,seas_16_20an,0.0107003157933735,2.530097506876937,12
20261005-010838-8084b01,1999,seas_16_20na,-0.0061333726502232,-1.0925657519190477,12
20261005-010838-8084b01,1999,market_equity,0.0315357223873131,0.9226131917547288,12
20261005-010838-8084b01,1999,ivol_ff3_21d,-0.0143480020671171,-0.4221909849809265,12
20261005-010838-8084b01,1999,ivol_capm_252d,0.0001598285581954,0.0041013765880278,12
20261005-010838-8084b01,1999,ivol_capm_21d,-0.0157560620920268,-0.4703641749828062,12
20261005-010838-8084b01,1999,ivol_hxz4_21d,-0.014442468467704,-0.4295793672822108,12
20261005-010838-8084b01,1999,rvol_21d,-0.0131168758040239,-0.3919513383225952,12
20261005-010838-8084b01,1999,beta_60m,0.0315946585395522,1.352688685791162,12
20261005-010838-8084b01,1999,betabab_1260d,0.0417621384135213,1.6809258639333975,12
20261005-010838-8084b01,1999,beta_dimson_21d,0.0131321028056001,1.2279812330378694,12
20261005-010838-8084b01,1999,turnover_126d,0.0330670233263374,1.0691596030814514,12
20261005-010838-8084b01,1999,turnover_var_126d,-0.0249307333034099,-1.2621473789468398,12
20261005-010838-8084b01,1999,dolvol_126d,0.0320194528014076,0.9854026796944856,12
20261005-010838-8084b01,1999,dolvol_var_126d,-0.0232606168248225,-1.15813055979348,12
20261005-010838-8084b01,1999,prc,0.0335254587078627,0.9491248976155244,12
20261005-010838-8084b01,1999,ami_126d,-0.0318918412866387,-1.0300031271969932,12
20261005-010838-8084b01,1999,zero_trades_21d,-0.0410786391116458,-1.265212208249109,12
20261005-010838-8084b01,1999,zero_trades_126d,-0.0341837663108804,-1.0612248267641482,12
20261005-010838-8084b01,1999,zero_trades_252d,-0.0331004557990575,-1.1021963680667115,12
20261005-010838-8084b01,1999,rmax1_21d,-0.0210391923320971,-0.6927502431381128,12
20261005-010838-8084b01,1999,rskew_21d,-0.0213687795618053,-2.0551172441156456,12
20261005-010838-8084b01,1999,iskew_capm_21d,-0.019684450530519,-1.8346687727254491,12
20261005-010838-8084b01,1999,iskew_ff3_21d,-0.0097347270781181,-0.8025820176248825,12
20261005-010838-8084b01,1999,iskew_hxz4_21d,-0.0066844508770144,-0.5627678023000898,12
20261005-010838-8084b01,1999,coskew_21d,0.0025582667117871,0.211273622688747,12
20261005-010838-8084b01,1999,ret_1_0,-0.0295089546030182,-1.2976960687935677,12
20261005-010838-8084b01,1999,betadown_252d,0.0292625008347701,1.219615287492003,12
20261005-010838-8084b01,1999,bidaskhl_21d,-0.0152181692434065,-0.4784172526867202,12
20261005-010838-8084b01,1999,ret_3_1,0.0215109376409886,1.355507509648953,12
20261005-010838-8084b01,1999,ret_9_1,0.0431851473648052,1.8551111954402928,12
20261005-010838-8084b01,1999,ret_12_7,0.0523680038316372,3.1177932269128124,12
20261005-010838-8084b01,1999,corr_1260d,0.0307351327124736,1.3314070279263233,12
20261005-010838-8084b01,1999,rmax5_21d,-0.0191029255145785,-0.596873573346022,12
20261005-010838-8084b01,1999,rmax5_rvol_21d,-0.0364480103373916,-2.748580164603191,12
20261005-010838-8084b01,1999,ni_be,-0.0116154115530078,-0.5213507071628398,12
20261005-010838-8084b01,1999,ocf_at,0.0200816222358968,1.0158572730983049,12
20261005-010838-8084b01,1999,ocf_at_chg1,0.0097239957770902,2.6776364802777644,12
20261005-010838-8084b01,1999,mispricing_perf,0.0374392822847441,2.213961438528153,12
20261005-010838-8084b01,1999,mispricing_mgmt,0.0213845031489137,1.708051307223681,12
20261005-010838-8084b01,1999,qmj,0.0140788066014586,1.135008895443801,12
20261005-010838-8084b01,1999,qmj_prof,0.023855670373913,1.5457836818526731,12
20261005-010838-8084b01,1999,qmj_growth,0.0113507756162004,1.626034418313738,12
20261005-010838-8084b01,1999,qmj_safety,0.0212752853501279,1.2413737700218577,12
20261005-010838-8084b01,2001,niq_su,0.0031420613584629,0.3006265658056546,12
20261005-010838-8084b01,2001,ret_6_1,0.0623708996869659,0.916042111917461,12
20261005-010838-8084b01,2001,ret_12_1,0.0793503540270584,1.173368705889208,12
20261005-010838-8084b01,2001,saleq_su,-0.0110139559001226,-0.858884395691065,12
20261005-010838-8084b01,2001,tax_gr1a,-0.0037974476190415,-0.2519822456460902,12
20261005-010838-8084b01,2001,ni_inc8q,0.0162534839981583,1.0255631928977036,12
20261005-010838-8084b01,2001,prc_highprc_252d,0.0738316498742549,0.8429273690652267,12
20261005-010838-8084b01,2001,resff3_6_1,0.0395875023314666,1.0596887240955732,12
20261005-010838-8084b01,2001,resff3_12_1,0.0609471562492464,1.7950689918484477,12
20261005-010838-8084b01,2001,be_me,0.0442984995181416,1.426267880209807,12
20261005-010838-8084b01,2001,debt_me,0.0400763439950442,0.9774907678395972,12
20261005-010838-8084b01,2001,at_me,0.0575397231347013,1.36730159242869,12
20261005-010838-8084b01,2001,ret_60_12,-0.0039588606395085,-0.214173997096157,12
20261005-010838-8084b01,2001,ni_me,0.1075335069005026,2.351002571822182,12
20261005-010838-8084b01,2001,fcf_me,0.077968284784497,1.9988814081999613,12
20261005-010838-8084b01,2001,div12m_me,0.0583234323168359,1.1421854648310414,12
20261005-010838-8084b01,2001,eqpo_me,0.0503126107767482,1.6891674425036098,12
20261005-010838-8084b01,2001,eqnpo_me,0.076013565550739,1.3534108269273588,12
20261005-010838-8084b01,2001,sale_gr3,0.0001399141501077,0.0077980601349437,12
20261005-010838-8084b01,2001,sale_gr1,-0.0372275526474791,-1.1802746454946769,12
20261005-010838-8084b01,2001,ebitda_mev,0.1132416063944721,2.739048510812875,12
20261005-010838-8084b01,2001,sale_me,0.0607014910433804,1.8192748783346424,12
20261005-010838-8084b01,2001,ocf_me,0.0969946912387246,2.03455262359729,12
20261005-010838-8084b01,2001,ival_me,0.0235098600848549,1.3750189742872223,12
20261005-010838-8084b01,2001,bev_mev,0.0444269463749708,1.4207937951479983,12
20261005-010838-8084b01,2001,netdebt_me,0.0291581387877644,0.6984251699072412,12
20261005-010838-8084b01,2001,eq_dur,-0.0975249408032937,-2.5966896231079244,12
20261005-010838-8084b01,2001,capex_abn,-0.0069468718431446,-0.8059080032019984,12
20261005-010838-8084b01,2001,at_gr1,-0.0270544975579228,-0.8558051557633561,12
20261005-010838-8084b01,2001,ppeinv_gr1a,-0.0381414652360143,-1.344095185271303,12
20261005-010838-8084b01,2001,noa_at,-0.0055160932836327,-0.6913229567506722,12
20261005-010838-8084b01,2001,noa_gr1a,-0.031798766684405,-1.2384985434471552,12
20261005-010838-8084b01,2001,lnoa_gr1a,-0.0286030628457634,-1.21277506357543,12
20261005-010838-8084b01,2001,capx_gr1,-0.04555267845718,-1.5713181215018484,12
20261005-010838-8084b01,2001,capx_gr2,-0.0279629666115574,-1.10840999760005,12
20261005-010838-8084b01,2001,capx_gr3,-0.0122240005917121,-0.7220138911360866,12
20261005-010838-8084b01,2001,chcsho_12m,-0.0727861242794011,-1.5414374088261888,12
20261005-010838-8084b01,2001,eqnpo_12m,0.0781590335784797,1.4775333425178228,12
20261005-010838-8084b01,2001,debt_gr3,0.0008738489015695,0.1873565279768952,12
20261005-010838-8084b01,2001,inv_gr1,-0.0190065083566343,-1.0165855619329531,12
20261005-010838-8084b01,2001,inv_gr1a,-0.0077704199494926,-0.53413158034794,12
20261005-010838-8084b01,2001,oaccruals_at,0.0262380258240488,2.5810988459352067,12
20261005-010838-8084b01,2001,taccruals_at,0.0318784716843652,4.348888935285784,12
20261005-010838-8084b01,2001,cowc_gr1a,0.0122423389087338,1.9330136255461317,12
20261005-010838-8084b01,2001,coa_gr1a,-0.0224268147703614,-1.0431241453792726,12
20261005-010838-8084b01,2001,col_gr1a,-0.042378304407648,-1.810931639022281,12
20261005-010838-8084b01,2001,nncoa_gr1a,-0.0361039484408836,-1.6038925574546925,12
20261005-010838-8084b01,2001,ncoa_gr1a,-0.0345317315054922,-1.6258357287997025,12
20261005-010838-8084b01,2001,ncol_gr1a,0.0112751194875424,0.9697065571898492,12
20261005-010838-8084b01,2001,nfna_gr1a,0.0208762028503297,3.4113945873231057,12
20261005-010838-8084b01,2001,sti_gr1a,-0.0085651147514924,-0.5714474523476767,12
20261005-010838-8084b01,2001,lti_gr1a,-0.0046739663971497,-1.033284105125367,12
20261005-010838-8084b01,2001,fnl_gr1a,-0.0201552780901601,-3.560948494535678,12
20261005-010838-8084b01,2001,be_gr1a,-0.0090901471295196,-0.3092504536050108,12
20261005-010838-8084b01,2001,oaccruals_ni,-0.0172674817212147,-1.1467310920819045,12
20261005-010838-8084b01,2001,taccruals_ni,-9.53070083143396e-05,-0.0077818507204223,12
20261005-010838-8084b01,2001,netis_at,-0.066154367054324,-1.557991041650896,12
20261005-010838-8084b01,2001,eqnetis_at,-0.0785387949112521,-1.467568261947324,12
20261005-010838-8084b01,2001,dbnetis_at,-0.0119716652679008,-1.6860926316685718,12
20261005-010838-8084b01,2001,niq_be,0.0827524849493988,1.8438181551980608,12
20261005-010838-8084b01,2001,niq_be_chg1,0.0159181703246806,1.2222311453132932,12
20261005-010838-8084b01,2001,niq_at,0.0825972315869285,2.1102395570307326,12
20261005-010838-8084b01,2001,niq_at_chg1,0.0061893308850943,0.6143838679373316,12
20261005-010838-8084b01,2001,ebit_bev,0.0857038063696348,2.108631342077188,12
20261005-010838-8084b01,2001,ebit_sale,0.0909276412246832,1.6294562812838091,12
20261005-010838-8084b01,2001,sale_bev,0.0238505194284187,1.9751160628868043,12
20261005-010838-8084b01,2001,at_turnover,0.0276504273899522,2.3456777016738943,12
20261005-010838-8084b01,2001,gp_at,0.0359970708362934,2.575637481185661,12
20261005-010838-8084b01,2001,gp_atl1,0.0154953729587699,0.7008490851619439,12
20261005-010838-8084b01,2001,ope_be,0.0730469923254809,1.936124427269887,12
20261005-010838-8084b01,2001,ope_bel1,0.0606431747459356,2.1027614646279944,12
20261005-010838-8084b01,2001,op_at,0.0684354934774084,2.58179964292571,12
20261005-010838-8084b01,2001,op_atl1,0.055605423934358,2.3473279142850316,12
20261005-010838-8084b01,2001,cop_at,0.0550447192444582,2.5017403862027496,12
20261005-010838-8084b01,2001,cop_atl1,0.0392473107019417,2.1178434764315406,12
20261005-010838-8084b01,2001,f_score,0.041975970400435,1.4865017031967305,12
20261005-010838-8084b01,2001,o_score,-0.0618391965640942,-2.5500718122386563,12
20261005-010838-8084b01,2001,z_score,0.0202471096447365,0.7480966881178305,12
20261005-010838-8084b01,2001,pi_nix,0.0073392265984401,1.208976798419078,12
20261005-010838-8084b01,2001,at_be,0.0408983459701308,0.805882416629821,12
20261005-010838-8084b01,2001,saleq_gr1,-0.0271464183103769,-1.0686832174680934,12
20261005-010838-8084b01,2001,rd_me,-0.0143572942269421,-0.4806297519465141,12
20261005-010838-8084b01,2001,rd_sale,-0.0556892685420112,-1.33798581164101,12
20261005-010838-8084b01,2001,opex_at,-0.0055079667272456,-0.2642996245415829,12
20261005-010838-8084b01,2001,emp_gr1,-0.0244515402885995,-0.8512367565700555,12
20261005-010838-8084b01,2001,rd5_at,-0.0309586469492728,-1.158337643734659,12
20261005-010838-8084b01,2001,age,0.0375381620848023,1.0596009236361543,12
20261005-010838-8084b01,2001,dsale_dinv,0.0090752681315825,1.5183443910297376,12
20261005-010838-8084b01,2001,dsale_drec,0.0014203670850816,0.1605932867203448,12
20261005-010838-8084b01,2001,dgp_dsale,-0.001724385901258,-0.1159446155278947,12
20261005-010838-8084b01,2001,dsale_dsga,0.0056294010786768,0.633273230142989,12
20261005-010838-8084b01,2001,sale_emp_gr1,-0.0153388208257968,-2.1984560769490447,12
20261005-010838-8084b01,2001,tangibility,-0.0054666446179386,-0.3802225599276455,12
20261005-010838-8084b01,2001,kz_index,-0.0200607960170386,-1.303225546257432,12
20261005-010838-8084b01,2001,ocfq_saleq_std,-0.0646220461945165,-1.7938164557012994,12
20261005-010838-8084b01,2001,cash_at,-0.0469481187992613,-0.9048145842105808,12
20261005-010838-8084b01,2001,ni_ar1,-5.764393467470072e-05,-0.0130602012636543,12
20261005-010838-8084b01,2001,ni_ivol,-0.0552444122657652,-1.350216776837285,12
20261005-010838-8084b01,2001,earnings_variability,-0.0209120860833149,-1.2362679912898893,12
20261005-010838-8084b01,2001,aliq_at,-0.0278078804128907,-0.6383892322421374,12
20261005-010838-8084b01,2001,aliq_mat,0.0610423259012138,1.452109063245403,12
20261005-010838-8084b01,2001,seas_1_1an,0.0107471081999724,0.2902631472210454,12
20261005-010838-8084b01,2001,seas_1_1na,0.0283039657259353,0.4638556164603529,12
20261005-010838-8084b01,2001,seas_2_5an,0.0493906268579912,3.9304715083658937,12
20261005-010838-8084b01,2001,seas_2_5na,-0.0510269883705331,-1.6210100172538529,12
20261005-010838-8084b01,2001,seas_6_10an,0.0184975430468858,1.5586652824102352,12
20261005-010838-8084b01,2001,seas_6_10na,-0.0116581673612387,-0.9299057099824476,12
20261005-010838-8084b01,2001,seas_11_15an,0.0062483216776878,1.009228242042988,12
20261005-010838-8084b01,2001,seas_11_15na,-0.0037158229140441,-0.3573557074464037,12
20261005-010838-8084b01,2001,seas_16_20an,0.017457233124482,2.279040064956956,12
20261005-010838-8084b01,2001,seas_16_20na,0.010352068305208,1.3896569309104447,12
20261005-010838-8084b01,2001,market_equity,0.008907702975554,0.2224467906776397,12
20261005-010838-8084b01,2001,ivol_ff3_21d,-0.0971084372573089,-1.4817162827576629,12
20261005-010838-8084b01,2001,ivol_capm_252d,-0.1058073659411784,-1.4896318702068434,12
20261005-010838-8084b01,2001,ivol_capm_21d,-0.0998105339483213,-1.4973975398398405,12
20261005-010838-8084b01,2001,ivol_hxz4_21d,-0.0959541947794943,-1.475858479406481,12
20261005-010838-8084b01,2001,rvol_21d,-0.1071510151725783,-1.532297139927926,12
20261005-010838-8084b01,2001,beta_60m,-0.0573748218314512,-0.9310144547826726,12
20261005-010838-8084b01,2001,betabab_1260d,-0.0592410010227595,-0.9401783288939192,12
20261005-010838-8084b01,2001,beta_dimson_21d,-0.043519334775861,-1.1281582565001629,12
20261005-010838-8084b01,2001,turnover_126d,-0.0329159050642516,-0.6164288697474799,12
20261005-010838-8084b01,2001,turnover_var_126d,0.0185149363744972,0.5328248836867313,12
20261005-010838-8084b01,2001,dolvol_126d,-0.0073953008771729,-0.1849104999250842,12
20261005-010838-8084b01,2001,dolvol_var_126d,0.0072838870613747,0.2304363738706885,12
20261005-010838-8084b01,2001,prc,0.0378943988617662,0.6962426513640128,12
20261005-010838-8084b01,2001,ami_126d,-0.0106143349063703,-0.3090966130797392,12
20261005-010838-8084b01,2001,zero_trades_21d,0.0067337597373921,0.1349927533429913,12
20261005-010838-8084b01,2001,zero_trades_126d,0.0332389131068084,0.5965671869058757,12
20261005-010838-8084b01,2001,zero_trades_252d,0.0394207982124221,0.6452323886451501,12
20261005-010838-8084b01,2001,rmax1_21d,-0.1079138988534741,-1.8411094082301085,12
20261005-010838-8084b01,2001,rskew_21d,-0.0431934539081529,-3.3179221138439825,12
20261005-010838-8084b01,2001,iskew_capm_21d,-0.0394184526971717,-3.2105241867962477,12
20261005-010838-8084b01,2001,iskew_ff3_21d,-0.0242240532103132,-3.067414710067935,12
20261005-010838-8084b01,2001,iskew_hxz4_21d,-0.0249171858550549,-3.0306801171317663,12
20261005-010838-8084b01,2001,coskew_21d,0.0029148927141838,0.1890873807792213,12
20261005-010838-8084b01,2001,ret_1_0,-0.0589564005493055,-0.9482473609946114,12
20261005-010838-8084b01,2001,betadown_252d,-0.0757090189125813,-0.9834241114484996,12
20261005-010838-8084b01,2001,bidaskhl_21d,-0.0748942446719508,-1.2813079892288193,12
20261005-010838-8084b01,2001,ret_3_1,0.0044229942959649,0.0722742073604839,12
20261005-010838-8084b01,2001,ret_9_1,0.0662657454820912,0.95002416497908,12
20261005-010838-8084b01,2001,ret_12_7,0.0587991059183555,1.2679195491030808,12
20261005-010838-8084b01,2001,corr_1260d,-0.0097501242264048,-0.2453207327070438,12
20261005-010838-8084b01,2001,rmax5_21d,-0.118148168494353,-1.9901491979105217,12
20261005-010838-8084b01,2001,rmax5_rvol_21d,-0.0539066084208018,-2.3012039187160895,12
20261005-010838-8084b01,2001,ni_be,0.0830939898359732,1.870455983627897,12
20261005-010838-8084b01,2001,ocf_at,0.0763741948028921,2.051609522596986,12
20261005-010838-8084b01,2001,ocf_at_chg1,0.0139470689714508,2.0009924208848315,12
20261005-010838-8084b01,2001,mispricing_perf,0.0873833230015474,2.1701008973013436,12
20261005-010838-8084b01,2001,mispricing_mgmt,0.0553213701334071,1.3310930369152223,12
20261005-010838-8084b01,2001,qmj,0.0501803062665016,2.205098893610984,12
20261005-010838-8084b01,2001,qmj_prof,0.0763401700034167,2.512911286067071,12
20261005-010838-8084b01,2001,qmj_growth,0.0198470442943214,1.8854066298648615,12
20261005-010838-8084b01,2001,qmj_safety,0.0601312745095321,2.4052147461268167,12
20261005-010838-8084b01,2003,niq_su,0.0234820313787418,2.895840542382345,12
20261005-010838-8084b01,2003,ret_6_1,0.0142685095679952,0.5889619505996148,12
20261005-010838-8084b01,2003,ret_12_1,-0.0162665104206606,-0.4379276082446451,12
20261005-010838-8084b01,2003,saleq_su,0.0091928620177421,1.045244502667559,12
20261005-010838-8084b01,2003,tax_gr1a,0.0103367728824276,0.967331360725028,12
20261005-010838-8084b01,2003,ni_inc8q,-0.0034093432939885,-0.2237778827935762,12
20261005-010838-8084b01,2003,prc_highprc_252d,-0.0335026703248638,-0.9186813301978876,12
20261005-010838-8084b01,2003,resff3_6_1,0.0109237081767124,0.8435325126055889,12
20261005-010838-8084b01,2003,resff3_12_1,0.0229109152901791,1.8005801543677793,12
20261005-010838-8084b01,2003,be_me,0.0380062612993544,1.9813658869867568,12
20261005-010838-8084b01,2003,debt_me,-0.0093036809790964,-0.5341767969413592,12
20261005-010838-8084b01,2003,at_me,0.0187769993181292,0.9234051849770042,12
20261005-010838-8084b01,2003,ret_60_12,-0.0179261813810554,-1.176753571809586,12
20261005-010838-8084b01,2003,ni_me,-0.0139982101952741,-0.5456967009759881,12
20261005-010838-8084b01,2003,fcf_me,-0.0069795498113447,-0.3268396296386721,12
20261005-010838-8084b01,2003,div12m_me,-0.029883744881081,-1.183098961453397,12
20261005-010838-8084b01,2003,eqpo_me,-0.015962240780911,-1.190321556055972,12
20261005-010838-8084b01,2003,eqnpo_me,-0.0096249690372718,-0.6043351322920323,12
20261005-010838-8084b01,2003,sale_gr3,0.0020940621591298,0.2132275636835022,12
20261005-010838-8084b01,2003,sale_gr1,0.0024647670174264,0.1952475037776145,12
20261005-010838-8084b01,2003,ebitda_mev,0.00448632741576,0.2058758975596163,12
20261005-010838-8084b01,2003,sale_me,0.0190952641898508,1.1044333733481748,12
20261005-010838-8084b01,2003,ocf_me,-0.0042544341748011,-0.1884324251456673,12
20261005-010838-8084b01,2003,ival_me,0.0133639015723862,1.2038067582481922,12
20261005-010838-8084b01,2003,bev_mev,0.027916127196434,1.5090129413671718,12
20261005-010838-8084b01,2003,netdebt_me,-0.0296624757475981,-1.6545008670258128,12
20261005-010838-8084b01,2003,eq_dur,2.57613155815369e-05,0.0013160059540149,12
20261005-010838-8084b01,2003,capex_abn,-0.0181705060594671,-1.4434981637168869,12
20261005-010838-8084b01,2003,at_gr1,-0.0232603525935001,-1.2073294965418258,12
20261005-010838-8084b01,2003,ppeinv_gr1a,-0.0201796523933927,-1.4444243092270426,12
20261005-010838-8084b01,2003,noa_at,-0.0298443543214074,-1.4663843090316164,12
20261005-010838-8084b01,2003,noa_gr1a,-0.0184304974125989,-1.4895394491130192,12
20261005-010838-8084b01,2003,lnoa_gr1a,-0.017245925470475,-1.6880896142018482,12
20261005-010838-8084b01,2003,capx_gr1,-0.0204388600941209,-1.3152578454982269,12
20261005-010838-8084b01,2003,capx_gr2,-0.0220495558713745,-1.5326547778477468,12
20261005-010838-8084b01,2003,capx_gr3,-0.007565997683132,-0.610685040652453,12
20261005-010838-8084b01,2003,chcsho_12m,-0.0013897537086211,-0.0983535850209497,12
20261005-010838-8084b01,2003,eqnpo_12m,-0.0074751260775646,-0.3885229800110432,12
20261005-010838-8084b01,2003,debt_gr3,-0.0090847046334921,-1.183350340422639,12
20261005-010838-8084b01,2003,inv_gr1,-0.0127904868740023,-1.7328616010438085,12
20261005-010838-8084b01,2003,inv_gr1a,-0.0081399802334097,-1.1577532862979882,12
20261005-010838-8084b01,2003,oaccruals_at,-0.0149509494821625,-1.32410339865869,12
20261005-010838-8084b01,2003,taccruals_at,-0.0066374291022332,-0.496202207867681,12
20261005-010838-8084b01,2003,cowc_gr1a,-0.011918426642357,-1.720720631630079,12
20261005-010838-8084b01,2003,coa_gr1a,-0.0104205931994369,-0.9111303014005828,12
20261005-010838-8084b01,2003,col_gr1a,-0.0014985510311508,-0.1928480888082142,12
20261005-010838-8084b01,2003,nncoa_gr1a,-0.018583905169278,-1.5196518973730178,12
20261005-010838-8084b01,2003,ncoa_gr1a,-0.0222698323745943,-1.4674455137911635,12
20261005-010838-8084b01,2003,ncol_gr1a,-0.0072009823478126,-0.4918164555211625,12
20261005-010838-8084b01,2003,nfna_gr1a,0.0029306728417798,0.2942127891319279,12
20261005-010838-8084b01,2003,sti_gr1a,-0.0040589694192354,-0.6176983914277481,12
20261005-010838-8084b01,2003,lti_gr1a,-0.0075872498621369,-0.9073250607468952,12
20261005-010838-8084b01,2003,fnl_gr1a,-0.0090311868153208,-1.326883099749517,12
20261005-010838-8084b01,2003,be_gr1a,-0.0217190910168836,-1.2035402886422153,12
20261005-010838-8084b01,2003,oaccruals_ni,-0.0010934974320482,-0.0829391742755608,12
20261005-010838-8084b01,2003,taccruals_ni,0.0013908811176621,0.1354860147232877,12
20261005-010838-8084b01,2003,netis_at,-0.0033985681809541,-0.247058343891165,12
20261005-010838-8084b01,2003,eqnetis_at,-0.0023553065937422,-0.1929781466258703,12
20261005-010838-8084b01,2003,dbnetis_at,-0.0008293712254863,-0.0639985168126684,12
20261005-010838-8084b01,2003,niq_be,-0.0122589746734003,-0.5140539822415306,12
20261005-010838-8084b01,2003,niq_be_chg1,0.0201777473901261,2.5999146911240985,12
20261005-010838-8084b01,2003,niq_at,-0.0123869977743691,-0.5182377539875711,12
20261005-010838-8084b01,2003,niq_at_chg1,0.0205004448326281,2.529924296782468,12
20261005-010838-8084b01,2003,ebit_bev,-0.0195543540796325,-0.7716664014285656,12
20261005-010838-8084b01,2003,ebit_sale,-0.0237926564565429,-0.7844343925293336,12
20261005-010838-8084b01,2003,sale_bev,0.0137708946646722,0.7703110284715353,12
20261005-010838-8084b01,2003,at_turnover,-0.0009333418765351,-0.0456911428363763,12
20261005-010838-8084b01,2003,gp_at,0.0108418834957389,0.5831397463557019,12
20261005-010838-8084b01,2003,gp_atl1,0.0054512034310702,0.2844662656827291,12
20261005-010838-8084b01,2003,ope_be,-0.0202836398889755,-0.9969370779526672,12
20261005-010838-8084b01,2003,ope_bel1,-0.019512950853235,-0.9405662587131456,12
20261005-010838-8084b01,2003,op_at,0.0007413790552808,0.0396647968605851,12
20261005-010838-8084b01,2003,op_atl1,-0.002045771671534,-0.103327930061973,12
20261005-010838-8084b01,2003,cop_at,0.0101627774853506,0.901360675748572,12
20261005-010838-8084b01,2003,cop_atl1,0.004407347318141,0.3243549960873073,12
20261005-010838-8084b01,2003,f_score,-0.0039992637267541,-0.200393919810971,12
20261005-010838-8084b01,2003,o_score,0.0070695434428299,0.2928546919512253,12
20261005-010838-8084b01,2003,z_score,-0.0156384860370482,-0.7427215560336872,12
20261005-010838-8084b01,2003,pi_nix,-0.0042146902362471,-0.4847183356169943,12
20261005-010838-8084b01,2003,at_be,-0.0184992390273344,-0.9534713756690162,12
20261005-010838-8084b01,2003,saleq_gr1,0.0062030122210193,0.5443766842927669,12
20261005-010838-8084b01,2003,rd_me,0.0447363739536985,2.006903841009166,12
20261005-010838-8084b01,2003,rd_sale,0.0306096098946093,1.2284199640929074,12
20261005-010838-8084b01,2003,opex_at,0.0045319009405892,0.2249276288378693,12
20261005-010838-8084b01,2003,emp_gr1,-0.0123385302942104,-0.944711640876112,12
20261005-010838-8084b01,2003,rd5_at,0.0321829619055927,1.342204929467653,12
20261005-010838-8084b01,2003,age,-0.0254217354434341,-1.459115106709621,12
20261005-010838-8084b01,2003,dsale_dinv,0.0168675054658942,2.934265172672903,12
20261005-010838-8084b01,2003,dsale_drec,0.0074173129094536,0.739505523513031,12
20261005-010838-8084b01,2003,dgp_dsale,0.0035235226327191,0.2246077294297614,12
20261005-010838-8084b01,2003,dsale_dsga,0.010559863956579,1.2540859071594586,12
20261005-010838-8084b01,2003,sale_emp_gr1,0.0070549239942664,1.2420333244747868,12
20261005-010838-8084b01,2003,tangibility,0.0214974040346421,1.9338628771806456,12
20261005-010838-8084b01,2003,kz_index,-0.0106307241865692,-0.6673771585510467,12
20261005-010838-8084b01,2003,ocfq_saleq_std,0.0251891058404512,1.02577755122001,12
20261005-010838-8084b01,2003,cash_at,0.0400380792874917,1.643806189641505,12
20261005-010838-8084b01,2003,ni_ar1,0.0028406907442199,0.6486468435674098,12
20261005-010838-8084b01,2003,ni_ivol,0.0277750795963946,1.2326559865689024,12
20261005-010838-8084b01,2003,earnings_variability,0.0164930197695435,1.314490356834219,12
20261005-010838-8084b01,2003,aliq_at,0.0068466372928011,0.5059284293420668,12
20261005-010838-8084b01,2003,aliq_mat,0.0285295455024166,1.9663364106669672,12
20261005-010838-8084b01,2003,seas_1_1an,-0.0139239987419516,-0.7633013956506246,12
20261005-010838-8084b01,2003,seas_1_1na,-0.0092417809602186,-0.3196646655793673,12
20261005-010838-8084b01,2003,seas_2_5an,0.0134046515911025,1.5807051461867094,12
20261005-010838-8084b01,2003,seas_2_5na,-0.0021453514162659,-0.120660204397108,12
20261005-010838-8084b01,2003,seas_6_10an,0.0146284475136342,1.643202198996861,12
20261005-010838-8084b01,2003,seas_6_10na,-0.0003744322744938,-0.0390117586768587,12
20261005-010838-8084b01,2003,seas_11_15an,-0.0007367935683749,-0.1025384618412811,12
20261005-010838-8084b01,2003,seas_11_15na,0.0004789144857485,0.0654602594345899,12
20261005-010838-8084b01,2003,seas_16_20an,0.0020707280217864,0.562659904460136,12
20261005-010838-8084b01,2003,seas_16_20na,-0.0039416274382152,-0.600499144713112,12
20261005-010838-8084b01,2003,market_equity,-0.0163390641033381,-0.5469478103559657,12
20261005-010838-8084b01,2003,ivol_ff3_21d,0.0230501732160574,0.7279647839872954,12
20261005-010838-8084b01,2003,ivol_capm_252d,0.0354463182847695,1.0036976547063814,12
20261005-010838-8084b01,2003,ivol_capm_21d,0.0233258067092396,0.7291287153932275,12
20261005-010838-8084b01,2003,ivol_hxz4_21d,0.0221842081138087,0.6990206660332492,12
20261005-010838-8084b01,2003,rvol_21d,0.0240126592420035,0.6916204242034985,12
20261005-010838-8084b01,2003,beta_60m,0.0430236292705742,1.1830220867437398,12
20261005-010838-8084b01,2003,betabab_1260d,0.0384741517588519,0.9624625162942674,12
20261005-010838-8084b01,2003,beta_dimson_21d,0.0044452496112522,0.1699846154772278,12
20261005-010838-8084b01,2003,turnover_126d,-0.0026547906769173,-0.0855494119499564,12
20261005-010838-8084b01,2003,turnover_var_126d,0.0063052133240315,0.2280480187980922,12
20261005-010838-8084b01,2003,dolvol_126d,-0.0134972554183428,-0.4450008348364625,12
20261005-010838-8084b01,2003,dolvol_var_126d,0.0075491248786919,0.2717350574949495,12
20261005-010838-8084b01,2003,prc,-0.045062038380433,-1.3332721740868636,12
20261005-010838-8084b01,2003,ami_126d,0.0169228732784461,0.57450900095124,12
20261005-010838-8084b01,2003,zero_trades_21d,-0.0063835071340182,-0.1939841974943852,12
20261005-010838-8084b01,2003,zero_trades_126d,-0.0011294906757981,-0.0336503044211939,12
20261005-010838-8084b01,2003,zero_trades_252d,-0.0017384498563852,-0.0527698871463271,12
20261005-010838-8084b01,2003,rmax1_21d,0.017449104614257,0.5752502039269382,12
20261005-010838-8084b01,2003,rskew_21d,-0.00051678732661,-0.0723887325773217,12
20261005-010838-8084b01,2003,iskew_capm_21d,3.950898478250347e-06,0.0006772325452555,12
20261005-010838-8084b01,2003,iskew_ff3_21d,0.0022339182978842,0.4914101644794089,12
20261005-010838-8084b01,2003,iskew_hxz4_21d,0.0045210500753486,0.8710758880415431,12
20261005-010838-8084b01,2003,coskew_21d,-0.0054087955314343,-0.5616626075708777,12
20261005-010838-8084b01,2003,ret_1_0,-0.013885909041393,-0.9819540528118548,12
20261005-010838-8084b01,2003,betadown_252d,0.0125583365700366,0.3763747538429856,12
20261005-010838-8084b01,2003,bidaskhl_21d,0.021926256025921,0.7028324432286683,12
20261005-010838-8084b01,2003,ret_3_1,-0.0123823379979118,-0.605231646224926,12
20261005-010838-8084b01,2003,ret_9_1,0.0097532612562647,0.3267772559252748,12
20261005-010838-8084b01,2003,ret_12_7,-0.0286522588795932,-0.8916201769365631,12
20261005-010838-8084b01,2003,corr_1260d,0.0168651597114863,0.503727893622309,12
20261005-010838-8084b01,2003,rmax5_21d,0.0170729040270309,0.5215933243433409,12
20261005-010838-8084b01,2003,rmax5_rvol_21d,-0.0176794780970535,-1.835210339548094,12
20261005-010838-8084b01,2003,ni_be,-0.0243976191992901,-0.9156661228246792,12
20261005-010838-8084b01,2003,ocf_at,-0.0159708515245001,-0.6961816930835201,12
20261005-010838-8084b01,2003,ocf_at_chg1,-8.815758214507595e-05,-0.011916172845375,12
20261005-010838-8084b01,2003,mispricing_perf,-0.0079779658475709,-0.2687721386976842,12
20261005-010838-8084b01,2003,mispricing_mgmt,0.0197294735123335,1.585657425431577,12
20261005-010838-8084b01,2003,qmj,-0.0145349932916379,-0.6817918428655876,12
20261005-010838-8084b01,2003,qmj_prof,-0.0077387065307823,-0.3524030014588404,12
20261005-010838-8084b01,2003,qmj_growth,-0.0027972400397859,-0.2313210120435657,12
20261005-010838-8084b01,2003,qmj_safety,-0.0202216716199724,-0.6952170165083661,12
20261005-010838-8084b01,2005,niq_su,0.0220142844512775,2.2706193085092337,12
20261005-010838-8084b01,2005,ret_6_1,0.0441275730674476,3.282706986047057,12
20261005-010838-8084b01,2005,ret_12_1,0.0807638964294832,5.359845268642607,12
20261005-010838-8084b01,2005,saleq_su,0.0136280150137461,1.6180220803228784,12
20261005-010838-8084b01,2005,tax_gr1a,0.0305597434319602,3.6017870507199734,12
20261005-010838-8084b01,2005,ni_inc8q,0.0369024799249673,3.836062994443959,12
20261005-010838-8084b01,2005,prc_highprc_252d,0.0886873238904226,3.455404415935812,12
20261005-010838-8084b01,2005,resff3_6_1,0.0228257050139194,2.5960731825773857,12
20261005-010838-8084b01,2005,resff3_12_1,0.0439850963396642,3.794639519052179,12
20261005-010838-8084b01,2005,be_me,0.0068981280577684,0.5483002242482263,12
20261005-010838-8084b01,2005,debt_me,0.0137604831144203,0.7731112296196294,12
20261005-010838-8084b01,2005,at_me,0.0164487733736819,0.8445612059335003,12
20261005-010838-8084b01,2005,ret_60_12,0.0596986822071481,3.25793005996751,12
20261005-010838-8084b01,2005,ni_me,0.0801243199386547,3.985128578542908,12
20261005-010838-8084b01,2005,fcf_me,0.0679401889658316,3.1777708274433016,12
20261005-010838-8084b01,2005,div12m_me,0.036798399528051,1.672873871660646,12
20261005-010838-8084b01,2005,eqpo_me,0.0289556163075082,1.5504627689383088,12
20261005-010838-8084b01,2005,eqnpo_me,0.0438194650012813,1.7951546397291245,12
20261005-010838-8084b01,2005,sale_gr3,0.0287871326790507,3.184458162218186,12
20261005-010838-8084b01,2005,sale_gr1,0.0171370449355054,1.077207843892829,12
20261005-010838-8084b01,2005,ebitda_mev,0.0863327340199923,4.6129240317828,12
20261005-010838-8084b01,2005,sale_me,0.0215832224369926,1.3622871952565592,12
20261005-010838-8084b01,2005,ocf_me,0.082561484467901,4.03611521561475,12
20261005-010838-8084b01,2005,ival_me,0.0097572042218498,1.094979407447297,12
20261005-010838-8084b01,2005,bev_mev,0.0069474407880103,0.4060939144413578,12
20261005-010838-8084b01,2005,netdebt_me,0.0162400043442675,0.8569530401388684,12
20261005-010838-8084b01,2005,eq_dur,-0.0503847025117946,-2.678737853523079,12
20261005-010838-8084b01,2005,capex_abn,0.0148675816985874,1.609363188039323,12
20261005-010838-8084b01,2005,at_gr1,0.0189930037321498,1.6727513692327305,12
20261005-010838-8084b01,2005,ppeinv_gr1a,0.026339607555147,2.3062839293784703,12
20261005-010838-8084b01,2005,noa_at,0.0242004274929024,1.8778082915860288,12
20261005-010838-8084b01,2005,noa_gr1a,0.0109667103607332,1.6504699210116238,12
20261005-010838-8084b01,2005,lnoa_gr1a,0.0245268832273686,5.227213516570029,12
20261005-010838-8084b01,2005,capx_gr1,0.0013715787044633,0.2206884401971583,12
20261005-010838-8084b01,2005,capx_gr2,0.0132111607236052,2.0044463327784507,12
20261005-010838-8084b01,2005,capx_gr3,0.0303355725648573,3.234051915550774,12
20261005-010838-8084b01,2005,chcsho_12m,-0.0331762069957741,-1.9190836131016071,12
20261005-010838-8084b01,2005,eqnpo_12m,0.0357201403383652,1.7274347799331615,12
20261005-010838-8084b01,2005,debt_gr3,0.0056029086229772,0.6218945519393918,12
20261005-010838-8084b01,2005,inv_gr1,-0.000640484642072,-0.065157335216579,12
20261005-010838-8084b01,2005,inv_gr1a,0.0033729211078823,0.2865456700508742,12
20261005-010838-8084b01,2005,oaccruals_at,0.000689773143067,0.0865267252099606,12
20261005-010838-8084b01,2005,taccruals_at,0.0122653465199261,1.8035211787484888,12
20261005-010838-8084b01,2005,cowc_gr1a,-0.0021290286076,-0.277529500289297,12
20261005-010838-8084b01,2005,coa_gr1a,0.0172693588247572,1.724361459006415,12
20261005-010838-8084b01,2005,col_gr1a,0.0200293548497084,2.0609538721218548,12
20261005-010838-8084b01,2005,nncoa_gr1a,0.0164899667270571,3.855699687191968,12
20261005-010838-8084b01,2005,ncoa_gr1a,0.0268790054427271,5.193765118033993,12
20261005-010838-8084b01,2005,ncol_gr1a,0.0371875170085559,4.555640376872471,12
20261005-010838-8084b01,2005,nfna_gr1a,0.0090318066842329,1.346881984546234,12
20261005-010838-8084b01,2005,sti_gr1a,0.0123470863014925,2.6584550927696475,12
20261005-010838-8084b01,2005,lti_gr1a,0.0144404307740224,2.5730118986312167,12
20261005-010838-8084b01,2005,fnl_gr1a,-0.0057111973808849,-0.8632641013665628,12
20261005-010838-8084b01,2005,be_gr1a,0.0236319109221372,1.81571900194936,12
20261005-010838-8084b01,2005,oaccruals_ni,-0.039739873086161,-3.262857916038215,12
20261005-010838-8084b01,2005,taccruals_ni,-0.0148743580222024,-1.600489437349805,12
20261005-010838-8084b01,2005,netis_at,-0.0513661728447677,-2.631656429118878,12
20261005-010838-8084b01,2005,eqnetis_at,-0.0418376372034483,-1.7918348684147676,12
20261005-010838-8084b01,2005,dbnetis_at,-0.0152344409525007,-1.680763650540355,12
20261005-010838-8084b01,2005,niq_be,0.075763061506729,4.930866804965264,12
20261005-010838-8084b01,2005,niq_be_chg1,0.0205807497494506,1.876487132003328,12
20261005-010838-8084b01,2005,niq_at,0.0777685043642327,5.7376758101141645,12
20261005-010838-8084b01,2005,niq_at_chg1,0.0174154844529003,1.441999302147816,12
20261005-010838-8084b01,2005,ebit_bev,0.0768625077743018,5.2704007963159825,12
20261005-010838-8084b01,2005,ebit_sale,0.0740430364411194,3.5847776631950987,12
20261005-010838-8084b01,2005,sale_bev,0.002982385435718,0.2448933086309175,12
20261005-010838-8084b01,2005,at_turnover,0.0136618394975128,0.957862773713503,12
20261005-010838-8084b01,2005,gp_at,0.0167995269173398,1.2675050336222011,12
20261005-010838-8084b01,2005,gp_atl1,0.0158431160988499,1.1472986505358016,12
20261005-010838-8084b01,2005,ope_be,0.0760754890613479,4.832975290213536,12
20261005-010838-8084b01,2005,ope_bel1,0.0759557885950598,5.94732937931123,12
20261005-010838-8084b01,2005,op_at,0.0677067630935273,5.059003830304532,12
20261005-010838-8084b01,2005,op_atl1,0.0652930603269023,4.844573040543813,12
20261005-010838-8084b01,2005,cop_at,0.053308042424952,4.730534621259124,12
20261005-010838-8084b01,2005,cop_atl1,0.0531819900899988,4.720352877670313,12
20261005-010838-8084b01,2005,f_score,0.0650683863688883,6.473279870555441,12
20261005-010838-8084b01,2005,o_score,-0.067922970876245,-4.545659192252329,12
20261005-010838-8084b01,2005,z_score,0.0213767036444925,1.7005962947143125,12
20261005-010838-8084b01,2005,pi_nix,0.0216479126447072,2.626729584927328,12
20261005-010838-8084b01,2005,at_be,0.0226311163568413,1.2254946174092265,12
20261005-010838-8084b01,2005,saleq_gr1,0.020507067775359,1.4620382984020908,12
20261005-010838-8084b01,2005,rd_me,-0.0318045090462524,-1.6702856494528215,12
20261005-010838-8084b01,2005,rd_sale,-0.0325395190960537,-1.4688101373514466,12
20261005-010838-8084b01,2005,opex_at,-0.0236833030257885,-1.7314036673055075,12
20261005-010838-8084b01,2005,emp_gr1,0.0043934178542704,0.7262408915987966,12
20261005-010838-8084b01,2005,rd5_at,-0.0357430946535301,-1.745099054198855,12
20261005-010838-8084b01,2005,age,0.0338438055904185,2.9991025117498973,12
20261005-010838-8084b01,2005,dsale_dinv,0.0076962625251053,1.2051925230782854,12
20261005-010838-8084b01,2005,dsale_drec,-0.0010478892542471,-0.2048610988379896,12
20261005-010838-8084b01,2005,dgp_dsale,0.0166619304460883,2.240183322978212,12
20261005-010838-8084b01,2005,dsale_dsga,0.0142833747047569,0.8364540346789754,12
20261005-010838-8084b01,2005,sale_emp_gr1,0.0241356391539844,1.8452427424293003,12
20261005-010838-8084b01,2005,tangibility,-0.0177376591870339,-1.2119843927563323,12
20261005-010838-8084b01,2005,kz_index,0.0040805053331158,0.2190869596105373,12
20261005-010838-8084b01,2005,ocfq_saleq_std,-0.046690594919705,-3.0416819286768457,12
20261005-010838-8084b01,2005,cash_at,-0.0337397133769734,-1.4515505451280943,12
20261005-010838-8084b01,2005,ni_ar1,0.004064226441809,0.4175843005666287,12
20261005-010838-8084b01,2005,ni_ivol,-0.0585381863797297,-2.2224541084488063,12
20261005-010838-8084b01,2005,earnings_variability,-0.0412847602099995,-2.6792134726525028,12
20261005-010838-8084b01,2005,aliq_at,-0.0038881090135312,-0.2058406286592621,12
20261005-010838-8084b01,2005,aliq_mat,0.0411281978979038,3.1354405146657784,12
20261005-010838-8084b01,2005,seas_1_1an,0.038257022867728,2.772806167886629,12
20261005-010838-8084b01,2005,seas_1_1na,0.0554165151731788,3.877057354071297,12
20261005-010838-8084b01,2005,seas_2_5an,0.0115954377268043,1.0646713652569977,12
20261005-010838-8084b01,2005,seas_2_5na,0.0106634643398521,1.6016617659319712,12
20261005-010838-8084b01,2005,seas_6_10an,0.0085065230604778,0.7347408949987281,12
20261005-010838-8084b01,2005,seas_6_10na,-0.0235497152202124,-2.1252217656312733,12
20261005-010838-8084b01,2005,seas_11_15an,0.0050952321314581,0.5965520638915827,12
20261005-010838-8084b01,2005,seas_11_15na,-0.0142373304949828,-1.4817696865728374,12
20261005-010838-8084b01,2005,seas_16_20an,-0.0070367877405542,-1.482367931356906,12
20261005-010838-8084b01,2005,seas_16_20na,0.0019846059387129,0.3923688960936415,12
20261005-010838-8084b01,2005,market_equity,0.0772990085509873,4.8887549792557055,12
20261005-010838-8084b01,2005,ivol_ff3_21d,-0.0846076722765273,-3.384516087014042,12
20261005-010838-8084b01,2005,ivol_capm_252d,-0.086180580903324,-3.0583114862418737,12
20261005-010838-8084b01,2005,ivol_capm_21d,-0.0858326483897776,-3.3716236306708036,12
20261005-010838-8084b01,2005,ivol_hxz4_21d,-0.084843915366223,-3.5271256531857333,12
20261005-010838-8084b01,2005,rvol_21d,-0.083901839073204,-3.0003289000231548,12
20261005-010838-8084b01,2005,beta_60m,-0.0504187343064453,-1.4356102003712046,12
20261005-010838-8084b01,2005,betabab_1260d,-0.0448527609851377,-1.0950893036439102,12
20261005-010838-8084b01,2005,beta_dimson_21d,0.0025091898042668,0.1314397269165648,12
20261005-010838-8084b01,2005,turnover_126d,-0.0107679244582512,-0.2977993264976835,12
20261005-010838-8084b01,2005,turnover_var_126d,-0.0477888593557672,-2.802586864249498,12
20261005-010838-8084b01,2005,dolvol_126d,0.0495588994019841,2.058340369516179,12
20261005-010838-8084b01,2005,dolvol_var_126d,-0.0502441604375195,-3.007577840311656,12
20261005-010838-8084b01,2005,prc,0.0922802162723219,4.734248826026488,12
20261005-010838-8084b01,2005,ami_126d,-0.060875283031137,-2.9688304401114505,12
20261005-010838-8084b01,2005,zero_trades_21d,-0.0003576441849592,-0.009424440542986,12
20261005-010838-8084b01,2005,zero_trades_126d,0.006645202583847,0.1848627842254493,12
20261005-010838-8084b01,2005,zero_trades_252d,0.0072225289766348,0.2030185385607103,12
20261005-010838-8084b01,2005,rmax1_21d,-0.0786591532260804,-3.3239577774271853,12
20261005-010838-8084b01,2005,rskew_21d,-0.0246915128449408,-2.8215577190281027,12
20261005-010838-8084b01,2005,iskew_capm_21d,-0.0186127302682587,-2.2841028659323706,12
20261005-010838-8084b01,2005,iskew_ff3_21d,-0.01708512804403,-2.2145346896088425,12
20261005-010838-8084b01,2005,iskew_hxz4_21d,-0.0180684741934879,-2.0491975226658803,12
20261005-010838-8084b01,2005,coskew_21d,-0.0253470208156607,-4.4519583094130315,12
20261005-010838-8084b01,2005,ret_1_0,0.0031312864616184,0.1492430571298107,12
20261005-010838-8084b01,2005,betadown_252d,-0.0239544788969903,-0.6911100268332176,12
20261005-010838-8084b01,2005,bidaskhl_21d,-0.0887751495315518,-3.8622308305007023,12
20261005-010838-8084b01,2005,ret_3_1,0.0068072530325251,0.6014986884050514,12
20261005-010838-8084b01,2005,ret_9_1,0.0748528077970882,4.973906292784417,12
20261005-010838-8084b01,2005,ret_12_7,0.0671274329510058,4.416085685591262,12
20261005-010838-8084b01,2005,corr_1260d,0.021677156738626,0.7794633962495963,12
20261005-010838-8084b01,2005,rmax5_21d,-0.0830190697056459,-3.2353410178194415,12
20261005-010838-8084b01,2005,rmax5_rvol_21d,-0.0077617720696828,-0.8944248460893758,12
20261005-010838-8084b01,2005,ni_be,0.0726963107757587,4.282336021954824,12
20261005-010838-8084b01,2005,ocf_at,0.0821726372432642,5.197874394287077,12
20261005-010838-8084b01,2005,ocf_at_chg1,0.0156408793552896,2.1598728240799003,12
20261005-010838-8084b01,2005,mispricing_perf,0.0808627643196214,5.80044371614746,12
20261005-010838-8084b01,2005,mispricing_mgmt,-0.0013092136419941,-0.0953766172203268,12
20261005-010838-8084b01,2005,qmj,0.0597005976412884,4.425333445688793,12
20261005-010838-8084b01,2005,qmj_prof,0.0676435101618332,4.594998726470684,12
20261005-010838-8084b01,2005,qmj_growth,0.0243822218712321,3.634302632967707,12
20261005-010838-8084b01,2005,qmj_safety,0.052068319158511,2.7389755162921117,12
20261005-010838-8084b01,2007,niq_su,0.0332529798803153,4.1713989776694325,12
20261005-010838-8084b01,2007,ret_6_1,0.0872578299151614,4.378978132576538,12
20261005-010838-8084b01,2007,ret_12_1,0.0926539170813703,4.4770161162983815,12
20261005-010838-8084b01,2007,saleq_su,0.0317067879732113,2.9809460628529165,12
20261005-010838-8084b01,2007,tax_gr1a,0.0449715960766664,7.529055203444821,12
20261005-010838-8084b01,2007,ni_inc8q,0.038949474045092,3.94311964985708,12
20261005-010838-8084b01,2007,prc_highprc_252d,0.1138479013792014,5.1147488621171995,12
20261005-010838-8084b01,2007,resff3_6_1,0.0191538767104064,1.893819003683711,12
20261005-010838-8084b01,2007,resff3_12_1,0.0091541657736674,0.9580879273787022,12
20261005-010838-8084b01,2007,be_me,-0.0546125910588394,-2.780846590190625,12
20261005-010838-8084b01,2007,debt_me,-0.0444601911909397,-2.352251930493719,12
20261005-010838-8084b01,2007,at_me,-0.0691711856635736,-2.9072940335218753,12
20261005-010838-8084b01,2007,ret_60_12,0.0511617793912133,4.72789956124485,12
20261005-010838-8084b01,2007,ni_me,0.0416469760665242,1.851042789413703,12
20261005-010838-8084b01,2007,fcf_me,0.030663442866996,1.802647881108596,12
20261005-010838-8084b01,2007,div12m_me,0.0109041578296482,0.5047588631624701,12
20261005-010838-8084b01,2007,eqpo_me,0.0147981532614968,0.6755594140142916,12
20261005-010838-8084b01,2007,eqnpo_me,0.0211616865048869,1.0692899433827916,12
20261005-010838-8084b01,2007,sale_gr3,0.0196901630761593,1.9557265425063208,12
20261005-010838-8084b01,2007,sale_gr1,0.0166830056732852,1.378543137956482,12
20261005-010838-8084b01,2007,ebitda_mev,0.0465029438749892,2.21227001506814,12
20261005-010838-8084b01,2007,sale_me,-0.0159467013342001,-0.6399186109025765,12
20261005-010838-8084b01,2007,ocf_me,0.0380996619232449,2.187130746457833,12
20261005-010838-8084b01,2007,ival_me,-0.0363700715151419,-2.6045638446632835,12
20261005-010838-8084b01,2007,bev_mev,-0.0575852870595222,-2.9704956408023424,12
20261005-010838-8084b01,2007,netdebt_me,-0.0214910379872215,-1.4819424856761787,12
20261005-010838-8084b01,2007,eq_dur,0.0067778552117191,0.3807001571539156,12
20261005-010838-8084b01,2007,capex_abn,0.0200856699950589,3.9226220843568553,12
20261005-010838-8084b01,2007,at_gr1,0.0410005470538886,2.926753241784322,12
20261005-010838-8084b01,2007,ppeinv_gr1a,0.0377763664776847,4.717517527080233,12
20261005-010838-8084b01,2007,noa_at,0.0330427294135875,4.2876576501698755,12
20261005-010838-8084b01,2007,noa_gr1a,0.0294799105776118,2.8652417642324757,12
20261005-010838-8084b01,2007,lnoa_gr1a,0.0403682213301775,4.472449767313461,12
20261005-010838-8084b01,2007,capx_gr1,0.0207751304139577,2.7972308252202702,12
20261005-010838-8084b01,2007,capx_gr2,0.0323571990373269,5.04007654893407,12
20261005-010838-8084b01,2007,capx_gr3,0.0232177762330563,3.235963001082197,12
20261005-010838-8084b01,2007,chcsho_12m,-0.0221312068314792,-1.3516015164360566,12
20261005-010838-8084b01,2007,eqnpo_12m,0.0222921792507224,1.1378315155753254,12
20261005-010838-8084b01,2007,debt_gr3,-0.0115991107814306,-1.7015770734974471,12
20261005-010838-8084b01,2007,inv_gr1,0.0313665811305659,3.4585079729339054,12
20261005-010838-8084b01,2007,inv_gr1a,0.0319537161465261,4.028267516543962,12
20261005-010838-8084b01,2007,oaccruals_at,0.0028146611044176,0.2149063615174561,12
20261005-010838-8084b01,2007,taccruals_at,0.0064986763395886,0.7304461249618246,12
20261005-010838-8084b01,2007,cowc_gr1a,0.0031754599271263,0.3920778904739058,12
20261005-010838-8084b01,2007,coa_gr1a,0.0317567004046295,3.2129427011804577,12
20261005-010838-8084b01,2007,col_gr1a,0.0308211408140793,2.8942518503321004,12
20261005-010838-8084b01,2007,nncoa_gr1a,0.0379611768369859,3.9738676337881578,12
20261005-010838-8084b01,2007,ncoa_gr1a,0.041744279817351,3.903405042242896,12
20261005-010838-8084b01,2007,ncol_gr1a,0.0216529525066199,2.496095904727694,12
20261005-010838-8084b01,2007,nfna_gr1a,0.0009262773223962,0.1834757749522209,12
20261005-010838-8084b01,2007,sti_gr1a,0.0155337968192127,2.332888701543315,12
20261005-010838-8084b01,2007,lti_gr1a,0.0132493575503806,2.283630909218102,12
20261005-010838-8084b01,2007,fnl_gr1a,0.0018570783195773,0.4529425159477229,12
20261005-010838-8084b01,2007,be_gr1a,0.0598840676902084,4.367455059810006,12
20261005-010838-8084b01,2007,oaccruals_ni,-0.0133585738231816,-1.4684376473575824,12
20261005-010838-8084b01,2007,taccruals_ni,0.0008263723764402,0.1288688974220638,12
20261005-010838-8084b01,2007,netis_at,-0.0211794847003621,-1.678785506612115,12
20261005-010838-8084b01,2007,eqnetis_at,-0.0150631168955048,-0.847192422620857,12
20261005-010838-8084b01,2007,dbnetis_at,-0.0077363318102778,-1.1578373151550272,12
20261005-010838-8084b01,2007,niq_be,0.0807895922811405,4.988277726586888,12
20261005-010838-8084b01,2007,niq_be_chg1,0.0397262441899992,5.492794123031638,12
20261005-010838-8084b01,2007,niq_at,0.1038247378791513,8.442492388113367,12
20261005-010838-8084b01,2007,niq_at_chg1,0.0338091339496924,5.156326648201879,12
20261005-010838-8084b01,2007,ebit_bev,0.0756060507448834,4.689769774372023,12
20261005-010838-8084b01,2007,ebit_sale,0.0493519148198537,2.163893707074161,12
20261005-010838-8084b01,2007,sale_bev,0.0237327289253202,1.7662705662701867,12
20261005-010838-8084b01,2007,at_turnover,0.0468557339913852,2.679415335114852,12
20261005-010838-8084b01,2007,gp_at,0.0529032645812093,3.9417810215563662,12
20261005-010838-8084b01,2007,gp_atl1,0.0609570081359994,5.1283362126107015,12
20261005-010838-8084b01,2007,ope_be,0.0795393008861606,5.0205152911841235,12
20261005-010838-8084b01,2007,ope_bel1,0.0806225749911088,5.57887089602611,12
20261005-010838-8084b01,2007,op_at,0.1004542124194274,8.935944798803423,12
20261005-010838-8084b01,2007,op_atl1,0.1026978255959547,9.189474478171045,12
20261005-010838-8084b01,2007,cop_at,0.0787712696856635,6.973593518465125,12
20261005-010838-8084b01,2007,cop_atl1,0.085585078408683,7.959608783262624,12
20261005-010838-8084b01,2007,f_score,0.0655375037386874,6.405079229774884,12
20261005-010838-8084b01,2007,o_score,-0.0773362807718438,-5.677973083612183,12
20261005-010838-8084b01,2007,z_score,0.0442259536673161,3.921985590983364,12
20261005-010838-8084b01,2007,pi_nix,-0.0063687632904663,-0.8429384366414026,12
20261005-010838-8084b01,2007,at_be,-0.0390570620994364,-1.832540881455187,12
20261005-010838-8084b01,2007,saleq_gr1,0.038281340602531,2.8310410286106764,12
20261005-010838-8084b01,2007,rd_me,-0.0322746546602926,-3.417413338734375,12
20261005-010838-8084b01,2007,rd_sale,-0.0248812613740233,-2.205077094457586,12
20261005-010838-8084b01,2007,opex_at,0.0067500676477745,0.3208521053783313,12
20261005-010838-8084b01,2007,emp_gr1,0.0256790759178065,2.2332960337856074,12
20261005-010838-8084b01,2007,rd5_at,-0.0292660022383594,-2.419614628108559,12
20261005-010838-8084b01,2007,age,0.041812578906063,3.5578497481653364,12
20261005-010838-8084b01,2007,dsale_dinv,-0.0155397712282861,-3.486445892234871,12
20261005-010838-8084b01,2007,dsale_drec,-0.0329779649782544,-4.633696558074062,12
20261005-010838-8084b01,2007,dgp_dsale,0.0545584761188786,4.522072404561003,12
20261005-010838-8084b01,2007,dsale_dsga,-0.0045365424380845,-0.5553063233203231,12
20261005-010838-8084b01,2007,sale_emp_gr1,-0.0144248900239408,-3.211558437896397,12
20261005-010838-8084b01,2007,tangibility,-0.0171172290043323,-1.5062491767103183,12
20261005-010838-8084b01,2007,kz_index,0.0160833828504581,1.05656038747272,12
20261005-010838-8084b01,2007,ocfq_saleq_std,-0.066637655382484,-6.394039736108463,12
20261005-010838-8084b01,2007,cash_at,-0.0007235041501,-0.0473876413375162,12
20261005-010838-8084b01,2007,ni_ar1,0.017797547934014,2.535701685948741,12
20261005-010838-8084b01,2007,ni_ivol,-0.0125208185958342,-0.4736122009146009,12
20261005-010838-8084b01,2007,earnings_variability,0.0028902098092606,0.1981430312156679,12
20261005-010838-8084b01,2007,aliq_at,0.0038531733680759,0.3043090585548471,12
20261005-010838-8084b01,2007,aliq_mat,-0.0072586315594091,-0.7812577117421404,12
20261005-010838-8084b01,2007,seas_1_1an,0.0125321871701507,1.471696935279635,12
20261005-010838-8084b01,2007,seas_1_1na,0.0913486099693299,4.086237917044402,12
20261005-010838-8084b01,2007,seas_2_5an,0.0088955741555909,0.831233059735267,12
20261005-010838-8084b01,2007,seas_2_5na,0.028723323438713,2.5861570852280003,12
20261005-010838-8084b01,2007,seas_6_10an,0.0142595811589496,1.7034095259915532,12
20261005-010838-8084b01,2007,seas_6_10na,-0.0153215925916187,-3.0649028992933314,12
20261005-010838-8084b01,2007,seas_11_15an,0.0036753327123436,0.852240674151519,12
20261005-010838-8084b01,2007,seas_11_15na,-0.0200134233539188,-3.0943445835914396,12
20261005-010838-8084b01,2007,seas_16_20an,0.0079946827632931,1.532527646747703,12
20261005-010838-8084b01,2007,seas_16_20na,-0.0012538927359385,-0.2133886198148845,12
20261005-010838-8084b01,2007,market_equity,0.1008539532062608,3.777425615181637,12
20261005-010838-8084b01,2007,ivol_ff3_21d,-0.0790272917064397,-3.2094807131890852,12
20261005-010838-8084b01,2007,ivol_capm_252d,-0.06766864954955,-2.2148517391613747,12
20261005-010838-8084b01,2007,ivol_capm_21d,-0.0827776433790605,-3.3811410337702767,12
20261005-010838-8084b01,2007,ivol_hxz4_21d,-0.0796236740364828,-3.2667511757902807,12
20261005-010838-8084b01,2007,rvol_21d,-0.0788143998896996,-3.464201091552311,12
20261005-010838-8084b01,2007,beta_60m,-0.0079908815302332,-0.3912261556637936,12
20261005-010838-8084b01,2007,betabab_1260d,-0.0072807656990017,-0.4273864655997271,12
20261005-010838-8084b01,2007,beta_dimson_21d,-0.004121700506292,-0.3298320686533426,12
20261005-010838-8084b01,2007,turnover_126d,0.0254801432792461,1.309917485168683,12
20261005-010838-8084b01,2007,turnover_var_126d,-0.060948056502884,-3.020378323846082,12
20261005-010838-8084b01,2007,dolvol_126d,0.0807010453782755,3.341645658247642,12
20261005-010838-8084b01,2007,dolvol_var_126d,-0.0582987244889183,-2.8894709910295133,12
20261005-010838-8084b01,2007,prc,0.1059375098699357,3.80992915654051,12
20261005-010838-8084b01,2007,ami_126d,-0.085187722279564,-3.4762923794216674,12
20261005-010838-8084b01,2007,zero_trades_21d,-0.0316900993143376,-1.39725885179277,12
20261005-010838-8084b01,2007,zero_trades_126d,-0.027736305522204,-1.3426599575812863,12
20261005-010838-8084b01,2007,zero_trades_252d,-0.0279903492582778,-1.3062840088265426,12
20261005-010838-8084b01,2007,rmax1_21d,-0.0622952608507609,-3.016624857825789,12
20261005-010838-8084b01,2007,rskew_21d,-0.0051574132330041,-0.8387750452517027,12
20261005-010838-8084b01,2007,iskew_capm_21d,0.0060331651222086,0.7982180356694636,12
20261005-010838-8084b01,2007,iskew_ff3_21d,0.0154541479791401,3.306083717910906,12
20261005-010838-8084b01,2007,iskew_hxz4_21d,0.0170896103085901,3.2491326539360994,12
20261005-010838-8084b01,2007,coskew_21d,0.0032563555434556,0.2235387490215825,12
20261005-010838-8084b01,2007,ret_1_0,0.0414428463454968,2.4310970325808743,12
20261005-010838-8084b01,2007,betadown_252d,0.0189025354655321,0.8857629176569619,12
20261005-010838-8084b01,2007,bidaskhl_21d,-0.0803365310202018,-3.7164171292145496,12
20261005-010838-8084b01,2007,ret_3_1,0.070907997466266,4.4810857033459675,12
20261005-010838-8084b01,2007,ret_9_1,0.0910889432165836,4.557260361186013,12
20261005-010838-8084b01,2007,ret_12_7,0.0420455036939655,3.2727638092097133,12
20261005-010838-8084b01,2007,corr_1260d,0.0394230224960602,1.719189249835377,12
20261005-010838-8084b01,2007,rmax5_21d,-0.0625939049770835,-2.7610611198021724,12
20261005-010838-8084b01,2007,rmax5_rvol_21d,-0.0108439324591292,-1.0063660256214515,12
20261005-010838-8084b01,2007,ni_be,0.0746932570412907,3.959316224976383,12
20261005-010838-8084b01,2007,ocf_at,0.0950705554949623,7.930552091606912,12
20261005-010838-8084b01,2007,ocf_at_chg1,0.0039157798507083,0.7664277281630265,12
20261005-010838-8084b01,2007,mispricing_perf,0.1174833848457383,9.058991595900697,12
20261005-010838-8084b01,2007,mispricing_mgmt,-0.0190123786424001,-1.3893031923782202,12
20261005-010838-8084b01,2007,qmj,0.0618029737561742,5.147573386566582,12
20261005-010838-8084b01,2007,qmj_prof,0.0909706135400522,8.106406690603086,12
20261005-010838-8084b01,2007,qmj_growth,0.0280505664025095,2.9777960674759285,12
20261005-010838-8084b01,2007,qmj_safety,0.040190928474359,1.9228757229197064,12
20261005-010838-8084b01,2009,niq_su,-0.0152072220212078,-1.5116150458728883,12
20261005-010838-8084b01,2009,ret_6_1,-0.0348383219818683,-0.7934961433179704,12
20261005-010838-8084b01,2009,ret_12_1,-0.0594242607260963,-1.2658702411146847,12
20261005-010838-8084b01,2009,saleq_su,-0.0258661433107463,-1.6420678283496233,12
20261005-010838-8084b01,2009,tax_gr1a,-0.0096914164155913,-1.027534174103061,12
20261005-010838-8084b01,2009,ni_inc8q,-0.0044669043673625,-0.3807767163992846,12
20261005-010838-8084b01,2009,prc_highprc_252d,-0.0711683589560516,-1.3568484696722634,12
20261005-010838-8084b01,2009,resff3_6_1,-0.0248973159596987,-1.597847908663704,12
20261005-010838-8084b01,2009,resff3_12_1,-0.0328116528378195,-1.9380845876575168,12
20261005-010838-8084b01,2009,be_me,0.0211061860359085,0.6383341636787225,12
20261005-010838-8084b01,2009,debt_me,-0.0247628598604135,-0.7954100928283616,12
20261005-010838-8084b01,2009,at_me,-0.0101413611077005,-0.2981978906639964,12
20261005-010838-8084b01,2009,ret_60_12,0.0087852458670541,0.5115038872401115,12
20261005-010838-8084b01,2009,ni_me,0.0099420166846742,0.3756118194195623,12
20261005-010838-8084b01,2009,fcf_me,-0.0026627419569901,-0.1202518243698034,12
20261005-010838-8084b01,2009,div12m_me,-0.028453983383383,-1.2146812455798088,12
20261005-010838-8084b01,2009,eqpo_me,-0.0056913524006559,-0.2775823616591571,12
20261005-010838-8084b01,2009,eqnpo_me,0.0145703366857838,0.7264299641113958,12
20261005-010838-8084b01,2009,sale_gr3,0.00308326539029,0.2016788685908983,12
20261005-010838-8084b01,2009,sale_gr1,0.0129937528631996,0.811395594980349,12
20261005-010838-8084b01,2009,ebitda_mev,0.0632138028766311,2.8521181570176304,12
20261005-010838-8084b01,2009,sale_me,0.0493111581302942,1.3562865279464376,12
20261005-010838-8084b01,2009,ocf_me,0.0256533562248045,0.9100695613070644,12
20261005-010838-8084b01,2009,ival_me,0.0363881723518937,1.4846349548074058,12
20261005-010838-8084b01,2009,bev_mev,0.0141875723704269,0.4715981071381769,12
20261005-010838-8084b01,2009,netdebt_me,-0.032351215940698,-1.2838884804382853,12
20261005-010838-8084b01,2009,eq_dur,0.0042712780830601,0.2096986267868756,12
20261005-010838-8084b01,2009,capex_abn,0.0203241901191947,2.515701726456824,12
20261005-010838-8084b01,2009,at_gr1,-0.0317704272688612,-1.8555872429792992,12
20261005-010838-8084b01,2009,ppeinv_gr1a,-0.0016884791765833,-0.1364277938660599,12
20261005-010838-8084b01,2009,noa_at,-0.0021620293819995,-0.1283863148527938,12
20261005-010838-8084b01,2009,noa_gr1a,-0.0110431605147014,-0.830782077438333,12
20261005-010838-8084b01,2009,lnoa_gr1a,-0.0163114313899407,-1.2331721070273798,12
20261005-010838-8084b01,2009,capx_gr1,0.009708373635802,1.043627701978875,12
20261005-010838-8084b01,2009,capx_gr2,0.0238456883199266,2.3149006946697304,12
20261005-010838-8084b01,2009,capx_gr3,0.0186065980891723,1.5765667879387433,12
20261005-010838-8084b01,2009,chcsho_12m,-0.0042771353385012,-0.259317933005935,12
20261005-010838-8084b01,2009,eqnpo_12m,-0.0070233032080956,-0.3240962635668447,12
20261005-010838-8084b01,2009,debt_gr3,-0.0088236682602441,-1.1993604656763452,12
20261005-010838-8084b01,2009,inv_gr1,-0.032638429336942,-3.1873000860069847,12
20261005-010838-8084b01,2009,inv_gr1a,-0.0271382906643859,-2.7365632951907095,12
20261005-010838-8084b01,2009,oaccruals_at,-0.0472520658213311,-2.949393586800877,12
20261005-010838-8084b01,2009,taccruals_at,-0.0371252290701724,-2.7961248464917876,12
20261005-010838-8084b01,2009,cowc_gr1a,-0.005890574373897,-0.8023115120401629,12
20261005-010838-8084b01,2009,coa_gr1a,-0.0153660882096785,-1.354708381765851,12
20261005-010838-8084b01,2009,col_gr1a,-0.0191331276325671,-1.7673415695635155,12
20261005-010838-8084b01,2009,nncoa_gr1a,-0.0139155991812474,-1.0324010294954291,12
20261005-010838-8084b01,2009,ncoa_gr1a,-0.0140296489943507,-0.9494841312670658,12
20261005-010838-8084b01,2009,ncol_gr1a,-0.0037368300687091,-0.4471940960334781,12
20261005-010838-8084b01,2009,nfna_gr1a,-0.0011605986352594,-0.2064423302464052,12
20261005-010838-8084b01,2009,sti_gr1a,-0.0121688653698072,-2.51598983649221,12
20261005-010838-8084b01,2009,lti_gr1a,-0.0107918306382656,-2.0861005921902573,12
20261005-010838-8084b01,2009,fnl_gr1a,-0.0121913263113282,-1.856200931137668,12
20261005-010838-8084b01,2009,be_gr1a,-0.0138231269078286,-0.8388485326473558,12
20261005-010838-8084b01,2009,oaccruals_ni,-0.0108411104631214,-0.8903386107833167,12
20261005-010838-8084b01,2009,taccruals_ni,-0.0063635855052033,-0.5776410874687663,12
20261005-010838-8084b01,2009,netis_at,-0.0147825193028288,-1.1146780461679526,12
20261005-010838-8084b01,2009,eqnetis_at,-0.0169049950774178,-0.925542029218078,12
20261005-010838-8084b01,2009,dbnetis_at,-0.0028610494679324,-0.2429682356798492,12
20261005-010838-8084b01,2009,niq_be,-0.0027205399928243,-0.1028393181269606,12
20261005-010838-8084b01,2009,niq_be_chg1,-0.0184207720934288,-1.0871565063394808,12
20261005-010838-8084b01,2009,niq_at,0.0057789033661084,0.2250980872558313,12
20261005-010838-8084b01,2009,niq_at_chg1,-0.0327458069893544,-2.420262682526085,12
20261005-010838-8084b01,2009,ebit_bev,0.0198525084686577,0.871360616279261,12
20261005-010838-8084b01,2009,ebit_sale,-0.011417510377918,-0.4370755176491834,12
20261005-010838-8084b01,2009,sale_bev,0.0586091603344962,4.28687179126792,12
20261005-010838-8084b01,2009,at_turnover,0.0701125282539889,3.9826883359806593,12
20261005-010838-8084b01,2009,gp_at,0.0676212308002712,4.0399248661943075,12
20261005-010838-8084b01,2009,gp_atl1,0.063994778072459,3.678742008725111,12
20261005-010838-8084b01,2009,ope_be,0.0140061493356089,0.6765501431879222,12
20261005-010838-8084b01,2009,ope_bel1,0.0114675229612051,0.5399719159064837,12
20261005-010838-8084b01,2009,op_at,0.0569962550079616,3.029414913250359,12
20261005-010838-8084b01,2009,op_atl1,0.0547529782499724,2.824160503545812,12
20261005-010838-8084b01,2009,cop_at,0.0724824158930422,5.049564131099574,12
20261005-010838-8084b01,2009,cop_atl1,0.0692539911672338,4.84126962656168,12
20261005-010838-8084b01,2009,f_score,-0.0208535336123821,-1.2687704841573118,12
20261005-010838-8084b01,2009,o_score,-0.0067530650934442,-0.2755931331464347,12
20261005-010838-8084b01,2009,z_score,0.0008413861101834,0.0363003849848221,12
20261005-010838-8084b01,2009,pi_nix,0.0036204443120846,0.8485879377910766,12
20261005-010838-8084b01,2009,at_be,-0.0555507354309561,-2.6325085964961175,12
20261005-010838-8084b01,2009,saleq_gr1,-0.0084858405698235,-0.4753113200211634,12
20261005-010838-8084b01,2009,rd_me,0.0211600180102611,1.2707503061942331,12
20261005-010838-8084b01,2009,rd_sale,-0.0045006632293768,-0.2069246131922353,12
20261005-010838-8084b01,2009,opex_at,0.0659266436376707,4.3629639278210135,12
20261005-010838-8084b01,2009,emp_gr1,0.0074238772672203,0.5994507027980893,12
20261005-010838-8084b01,2009,rd5_at,-0.0023781536985066,-0.1273535672466151,12
20261005-010838-8084b01,2009,age,0.0104373522797956,0.6072359307688189,12
20261005-010838-8084b01,2009,dsale_dinv,0.0250501530564423,2.8592636397233493,12
20261005-010838-8084b01,2009,dsale_drec,0.036225566772138,3.0772949211673937,12
20261005-010838-8084b01,2009,dgp_dsale,0.0209374821122766,1.6648709934499148,12
20261005-010838-8084b01,2009,dsale_dsga,0.0147660681239684,1.4404880661714012,12
20261005-010838-8084b01,2009,sale_emp_gr1,0.0139719137462287,1.3563991039223469,12
20261005-010838-8084b01,2009,tangibility,0.0057839304381275,0.4788021832019767,12
20261005-010838-8084b01,2009,kz_index,0.0260136707137191,1.301161489084116,12
20261005-010838-8084b01,2009,ocfq_saleq_std,-0.0338906871063222,-1.7845064588779869,12
20261005-010838-8084b01,2009,cash_at,0.0336850786036435,1.635492004838951,12
20261005-010838-8084b01,2009,ni_ar1,-0.0209279825605933,-2.1197435923935957,12
20261005-010838-8084b01,2009,ni_ivol,0.0561449620691358,2.2495305044469056,12
20261005-010838-8084b01,2009,earnings_variability,0.0139362840899735,0.8730966898890062,12
20261005-010838-8084b01,2009,aliq_at,-0.0082153491625137,-0.6048780901651246,12
20261005-010838-8084b01,2009,aliq_mat,-0.0038762632314672,-0.3052180621164279,12
20261005-010838-8084b01,2009,seas_1_1an,0.0107833886127315,0.5104447688736562,12
20261005-010838-8084b01,2009,seas_1_1na,-0.0800548232146007,-1.8995192169670208,12
20261005-010838-8084b01,2009,seas_2_5an,0.012161541919858,0.8002101197610446,12
20261005-010838-8084b01,2009,seas_2_5na,0.0137556751458578,1.0205150629494188,12
20261005-010838-8084b01,2009,seas_6_10an,0.0212305446127829,1.3870951922842971,12
20261005-010838-8084b01,2009,seas_6_10na,0.0128244537634545,1.4586655001623754,12
20261005-010838-8084b01,2009,seas_11_15an,0.0244386006185841,3.3123788620328964,12
20261005-010838-8084b01,2009,seas_11_15na,-0.0016089996712943,-0.1970314053900066,12
20261005-010838-8084b01,2009,seas_16_20an,0.0043903185124978,0.8596020768824616,12
20261005-010838-8084b01,2009,seas_16_20na,0.0018061916917985,0.2508095145254296,12
20261005-010838-8084b01,2009,market_equity,0.0240911339340558,0.6886084877864321,12
20261005-010838-8084b01,2009,ivol_ff3_21d,-0.0183039589494678,-0.5629310111540228,12
20261005-010838-8084b01,2009,ivol_capm_252d,-0.0077649867858736,-0.211139820011206,12
20261005-010838-8084b01,2009,ivol_capm_21d,-0.0190113244761804,-0.5807733038085918,12
20261005-010838-8084b01,2009,ivol_hxz4_21d,-0.0165812475549531,-0.5035893092775476,12
20261005-010838-8084b01,2009,rvol_21d,-0.0200238908610441,-0.5269005466524662,12
20261005-010838-8084b01,2009,beta_60m,0.0791786667325003,2.0491885671559396,12
20261005-010838-8084b01,2009,betabab_1260d,0.0301957582738613,0.5947516146419523,12
20261005-010838-8084b01,2009,beta_dimson_21d,0.0316863978329955,0.7974382877354587,12
20261005-010838-8084b01,2009,turnover_126d,0.0356482446368714,1.0333985611159056,12
20261005-010838-8084b01,2009,turnover_var_126d,-0.0344318242793464,-1.031242256991317,12
20261005-010838-8084b01,2009,dolvol_126d,0.03562518237367,1.0867903732930704,12
20261005-010838-8084b01,2009,dolvol_var_126d,-0.0344612596698266,-1.1400742643602926,12
20261005-010838-8084b01,2009,prc,-0.0227263033519056,-0.5712983385519551,12
20261005-010838-8084b01,2009,ami_126d,-0.0374181821538114,-1.1704024794031875,12
20261005-010838-8084b01,2009,zero_trades_21d,-0.0332211071311848,-0.967019472208808,12
20261005-010838-8084b01,2009,zero_trades_126d,-0.0404208295448617,-1.1089642880450084,12
20261005-010838-8084b01,2009,zero_trades_252d,-0.0501701692791387,-1.3850228237013535,12
20261005-010838-8084b01,2009,rmax1_21d,-0.0219312497249812,-0.6611491876040508,12
20261005-010838-8084b01,2009,rskew_21d,-0.0009361180584242,-0.0674920908012518,12
20261005-010838-8084b01,2009,iskew_capm_21d,-0.0100395512504791,-1.060722082327197,12
20261005-010838-8084b01,2009,iskew_ff3_21d,-0.0070660599595179,-0.7545934001695273,12
20261005-010838-8084b01,2009,iskew_hxz4_21d,-0.0109301111760657,-1.28403197794135,12
20261005-010838-8084b01,2009,coskew_21d,0.0037770408170527,0.297740787749524,12
20261005-010838-8084b01,2009,ret_1_0,-0.041462569465026,-2.0350373345597523,12
20261005-010838-8084b01,2009,betadown_252d,0.0433637530692787,0.8849061717666942,12
20261005-010838-8084b01,2009,bidaskhl_21d,-0.0196152883434438,-0.661215693818068,12
20261005-010838-8084b01,2009,ret_3_1,-0.0225543022114352,-0.8545556226308788,12
20261005-010838-8084b01,2009,ret_9_1,-0.0501309439300826,-1.1165727995335226,12
20261005-010838-8084b01,2009,ret_12_7,-0.030429685391936,-0.9235814834196788,12
20261005-010838-8084b01,2009,corr_1260d,0.0346768982772401,0.8517046935895533,12
20261005-010838-8084b01,2009,rmax5_21d,-0.0290990035044313,-0.8244028164378054,12
20261005-010838-8084b01,2009,rmax5_rvol_21d,-0.0429889805500393,-2.2304131738356503,12
20261005-010838-8084b01,2009,ni_be,0.0020041267355085,0.0757684612034626,12
20261005-010838-8084b01,2009,ocf_at,0.0481067375820523,2.3594405460851107,12
20261005-010838-8084b01,2009,ocf_at_chg1,0.0041586372694231,0.4287749288350034,12
20261005-010838-8084b01,2009,mispricing_perf,0.0156148840469505,0.444435718828332,12
20261005-010838-8084b01,2009,mispricing_mgmt,0.0280588569741494,2.6636742475205684,12
20261005-010838-8084b01,2009,qmj,0.0182164778947874,0.7298754615485048,12
20261005-010838-8084b01,2009,qmj_prof,0.0512029907326264,2.3540868741544267,12
20261005-010838-8084b01,2009,qmj_growth,0.0218908943020525,1.781588915162414,12
20261005-010838-8084b01,2009,qmj_safety,-0.0210013362202105,-0.5765200270346388,12
20261005-010838-8084b01,2011,niq_su,0.0213236957891699,2.6384918519979497,12
20261005-010838-8084b01,2011,ret_6_1,0.0630542524626598,2.3469118943398626,12
20261005-010838-8084b01,2011,ret_12_1,0.0842935726830913,4.179704303510154,12
20261005-010838-8084b01,2011,saleq_su,0.0136435504702625,0.9501080528142704,12
20261005-010838-8084b01,2011,tax_gr1a,0.0122909914814842,0.8824831622586065,12
20261005-010838-8084b01,2011,ni_inc8q,0.0286073107846262,3.489464551609357,12
20261005-010838-8084b01,2011,prc_highprc_252d,0.1335754145358611,3.5434514118184413,12
20261005-010838-8084b01,2011,resff3_6_1,0.0213817391318538,1.5582310868830764,12
20261005-010838-8084b01,2011,resff3_12_1,0.0397811998511312,3.529309305507513,12
20261005-010838-8084b01,2011,be_me,-0.0285848351205981,-1.5153435901025891,12
20261005-010838-8084b01,2011,debt_me,-0.005538400050005,-0.4304965626341514,12
20261005-010838-8084b01,2011,at_me,-0.0195559297401669,-1.0308375352708845,12
20261005-010838-8084b01,2011,ret_60_12,0.0857962222297797,4.05223605184264,12
20261005-010838-8084b01,2011,ni_me,0.0777798712578993,5.494902924014628,12
20261005-010838-8084b01,2011,fcf_me,0.0807227058947535,5.146317481577337,12
20261005-010838-8084b01,2011,div12m_me,0.0859225104519293,3.801137784721346,12
20261005-010838-8084b01,2011,eqpo_me,0.0845750686188099,4.04072488103395,12
20261005-010838-8084b01,2011,eqnpo_me,0.0928650584675962,4.353722042883119,12
20261005-010838-8084b01,2011,sale_gr3,0.0189255627702453,1.7298177538240147,12
20261005-010838-8084b01,2011,sale_gr1,-0.0173799572032282,-0.8812386990604258,12
20261005-010838-8084b01,2011,ebitda_mev,0.0618898295058422,6.980473225342847,12
20261005-010838-8084b01,2011,sale_me,-0.0082370352661601,-0.5719652443582669,12
20261005-010838-8084b01,2011,ocf_me,0.0611292526770477,7.066361239638265,12
20261005-010838-8084b01,2011,ival_me,-0.0293112160776447,-2.931278232406756,12
20261005-010838-8084b01,2011,bev_mev,-0.0301744908039739,-1.8310502535421371,12
20261005-010838-8084b01,2011,netdebt_me,0.0181868436369606,1.521581261376663,12
20261005-010838-8084b01,2011,eq_dur,-0.0336985449671168,-2.540201264769958,12
20261005-010838-8084b01,2011,capex_abn,0.0208674297189703,2.7730411314664876,12
20261005-010838-8084b01,2011,at_gr1,0.0020040849181063,0.1322824921856879,12
20261005-010838-8084b01,2011,ppeinv_gr1a,-0.0039087369937897,-0.3768408220821256,12
20261005-010838-8084b01,2011,noa_at,0.0017933329138652,0.1218440748105153,12
20261005-010838-8084b01,2011,noa_gr1a,-0.0170914577265011,-1.601535754413448,12
20261005-010838-8084b01,2011,lnoa_gr1a,0.0035305169233885,0.3226307177623754,12
20261005-010838-8084b01,2011,capx_gr1,-0.0139850306429005,-1.123561688854253,12
20261005-010838-8084b01,2011,capx_gr2,0.014488688067955,1.7063573430888397,12
20261005-010838-8084b01,2011,capx_gr3,0.017707303564002,1.6845199648165428,12
20261005-010838-8084b01,2011,chcsho_12m,-0.0774943992111402,-4.229021870260806,12
20261005-010838-8084b01,2011,eqnpo_12m,0.0990313358996153,4.20133756903459,12
20261005-010838-8084b01,2011,debt_gr3,0.0100665519534993,2.254676002177726,12
20261005-010838-8084b01,2011,inv_gr1,-0.0359738734869921,-4.151774696387598,12
20261005-010838-8084b01,2011,inv_gr1a,-0.0149882080575243,-1.5898953452315134,12
20261005-010838-8084b01,2011,oaccruals_at,0.005303636082998,0.5325127245391061,12
20261005-010838-8084b01,2011,taccruals_at,0.0129373458620116,1.622285800827991,12
20261005-010838-8084b01,2011,cowc_gr1a,-0.0070428949055193,-1.3674418356570288,12
20261005-010838-8084b01,2011,coa_gr1a,-0.0006066433484808,-0.0568714408063708,12
20261005-010838-8084b01,2011,col_gr1a,0.0016278503345719,0.1172797239838555,12
20261005-010838-8084b01,2011,nncoa_gr1a,-0.0059348952721416,-0.5468799740895797,12
20261005-010838-8084b01,2011,ncoa_gr1a,0.0034626659331231,0.3143052348226843,12
20261005-010838-8084b01,2011,ncol_gr1a,0.0345333822031798,5.764934349443707,12
20261005-010838-8084b01,2011,nfna_gr1a,0.0136449045405321,1.9847345146032185,12
20261005-010838-8084b01,2011,sti_gr1a,0.0013535746882663,0.3436191358613972,12
20261005-010838-8084b01,2011,lti_gr1a,0.0113198734439725,1.6918072869659948,12
20261005-010838-8084b01,2011,fnl_gr1a,-0.0083447193951153,-1.0658090705088408,12
20261005-010838-8084b01,2011,be_gr1a,0.0063174090575943,0.3605230879853343,12
20261005-010838-8084b01,2011,oaccruals_ni,-0.0332190127318997,-4.016319454209259,12
20261005-010838-8084b01,2011,taccruals_ni,-0.0120413602055312,-2.1766527868094823,12
20261005-010838-8084b01,2011,netis_at,-0.0667513423747429,-6.244121729625459,12
20261005-010838-8084b01,2011,eqnetis_at,-0.072918647367726,-4.688560570400103,12
20261005-010838-8084b01,2011,dbnetis_at,-0.0266843671284272,-2.801247906674482,12
20261005-010838-8084b01,2011,niq_be,0.0866270854434546,5.607261663683261,12
20261005-010838-8084b01,2011,niq_be_chg1,0.0316717841791876,3.834747036539856,12
20261005-010838-8084b01,2011,niq_at,0.0892574427465912,5.779635830474994,12
20261005-010838-8084b01,2011,niq_at_chg1,0.0240155143349813,2.704048900150614,12
20261005-010838-8084b01,2011,ebit_bev,0.0880290999875771,5.248497742957154,12
20261005-010838-8084b01,2011,ebit_sale,0.0837154534332846,5.021624586754972,12
20261005-010838-8084b01,2011,sale_bev,0.0233978703130159,2.321330064063923,12
20261005-010838-8084b01,2011,at_turnover,0.0350300894456373,2.8475883767055423,12
20261005-010838-8084b01,2011,gp_at,0.0519031068923667,4.816707453413785,12
20261005-010838-8084b01,2011,gp_atl1,0.0459174591362641,4.109176129132523,12
20261005-010838-8084b01,2011,ope_be,0.0768942630868027,6.589956758503853,12
20261005-010838-8084b01,2011,ope_bel1,0.0682180585213839,5.818544827791744,12
20261005-010838-8084b01,2011,op_at,0.0761557150514087,4.915080050782561,12
20261005-010838-8084b01,2011,op_atl1,0.0696300842461209,4.380829592879833,12
20261005-010838-8084b01,2011,cop_at,0.0570552829270201,4.10317988893452,12
20261005-010838-8084b01,2011,cop_atl1,0.0523698105326324,3.4989021579314783,12
20261005-010838-8084b01,2011,f_score,0.0651565716329582,5.448546143576729,12
20261005-010838-8084b01,2011,o_score,-0.0712866388731968,-5.512956784975298,12
20261005-010838-8084b01,2011,z_score,0.0464191052320928,3.389117714852471,12
20261005-010838-8084b01,2011,pi_nix,0.0383751159961074,5.156811638774772,12
20261005-010838-8084b01,2011,at_be,0.0142349606697009,0.9573747408592728,12
20261005-010838-8084b01,2011,saleq_gr1,-0.0004383076309051,-0.0239128598951964,12
20261005-010838-8084b01,2011,rd_me,-0.0475392353036033,-3.201629713902918,12
20261005-010838-8084b01,2011,rd_sale,-0.0305919436005706,-2.3630935580038064,12
20261005-010838-8084b01,2011,opex_at,0.0012216941335945,0.0948025593483187,12
20261005-010838-8084b01,2011,emp_gr1,-0.0163894091181809,-1.6293566397272314,12
20261005-010838-8084b01,2011,rd5_at,-0.0360077683503431,-2.877480084732895,12
20261005-010838-8084b01,2011,age,0.0697455620883506,5.93606518320247,12
20261005-010838-8084b01,2011,dsale_dinv,0.012067348356288,1.8130776701860936,12
20261005-010838-8084b01,2011,dsale_drec,-0.0001888604893635,-0.0152987436436631,12
20261005-010838-8084b01,2011,dgp_dsale,0.0279158474140651,4.598966313387737,12
20261005-010838-8084b01,2011,dsale_dsga,0.0024839690119554,0.2570203904328059,12
20261005-010838-8084b01,2011,sale_emp_gr1,-0.0177581162359597,-1.4408327386565798,12
20261005-010838-8084b01,2011,tangibility,-0.0269860162487194,-2.7184631216158786,12
20261005-010838-8084b01,2011,kz_index,-0.0323095661621256,-1.6432591812436592,12
20261005-010838-8084b01,2011,ocfq_saleq_std,-0.076161712259185,-5.287547785336557,12
20261005-010838-8084b01,2011,cash_at,-0.0415876046939125,-3.077679699790536,12
20261005-010838-8084b01,2011,ni_ar1,-0.0126167647462414,-2.1535379948689406,12
20261005-010838-8084b01,2011,ni_ivol,-0.0839308270863933,-3.2932782673094643,12
20261005-010838-8084b01,2011,earnings_variability,-0.056825798377649,-3.302652304077981,12
20261005-010838-8084b01,2011,aliq_at,-0.0370748331947242,-3.4940758755647283,12
20261005-010838-8084b01,2011,aliq_mat,-0.0263028749923875,-1.777913988668446,12
20261005-010838-8084b01,2011,seas_1_1an,0.0558563123080252,2.408186775728171,12
20261005-010838-8084b01,2011,seas_1_1na,0.0472494055429915,2.496638526735801,12
20261005-010838-8084b01,2011,seas_2_5an,0.019921469801358,1.3275872024131612,12
20261005-010838-8084b01,2011,seas_2_5na,0.0185849251367479,0.8858408612480786,12
20261005-010838-8084b01,2011,seas_6_10an,0.0156509268427227,1.4930584443520398,12
20261005-010838-8084b01,2011,seas_6_10na,-0.0220220574940934,-1.7152342569433885,12
20261005-010838-8084b01,2011,seas_11_15an,0.0075744746289544,1.9596346219739689,12
20261005-010838-8084b01,2011,seas_11_15na,-0.0092444579113309,-1.027032624033626,12
20261005-010838-8084b01,2011,seas_16_20an,0.0028906451213366,0.603486478900073,12
20261005-010838-8084b01,2011,seas_16_20na,-0.0159956668417746,-2.7007097768141004,12
20261005-010838-8084b01,2011,market_equity,0.0987364772178362,3.356928368391158,12
20261005-010838-8084b01,2011,ivol_ff3_21d,-0.1442488730999332,-6.302726539886803,12
20261005-010838-8084b01,2011,ivol_capm_252d,-0.1504893352856672,-6.057627131399663,12
20261005-010838-8084b01,2011,ivol_capm_21d,-0.1428688211227806,-6.1361678718976185,12
20261005-010838-8084b01,2011,ivol_hxz4_21d,-0.1439946914593389,-6.554360550990136,12
20261005-010838-8084b01,2011,rvol_21d,-0.1365547940541644,-3.5410176994695046,12
20261005-010838-8084b01,2011,beta_60m,-0.0741863988176478,-1.6675978260034734,12
20261005-010838-8084b01,2011,betabab_1260d,-0.0678387488122107,-1.2621219687123106,12
20261005-010838-8084b01,2011,beta_dimson_21d,-0.0320739754199096,-0.6622754739384508,12
20261005-010838-8084b01,2011,turnover_126d,-0.0228519550509132,-0.6230188424865346,12
20261005-010838-8084b01,2011,turnover_var_126d,-0.0700098548977328,-2.3998047021959885,12
20261005-010838-8084b01,2011,dolvol_126d,0.0623025139363421,1.8860064027608363,12
20261005-010838-8084b01,2011,dolvol_var_126d,-0.0736923044750798,-2.5620944015883693,12
20261005-010838-8084b01,2011,prc,0.1331672006421655,5.343267419084262,12
20261005-010838-8084b01,2011,ami_126d,-0.0789331573805334,-2.563251452761384,12
20261005-010838-8084b01,2011,zero_trades_21d,0.0078059983898176,0.2112584331135504,12
20261005-010838-8084b01,2011,zero_trades_126d,0.0188855044843619,0.5051769040609907,12
20261005-010838-8084b01,2011,zero_trades_252d,0.0201782901453361,0.5489480837497628,12
20261005-010838-8084b01,2011,rmax1_21d,-0.1150169418911507,-4.404576823435307,12
20261005-010838-8084b01,2011,rskew_21d,-0.0115564671201187,-1.5622894766251256,12
20261005-010838-8084b01,2011,iskew_capm_21d,-0.0162718295264875,-2.955578904116762,12
20261005-010838-8084b01,2011,iskew_ff3_21d,-0.0196562453309375,-3.1273217723570697,12
20261005-010838-8084b01,2011,iskew_hxz4_21d,-0.0185737004232282,-2.720496300969803,12
20261005-010838-8084b01,2011,coskew_21d,0.033195682819648,2.132565405678943,12
20261005-010838-8084b01,2011,ret_1_0,0.0220834619011992,0.5850259885816851,12
20261005-010838-8084b01,2011,betadown_252d,-0.0526351476852265,-0.962077787203525,12
20261005-010838-8084b01,2011,bidaskhl_21d,-0.1349137213373104,-6.10745411123263,12
20261005-010838-8084b01,2011,ret_3_1,0.0527828726910742,1.7303518526353845,12
20261005-010838-8084b01,2011,ret_9_1,0.0669653462536368,3.163501366446277,12
20261005-010838-8084b01,2011,ret_12_7,0.0648675990078683,2.278830474222225,12
20261005-010838-8084b01,2011,corr_1260d,0.05585224732186,1.626581455685299,12
20261005-010838-8084b01,2011,rmax5_21d,-0.1262810061937742,-4.073902453773382,12
20261005-010838-8084b01,2011,rmax5_rvol_21d,0.0046159856590193,0.5398717831909315,12
20261005-010838-8084b01,2011,ni_be,0.0847081397145316,5.4487840434167865,12
20261005-010838-8084b01,2011,ocf_at,0.0913555925157543,7.021526131967907,12
20261005-010838-8084b01,2011,ocf_at_chg1,0.0053123924167175,1.3904862841375871,12
20261005-010838-8084b01,2011,mispricing_perf,0.0971738357205103,5.889488295111471,12
20261005-010838-8084b01,2011,mispricing_mgmt,0.0454415441583341,2.2870539265950205,12
20261005-010838-8084b01,2011,qmj,0.0962130681664863,4.455424633753892,12
20261005-010838-8084b01,2011,qmj_prof,0.0900615535954602,6.471795347983232,12
20261005-010838-8084b01,2011,qmj_growth,0.0459929786138692,4.210807506348359,12
20261005-010838-8084b01,2011,qmj_safety,0.0787921899014119,2.576074486101956,12
20261005-010838-8084b01,2013,niq_su,0.0041053653586876,0.5595360888538613,12
20261005-010838-8084b01,2013,ret_6_1,0.0475498539237801,3.556271273153703,12
20261005-010838-8084b01,2013,ret_12_1,0.067852396047806,3.877492166203939,12
20261005-010838-8084b01,2013,saleq_su,0.0079007499062738,0.8430355811897254,12
20261005-010838-8084b01,2013,tax_gr1a,0.0240993124876158,4.004105743162762,12
20261005-010838-8084b01,2013,ni_inc8q,0.0236780001814898,3.302395022070933,12
20261005-010838-8084b01,2013,prc_highprc_252d,0.0570947720186039,2.2163999579661247,12
20261005-010838-8084b01,2013,resff3_6_1,0.0082600445692493,0.7754727464024581,12
20261005-010838-8084b01,2013,resff3_12_1,0.0253569289400359,2.6421333974968855,12
20261005-010838-8084b01,2013,be_me,-0.0138476969756622,-1.078096601799258,12
20261005-010838-8084b01,2013,debt_me,0.0253235785628137,1.9221808643750449,12
20261005-010838-8084b01,2013,at_me,0.0097997100107512,0.6320806920353541,12
20261005-010838-8084b01,2013,ret_60_12,0.01471523476941,1.2624537346551152,12
20261005-010838-8084b01,2013,ni_me,0.0475970528235591,3.172485800864656,12
20261005-010838-8084b01,2013,fcf_me,0.0683398408630696,3.906767896088712,12
20261005-010838-8084b01,2013,div12m_me,0.0229154680769174,1.254443845899592,12
20261005-010838-8084b01,2013,eqpo_me,0.0392467159320792,2.4338126392445347,12
20261005-010838-8084b01,2013,eqnpo_me,0.0392967277299517,2.3617417333277775,12
20261005-010838-8084b01,2013,sale_gr3,0.0125875558670203,1.122542233889582,12
20261005-010838-8084b01,2013,sale_gr1,0.0192008254397785,2.931540566536805,12
20261005-010838-8084b01,2013,ebitda_mev,0.0496782349750676,3.349540943154616,12
20261005-010838-8084b01,2013,sale_me,0.0401711391700659,2.9395874878298267,12
20261005-010838-8084b01,2013,ocf_me,0.0528920426761123,3.1686750091868654,12
20261005-010838-8084b01,2013,ival_me,0.0068514316781575,0.9572547072161196,12
20261005-010838-8084b01,2013,bev_mev,-0.0068028776001865,-0.6009902271065041,12
20261005-010838-8084b01,2013,netdebt_me,0.0178001889202046,1.716866127170047,12
20261005-010838-8084b01,2013,eq_dur,-0.0105960635482164,-0.8968927108249678,12
20261005-010838-8084b01,2013,capex_abn,-0.0032408663693964,-0.7797156812094963,12
20261005-010838-8084b01,2013,at_gr1,0.0145434869843796,1.8173158488531969,12
20261005-010838-8084b01,2013,ppeinv_gr1a,-0.0111835179668047,-1.2514779386051462,12
20261005-010838-8084b01,2013,noa_at,-0.0013140828196224,-0.0887475004096785,12
20261005-010838-8084b01,2013,noa_gr1a,-0.0040233526878383,-0.5060439229239723,12
20261005-010838-8084b01,2013,lnoa_gr1a,0.0030132254667682,0.3928516424652074,12
20261005-010838-8084b01,2013,capx_gr1,0.0033105502701056,0.6340463970692174,12
20261005-010838-8084b01,2013,capx_gr2,0.0007186494819964,0.0964240141341018,12
20261005-010838-8084b01,2013,capx_gr3,0.0022922654232484,0.2734813410621388,12
20261005-010838-8084b01,2013,chcsho_12m,-0.0238777490066733,-2.062989574772219,12
20261005-010838-8084b01,2013,eqnpo_12m,0.0296929588684495,1.882227583254992,12
20261005-010838-8084b01,2013,debt_gr3,0.0037959517504371,0.3948709108241962,12
20261005-010838-8084b01,2013,inv_gr1,0.0036193493570325,0.5888509325552734,12
20261005-010838-8084b01,2013,inv_gr1a,-0.0005964144437834,-0.0993612262498115,12
20261005-010838-8084b01,2013,oaccruals_at,0.0054665444653018,0.5075875413111972,12
20261005-010838-8084b01,2013,taccruals_at,0.0098261835552382,0.8910385502361243,12
20261005-010838-8084b01,2013,cowc_gr1a,0.002541970453249,0.3269592370751022,12
20261005-010838-8084b01,2013,coa_gr1a,0.0166824672039087,2.4375786242209885,12
20261005-010838-8084b01,2013,col_gr1a,0.014373064560496,3.106913482634137,12
20261005-010838-8084b01,2013,nncoa_gr1a,-0.0039227058618996,-0.5577395191380162,12
20261005-010838-8084b01,2013,ncoa_gr1a,0.00361703649088,0.4821507791620095,12
20261005-010838-8084b01,2013,ncol_gr1a,0.0199519784430906,2.256067480587761,12
20261005-010838-8084b01,2013,nfna_gr1a,0.0055012406823249,0.63374928911316,12
20261005-010838-8084b01,2013,sti_gr1a,0.0007977172504825,0.1523851624917024,12
20261005-010838-8084b01,2013,lti_gr1a,0.0084015563231095,1.2043869934728442,12
20261005-010838-8084b01,2013,fnl_gr1a,-0.0082190080442868,-0.8603341194300355,12
20261005-010838-8084b01,2013,be_gr1a,0.0144755341072601,1.7441475701425304,12
20261005-010838-8084b01,2013,oaccruals_ni,-0.0230138710868965,-2.2328601447031704,12
20261005-010838-8084b01,2013,taccruals_ni,-0.008446532883083,-0.8420924562707768,12
20261005-010838-8084b01,2013,netis_at,-0.0461479265171894,-3.948349352615133,12
20261005-010838-8084b01,2013,eqnetis_at,-0.0398670325126497,-3.0531884111827163,12
20261005-010838-8084b01,2013,dbnetis_at,-0.0307243732608435,-4.078691789716574,12
20261005-010838-8084b01,2013,niq_be,0.0542521794339152,4.949366802110424,12
20261005-010838-8084b01,2013,niq_be_chg1,0.0247537948225644,2.4701880049297427,12
20261005-010838-8084b01,2013,niq_at,0.0473235448146183,4.09284695874813,12
20261005-010838-8084b01,2013,niq_at_chg1,0.0229469246594964,2.4281831138757,12
20261005-010838-8084b01,2013,ebit_bev,0.0538894243723249,5.376354360735521,12
20261005-010838-8084b01,2013,ebit_sale,0.0289569833923089,1.8845587778587087,12
20261005-010838-8084b01,2013,sale_bev,0.040319829626062,3.919412331891983,12
20261005-010838-8084b01,2013,at_turnover,0.0401611271904626,3.681562683183045,12
20261005-010838-8084b01,2013,gp_at,0.0334193412195015,3.7399510448682176,12
20261005-010838-8084b01,2013,gp_atl1,0.0349036803898595,3.8804435087113216,12
20261005-010838-8084b01,2013,ope_be,0.0566696629427007,4.89183586495348,12
20261005-010838-8084b01,2013,ope_bel1,0.059175658111818,5.381329025844735,12
20261005-010838-8084b01,2013,op_at,0.0484073056970672,5.0513299222020445,12
20261005-010838-8084b01,2013,op_atl1,0.0479273531750587,4.965081347286537,12
20261005-010838-8084b01,2013,cop_at,0.0358850324832414,3.249871139160015,12
20261005-010838-8084b01,2013,cop_atl1,0.03865561796206,3.531903775770225,12
20261005-010838-8084b01,2013,f_score,0.0424477789702616,3.318290821116624,12
20261005-010838-8084b01,2013,o_score,-0.0309612876834794,-2.7994762925614,12
20261005-010838-8084b01,2013,z_score,0.0097385317833063,0.9228707672390272,12
20261005-010838-8084b01,2013,pi_nix,0.0051838344585433,1.0082147433288795,12
20261005-010838-8084b01,2013,at_be,0.0382935577893683,2.5674927399374217,12
20261005-010838-8084b01,2013,saleq_gr1,0.0272489586832499,3.597593381668928,12
20261005-010838-8084b01,2013,rd_me,-0.0166382149319981,-1.3847126139306647,12
20261005-010838-8084b01,2013,rd_sale,-0.0185705591164321,-1.4898312875670077,12
20261005-010838-8084b01,2013,opex_at,0.0142931329795424,1.1617726827037531,12
20261005-010838-8084b01,2013,emp_gr1,0.0064415781152534,0.6309699850095484,12
20261005-010838-8084b01,2013,rd5_at,-0.0199108321418672,-1.8272581632215412,12
20261005-010838-8084b01,2013,age,0.0180521873260922,1.3187367831332333,12
20261005-010838-8084b01,2013,dsale_dinv,0.004351107174237,0.758695156163693,12
20261005-010838-8084b01,2013,dsale_drec,0.0004025582681152,0.0760785006282767,12
20261005-010838-8084b01,2013,dgp_dsale,0.0180837898683157,1.5016707062383114,12
20261005-010838-8084b01,2013,dsale_dsga,0.0121647736258055,1.5742237210042342,12
20261005-010838-8084b01,2013,sale_emp_gr1,0.0049849857941495,0.839265913040324,12
20261005-010838-8084b01,2013,tangibility,-0.0327918837029013,-3.7989000215112583,12
20261005-010838-8084b01,2013,kz_index,-0.0293996040312703,-2.1731096118986284,12
20261005-010838-8084b01,2013,ocfq_saleq_std,-0.0457462647563214,-4.343674234527814,12
20261005-010838-8084b01,2013,cash_at,-0.0174827746108011,-1.0626648963397285,12
20261005-010838-8084b01,2013,ni_ar1,0.0075765219292912,1.1663810612229202,12
20261005-010838-8084b01,2013,ni_ivol,-0.0257682689551625,-1.369816563105152,12
20261005-010838-8084b01,2013,earnings_variability,-0.0017134545469987,-0.1762956660508932,12
20261005-010838-8084b01,2013,aliq_at,-0.0187514635148274,-1.845964660081688,12
20261005-010838-8084b01,2013,aliq_mat,-0.0034840646253145,-0.4414529583133102,12
20261005-010838-8084b01,2013,seas_1_1an,0.0229818764239714,2.0029290976100276,12
20261005-010838-8084b01,2013,seas_1_1na,0.0504537500266894,2.771820112750409,12
20261005-010838-8084b01,2013,seas_2_5an,0.0144776455262158,2.5975656041697435,12
20261005-010838-8084b01,2013,seas_2_5na,0.0023080435740269,0.2305239800888603,12
20261005-010838-8084b01,2013,seas_6_10an,0.0069530124154574,1.1932298805483177,12
20261005-010838-8084b01,2013,seas_6_10na,-0.0165028544127551,-1.1036377057912974,12
20261005-010838-8084b01,2013,seas_11_15an,-0.0015519888710377,-0.1899980929898816,12
20261005-010838-8084b01,2013,seas_11_15na,0.0016643327911161,0.179842871730508,12
20261005-010838-8084b01,2013,seas_16_20an,0.0040805628476218,0.6254856190226964,12
20261005-010838-8084b01,2013,seas_16_20na,0.0112143675871618,1.8751627122831656,12
20261005-010838-8084b01,2013,market_equity,0.0527116721062209,3.2223298708041086,12
20261005-010838-8084b01,2013,ivol_ff3_21d,-0.0562462428876871,-2.9991861160551023,12
20261005-010838-8084b01,2013,ivol_capm_252d,-0.0588892629219623,-2.5865507171682993,12
20261005-010838-8084b01,2013,ivol_capm_21d,-0.0560703192122486,-2.969665980372725,12
20261005-010838-8084b01,2013,ivol_hxz4_21d,-0.0563881833071194,-2.9866590875017676,12
20261005-010838-8084b01,2013,rvol_21d,-0.050673801085239,-2.383862187985504,12
20261005-010838-8084b01,2013,beta_60m,0.0155005778298627,0.6747601542670202,12
20261005-010838-8084b01,2013,betabab_1260d,-0.0042321084307111,-0.1526640500395639,12
20261005-010838-8084b01,2013,beta_dimson_21d,0.0169923363008352,1.2463438407706178,12
20261005-010838-8084b01,2013,turnover_126d,0.0201677258039756,1.054273059545065,12
20261005-010838-8084b01,2013,turnover_var_126d,-0.0398753275961978,-2.2981291240984256,12
20261005-010838-8084b01,2013,dolvol_126d,0.0444191873157024,2.670876984980024,12
20261005-010838-8084b01,2013,dolvol_var_126d,-0.0414358238061682,-2.4224019101213856,12
20261005-010838-8084b01,2013,prc,0.0591884632794775,3.391451490053035,12
20261005-010838-8084b01,2013,ami_126d,-0.0499217963838063,-3.0657059751948896,12
20261005-010838-8084b01,2013,zero_trades_21d,-0.0222068802210672,-1.204467918631621,12
20261005-010838-8084b01,2013,zero_trades_126d,-0.0228814224845613,-1.155485306263764,12
20261005-010838-8084b01,2013,zero_trades_252d,-0.0250506879883119,-1.2675626307553025,12
20261005-010838-8084b01,2013,rmax1_21d,-0.0471407543144308,-3.0161106793427264,12
20261005-010838-8084b01,2013,rskew_21d,-0.0114017807578467,-1.807511993303096,12
20261005-010838-8084b01,2013,iskew_capm_21d,-0.0019251678439506,-0.2980171773422432,12
20261005-010838-8084b01,2013,iskew_ff3_21d,0.0046627922456214,0.6005560068546759,12
20261005-010838-8084b01,2013,iskew_hxz4_21d,0.0020744008664781,0.263853065298498,12
20261005-010838-8084b01,2013,coskew_21d,0.0026521839780961,0.2413962534470707,12
20261005-010838-8084b01,2013,ret_1_0,-0.0060772583820265,-0.3697037672884263,12
20261005-010838-8084b01,2013,betadown_252d,0.0221780402668947,1.0210624183090389,12
20261005-010838-8084b01,2013,bidaskhl_21d,-0.056004794632924,-2.904543360416662,12
20261005-010838-8084b01,2013,ret_3_1,0.0322158929247684,2.3633455362522566,12
20261005-010838-8084b01,2013,ret_9_1,0.0530593600001396,3.417420940936424,12
20261005-010838-8084b01,2013,ret_12_7,0.0531376817789868,3.3691526537411836,12
20261005-010838-8084b01,2013,corr_1260d,0.0469730046062222,2.6837894066885633,12
20261005-010838-8084b01,2013,rmax5_21d,-0.0492988109193393,-2.8631246475886303,12
20261005-010838-8084b01,2013,rmax5_rvol_21d,-0.008172519187122,-0.5707587595889331,12
20261005-010838-8084b01,2013,ni_be,0.0522194714555231,4.157569212588636,12
20261005-010838-8084b01,2013,ocf_at,0.0457714380847243,3.232470041242926,12
20261005-010838-8084b01,2013,ocf_at_chg1,0.0234977404290143,3.1407004671716465,12
20261005-010838-8084b01,2013,mispricing_perf,0.059295748858797,4.784368417033931,12
20261005-010838-8084b01,2013,mispricing_mgmt,0.0106872195309297,1.1037781535786266,12
20261005-010838-8084b01,2013,qmj,0.0271056792995126,1.989221356125475,12
20261005-010838-8084b01,2013,qmj_prof,0.0478093139937906,4.14335307981694,12
20261005-010838-8084b01,2013,qmj_growth,0.0124533607506874,1.5293510004893744,12
20261005-010838-8084b01,2013,qmj_safety,0.0066526023741601,0.3436773414590501,12
20261005-010838-8084b01,2015,niq_su,0.0171208442304417,2.579580466019914,12
20261005-010838-8084b01,2015,ret_6_1,0.0758162889030179,1.693634964378366,12
20261005-010838-8084b01,2015,ret_12_1,0.1125193314476427,2.4876670061184383,12
20261005-010838-8084b01,2015,saleq_su,0.0356199967137088,2.4100968955133224,12
20261005-010838-8084b01,2015,tax_gr1a,0.0185931008071036,2.723160095643821,12
20261005-010838-8084b01,2015,ni_inc8q,0.0351538377470052,3.143932894986179,12
20261005-010838-8084b01,2015,prc_highprc_252d,0.1215371705095891,2.333100251084678,12
20261005-010838-8084b01,2015,resff3_6_1,0.0077952967900915,0.3281620624799771,12
20261005-010838-8084b01,2015,resff3_12_1,0.0320675388948173,1.5628950665570416,12
20261005-010838-8084b01,2015,be_me,-0.0234697924072558,-0.7145912522273529,12
20261005-010838-8084b01,2015,debt_me,-0.0134972355734101,-0.5925531357141339,12
20261005-010838-8084b01,2015,at_me,-0.0017213995530978,-0.0559328015315506,12
20261005-010838-8084b01,2015,ret_60_12,0.062655655290227,3.59065687726323,12
20261005-010838-8084b01,2015,ni_me,0.0802992656488997,3.966736095115474,12
20261005-010838-8084b01,2015,fcf_me,0.0906430925460461,4.050862880800895,12
20261005-010838-8084b01,2015,div12m_me,0.0502462359924095,2.802479726641223,12
20261005-010838-8084b01,2015,eqpo_me,0.0475293761910204,3.0999777306075655,12
20261005-010838-8084b01,2015,eqnpo_me,0.0519842969165373,2.739668993930591,12
20261005-010838-8084b01,2015,sale_gr3,0.0204199649464212,1.6181549935923178,12
20261005-010838-8084b01,2015,sale_gr1,0.0227656204270888,1.6030679928015643,12
20261005-010838-8084b01,2015,ebitda_mev,0.0452949793353874,2.0195983024387165,12
20261005-010838-8084b01,2015,sale_me,-0.0316104502250114,-1.4634116149505916,12
20261005-010838-8084b01,2015,ocf_me,0.0247793567804038,1.0537092275998106,12
20261005-010838-8084b01,2015,ival_me,-0.0175557351393517,-1.1208582033366827,12
20261005-010838-8084b01,2015,bev_mev,-0.0257433494149942,-0.8534736837711049,12
20261005-010838-8084b01,2015,netdebt_me,-0.0205527352057267,-1.0869080521928145,12
20261005-010838-8084b01,2015,eq_dur,-0.0336368321875755,-1.621055180594721,12
20261005-010838-8084b01,2015,capex_abn,0.0135023763708913,2.4466294676080893,12
20261005-010838-8084b01,2015,at_gr1,0.0417591420727974,2.2692409400122786,12
20261005-010838-8084b01,2015,ppeinv_gr1a,0.0040079263307121,0.4273750261667505,12
20261005-010838-8084b01,2015,noa_at,-0.0135873947986627,-0.7042738217818566,12
20261005-010838-8084b01,2015,noa_gr1a,0.0118647354513155,1.007080483755587,12
20261005-010838-8084b01,2015,lnoa_gr1a,0.013149878483497,1.238148106873844,12
20261005-010838-8084b01,2015,capx_gr1,0.0173936632364757,1.6498956419876665,12
20261005-010838-8084b01,2015,capx_gr2,0.0165336075064209,1.3872695162094906,12
20261005-010838-8084b01,2015,capx_gr3,0.0190496767290565,1.5384831509532062,12
20261005-010838-8084b01,2015,chcsho_12m,-0.0446628845605718,-3.0964389443775953,12
20261005-010838-8084b01,2015,eqnpo_12m,0.0503812302528577,2.8140980219272955,12
20261005-010838-8084b01,2015,debt_gr3,-1.755433181882234e-05,-0.002281706202703,12
20261005-010838-8084b01,2015,inv_gr1,0.0131320161736161,1.3562336436661668,12
20261005-010838-8084b01,2015,inv_gr1a,0.0138582123820541,1.2097409094154454,12
20261005-010838-8084b01,2015,oaccruals_at,0.0571543193108443,3.0618351450512535,12
20261005-010838-8084b01,2015,taccruals_at,0.0485721357553342,3.102434954910862,12
20261005-010838-8084b01,2015,cowc_gr1a,0.0016617113436163,0.2710707646577646,12
20261005-010838-8084b01,2015,coa_gr1a,0.0246900908242725,1.5260879698778396,12
20261005-010838-8084b01,2015,col_gr1a,0.0276404128298678,1.7810795761103375,12
20261005-010838-8084b01,2015,nncoa_gr1a,0.0171221297470314,1.5107268292761298,12
20261005-010838-8084b01,2015,ncoa_gr1a,0.024490354235798,2.306006189123779,12
20261005-010838-8084b01,2015,ncol_gr1a,0.0203057048809119,2.4063478096400135,12
20261005-010838-8084b01,2015,nfna_gr1a,0.0134128246214101,1.5128358648527818,12
20261005-010838-8084b01,2015,sti_gr1a,0.0178009407255488,1.667839220195431,12
20261005-010838-8084b01,2015,lti_gr1a,0.0216723460093094,2.813445165032511,12
20261005-010838-8084b01,2015,fnl_gr1a,-0.004724247315057,-0.5918193819562666,12
20261005-010838-8084b01,2015,be_gr1a,0.0285413921627891,2.1871378686185152,12
20261005-010838-8084b01,2015,oaccruals_ni,0.0103403753954047,0.8227677987418119,12
20261005-010838-8084b01,2015,taccruals_ni,0.0085172939750402,0.723318263319719,12
20261005-010838-8084b01,2015,netis_at,-0.0256610887641265,-1.8237423276184523,12
20261005-010838-8084b01,2015,eqnetis_at,-0.0489406569363136,-2.880859083339831,12
20261005-010838-8084b01,2015,dbnetis_at,0.0046254828138689,0.4353576661682594,12
20261005-010838-8084b01,2015,niq_be,0.0803014864701695,4.0403292082939295,12
20261005-010838-8084b01,2015,niq_be_chg1,0.03054063575931,3.2295358544607597,12
20261005-010838-8084b01,2015,niq_at,0.073384344511399,4.162422546582402,12
20261005-010838-8084b01,2015,niq_at_chg1,0.0227515928451363,2.757850443286845,12
20261005-010838-8084b01,2015,ebit_bev,0.0859056817004534,4.394041718919075,12
20261005-010838-8084b01,2015,ebit_sale,0.0979387664979796,4.2737447873762795,12
20261005-010838-8084b01,2015,sale_bev,0.0054267199284029,0.3211197628317941,12
20261005-010838-8084b01,2015,at_turnover,-0.005005842866932,-0.4656997832790679,12
20261005-010838-8084b01,2015,gp_at,0.0204738055390045,1.8551298436698036,12
20261005-010838-8084b01,2015,gp_atl1,0.0213216417555117,1.8417884469732104,12
20261005-010838-8084b01,2015,ope_be,0.0565760914829713,3.6580461106663855,12
20261005-010838-8084b01,2015,ope_bel1,0.0603982560804773,3.9315263920138848,12
20261005-010838-8084b01,2015,op_at,0.0477605087371999,3.777993392092224,12
20261005-010838-8084b01,2015,op_atl1,0.0465589192655838,3.626648060268459,12
20261005-010838-8084b01,2015,cop_at,0.012159996511261,0.9368705601359868,12
20261005-010838-8084b01,2015,cop_atl1,0.0166752235813412,1.2900709642776051,12
20261005-010838-8084b01,2015,f_score,0.039268083035598,2.4890958365395544,12
20261005-010838-8084b01,2015,o_score,-0.0723501694566424,-4.339068627864971,12
20261005-010838-8084b01,2015,z_score,0.0629786922528178,2.9683116819409285,12
20261005-010838-8084b01,2015,pi_nix,-0.003330605692908,-0.5695267140645144,12
20261005-010838-8084b01,2015,at_be,0.0440314278953586,2.3167221508273452,12
20261005-010838-8084b01,2015,saleq_gr1,0.0414663019758178,2.5136878925733974,12
20261005-010838-8084b01,2015,rd_me,-0.0177742088235992,-1.1568711154460456,12
20261005-010838-8084b01,2015,rd_sale,-0.0021938326850468,-0.1346865805113736,12
20261005-010838-8084b01,2015,opex_at,-0.0426023379120518,-2.741617878729724,12
20261005-010838-8084b01,2015,emp_gr1,0.0167965853258737,1.0527944159673108,12
20261005-010838-8084b01,2015,rd5_at,-0.0056588152665867,-0.4468558631225384,12
20261005-010838-8084b01,2015,age,0.0175208033902664,0.9845259120283246,12
20261005-010838-8084b01,2015,dsale_dinv,0.0108446778224221,1.4413098947145837,12
20261005-010838-8084b01,2015,dsale_drec,-0.0279536443598064,-2.376741083236208,12
20261005-010838-8084b01,2015,dgp_dsale,0.0475792976125366,4.308775482653523,12
20261005-010838-8084b01,2015,dsale_dsga,-0.0083352350520035,-0.9960318885811166,12
20261005-010838-8084b01,2015,sale_emp_gr1,-0.0012116960152099,-0.1976619126640191,12
20261005-010838-8084b01,2015,tangibility,-0.0450967155068759,-3.2632773275923057,12
20261005-010838-8084b01,2015,kz_index,-0.0764833330754253,-2.779325820164512,12
20261005-010838-8084b01,2015,ocfq_saleq_std,-0.0197330794592396,-1.335603216575486,12
20261005-010838-8084b01,2015,cash_at,-0.0131259576305685,-0.5626339012245856,12
20261005-010838-8084b01,2015,ni_ar1,0.0098465930717421,2.016026148797761,12
20261005-010838-8084b01,2015,ni_ivol,-0.0834121932872383,-3.3287709297559127,12
20261005-010838-8084b01,2015,earnings_variability,-0.0415964411640302,-2.6628353779778897,12
20261005-010838-8084b01,2015,aliq_at,-0.0001219876420744,-0.0080858592371099,12
20261005-010838-8084b01,2015,aliq_mat,-0.0335392155930121,-1.8279528493084096,12
20261005-010838-8084b01,2015,seas_1_1an,0.0576857854773978,3.0075185756549487,12
20261005-010838-8084b01,2015,seas_1_1na,0.0786746947476401,1.675203991896962,12
20261005-010838-8084b01,2015,seas_2_5an,0.0208229739556976,1.135019878226316,12
20261005-010838-8084b01,2015,seas_2_5na,0.0243764048665254,1.6774873923379514,12
20261005-010838-8084b01,2015,seas_6_10an,-0.0053507200711353,-0.5463945552018964,12
20261005-010838-8084b01,2015,seas_6_10na,-0.0313598083461006,-2.4030697778321084,12
20261005-010838-8084b01,2015,seas_11_15an,0.0133948404480702,0.9930309145320586,12
20261005-010838-8084b01,2015,seas_11_15na,-0.0067799604653021,-0.6278482500524035,12
20261005-010838-8084b01,2015,seas_16_20an,0.0085002086983598,1.8196556958204049,12
20261005-010838-8084b01,2015,seas_16_20na,-0.0059164577624573,-0.9484838499704484,12
20261005-010838-8084b01,2015,market_equity,0.0648264714862648,2.6142481244601616,12
20261005-010838-8084b01,2015,ivol_ff3_21d,-0.118766931363435,-4.388332148600774,12
20261005-010838-8084b01,2015,ivol_capm_252d,-0.1252992437436093,-4.0999845543707325,12
20261005-010838-8084b01,2015,ivol_capm_21d,-0.1257670939650232,-4.381230492624872,12
20261005-010838-8084b01,2015,ivol_hxz4_21d,-0.1203501094015042,-4.316202816454289,12
20261005-010838-8084b01,2015,rvol_21d,-0.1300598369826372,-4.0350298612045234,12
20261005-010838-8084b01,2015,beta_60m,-0.0702646615648829,-1.7810293707879046,12
20261005-010838-8084b01,2015,betabab_1260d,-0.0834445990247867,-1.790909624714185,12
20261005-010838-8084b01,2015,beta_dimson_21d,-0.0440959024203251,-1.5276510477229233,12
20261005-010838-8084b01,2015,turnover_126d,-0.0434331121005549,-1.270886944046769,12
20261005-010838-8084b01,2015,turnover_var_126d,-0.0276040288485158,-1.224700574035589,12
20261005-010838-8084b01,2015,dolvol_126d,0.0321922028079958,1.1259749849756968,12
20261005-010838-8084b01,2015,dolvol_var_126d,-0.0298632406713512,-1.302880714489313,12
20261005-010838-8084b01,2015,prc,0.0953893172856249,3.334875170909486,12
20261005-010838-8084b01,2015,ami_126d,-0.0489373845224973,-1.9056382947736348,12
20261005-010838-8084b01,2015,zero_trades_21d,0.0345888944576657,1.027617763809043,12
20261005-010838-8084b01,2015,zero_trades_126d,0.0402727989425415,1.1413163745803303,12
20261005-010838-8084b01,2015,zero_trades_252d,0.0425330641830032,1.2232989840715789,12
20261005-010838-8084b01,2015,rmax1_21d,-0.1171344651931823,-4.989184312393868,12
20261005-010838-8084b01,2015,rskew_21d,-0.0105319817815016,-1.04927795573214,12
20261005-010838-8084b01,2015,iskew_capm_21d,-0.0107834345753142,-1.6003140180889066,12
20261005-010838-8084b01,2015,iskew_ff3_21d,-0.0106700728933743,-1.724611878541609,12
20261005-010838-8084b01,2015,iskew_hxz4_21d,-0.0096203199954637,-2.1123508999709113,12
20261005-010838-8084b01,2015,coskew_21d,0.0056340445286977,0.2791658428890486,12
20261005-010838-8084b01,2015,ret_1_0,-0.0125317603902157,-0.378509838222445,12
20261005-010838-8084b01,2015,betadown_252d,-0.0435206607612362,-1.143520767059352,12
20261005-010838-8084b01,2015,bidaskhl_21d,-0.113350974047023,-4.055982749492244,12
20261005-010838-8084b01,2015,ret_3_1,0.0451749083894681,1.5646602947246202,12
20261005-010838-8084b01,2015,ret_9_1,0.0974898174726323,2.146482453807907,12
20261005-010838-8084b01,2015,ret_12_7,0.097814700383601,3.6143622767389623,12
20261005-010838-8084b01,2015,corr_1260d,0.028119959616091,1.0439063140316551,12
20261005-010838-8084b01,2015,rmax5_21d,-0.1298572195291071,-5.149842389830818,12
20261005-010838-8084b01,2015,rmax5_rvol_21d,-0.0241687589477692,-1.426461722982069,12
20261005-010838-8084b01,2015,ni_be,0.0749571241795662,3.898669530298348,12
20261005-010838-8084b01,2015,ocf_at,0.035718982700317,2.0366021271157364,12
20261005-010838-8084b01,2015,ocf_at_chg1,0.0046460524625554,0.7040370347814782,12
20261005-010838-8084b01,2015,mispricing_perf,0.0895368980848809,3.664596032455864,12
20261005-010838-8084b01,2015,mispricing_mgmt,-0.0031125194371758,-0.2188215053535873,12
20261005-010838-8084b01,2015,qmj,0.0868273296982643,4.070354077079119,12
20261005-010838-8084b01,2015,qmj_prof,0.0556353114721089,3.638785765142824,12
20261005-010838-8084b01,2015,qmj_growth,0.0411709442767111,5.297319218999316,12
20261005-010838-8084b01,2015,qmj_safety,0.1066522848667168,3.179710123703622,12
20261005-010838-8084b01,2017,niq_su,0.0076490932552685,0.8631785932641048,12
20261005-010838-8084b01,2017,ret_6_1,0.0373552238531664,1.4713063394982024,12
20261005-010838-8084b01,2017,ret_12_1,0.0443268410651323,1.9213696573732373,12
20261005-010838-8084b01,2017,saleq_su,0.0407445886294055,3.977388605266603,12
20261005-010838-8084b01,2017,tax_gr1a,0.0109398415554001,1.8320175401307384,12
20261005-010838-8084b01,2017,ni_inc8q,0.0149772820868094,1.5710267089147911,12
20261005-010838-8084b01,2017,prc_highprc_252d,0.0704718233899333,1.8166650654221792,12
20261005-010838-8084b01,2017,resff3_6_1,0.0273032071641739,2.244167382242797,12
20261005-010838-8084b01,2017,resff3_12_1,0.0238180778159626,2.1830035561999224,12
20261005-010838-8084b01,2017,be_me,-0.033358922108855,-1.751761012380868,12
20261005-010838-8084b01,2017,debt_me,-0.0171106441705916,-0.9980655055898516,12
20261005-010838-8084b01,2017,at_me,-0.0311441886271035,-1.3422309592301596,12
20261005-010838-8084b01,2017,ret_60_12,0.0647496502551418,2.8363232840297763,12
20261005-010838-8084b01,2017,ni_me,0.0679754114031658,3.1537077552762396,12
20261005-010838-8084b01,2017,fcf_me,0.0443550873541273,2.8616157553733768,12
20261005-010838-8084b01,2017,div12m_me,0.0323022105050054,2.078546268950599,12
20261005-010838-8084b01,2017,eqpo_me,0.0381568583331467,3.1492870773593604,12
20261005-010838-8084b01,2017,eqnpo_me,0.0494904915071387,3.043680601364634,12
20261005-010838-8084b01,2017,sale_gr3,0.0255385631266059,1.562819104766633,12
20261005-010838-8084b01,2017,sale_gr1,0.042116405188036,2.61307608661047,12
20261005-010838-8084b01,2017,ebitda_mev,0.0446180860531585,2.8123294423471146,12
20261005-010838-8084b01,2017,sale_me,-0.0055925000639683,-0.3120358600045229,12
20261005-010838-8084b01,2017,ocf_me,0.0267854641513697,1.6306405373048198,12
20261005-010838-8084b01,2017,ival_me,-0.0223286701836398,-1.3318847449533375,12
20261005-010838-8084b01,2017,bev_mev,-0.0350502237576304,-1.7467684958056058,12
20261005-010838-8084b01,2017,netdebt_me,-0.0144815601075354,-1.051052707583336,12
20261005-010838-8084b01,2017,eq_dur,-0.0087407342129708,-0.6438317038088658,12
20261005-010838-8084b01,2017,capex_abn,0.0276258912405434,3.073228282953634,12
20261005-010838-8084b01,2017,at_gr1,0.0452030202543079,3.0991936321933005,12
20261005-010838-8084b01,2017,ppeinv_gr1a,0.0148829757181591,1.382113752851193,12
20261005-010838-8084b01,2017,noa_at,0.0106037386524345,0.7436337729720145,12
20261005-010838-8084b01,2017,noa_gr1a,0.0376204800269247,2.6424182653030495,12
20261005-010838-8084b01,2017,lnoa_gr1a,0.0395626136343663,3.0122125594730025,12
20261005-010838-8084b01,2017,capx_gr1,0.0282283861974413,3.0889525660980164,12
20261005-010838-8084b01,2017,capx_gr2,0.0330966302788648,2.301856514505623,12
20261005-010838-8084b01,2017,capx_gr3,0.0335656108129117,2.319110493565015,12
20261005-010838-8084b01,2017,chcsho_12m,-0.0478686607451857,-2.609809071415454,12
20261005-010838-8084b01,2017,eqnpo_12m,0.0480313276459519,2.575692361926119,12
20261005-010838-8084b01,2017,debt_gr3,0.0110255497520007,1.8064292707315333,12
20261005-010838-8084b01,2017,inv_gr1,0.0166912595638018,1.9491679194546665,12
20261005-010838-8084b01,2017,inv_gr1a,0.0162132636461013,1.9798329137980593,12
20261005-010838-8084b01,2017,oaccruals_at,0.0350239791081308,2.3551329203886255,12
20261005-010838-8084b01,2017,taccruals_at,0.0205146298661747,1.6364416953152716,12
20261005-010838-8084b01,2017,cowc_gr1a,0.0091820263435928,1.4300564390620576,12
20261005-010838-8084b01,2017,coa_gr1a,0.0411451456523901,3.3448181144658657,12
20261005-010838-8084b01,2017,col_gr1a,0.0359265334415191,3.7244514347746143,12
20261005-010838-8084b01,2017,nncoa_gr1a,0.040363381792059,2.795772461669934,12
20261005-010838-8084b01,2017,ncoa_gr1a,0.0474879868310828,3.123313379619894,12
20261005-010838-8084b01,2017,ncol_gr1a,0.0246780533191491,2.095231571955027,12
20261005-010838-8084b01,2017,nfna_gr1a,-0.0120148020936546,-1.0604915062977722,12
20261005-010838-8084b01,2017,sti_gr1a,0.0072021609420859,1.2748682220769691,12
20261005-010838-8084b01,2017,lti_gr1a,0.0200734052667874,4.39251335377766,12
20261005-010838-8084b01,2017,fnl_gr1a,0.0207893779055039,2.0463023301337757,12
20261005-010838-8084b01,2017,be_gr1a,0.0323124756850012,2.19389607342178,12
20261005-010838-8084b01,2017,oaccruals_ni,-0.0082022911358866,-0.6420627270002265,12
20261005-010838-8084b01,2017,taccruals_ni,-0.0091929406545534,-1.0368535366397704,12
20261005-010838-8084b01,2017,netis_at,-0.0351451171239344,-2.287479909208047,12
20261005-010838-8084b01,2017,eqnetis_at,-0.0510649008597571,-2.850905528725124,12
20261005-010838-8084b01,2017,dbnetis_at,-0.0053506584861741,-0.4815001970990195,12
20261005-010838-8084b01,2017,niq_be,0.0689218239572607,3.236329697681408,12
20261005-010838-8084b01,2017,niq_be_chg1,0.030753795487035,2.610921308976385,12
20261005-010838-8084b01,2017,niq_at,0.0752869074935411,2.935542929063938,12
20261005-010838-8084b01,2017,niq_at_chg1,0.0176572878047103,1.596854503108321,12
20261005-010838-8084b01,2017,ebit_bev,0.0734143291179246,3.8274000282900738,12
20261005-010838-8084b01,2017,ebit_sale,0.0628693091240095,3.0057206067649807,12
20261005-010838-8084b01,2017,sale_bev,0.0282822187006776,2.120817378282617,12
20261005-010838-8084b01,2017,at_turnover,0.0330817901433541,1.6648124462290244,12
20261005-010838-8084b01,2017,gp_at,0.0466386716594029,1.9805119350810485,12
20261005-010838-8084b01,2017,gp_atl1,0.0514715569170771,2.0984475760156953,12
20261005-010838-8084b01,2017,ope_be,0.067406618881176,3.4220198728748032,12
20261005-010838-8084b01,2017,ope_bel1,0.0689387218071081,3.3351916223201927,12
20261005-010838-8084b01,2017,op_at,0.0797827271392992,3.2590662448625296,12
20261005-010838-8084b01,2017,op_atl1,0.0819236731332153,3.268722087299869,12
20261005-010838-8084b01,2017,cop_at,0.0419874506539531,2.46450774879254,12
20261005-010838-8084b01,2017,cop_atl1,0.0510274299928282,2.8805256468125706,12
20261005-010838-8084b01,2017,f_score,0.0376105682404699,2.6754743692817375,12
20261005-010838-8084b01,2017,o_score,-0.0723689832842981,-3.092300548512616,12
20261005-010838-8084b01,2017,z_score,0.0542557056459909,2.7583358514169474,12
20261005-010838-8084b01,2017,pi_nix,-0.0050451987820665,-0.3762793440051087,12
20261005-010838-8084b01,2017,at_be,0.0055501227250604,0.3883119285811761,12
20261005-010838-8084b01,2017,saleq_gr1,0.0637329797897949,5.277935020438044,12
20261005-010838-8084b01,2017,rd_me,-0.0204020772860214,-0.9897811431332204,12
20261005-010838-8084b01,2017,rd_sale,-0.0073331718420744,-0.3793814729278059,12
20261005-010838-8084b01,2017,opex_at,-0.0115706351895295,-0.7657426151210955,12
20261005-010838-8084b01,2017,emp_gr1,0.0329595519643108,2.1983507631779178,12
20261005-010838-8084b01,2017,rd5_at,-0.0028608454856069,-0.1728636490378158,12
20261005-010838-8084b01,2017,age,0.0304515133598047,1.993128472087708,12
20261005-010838-8084b01,2017,dsale_dinv,0.0028438540228969,0.3595819896870123,12
20261005-010838-8084b01,2017,dsale_drec,-0.0171345429392166,-2.6246363074888244,12
20261005-010838-8084b01,2017,dgp_dsale,0.0214275410790532,1.8083796661665588,12
20261005-010838-8084b01,2017,dsale_dsga,0.031294590582024,2.0903108679545066,12
20261005-010838-8084b01,2017,sale_emp_gr1,0.0048936605745528,0.491871016479077,12
20261005-010838-8084b01,2017,tangibility,-0.0333930014332526,-2.0243845026380543,12
20261005-010838-8084b01,2017,kz_index,-0.0457035218460202,-2.930621237996077,12
20261005-010838-8084b01,2017,ocfq_saleq_std,-0.0476404953983226,-2.7891457235995127,12
20261005-010838-8084b01,2017,cash_at,0.0107113446049422,0.6368242079199681,12
20261005-010838-8084b01,2017,ni_ar1,-0.0090343774035508,-1.5358066565041406,12
20261005-010838-8084b01,2017,ni_ivol,-0.0422896169704849,-2.0269804209814493,12
20261005-010838-8084b01,2017,earnings_variability,-0.0242543617649262,-1.614056633610542,12
20261005-010838-8084b01,2017,aliq_at,0.0141998092823482,1.3528888448447016,12
20261005-010838-8084b01,2017,aliq_mat,-0.027758026453263,-1.702777930230616,12
20261005-010838-8084b01,2017,seas_1_1an,-0.0200144713825482,-1.0218182738833526,12
20261005-010838-8084b01,2017,seas_1_1na,0.0355678343676616,1.7355982352276873,12
20261005-010838-8084b01,2017,seas_2_5an,0.0216410260685733,1.3117121270153291,12
20261005-010838-8084b01,2017,seas_2_5na,0.0489821441338643,2.5833380192824995,12
20261005-010838-8084b01,2017,seas_6_10an,-0.0104083792283125,-1.0819650688021476,12
20261005-010838-8084b01,2017,seas_6_10na,0.0107199510189688,2.552041786692732,12
20261005-010838-8084b01,2017,seas_11_15an,0.0115680591718271,1.5012184541488371,12
20261005-010838-8084b01,2017,seas_11_15na,-0.0093064525118108,-0.8934571313353458,12
20261005-010838-8084b01,2017,seas_16_20an,0.0039945809214452,0.539154811693972,12
20261005-010838-8084b01,2017,seas_16_20na,0.0063558039424202,1.13171352045734,12
20261005-010838-8084b01,2017,market_equity,0.0932006524262928,4.333266398389681,12
20261005-010838-8084b01,2017,ivol_ff3_21d,-0.088951668840055,-3.2264514564646953,12
20261005-010838-8084b01,2017,ivol_capm_252d,-0.0936677063506196,-3.134073909819106,12
20261005-010838-8084b01,2017,ivol_capm_21d,-0.0913448312564446,-3.27881922824585,12
20261005-010838-8084b01,2017,ivol_hxz4_21d,-0.0855709906432009,-3.2278600252604828,12
20261005-010838-8084b01,2017,rvol_21d,-0.091456633767574,-3.1440418714916105,12
20261005-010838-8084b01,2017,beta_60m,-0.0038298581544916,-0.2079933018098955,12
20261005-010838-8084b01,2017,betabab_1260d,-0.0264370491971234,-0.9797276662646448,12
20261005-010838-8084b01,2017,beta_dimson_21d,-0.0186842119839143,-0.9483967748379596,12
20261005-010838-8084b01,2017,turnover_126d,-0.0062361324868847,-0.389555069053163,12
20261005-010838-8084b01,2017,turnover_var_126d,-0.0568373816387551,-3.911800475766176,12
20261005-010838-8084b01,2017,dolvol_126d,0.0716525525759207,4.48762795518242,12
20261005-010838-8084b01,2017,dolvol_var_126d,-0.0599238473924211,-4.315599141966432,12
20261005-010838-8084b01,2017,prc,0.0963088173288899,3.3685121410794556,12
20261005-010838-8084b01,2017,ami_126d,-0.0826386784164925,-4.605682418274487,12
20261005-010838-8084b01,2017,zero_trades_21d,0.002730100301227,0.1836198548123873,12
20261005-010838-8084b01,2017,zero_trades_126d,0.0041036948876163,0.270445637408934,12
20261005-010838-8084b01,2017,zero_trades_252d,0.0011842196933339,0.0830757909293088,12
20261005-010838-8084b01,2017,rmax1_21d,-0.0857085645276066,-3.665774865002112,12
20261005-010838-8084b01,2017,rskew_21d,-0.0220683115212823,-2.569966542483245,12
20261005-010838-8084b01,2017,iskew_capm_21d,-0.0165254354425563,-2.057351580511118,12
20261005-010838-8084b01,2017,iskew_ff3_21d,-0.0105413656237219,-1.8664700560431584,12
20261005-010838-8084b01,2017,iskew_hxz4_21d,-0.0153260045564768,-2.7976546553742505,12
20261005-010838-8084b01,2017,coskew_21d,-0.0143805767601887,-1.151960038853845,12
20261005-010838-8084b01,2017,ret_1_0,-0.0106766714742698,-0.393194665664437,12
20261005-010838-8084b01,2017,betadown_252d,0.013448409094841,0.6655981347819154,12
20261005-010838-8084b01,2017,bidaskhl_21d,-0.0931251201362476,-3.218151326923652,12
20261005-010838-8084b01,2017,ret_3_1,0.0312216036451785,1.3019525840554556,12
20261005-010838-8084b01,2017,ret_9_1,0.0409691448914279,1.7142471466575868,12
20261005-010838-8084b01,2017,ret_12_7,0.032209644278125,1.8409272614440255,12
20261005-010838-8084b01,2017,corr_1260d,0.0582657405954926,3.9219269777325767,12
20261005-010838-8084b01,2017,rmax5_21d,-0.094482712963791,-4.173070150833084,12
20261005-010838-8084b01,2017,rmax5_rvol_21d,-0.0176223663563481,-1.3756176619732463,12
20261005-010838-8084b01,2017,ni_be,0.0728066043621442,3.1783213595772404,12
20261005-010838-8084b01,2017,ocf_at,0.0621374302735429,2.661375981677029,12
20261005-010838-8084b01,2017,ocf_at_chg1,0.0128915921774674,1.2337250503736452,12
20261005-010838-8084b01,2017,mispricing_perf,0.0844120552995186,2.780632815197323,12
20261005-010838-8084b01,2017,mispricing_mgmt,-0.0051189139025942,-0.6473183678865924,12
20261005-010838-8084b01,2017,qmj,0.0504304836190089,2.3681141212758865,12
20261005-010838-8084b01,2017,qmj_prof,0.071909157570709,2.811187094634562,12
20261005-010838-8084b01,2017,qmj_growth,0.0145370768219921,0.9785836002169036,12
20261005-010838-8084b01,2017,qmj_safety,0.0554303167242295,2.344864595558218,12
20261005-010838-8084b01,2019,niq_su,-0.0018038623722245,-0.2379199612782086,12
20261005-010838-8084b01,2019,ret_6_1,0.032868619411972,0.9598658406629696,12
20261005-010838-8084b01,2019,ret_12_1,0.0450530136050454,1.1511763689170873,12
20261005-010838-8084b01,2019,saleq_su,0.0025072612502542,0.2261895182864224,12
20261005-010838-8084b01,2019,tax_gr1a,-0.015031337981502,-2.074862195332458,12
20261005-010838-8084b01,2019,ni_inc8q,0.0263448213276271,3.140480848819336,12
20261005-010838-8084b01,2019,prc_highprc_252d,0.0562599812657723,1.0842326097765074,12
20261005-010838-8084b01,2019,resff3_6_1,0.0095818655011862,0.6297491082427051,12
20261005-010838-8084b01,2019,resff3_12_1,-0.0056197351723063,-0.329988634645979,12
20261005-010838-8084b01,2019,be_me,-0.0184003083194221,-0.58442773692019,12
20261005-010838-8084b01,2019,debt_me,0.0199540720123057,0.6306249787880965,12
20261005-010838-8084b01,2019,at_me,-0.0012566403742256,-0.0334638370733104,12
20261005-010838-8084b01,2019,ret_60_12,0.0761543403030589,3.0074991329046363,12
20261005-010838-8084b01,2019,ni_me,0.0766629693625206,2.600916786074831,12
20261005-010838-8084b01,2019,fcf_me,0.0653200894928329,2.019882950138562,12
20261005-010838-8084b01,2019,div12m_me,0.0558582401054311,2.117302646170219,12
20261005-010838-8084b01,2019,eqpo_me,0.0564397513730481,2.1594290807019534,12
20261005-010838-8084b01,2019,eqnpo_me,0.0629919510179203,2.064787329722594,12
20261005-010838-8084b01,2019,sale_gr3,0.0251018121711594,2.099277950515415,12
20261005-010838-8084b01,2019,sale_gr1,0.0110055812339242,0.8424169983446229,12
20261005-010838-8084b01,2019,ebitda_mev,0.046758883911538,1.2580639939211753,12
20261005-010838-8084b01,2019,sale_me,0.0059240345993079,0.1585160251622413,12
20261005-010838-8084b01,2019,ocf_me,0.0443323751232464,1.3268016585736693,12
20261005-010838-8084b01,2019,ival_me,-0.0095587328307711,-0.3734517586828077,12
20261005-010838-8084b01,2019,bev_mev,-0.0090528691715991,-0.2898118340671515,12
20261005-010838-8084b01,2019,netdebt_me,0.0298499224261711,1.173117166343402,12
20261005-010838-8084b01,2019,eq_dur,-0.0292017166182066,-1.0925163936792588,12
20261005-010838-8084b01,2019,capex_abn,0.0165406110465691,2.5426624794586563,12
20261005-010838-8084b01,2019,at_gr1,0.0220889615072333,1.731372213238162,12
20261005-010838-8084b01,2019,ppeinv_gr1a,0.018252619626118,1.946082398190366,12
20261005-010838-8084b01,2019,noa_at,0.0274297064191643,1.4391398224194365,12
20261005-010838-8084b01,2019,noa_gr1a,0.0197063634243758,3.07458280015068,12
20261005-010838-8084b01,2019,lnoa_gr1a,0.0209752544374782,2.5220611798044463,12
20261005-010838-8084b01,2019,capx_gr1,0.0072789162776548,1.146730129279761,12
20261005-010838-8084b01,2019,capx_gr2,0.0034134889943593,0.5300756811967408,12
20261005-010838-8084b01,2019,capx_gr3,0.0206780027115085,2.4856260413984312,12
20261005-010838-8084b01,2019,chcsho_12m,-0.0600396550669049,-2.4310017359093803,12
20261005-010838-8084b01,2019,eqnpo_12m,0.0637950752885716,2.291587750493292,12
20261005-010838-8084b01,2019,debt_gr3,0.0232712018641294,2.8987710011347296,12
20261005-010838-8084b01,2019,inv_gr1,0.0119763152484847,1.357225980567346,12
20261005-010838-8084b01,2019,inv_gr1a,0.0161532606249614,1.463530142710049,12
20261005-010838-8084b01,2019,oaccruals_at,0.0396645921122864,2.4332755824275556,12
20261005-010838-8084b01,2019,taccruals_at,0.0185343409631021,1.552719148749633,12
20261005-010838-8084b01,2019,cowc_gr1a,0.0159323283403207,1.649729428405298,12
20261005-010838-8084b01,2019,coa_gr1a,0.0275376962353967,2.1606502939672585,12
20261005-010838-8084b01,2019,col_gr1a,0.0090256682597906,0.6690385119156819,12
20261005-010838-8084b01,2019,nncoa_gr1a,0.0199655435757803,3.556840048113067,12
20261005-010838-8084b01,2019,ncoa_gr1a,0.0263183346637051,3.2580198021514586,12
20261005-010838-8084b01,2019,ncol_gr1a,0.0128192477727461,1.1989931871661867,12
20261005-010838-8084b01,2019,nfna_gr1a,-0.0033349337617177,-0.569634862700835,12
20261005-010838-8084b01,2019,sti_gr1a,-0.0024661034295232,-0.4038446967890814,12
20261005-010838-8084b01,2019,lti_gr1a,0.0009731868673041,0.1346222948067131,12
20261005-010838-8084b01,2019,fnl_gr1a,0.0069843699614987,1.0476964665105868,12
20261005-010838-8084b01,2019,be_gr1a,0.0202009138209593,2.412171258378575,12
20261005-010838-8084b01,2019,oaccruals_ni,-0.0024156883839994,-0.2682266231681237,12
20261005-010838-8084b01,2019,taccruals_ni,-0.0114237009912426,-1.181555427077356,12
20261005-010838-8084b01,2019,netis_at,-0.0659245169058726,-2.779251611622046,12
20261005-010838-8084b01,2019,eqnetis_at,-0.0614358346625869,-2.241057512702628,12
20261005-010838-8084b01,2019,dbnetis_at,-0.0334866116737169,-2.619618900172703,12
20261005-010838-8084b01,2019,niq_be,0.0766034946884408,3.0013841440491316,12
20261005-010838-8084b01,2019,niq_be_chg1,0.0161997256725042,2.3454126944034273,12
20261005-010838-8084b01,2019,niq_at,0.0728717945870282,2.8943768935997785,12
20261005-010838-8084b01,2019,niq_at_chg1,0.0054810952307112,0.7285344783228446,12
20261005-010838-8084b01,2019,ebit_bev,0.0669125727219935,2.594080431601114,12
20261005-010838-8084b01,2019,ebit_sale,0.0705451657622659,2.5017727969883965,12
20261005-010838-8084b01,2019,sale_bev,-0.0009998883096604,-0.0580152218020813,12
20261005-010838-8084b01,2019,at_turnover,0.019437655388723,0.9940130275594165,12
20261005-010838-8084b01,2019,gp_at,0.0285542749253513,1.7746022856088366,12
20261005-010838-8084b01,2019,gp_atl1,0.0274444360280897,1.8111866351778976,12
20261005-010838-8084b01,2019,ope_be,0.0655569794299228,2.5491590770926917,12
20261005-010838-8084b01,2019,ope_bel1,0.0643867153153011,2.7850840508385333,12
20261005-010838-8084b01,2019,op_at,0.0663473389887232,3.2217954843245744,12
20261005-010838-8084b01,2019,op_atl1,0.0654681136279079,3.3907264668786548,12
20261005-010838-8084b01,2019,cop_at,0.0385068862441921,2.611932050894549,12
20261005-010838-8084b01,2019,cop_atl1,0.0423522161460095,3.117034906522821,12
20261005-010838-8084b01,2019,f_score,0.030245620857179,2.0736022290356955,12
20261005-010838-8084b01,2019,o_score,-0.0616873090959938,-2.825738701781536,12
20261005-010838-8084b01,2019,z_score,0.0506390563910605,2.2940814908940115,12
20261005-010838-8084b01,2019,pi_nix,0.0035110844584996,0.4577383296212866,12
20261005-010838-8084b01,2019,at_be,0.0327958246636773,1.5761533376622994,12
20261005-010838-8084b01,2019,saleq_gr1,0.0193050831794424,1.661604989848386,12
20261005-010838-8084b01,2019,rd_me,-0.0241468693453993,-1.339524566378122,12
20261005-010838-8084b01,2019,rd_sale,-0.0147257171378403,-0.6566146180075126,12
20261005-010838-8084b01,2019,opex_at,-0.0302120321828952,-1.505948287056465,12
20261005-010838-8084b01,2019,emp_gr1,0.0143328354157653,1.0054300978711936,12
20261005-010838-8084b01,2019,rd5_at,-0.0144748039930436,-0.7512745704909344,12
20261005-010838-8084b01,2019,age,0.0520458559182249,2.205791419652994,12
20261005-010838-8084b01,2019,dsale_dinv,-0.0130154989225851,-3.046954894906748,12
20261005-010838-8084b01,2019,dsale_drec,-0.0101938462497368,-1.0311017634740158,12
20261005-010838-8084b01,2019,dgp_dsale,0.0052127808920748,0.4908905917469792,12
20261005-010838-8084b01,2019,dsale_dsga,0.0025288862139568,0.2086403516047976,12
20261005-010838-8084b01,2019,sale_emp_gr1,-0.0100361501583266,-1.2476506087982435,12
20261005-010838-8084b01,2019,tangibility,-0.0446549593008508,-2.3900417753583163,12
20261005-010838-8084b01,2019,kz_index,-0.0290376118563049,-1.498139380282164,12
20261005-010838-8084b01,2019,ocfq_saleq_std,-0.0473811482994408,-2.7184491057030153,12
20261005-010838-8084b01,2019,cash_at,-0.0251938072545246,-0.9576086790487832,12
20261005-010838-8084b01,2019,ni_ar1,0.0096917163475802,2.0442696440107135,12
20261005-010838-8084b01,2019,ni_ivol,-0.0645865052372738,-2.213777281543855,12
20261005-010838-8084b01,2019,earnings_variability,-0.0297002187876988,-1.7755386591782722,12
20261005-010838-8084b01,2019,aliq_at,-0.0226914702720699,-1.5513893806075634,12
20261005-010838-8084b01,2019,aliq_mat,-0.036138776711654,-1.940810231936197,12
20261005-010838-8084b01,2019,seas_1_1an,-0.0094146477038112,-0.7518510266061791,12
20261005-010838-8084b01,2019,seas_1_1na,0.0128705539932255,0.3141776981627303,12
20261005-010838-8084b01,2019,seas_2_5an,0.0088554309402691,0.6543012019899309,12
20261005-010838-8084b01,2019,seas_2_5na,0.0601433062440134,3.6093747713603417,12
20261005-010838-8084b01,2019,seas_6_10an,0.0086972753808867,0.8152350301208423,12
20261005-010838-8084b01,2019,seas_6_10na,0.0049722988487215,0.3432989744657775,12
20261005-010838-8084b01,2019,seas_11_15an,-0.0028806591828912,-0.3177964684006899,12
20261005-010838-8084b01,2019,seas_11_15na,-0.0061690926363192,-0.574032557498689,12
20261005-010838-8084b01,2019,seas_16_20an,0.01298491764994,1.4983567470219168,12
20261005-010838-8084b01,2019,seas_16_20na,-0.0116207221342276,-1.4566197119917184,12
20261005-010838-8084b01,2019,market_equity,0.1079810770895529,3.992087224851653,12
20261005-010838-8084b01,2019,ivol_ff3_21d,-0.0949464214145271,-2.722801067851123,12
20261005-010838-8084b01,2019,ivol_capm_252d,-0.1029673700127798,-2.7634003394683364,12
20261005-010838-8084b01,2019,ivol_capm_21d,-0.0942453226724178,-2.6214812497717723,12
20261005-010838-8084b01,2019,ivol_hxz4_21d,-0.0949009759427285,-2.6828928249800974,12
20261005-010838-8084b01,2019,rvol_21d,-0.077790937901768,-1.9715429563428752,12
20261005-010838-8084b01,2019,beta_60m,0.0015526716226753,0.0426887104715938,12
20261005-010838-8084b01,2019,betabab_1260d,0.0199347726348879,0.4878134065375686,12
20261005-010838-8084b01,2019,beta_dimson_21d,0.0457639963452644,2.3211690045812476,12
20261005-010838-8084b01,2019,turnover_126d,-0.0023645225129653,-0.0713472813560554,12
20261005-010838-8084b01,2019,turnover_var_126d,-0.094521109884483,-3.815035689120956,12
20261005-010838-8084b01,2019,dolvol_126d,0.0885126603239127,3.873250929593522,12
20261005-010838-8084b01,2019,dolvol_var_126d,-0.0962563483756123,-3.857489626676942,12
20261005-010838-8084b01,2019,prc,0.1015518136858334,3.05489690572495,12
20261005-010838-8084b01,2019,ami_126d,-0.102130836735321,-4.3765531191806595,12
20261005-010838-8084b01,2019,zero_trades_21d,-0.0084250456154485,-0.2553396005045352,12
20261005-010838-8084b01,2019,zero_trades_126d,-0.0011928719042066,-0.0351829424210172,12
20261005-010838-8084b01,2019,zero_trades_252d,-0.0001463637346924,-0.0044186201665429,12
20261005-010838-8084b01,2019,rmax1_21d,-0.0822098681037653,-2.4715037313732333,12
20261005-010838-8084b01,2019,rskew_21d,-0.0267411568336656,-2.1448143085075624,12
20261005-010838-8084b01,2019,iskew_capm_21d,-0.0174226478911191,-1.792508618192699,12
20261005-010838-8084b01,2019,iskew_ff3_21d,-0.0152631263902361,-1.8354874555799856,12
20261005-010838-8084b01,2019,iskew_hxz4_21d,-0.0163559126130151,-2.54779335768749,12
20261005-010838-8084b01,2019,coskew_21d,0.0002543482081951,0.0194977821944075,12
20261005-010838-8084b01,2019,ret_1_0,-0.0309649624607995,-0.8848055158262927,12
20261005-010838-8084b01,2019,betadown_252d,0.0364422325343186,1.0875579588576327,12
20261005-010838-8084b01,2019,bidaskhl_21d,-0.0945946744219889,-2.721864617535238,12
20261005-010838-8084b01,2019,ret_3_1,0.0246317045659682,0.8008081327149896,12
20261005-010838-8084b01,2019,ret_9_1,0.0477279982886289,1.1864845700649738,12
20261005-010838-8084b01,2019,ret_12_7,0.0307180273549535,1.3343502823918554,12
20261005-010838-8084b01,2019,corr_1260d,0.0984071550796417,3.354309663065058,12
20261005-010838-8084b01,2019,rmax5_21d,-0.0898976307922768,-2.710581397995628,12
20261005-010838-8084b01,2019,rmax5_rvol_21d,-0.0106551781946545,-0.7527685416270903,12
20261005-010838-8084b01,2019,ni_be,0.0783293885311072,2.994248533696304,12
20261005-010838-8084b01,2019,ocf_at,0.058650951820708,2.533197966908097,12
20261005-010838-8084b01,2019,ocf_at_chg1,0.0031653746143479,0.7590289335424251,12
20261005-010838-8084b01,2019,mispricing_perf,0.0689271840777907,2.660326882747544,12
20261005-010838-8084b01,2019,mispricing_mgmt,0.0027680095483137,0.2544522882895652,12
20261005-010838-8084b01,2019,qmj,0.0445049609830769,2.020573622660787,12
20261005-010838-8084b01,2019,qmj_prof,0.0616251179646251,2.8294589302079975,12
20261005-010838-8084b01,2019,qmj_growth,0.023237268344686,2.4288504416475645,12
20261005-010838-8084b01,2019,qmj_safety,0.0383783916605603,1.1875431143734652,12
20261005-010838-8084b01,2021,niq_su,0.0571309037637498,3.421092320848416,12
20261005-010838-8084b01,2021,ret_6_1,0.0569217710993445,1.8567596365354728,12
20261005-010838-8084b01,2021,ret_12_1,0.0095083128712878,0.3288270851444435,12
20261005-010838-8084b01,2021,saleq_su,-0.0020569526428415,-0.092141801953044,12
20261005-010838-8084b01,2021,tax_gr1a,0.0102629679770942,0.4452723463783862,12
20261005-010838-8084b01,2021,ni_inc8q,0.0128718253639093,0.5944507668654159,12
20261005-010838-8084b01,2021,prc_highprc_252d,0.1351075272536478,2.1108044153952092,12
20261005-010838-8084b01,2021,resff3_6_1,0.0107754514756698,0.6807059140548545,12
20261005-010838-8084b01,2021,resff3_12_1,0.0055998295984891,0.3059665399163109,12
20261005-010838-8084b01,2021,be_me,0.0802309342249321,2.1763471693782956,12
20261005-010838-8084b01,2021,debt_me,0.1368311815647591,3.4356086397690793,12
20261005-010838-8084b01,2021,at_me,0.1375939677822868,3.005203221087487,12
20261005-010838-8084b01,2021,ret_60_12,0.0470568241695243,1.099084463285793,12
20261005-010838-8084b01,2021,ni_me,0.1317937463595848,2.173120443450324,12
20261005-010838-8084b01,2021,fcf_me,0.1541050292390225,3.189012959748731,12
20261005-010838-8084b01,2021,div12m_me,0.1082875437412412,2.2557387614482027,12
20261005-010838-8084b01,2021,eqpo_me,0.1499811242576282,3.1774150437844098,12
20261005-010838-8084b01,2021,eqnpo_me,0.1721778997890547,3.253090831394034,12
20261005-010838-8084b01,2021,sale_gr3,0.0073591263612901,0.4946601024260948,12
20261005-010838-8084b01,2021,sale_gr1,-0.0249002074057442,-1.0818087248730353,12
20261005-010838-8084b01,2021,ebitda_mev,0.1673233314688902,2.780252121446057,12
20261005-010838-8084b01,2021,sale_me,0.144312629315514,3.48332436311462,12
20261005-010838-8084b01,2021,ocf_me,0.1731597737499105,3.4327765765514684,12
20261005-010838-8084b01,2021,ival_me,0.0157350773091087,0.8145249278761912,12
20261005-010838-8084b01,2021,bev_mev,0.1133151488320603,2.930057410920784,12
20261005-010838-8084b01,2021,netdebt_me,0.1037687581626876,3.351441497861279,12
20261005-010838-8084b01,2021,eq_dur,-0.0940219230354244,-2.111281220848565,12
20261005-010838-8084b01,2021,capex_abn,0.0060198847406321,0.48883498394182,12
20261005-010838-8084b01,2021,at_gr1,-0.0759523215660631,-3.293660492644115,12
20261005-010838-8084b01,2021,ppeinv_gr1a,0.0059480614912969,0.425295985124723,12
20261005-010838-8084b01,2021,noa_at,0.0729051754159394,2.42357791040934,12
20261005-010838-8084b01,2021,noa_gr1a,-0.0253243022933643,-1.4350649611131585,12
20261005-010838-8084b01,2021,lnoa_gr1a,-0.0094870265692824,-0.4602615296956937,12
20261005-010838-8084b01,2021,capx_gr1,-0.0112769616363173,-0.7388452449102111,12
20261005-010838-8084b01,2021,capx_gr2,-0.0080279073554371,-0.5018946707363825,12
20261005-010838-8084b01,2021,capx_gr3,-0.0033894972125494,-0.2286568324849418,12
20261005-010838-8084b01,2021,chcsho_12m,-0.1506266765919519,-2.9040022781641537,12
20261005-010838-8084b01,2021,eqnpo_12m,0.1565885216939638,2.813119119560404,12
20261005-010838-8084b01,2021,debt_gr3,-0.0210770122651688,-1.6939082709152853,12
20261005-010838-8084b01,2021,inv_gr1,-0.0125331860389063,-1.259576974003901,12
20261005-010838-8084b01,2021,inv_gr1a,-0.0073199996685013,-0.5261876496874153,12
20261005-010838-8084b01,2021,oaccruals_at,0.0289642614668537,1.1205207623044682,12
20261005-010838-8084b01,2021,taccruals_at,0.0277507249020922,1.4003259620026929,12
20261005-010838-8084b01,2021,cowc_gr1a,-0.0174929701661059,-3.0235352576435597,12
20261005-010838-8084b01,2021,coa_gr1a,-0.0250532493096157,-1.3284874807043954,12
20261005-010838-8084b01,2021,col_gr1a,-0.0083272744928196,-0.5130083879216504,12
20261005-010838-8084b01,2021,nncoa_gr1a,-0.0172533670771712,-0.8009577621933018,12
20261005-010838-8084b01,2021,ncoa_gr1a,-0.0120028268582662,-0.4695906027680898,12
20261005-010838-8084b01,2021,ncol_gr1a,0.0227931137689558,1.0136143844255203,12
20261005-010838-8084b01,2021,nfna_gr1a,0.0192416881543126,2.4648934710274832,12
20261005-010838-8084b01,2021,sti_gr1a,0.0007561981511723,0.0697308670941504,12
20261005-010838-8084b01,2021,lti_gr1a,0.0190503415675114,1.0797260468602703,12
20261005-010838-8084b01,2021,fnl_gr1a,-0.0273079645312488,-2.4374477247131945,12
20261005-010838-8084b01,2021,be_gr1a,-0.0700371581352926,-3.0895696463105495,12
20261005-010838-8084b01,2021,oaccruals_ni,-0.0742039582296415,-3.6866203519560594,12
20261005-010838-8084b01,2021,taccruals_ni,-0.0314915090174902,-1.8004356941903534,12
20261005-010838-8084b01,2021,netis_at,-0.1577270353555739,-3.4959529970592924,12
20261005-010838-8084b01,2021,eqnetis_at,-0.1647164773465937,-3.4759984188703577,12
20261005-010838-8084b01,2021,dbnetis_at,-0.0745322648119302,-3.1650174277830136,12
20261005-010838-8084b01,2021,niq_be,0.1369691141501096,2.757154913913225,12
20261005-010838-8084b01,2021,niq_be_chg1,-0.0047260755085659,-0.4611001906949031,12
20261005-010838-8084b01,2021,niq_at,0.1409665643986181,2.6649110682170285,12
20261005-010838-8084b01,2021,niq_at_chg1,-0.0191142153290703,-1.791448372925944,12
20261005-010838-8084b01,2021,ebit_bev,0.1284974727002973,2.4060095126132,12
20261005-010838-8084b01,2021,ebit_sale,0.1349618850455176,2.327214493663871,12
20261005-010838-8084b01,2021,sale_bev,0.0193487492571844,1.209452011071108,12
20261005-010838-8084b01,2021,at_turnover,0.060763949746798,2.1871961019458124,12
20261005-010838-8084b01,2021,gp_at,0.0665148984310541,2.1339882702095148,12
20261005-010838-8084b01,2021,gp_atl1,0.0460486204746872,1.4913898504961811,12
20261005-010838-8084b01,2021,ope_be,0.1284815979944782,2.3951298240589236,12
20261005-010838-8084b01,2021,ope_bel1,0.1078144432854854,2.124010096758316,12
20261005-010838-8084b01,2021,op_at,0.1181027644632433,2.455144005451273,12
20261005-010838-8084b01,2021,op_atl1,0.1076665685380221,2.3470499516189376,12
20261005-010838-8084b01,2021,cop_at,0.0905465171387714,3.408552941784544,12
20261005-010838-8084b01,2021,cop_atl1,0.0753828804601583,2.8557835031161867,12
20261005-010838-8084b01,2021,f_score,0.0594460356480567,1.7603469158079728,12
20261005-010838-8084b01,2021,o_score,-0.1093371761682304,-2.2055837945007553,12
20261005-010838-8084b01,2021,z_score,-0.0192832451205581,-0.6856109851379314,12
20261005-010838-8084b01,2021,pi_nix,0.0262692517880125,2.705990728938811,12
20261005-010838-8084b01,2021,at_be,0.1154070015889253,3.599026592104515,12
20261005-010838-8084b01,2021,saleq_gr1,-0.0326618621517687,-1.3000965055189848,12
20261005-010838-8084b01,2021,rd_me,-0.0573220436705569,-1.9852430099466385,12
20261005-010838-8084b01,2021,rd_sale,-0.0745878119503858,-2.116580493872392,12
20261005-010838-8084b01,2021,opex_at,-0.0374602999196872,-1.4148882348814171,12
20261005-010838-8084b01,2021,emp_gr1,-0.0323135147512274,-1.5946853039839235,12
20261005-010838-8084b01,2021,rd5_at,-0.0651290981161443,-2.088510698398066,12
20261005-010838-8084b01,2021,age,0.1131267380011749,2.645449288039852,12
20261005-010838-8084b01,2021,dsale_dinv,-0.0019889791837656,-0.2266297676571919,12
20261005-010838-8084b01,2021,dsale_drec,0.0022185694570362,0.3126520961252556,12
20261005-010838-8084b01,2021,dgp_dsale,0.0099353185637295,0.5253797112734703,12
20261005-010838-8084b01,2021,dsale_dsga,-0.0039693329697291,-0.2621605586413512,12
20261005-010838-8084b01,2021,sale_emp_gr1,0.0021736593475795,0.308890749637717,12
20261005-010838-8084b01,2021,tangibility,-0.0668698748347998,-2.071560814053348,12
20261005-010838-8084b01,2021,kz_index,0.0163528191699511,1.023908435983817,12
20261005-010838-8084b01,2021,ocfq_saleq_std,-0.0733343360685303,-2.0255942289740725,12
20261005-010838-8084b01,2021,cash_at,-0.143118273534321,-3.3408933955943767,12
20261005-010838-8084b01,2021,ni_ar1,-0.0023991244316419,-0.3858323416134315,12
20261005-010838-8084b01,2021,ni_ivol,-0.1104547024558699,-2.174393134895198,12
20261005-010838-8084b01,2021,earnings_variability,-0.0419111076735988,-1.9537570099222823,12
20261005-010838-8084b01,2021,aliq_at,-0.1110270026189163,-3.569399310496344,12
20261005-010838-8084b01,2021,aliq_mat,-0.0053977350069746,-0.2065968953683732,12
20261005-010838-8084b01,2021,seas_1_1an,-0.0138212974382395,-0.6503689539018811,12
20261005-010838-8084b01,2021,seas_1_1na,0.0025711195943897,0.0972660936824915,12
20261005-010838-8084b01,2021,seas_2_5an,0.0242258239393537,1.348791684643314,12
20261005-010838-8084b01,2021,seas_2_5na,-0.0054069168550071,-0.2113875656473857,12
20261005-010838-8084b01,2021,seas_6_10an,0.0288202567183883,2.9726114478934145,12
20261005-010838-8084b01,2021,seas_6_10na,0.0092482455396926,0.60377800200315,12
20261005-010838-8084b01,2021,seas_11_15an,0.019569592473663,2.222387180055479,12
20261005-010838-8084b01,2021,seas_11_15na,-0.019077766154311,-2.32859150296431,12
20261005-010838-8084b01,2021,seas_16_20an,0.0189431899160971,1.9337974442830264,12
20261005-010838-8084b01,2021,seas_16_20na,-0.0041387606639872,-0.6204445780249718,12
20261005-010838-8084b01,2021,market_equity,0.0880155102744785,1.5750864812732714,12
20261005-010838-8084b01,2021,ivol_ff3_21d,-0.1602053762979862,-2.561086924450129,12
20261005-010838-8084b01,2021,ivol_capm_252d,-0.1494140051200957,-2.034977082086063,12
20261005-010838-8084b01,2021,ivol_capm_21d,-0.1541997641293279,-2.3608835334538085,12
20261005-010838-8084b01,2021,ivol_hxz4_21d,-0.1583990119257351,-2.543841125621792,12
20261005-010838-8084b01,2021,rvol_21d,-0.1496114654383993,-2.2754517127806384,12
20261005-010838-8084b01,2021,beta_60m,-0.0122633182504643,-0.3807919695890165,12
20261005-010838-8084b01,2021,betabab_1260d,-0.0049194337572274,-0.1471621843620036,12
20261005-010838-8084b01,2021,beta_dimson_21d,-0.0597382394174078,-2.1091536204282995,12
20261005-010838-8084b01,2021,turnover_126d,-0.1198195701055463,-2.0302237864362875,12
20261005-010838-8084b01,2021,turnover_var_126d,-0.1122186474773811,-2.088703579923218,12
20261005-010838-8084b01,2021,dolvol_126d,0.0099317085696224,0.2965059980567063,12
20261005-010838-8084b01,2021,dolvol_var_126d,-0.115464432039793,-2.0665205415478036,12
20261005-010838-8084b01,2021,prc,0.1087886618150815,1.7135821528732047,12
20261005-010838-8084b01,2021,ami_126d,-0.0637308710739838,-1.4774994860012696,12
20261005-010838-8084b01,2021,zero_trades_21d,0.0977126082940384,1.7696028720842285,12
20261005-010838-8084b01,2021,zero_trades_126d,0.1143197614056362,1.9879463552192531,12
20261005-010838-8084b01,2021,zero_trades_252d,0.1102299860428753,2.0593234701981804,12
20261005-010838-8084b01,2021,rmax1_21d,-0.1315558077066466,-2.267177461310206,12
20261005-010838-8084b01,2021,rskew_21d,-0.0328626807836724,-1.5472999964948706,12
20261005-010838-8084b01,2021,iskew_capm_21d,-0.0243030896791785,-1.319544760426272,12
20261005-010838-8084b01,2021,iskew_ff3_21d,-0.037839770007171,-2.056401089419515,12
20261005-010838-8084b01,2021,iskew_hxz4_21d,-0.0312975699032344,-1.7193468981899096,12
20261005-010838-8084b01,2021,coskew_21d,-0.0010622731723662,-0.0278447795542581,12
20261005-010838-8084b01,2021,ret_1_0,0.0192681141174051,0.689923703589075,12
20261005-010838-8084b01,2021,betadown_252d,-0.0287227332258795,-0.8176535679988469,12
20261005-010838-8084b01,2021,bidaskhl_21d,-0.1513085185716737,-2.308095447330984,12
20261005-010838-8084b01,2021,ret_3_1,0.0416617326885402,1.001391256570614,12
20261005-010838-8084b01,2021,ret_9_1,0.0691390350901525,2.3373458138715373,12
20261005-010838-8084b01,2021,ret_12_7,-0.0269627170413811,-0.9096349774465284,12
20261005-010838-8084b01,2021,corr_1260d,0.1270476298845441,2.224289383566888,12
20261005-010838-8084b01,2021,rmax5_21d,-0.1376154613187163,-2.375586171834992,12
20261005-010838-8084b01,2021,rmax5_rvol_21d,-0.0016210848495563,-0.0581647369829832,12
20261005-010838-8084b01,2021,ni_be,0.1283483352502853,2.2537586688199203,12
20261005-010838-8084b01,2021,ocf_at,0.1475207795729751,3.10983936572835,12
20261005-010838-8084b01,2021,ocf_at_chg1,-0.0414099164648633,-2.9824945505424765,12
20261005-010838-8084b01,2021,mispricing_perf,0.1106078410422928,2.3891886337428527,12
20261005-010838-8084b01,2021,mispricing_mgmt,0.0828935302328683,3.7405230302556167,12
20261005-010838-8084b01,2021,qmj,0.0586508822015773,1.436113270875567,12
20261005-010838-8084b01,2021,qmj_prof,0.1297270022964226,2.7051316617130317,12
20261005-010838-8084b01,2021,qmj_growth,-0.008921622992367,-0.5983971401141295,12
20261005-010838-8084b01,2021,qmj_safety,0.0407162412262741,1.1516565207621463,12
20261005-010838-8084b01,2023,niq_su,-0.020689521777854,-2.1886023204243106,12
20261005-010838-8084b01,2023,ret_6_1,0.0579771645361652,1.3835759464669868,12
20261005-010838-8084b01,2023,ret_12_1,0.0753326709152085,1.3400824277561318,12
20261005-010838-8084b01,2023,saleq_su,0.0085373357713604,0.5270936192411482,12
20261005-010838-8084b01,2023,tax_gr1a,0.0319647308173933,2.5915803499775123,12
20261005-010838-8084b01,2023,ni_inc8q,0.0254547542532612,1.7372323757776031,12
20261005-010838-8084b01,2023,prc_highprc_252d,0.1001069099959766,1.3616796938466331,12
20261005-010838-8084b01,2023,resff3_6_1,0.0124688162600347,0.5211752742918879,12
20261005-010838-8084b01,2023,resff3_12_1,0.0296619169357359,1.3011784555407135,12
20261005-010838-8084b01,2023,be_me,-0.0175861838163698,-0.5633304760651671,12
20261005-010838-8084b01,2023,debt_me,0.0107336521020728,0.4077450813173401,12
20261005-010838-8084b01,2023,at_me,-0.0041162208214899,-0.1146317511622328,12
20261005-010838-8084b01,2023,ret_60_12,0.0752602275255119,3.7948741529056016,12
20261005-010838-8084b01,2023,ni_me,0.1240300790534502,2.969591374431795,12
20261005-010838-8084b01,2023,fcf_me,0.1253989817321058,3.0758592428131437,12
20261005-010838-8084b01,2023,div12m_me,0.0707046808897668,2.0706851507781767,12
20261005-010838-8084b01,2023,eqpo_me,0.0903557954689036,2.9355542608534937,12
20261005-010838-8084b01,2023,eqnpo_me,0.1136611138422848,3.1626154736385823,12
20261005-010838-8084b01,2023,sale_gr3,0.019077284850422,1.5595378219728464,12
20261005-010838-8084b01,2023,sale_gr1,0.0319483124848811,3.724748024037433,12
20261005-010838-8084b01,2023,ebitda_mev,0.120782745187767,3.3593065296653064,12
20261005-010838-8084b01,2023,sale_me,0.0479394727367113,2.1258804600464645,12
20261005-010838-8084b01,2023,ocf_me,0.1221730605823499,3.0749165543395764,12
20261005-010838-8084b01,2023,ival_me,-0.0208335255183242,-0.8561886376129826,12
20261005-010838-8084b01,2023,bev_mev,0.0020309844899903,0.0806662286685358,12
20261005-010838-8084b01,2023,netdebt_me,0.0325002483712749,1.4611945695045578,12
20261005-010838-8084b01,2023,eq_dur,-0.0642137222041116,-2.23441788949399,12
20261005-010838-8084b01,2023,capex_abn,0.0019139541268863,0.3387305496246042,12
20261005-010838-8084b01,2023,at_gr1,0.0578597218486327,4.2680624437642445,12
20261005-010838-8084b01,2023,ppeinv_gr1a,0.0187599149767985,2.242293573388055,12
20261005-010838-8084b01,2023,noa_at,0.0597731523111714,2.48473495759844,12
20261005-010838-8084b01,2023,noa_gr1a,0.0247401000519209,3.939151853483829,12
20261005-010838-8084b01,2023,lnoa_gr1a,0.0156426829428954,2.2777008110150305,12
20261005-010838-8084b01,2023,capx_gr1,0.0234882079751714,3.2868776352630658,12
20261005-010838-8084b01,2023,capx_gr2,0.0033949829560088,0.3409073668609167,12
20261005-010838-8084b01,2023,capx_gr3,-0.0051772556372639,-0.4289050114504438,12
20261005-010838-8084b01,2023,chcsho_12m,-0.1143789283937975,-2.9103244176713945,12
20261005-010838-8084b01,2023,eqnpo_12m,0.1194400428633087,2.8452525322245665,12
20261005-010838-8084b01,2023,debt_gr3,0.0027215845132506,0.1679795176932864,12
20261005-010838-8084b01,2023,inv_gr1,0.0123542504949128,0.8289006944401508,12
20261005-010838-8084b01,2023,inv_gr1a,0.0257891353526702,1.397442406852141,12
20261005-010838-8084b01,2023,oaccruals_at,0.0516762573062796,2.8309148247728353,12
20261005-010838-8084b01,2023,taccruals_at,0.0401614185927738,2.238388294510383,12
20261005-010838-8084b01,2023,cowc_gr1a,0.0239814188029756,2.5639800741729863,12
20261005-010838-8084b01,2023,coa_gr1a,0.0287971278262612,2.3721942769636257,12
20261005-010838-8084b01,2023,col_gr1a,-0.0033825802261338,-0.3495090722765034,12
20261005-010838-8084b01,2023,nncoa_gr1a,0.0169463024015589,2.7029959355551973,12
20261005-010838-8084b01,2023,ncoa_gr1a,0.0198715994904119,2.509679649799016,12
20261005-010838-8084b01,2023,ncol_gr1a,0.0058066302248296,1.0884708048388032,12
20261005-010838-8084b01,2023,nfna_gr1a,0.0038770629038346,0.3697360966007773,12
20261005-010838-8084b01,2023,sti_gr1a,-0.004263246914025,-0.5104344324242205,12
20261005-010838-8084b01,2023,lti_gr1a,-0.0105458685439338,-0.6208313312731132,12
20261005-010838-8084b01,2023,fnl_gr1a,-4.928979197624944e-05,-0.0055676476611059,12
20261005-010838-8084b01,2023,be_gr1a,0.0644987560228337,3.432583541806586,12
20261005-010838-8084b01,2023,oaccruals_ni,-0.0229713883087363,-2.43603801387639,12
20261005-010838-8084b01,2023,taccruals_ni,-0.0275610175260963,-2.094870017928062,12
20261005-010838-8084b01,2023,netis_at,-0.0932249744644987,-4.015632482591117,12
20261005-010838-8084b01,2023,eqnetis_at,-0.1111801597744525,-3.598122322572973,12
20261005-010838-8084b01,2023,dbnetis_at,-0.0293265033769132,-4.276604550575685,12
20261005-010838-8084b01,2023,niq_be,0.1088547707988501,2.801764768352885,12
20261005-010838-8084b01,2023,niq_be_chg1,0.0396489482174929,2.123064805350161,12
20261005-010838-8084b01,2023,niq_at,0.121844626988421,3.014005855905099,12
20261005-010838-8084b01,2023,niq_at_chg1,0.0330285533452971,2.288228199058482,12
20261005-010838-8084b01,2023,ebit_bev,0.1107193318337372,2.8139165743427426,12
20261005-010838-8084b01,2023,ebit_sale,0.1025256567491534,2.5153846183163893,12
20261005-010838-8084b01,2023,sale_bev,0.041100625244916,3.033798510587014,12
20261005-010838-8084b01,2023,at_turnover,0.0683634743400579,2.944193287114381,12
20261005-010838-8084b01,2023,gp_at,0.0744333528083189,3.2021236551045527,12
20261005-010838-8084b01,2023,gp_atl1,0.0785369683452007,3.2972555917636996,12
20261005-010838-8084b01,2023,ope_be,0.1136897071285762,3.0694783053330714,12
20261005-010838-8084b01,2023,ope_bel1,0.1104339980229654,3.0842683658619334,12
20261005-010838-8084b01,2023,op_at,0.1305596958192281,3.881547515665996,12
20261005-010838-8084b01,2023,op_atl1,0.1264072386449905,3.840946890991595,12
20261005-010838-8084b01,2023,cop_at,0.0858148841749351,3.8495902024347415,12
20261005-010838-8084b01,2023,cop_atl1,0.0904651305746412,4.067081227515958,12
20261005-010838-8084b01,2023,f_score,0.0762404457045134,2.6412656088307256,12
20261005-010838-8084b01,2023,o_score,-0.1189575703068833,-3.2876356232747934,12
20261005-010838-8084b01,2023,z_score,0.0997428599673243,3.982491009537134,12
20261005-010838-8084b01,2023,pi_nix,0.0079243497224015,1.2706612692322847,12
20261005-010838-8084b01,2023,at_be,0.0253057548175757,1.0034797968359652,12
20261005-010838-8084b01,2023,saleq_gr1,0.0331159431579293,3.2830300122917246,12
20261005-010838-8084b01,2023,rd_me,-0.0687602642714615,-2.250145311778614,12
20261005-010838-8084b01,2023,rd_sale,-0.0501628928931868,-2.119368261527385,12
20261005-010838-8084b01,2023,opex_at,-0.0418473341988382,-1.8453191033556244,12
20261005-010838-8084b01,2023,emp_gr1,0.0078283550533767,0.5022309903570829,12
20261005-010838-8084b01,2023,rd5_at,-0.0485468729510649,-2.149514013473727,12
20261005-010838-8084b01,2023,age,0.07343115663521,3.203948966252408,12
20261005-010838-8084b01,2023,dsale_dinv,-0.0024418147536901,-0.1406044585603696,12
20261005-010838-8084b01,2023,dsale_drec,6.67056789539615e-05,0.0082292047651496,12
20261005-010838-8084b01,2023,dgp_dsale,0.0042986582667769,0.2732869844889375,12
20261005-010838-8084b01,2023,dsale_dsga,0.0373438996732643,4.179314795324177,12
20261005-010838-8084b01,2023,sale_emp_gr1,0.0172887900890215,1.625696032035937,12
20261005-010838-8084b01,2023,tangibility,-0.028650533665328,-2.1984962917468325,12
20261005-010838-8084b01,2023,kz_index,-0.0507315757920713,-3.484226342595322,12
20261005-010838-8084b01,2023,ocfq_saleq_std,-0.0716382596634042,-3.2797890409324357,12
20261005-010838-8084b01,2023,cash_at,-0.0481893083249301,-1.4191084671802066,12
20261005-010838-8084b01,2023,ni_ar1,0.0082508125995495,1.224707957610946,12
20261005-010838-8084b01,2023,ni_ivol,-0.0696384025448002,-2.561661731746619,12
20261005-010838-8084b01,2023,earnings_variability,-0.0314665615922715,-2.380007060475966,12
20261005-010838-8084b01,2023,aliq_at,0.0112427763783775,0.9251396337030448,12
20261005-010838-8084b01,2023,aliq_mat,-0.0086419130432038,-0.5664625322568762,12
20261005-010838-8084b01,2023,seas_1_1an,0.0270205876295549,0.7569433492846662,12
20261005-010838-8084b01,2023,seas_1_1na,0.0367263546208091,0.7760946339039839,12
20261005-010838-8084b01,2023,seas_2_5an,0.0396918693130312,2.547329412437506,12
20261005-010838-8084b01,2023,seas_2_5na,0.0238072125647536,2.7587118395479537,12
20261005-010838-8084b01,2023,seas_6_10an,0.0167546368546271,1.5162291692167396,12
20261005-010838-8084b01,2023,seas_6_10na,0.0156689210169795,2.0746980605352525,12
20261005-010838-8084b01,2023,seas_11_15an,-0.006948378674353,-0.7398695616778647,12
20261005-010838-8084b01,2023,seas_11_15na,0.0121475525584756,0.8760483310191001,12
20261005-010838-8084b01,2023,seas_16_20an,0.0153786735842948,1.935622772630737,12
20261005-010838-8084b01,2023,seas_16_20na,0.0115431387590479,0.994790264442764,12
20261005-010838-8084b01,2023,market_equity,0.129316139266491,3.936429402961727,12
20261005-010838-8084b01,2023,ivol_ff3_21d,-0.1354218711926497,-2.4031843238389277,12
20261005-010838-8084b01,2023,ivol_capm_252d,-0.1390656624810119,-2.244860732755701,12
20261005-010838-8084b01,2023,ivol_capm_21d,-0.1303042038167104,-2.2074586709808783,12
20261005-010838-8084b01,2023,ivol_hxz4_21d,-0.1358663804668091,-2.4236530355920034,12
20261005-010838-8084b01,2023,rvol_21d,-0.1212541028823746,-1.9152475169390188,12
20261005-010838-8084b01,2023,beta_60m,0.0049300090378357,0.1441943857744035,12
20261005-010838-8084b01,2023,betabab_1260d,0.0038622038128975,0.0892287227450871,12
20261005-010838-8084b01,2023,beta_dimson_21d,0.0104130882207986,0.2610013856881424,12
20261005-010838-8084b01,2023,turnover_126d,-0.0522731156480364,-1.2627901566439013,12
20261005-010838-8084b01,2023,turnover_var_126d,-0.1095939772362448,-4.089872820809122,12
20261005-010838-8084b01,2023,dolvol_126d,0.0840483115236861,3.2066924319241217,12
20261005-010838-8084b01,2023,dolvol_var_126d,-0.1121095574680031,-4.1222104560970925,12
20261005-010838-8084b01,2023,prc,0.1361931251437025,3.1689127464138815,12
20261005-010838-8084b01,2023,ami_126d,-0.107203195965608,-3.773522220889235,12
20261005-010838-8084b01,2023,zero_trades_21d,0.0392658061930122,0.897243097030471,12
20261005-010838-8084b01,2023,zero_trades_126d,0.0522984811658332,1.0726875343027191,12
20261005-010838-8084b01,2023,zero_trades_252d,0.051558067729439,1.0229056567905213,12
20261005-010838-8084b01,2023,rmax1_21d,-0.1061882146213866,-1.877895740088115,12
20261005-010838-8084b01,2023,rskew_21d,-0.0197849421331924,-1.2446258997686483,12
20261005-010838-8084b01,2023,iskew_capm_21d,-0.0307982110530839,-2.681465107100649,12
20261005-010838-8084b01,2023,iskew_ff3_21d,-0.0341082217587098,-3.4278914512911474,12
20261005-010838-8084b01,2023,iskew_hxz4_21d,-0.0261505333068878,-3.019007702417136,12
20261005-010838-8084b01,2023,coskew_21d,0.0247593137777321,1.519900852291267,12
20261005-010838-8084b01,2023,ret_1_0,0.015194294751199,0.3131041091579079,12
20261005-010838-8084b01,2023,betadown_252d,-0.0042076174197663,-0.0729775952577587,12
20261005-010838-8084b01,2023,bidaskhl_21d,-0.1335298470672256,-2.3034298167787064,12
20261005-010838-8084b01,2023,ret_3_1,0.0111186477231296,0.3323978663986796,12
20261005-010838-8084b01,2023,ret_9_1,0.0514673687049559,0.9835166539223744,12
20261005-010838-8084b01,2023,ret_12_7,0.0775560737918622,1.7907100308684905,12
20261005-010838-8084b01,2023,corr_1260d,0.1013758323748887,4.357148616506111,12
20261005-010838-8084b01,2023,rmax5_21d,-0.1110304656216762,-1.909207022776248,12
20261005-010838-8084b01,2023,rmax5_rvol_21d,0.0081254595350561,0.3590680888180279,12
20261005-010838-8084b01,2023,ni_be,0.1157087810864693,2.84008590918182,12
20261005-010838-8084b01,2023,ocf_at,0.1300785498686702,3.391576918903171,12
20261005-010838-8084b01,2023,ocf_at_chg1,0.0454344663481005,2.5635749242543233,12
20261005-010838-8084b01,2023,mispricing_perf,0.1248214123321087,2.340975836631607,12
20261005-010838-8084b01,2023,mispricing_mgmt,0.0046913406583113,0.5769813907721377,12
20261005-010838-8084b01,2023,qmj,0.0614170800412213,2.013355033344998,12
20261005-010838-8084b01,2023,qmj_prof,0.1177166301102242,3.2830084644047197,12
20261005-010838-8084b01,2023,qmj_growth,0.0129123071826823,1.2080828417686076,12
20261005-010838-8084b01,2023,qmj_safety,0.0870136849780235,2.269693725485348,12
20261005-010838-8084b01,1996,niq_su,0.011684057786236457,1.9886539182114429,12
20261005-010838-8084b01,1996,ret_6_1,0.03134283837460649,1.4893382139812694,12
20261005-010838-8084b01,1996,ret_12_1,0.04588109322179971,2.6671559171716694,12
20261005-010838-8084b01,1996,saleq_su,0.009723423102472132,1.3117757947277016,12
20261005-010838-8084b01,1996,tax_gr1a,0.03224056094289109,2.994115289611002,12
20261005-010838-8084b01,1996,ni_inc8q,0.026610074200813193,2.778170022113077,12
20261005-010838-8084b01,1996,prc_highprc_252d,0.07630254291481074,2.177649996376199,12
20261005-010838-8084b01,1996,resff3_6_1,0.007522845959501559,0.7073480373461398,12
20261005-010838-8084b01,1996,resff3_12_1,0.020366275854927705,2.502866284738933,12
20261005-010838-8084b01,1996,be_me,0.047235772127516805,1.5294603084172926,12
20261005-010838-8084b01,1996,debt_me,0.03576017852427519,1.2934537345921828,12
20261005-010838-8084b01,1996,at_me,0.06352168159496031,1.5481949394754617,12
20261005-010838-8084b01,1996,ret_60_12,0.025424719893978293,1.8545288585692012,12
20261005-010838-8084b01,1996,ni_me,0.08927145035545635,2.5161235715261556,12
20261005-010838-8084b01,1996,fcf_me,0.06642486135134633,3.68753219719405,12
20261005-010838-8084b01,1996,div12m_me,0.06698654430464519,1.81226947926275,12
20261005-010838-8084b01,1996,eqpo_me,0.048659023657063226,1.8660758785265028,12
20261005-010838-8084b01,1996,eqnpo_me,0.06485375764945407,2.1805162822461774,12
20261005-010838-8084b01,1996,sale_gr3,-0.00578883359205358,-0.4187445880349575,12
20261005-010838-8084b01,1996,sale_gr1,-0.0020850808221128483,-0.13337816006498082,12
20261005-010838-8084b01,1996,ebitda_mev,0.09710132677838196,2.661385230016866,12
20261005-010838-8084b01,1996,sale_me,0.04278534876975026,2.107324187867897,12
20261005-010838-8084b01,1996,ocf_me,0.09255930688051899,3.0033858598883585,12
20261005-010838-8084b01,1996,ival_me,0.020725316400223664,1.2725114854516466,12
20261005-010838-8084b01,1996,bev_mev,0.05253386521183764,1.5812624088253326,12
20261005-010838-8084b01,1996,netdebt_me,0.021599831443611366,1.14112662521862,12
20261005-010838-8084b01,1996,eq_dur,-0.05657843131631036,-1.9563657341769136,12
20261005-010838-8084b01,1996,capex_abn,0.007517395031256387,1.181748045147061,12
20261005-010838-8084b01,1996,at_gr1,-0.014899449337852066,-0.8395964760138703,12
20261005-010838-8084b01,1996,ppeinv_gr1a,-0.015962458434638456,-1.451129784147193,12
20261005-010838-8084b01,1996,noa_at,-0.006607230090882397,-0.9254236893446356,12
20261005-010838-8084b01,1996,noa_gr1a,-0.02329514886694085,-2.0767963074085585,12
20261005-010838-8084b01,1996,lnoa_gr1a,-0.015956501238830714,-1.3485586780211953,12
20261005-010838-8084b01,1996,capx_gr1,-0.006979818845850742,-0.6993689041545459,12
20261005-010838-8084b01,1996,capx_gr2,0.0030834408685524403,0.33041303758934704,12
20261005-010838-8084b01,1996,capx_gr3,-0.003650898676816445,-0.44606161136256656,12
20261005-010838-8084b01,1996,chcsho_12m,-0.047505817748006135,-1.9784573316625396,12
20261005-010838-8084b01,1996,eqnpo_12m,0.056664481364152613,1.8439367599302194,12
20261005-010838-8084b01,1996,debt_gr3,-0.006950316450019116,-1.6537132437768007,12
20261005-010838-8084b01,1996,inv_gr1,-0.01762153595079655,-1.410167266853607,12
20261005-010838-8084b01,1996,inv_gr1a,-0.013336607857761246,-1.0740365954179087,12
20261005-010838-8084b01,1996,oaccruals_at,-0.007035139294451847,-1.150284850261511,12
20261005-010838-8084b01,1996,taccruals_at,0.005310007438524521,0.790079456046337,12
20261005-010838-8084b01,1996,cowc_gr1a,-0.01196490120786968,-1.480071688095849,12
20261005-010838-8084b01,1996,coa_gr1a,-0.008970274276912995,-0.6609657667533557,12
20261005-010838-8084b01,1996,col_gr1a,-0.0028951333818165834,-0.2234344819801238,12
20261005-010838-8084b01,1996,nncoa_gr1a,-0.012773101140870017,-1.5614059835995495,12
20261005-010838-8084b01,1996,ncoa_gr1a,-0.005739503611918124,-0.6563138224892104,12
20261005-010838-8084b01,1996,ncol_gr1a,0.029078052455223158,2.9184830678305005,12
20261005-010838-8084b01,1996,nfna_gr1a,0.016982716998582698,3.929531386734463,12
20261005-010838-8084b01,1996,sti_gr1a,0.008857248427233762,1.3716392432469269,12
20261005-010838-8084b01,1996,lti_gr1a,0.016306813395785744,1.6642030858813361,12
20261005-010838-8084b01,1996,fnl_gr1a,-0.01347324726495337,-2.5324016301038625,12
20261005-010838-8084b01,1996,be_gr1a,-0.008321929931875093,-0.4348054050360628,12
20261005-010838-8084b01,1996,oaccruals_ni,-0.03487591902167047,-3.1801709174261403,12
20261005-010838-8084b01,1996,taccruals_ni,-0.013384556906948805,-1.5000471647653437,12
20261005-010838-8084b01,1996,netis_at,-0.0630232523159671,-3.1605486125813265,12
20261005-010838-8084b01,1996,eqnetis_at,-0.06094302557433997,-2.313473281309657,12
20261005-010838-8084b01,1996,dbnetis_at,-0.012060040756966964,-2.2382338429949753,12
20261005-010838-8084b01,1996,niq_be,0.07534156825803497,4.039742293449062,12
20261005-010838-8084b01,1996,niq_be_chg1,0.023641026751776175,2.902521804597231,12
20261005-010838-8084b01,1996,niq_at,0.06325796945124605,3.9878003135203444,12
20261005-010838-8084b01,1996,niq_at_chg1,0.020907647369058983,3.264660216041961,12
20261005-010838-8084b01,1996,ebit_bev,0.07893980667006274,3.305013784941689,12
20261005-010838-8084b01,1996,ebit_sale,0.09297094486729747,2.6684995494165933,12
20261005-010838-8084b01,1996,sale_bev,-0.0004192299621579041,-0.020076235521496007,12
20261005-010838-8084b01,1996,at_turnover,-0.00516573996513042,-0.24165059694157243,12
20261005-010838-8084b01,1996,gp_at,0.003945105339435422,0.17616320080584982,12
20261005-010838-8084b01,1996,gp_atl1,-0.007764041968947561,-0.31917064963415526,12
20261005-010838-8084b01,1996,ope_be,0.07472384827423512,3.411197006935734,12
20261005-010838-8084b01,1996,ope_bel1,0.057665359524912495,3.1358275524173354,12
20261005-010838-8084b01,1996,op_at,0.054830487376810365,2.9176284736889744,12
20261005-010838-8084b01,1996,op_atl1,0.03920819841202795,2.0208055258728423,12
20261005-010838-8084b01,1996,cop_at,0.056077098595161363,4.183231470814502,12
20261005-010838-8084b01,1996,cop_atl1,0.04832981881407466,3.495224329634066,12
20261005-010838-8084b01,1996,f_score,0.05364311128252771,3.4346676550862014,12
20261005-010838-8084b01,1996,o_score,-0.06159044649414978,-3.125220979071409,12
20261005-010838-8084b01,1996,z_score,-0.0013933918159877562,-0.07048158648394777,12
20261005-010838-8084b01,1996,pi_nix,0.012886563269653819,2.121792849133692,12
20261005-010838-8084b01,1996,at_be,0.04263485613935073,1.560110153315837,12
20261005-010838-8084b01,1996,saleq_gr1,0.004269603232070328,0.27664763393905406,12
20261005-010838-8084b01,1996,rd_me,0.0014545841057377164,0.11806688928919215,12
20261005-010838-8084b01,1996,rd_sale,-0.029391830633561346,-1.3101838043632827,12
20261005-010838-8084b01,1996,opex_at,-0.03072818340240979,-1.1384931033040437,12
20261005-010838-8084b01,1996,emp_gr1,-0.013977018067059482,-1.0362960525681022,12
20261005-010838-8084b01,1996,rd5_at,-0.01155904269759412,-0.7716744096844496,12
20261005-010838-8084b01,1996,age,0.03586232432576394,1.7171326934602336,12
20261005-010838-8084b01,1996,dsale_dinv,0.017110611540540513,2.4336427180714155,12
20261005-010838-8084b01,1996,dsale_drec,0.0046645353010957005,1.4032234781428472,12
20261005-010838-8084b01,1996,dgp_dsale,0.00705268356178118,1.5840804919637896,12
20261005-010838-8084b01,1996,dsale_dsga,0.01432153462680999,1.5245491892505705,12
20261005-010838-8084b01,1996,sale_emp_gr1,0.003948213922850765,0.7186163255760967,12
20261005-010838-8084b01,1996,tangibility,0.001840058278503558,0.1548716462124385,12
20261005-010838-8084b01,1996,kz_index,-0.03215658665997904,-1.980368460913314,12
20261005-010838-8084b01,1996,ocfq_saleq_std,-0.05464848381021109,-2.484792430575002,12
20261005-010838-8084b01,1996,cash_at,-0.034556196236845534,-1.3611280971518178,12
20261005-010838-8084b01,1996,ni_ar1,0.004010849063012542,0.9172730954882823,12
20261005-010838-8084b01,1996,ni_ivol,-0.051048650451399925,-1.986697662432912,12
20261005-010838-8084b01,1996,earnings_variability,-0.017545123599564047,-1.3917126279404786,12
20261005-010838-8084b01,1996,aliq_at,-0.02073148972161987,-0.9359578846460073,12
20261005-010838-8084b01,1996,aliq_mat,0.032846193945240985,2.2238463183411232,12
20261005-010838-8084b01,1996,seas_1_1an,0.027138761884820502,1.6933598955638722,12
20261005-010838-8084b01,1996,seas_1_1na,0.010793303463811424,0.7172609601882842,12
20261005-010838-8084b01,1996,seas_2_5an,0.01389499020045435,1.4416843899731258,12
20261005-010838-8084b01,1996,seas_2_5na,-0.004752937569814187,-0.5303996822602612,12
20261005-010838-8084b01,1996,seas_6_10an,0.026731239223051827,3.6431224791814096,12
20261005-010838-8084b01,1996,seas_6_10na,-0.0012196110354160657,-0.2382078671678711,12
20261005-010838-8084b01,1996,seas_11_15an,0.013701509067463022,2.8948755620453417,12
20261005-010838-8084b01,1996,seas_11_15na,0.0008042146491492457,0.10301340894862471,12
20261005-010838-8084b01,1996,seas_16_20an,0.006557048799374114,1.570845068231435,12
20261005-010838-8084b01,1996,seas_16_20na,0.0007453464856639218,0.07503958696608665,12
20261005-010838-8084b01,1996,market_equity,0.06093540876169973,2.394975188255252,12
20261005-010838-8084b01,1996,ivol_ff3_21d,-0.10256467266593695,-2.6267746438370967,12
20261005-010838-8084b01,1996,ivol_capm_252d,-0.10540848561491421,-2.5294524638014995,12
20261005-010838-8084b01,1996,ivol_capm_21d,-0.10376033300232847,-2.6299316845467375,12
20261005-010838-8084b01,1996,ivol_hxz4_21d,-0.10236606278511984,-2.633125375855934,12
20261005-010838-8084b01,1996,rvol_21d,-0.10369148057635441,-2.5824046419457733,12
20261005-010838-8084b01,1996,beta_60m,-0.01865463259522308,-0.9071874838302479,12
20261005-010838-8084b01,1996,betabab_1260d,-0.030412120818331872,-1.237100965524486,12
20261005-010838-8084b01,1996,beta_dimson_21d,-0.0009156256568739747,-0.07355277643222813,12
20261005-010838-8084b01,1996,turnover_126d,-0.04288923744742897,-1.0915847004896067,12
20261005-010838-8084b01,1996,turnover_var_126d,-0.0029034992400762843,-0.16237543748019767,12
20261005-010838-8084b01,1996,dolvol_126d,0.027075095522727643,1.0167142186055433,12
20261005-010838-8084b01,1996,dolvol_var_126d,-0.011274285730201053,-0.6745697176942538,12
20261005-010838-8084b01,1996,prc,0.08078187187190287,2.4680279565992653,12
20261005-010838-8084b01,1996,ami_126d,-0.043898398493327606,-1.8774247160868205,12
20261005-010838-8084b01,1996,zero_trades_21d,0.01871342412112731,0.4820410641212137,12
20261005-010838-8084b01,1996,zero_trades_126d,0.024691220202202022,0.6963666476899545,12
20261005-010838-8084b01,1996,zero_trades_252d,0.017886237975429608,0.5533265134076946,12
20261005-010838-8084b01,1996,rmax1_21d,-0.09830229323781342,-2.6427370544249515,12
20261005-010838-8084b01,1996,rskew_21d,-0.01688743102951921,-1.7953431461369787,12
20261005-010838-8084b01,1996,iskew_capm_21d,-0.01857920254339272,-2.3206750368239044,12
20261005-010838-8084b01,1996,iskew_ff3_21d,-0.0167545032108714,-2.1584282803000496,12
20261005-010838-8084b01,1996,iskew_hxz4_21d,-0.016497894906861214,-2.2727905538273525,12
20261005-010838-8084b01,1996,coskew_21d,0.013814397992264154,1.83266454845693,12
20261005-010838-8084b01,1996,ret_1_0,-0.01825411190476212,-0.9099687990336859,12
20261005-010838-8084b01,1996,betadown_252d,-0.03416675478970022,-1.298900811790228,12
20261005-010838-8084b01,1996,bidaskhl_21d,-0.0805166351943678,-2.967787819551198,12
20261005-010838-8084b01,1996,ret_3_1,0.022563503674164046,0.8813614908403975,12
20261005-010838-8084b01,1996,ret_9_1,0.042508260227737106,2.7001319194654405,12
20261005-010838-8084b01,1996,ret_12_7,0.042391939008768205,3.9664598096993964,12
20261005-010838-8084b01,1996,corr_1260d,0.032449898399858734,1.8787480941479275,12
20261005-010838-8084b01,1996,rmax5_21d,-0.10494348507772593,-2.8647008272699876,12
20261005-010838-8084b01,1996,rmax5_rvol_21d,-0.02759533443428611,-4.846836023286102,12
20261005-010838-8084b01,1996,ni_be,0.0781991612250069,3.298329325969028,12
20261005-010838-8084b01,1996,ocf_at,0.07642929822879412,4.501201178428243,12
20261005-010838-8084b01,1996,ocf_at_chg1,0.007321427587513834,2.1598156108707807,12
20261005-010838-8084b01,1996,mispricing_perf,0.05819342609874997,2.9221531411076285,12
20261005-010838-8084b01,1996,mispricing_mgmt,0.03924593316987525,1.8375195651493645,12
20261005-010838-8084b01,1996,qmj,0.043642906011041094,3.7679072053409546,12
20261005-010838-8084b01,1996,qmj_prof,0.06901495408724123,4.1538084058902465,12
20261005-010838-8084b01,1996,qmj_growth,0.014674490089750017,2.539689434716721,12
20261005-010838-8084b01,1996,qmj_safety,0.041817636153330506,2.4975753958937243,12
20261005-010838-8084b01,1998,niq_su,0.018565068563000192,3.3332475162761868,12
20261005-010838-8084b01,1998,ret_6_1,0.06454618759764512,2.3662966390233513,12
20261005-010838-8084b01,1998,ret_12_1,0.08510959651087514,3.138046473707762,12
20261005-010838-8084b01,1998,saleq_su,0.011614716847990305,1.4476607378716513,12
20261005-010838-8084b01,1998,tax_gr1a,0.027860572724059826,2.0117422931746,12
20261005-010838-8084b01,1998,ni_inc8q,0.03844629871186914,2.977057223750895,12
20261005-010838-8084b01,1998,prc_highprc_252d,0.08199784594662607,2.1332536391653,12
20261005-010838-8084b01,1998,resff3_6_1,0.029526129449772426,2.0774820988082374,12
20261005-010838-8084b01,1998,resff3_12_1,0.054360603825601976,3.6881341650318453,12
20261005-010838-8084b01,1998,be_me,-0.014492270338640057,-0.5509985419688994,12
20261005-010838-8084b01,1998,debt_me,-0.012341705956928682,-0.7064742569839418,12
20261005-010838-8084b01,1998,at_me,-0.0031592337075924495,-0.11260617902224869,12
20261005-010838-8084b01,1998,ret_60_12,0.028362183463209886,2.32239171869909,12
20261005-010838-8084b01,1998,ni_me,0.06468689352353088,3.048113381206629,12
20261005-010838-8084b01,1998,fcf_me,0.08720812327780092,4.465925469832077,12
20261005-010838-8084b01,1998,div12m_me,0.058268561834170875,2.250995937318053,12
20261005-010838-8084b01,1998,eqpo_me,0.04700595192099646,2.405279744750583,12
20261005-010838-8084b01,1998,eqnpo_me,0.05944469192516467,2.274452222319494,12
20261005-010838-8084b01,1998,sale_gr3,-0.004683066913880293,-0.24171321331430332,12
20261005-010838-8084b01,1998,sale_gr1,-0.0029514502140569818,-0.13368805626870112,12
20261005-010838-8084b01,1998,ebitda_mev,0.05668799550987594,2.657736913186635,12
20261005-010838-8084b01,1998,sale_me,0.003334505483162567,0.15206513117017847,12
20261005-010838-8084b01,1998,ocf_me,0.062128029137509984,3.12181652015374,12
20261005-010838-8084b01,1998,ival_me,-0.012493124638077677,-1.071469995102224,12
20261005-010838-8084b01,1998,bev_mev,-0.01448279882732989,-0.5537355056600902,12
20261005-010838-8084b01,1998,netdebt_me,-0.012744559780323553,-0.863211532225118,12
20261005-010838-8084b01,1998,eq_dur,-0.029988779716753806,-1.453926479087103,12
20261005-010838-8084b01,1998,capex_abn,-0.005130879856396595,-0.7629358867626674,12
20261005-010838-8084b01,1998,at_gr1,0.0006757224908205094,0.03812068771971761,12
20261005-010838-8084b01,1998,ppeinv_gr1a,-0.020538116639350148,-1.4748793021710296,12
20261005-010838-8084b01,1998,noa_at,-0.022156952620886863,-2.6300082514490186,12
20261005-010838-8084b01,1998,noa_gr1a,-0.022082448070401144,-1.588413125392595,12
20261005-010838-8084b01,1998,lnoa_gr1a,-0.01248298595184816,-0.9027683087538129,12
20261005-010838-8084b01,1998,capx_gr1,-0.007437839836066746,-0.7786829894928807,12
20261005-010838-8084b01,1998,capx_gr2,-0.02068642674138206,-1.503561628118478,12
20261005-010838-8084b01,1998,capx_gr3,-0.015632899917075282,-1.1066008052726397,12
20261005-010838-8084b01,1998,chcsho_12m,-0.0394632205667633,-1.7413521425789193,12
20261005-010838-8084b01,1998,eqnpo_12m,0.04861233003618673,1.8180829577578084,12
20261005-010838-8084b01,1998,debt_gr3,-0.012737640152298446,-2.1495837431532663,12
20261005-010838-8084b01,1998,inv_gr1,-0.014054288779657554,-1.2813945255773354,12
20261005-010838-8084b01,1998,inv_gr1a,-0.007592523805932096,-0.7639913451379361,12
20261005-010838-8084b01,1998,oaccruals_at,0.0020806869950515967,0.28825798626814414,12
20261005-010838-8084b01,1998,taccruals_at,0.016596817965852547,2.1220058195759286,12
20261005-010838-8084b01,1998,cowc_gr1a,-0.013495385764603761,-1.692285358907615,12
20261005-010838-8084b01,1998,coa_gr1a,-0.004970094581959308,-0.3083251477974593,12
20261005-010838-8084b01,1998,col_gr1a,0.007395645638377413,0.48205891731710204,12
20261005-010838-8084b01,1998,nncoa_gr1a,-0.009977597297327091,-0.8230921544914492,12
20261005-010838-8084b01,1998,ncoa_gr1a,-0.004981998080626344,-0.42418226734400855,12
20261005-010838-8084b01,1998,ncol_gr1a,0.02050607065146498,2.6781731588020996,12
20261005-010838-8084b01,1998,nfna_gr1a,0.02446152257946298,3.4382276554809073,12
20261005-010838-8084b01,1998,sti_gr1a,0.008497712102563443,1.60425872689601,12
20261005-010838-8084b01,1998,lti_gr1a,0.020813722679441166,2.8430518755036047,12
20261005-010838-8084b01,1998,fnl_gr1a,-0.01768755051214189,-2.7026735807920677,12
20261005-010838-8084b01,1998,be_gr1a,0.011812330619977482,0.6991509094602016,12
20261005-010838-8084b01,1998,oaccruals_ni,-0.024222768476965903,-2.840006177858415,12
20261005-010838-8084b01,1998,taccruals_ni,-0.006070419878234218,-1.2217014790882788,12
20261005-010838-8084b01,1998,netis_at,-0.038855351274957144,-2.195186856101732,12
20261005-010838-8084b01,1998,eqnetis_at,-0.04427592315727793,-1.7979229569288404,12
20261005-010838-8084b01,1998,dbnetis_at,-0.004016391809356244,-0.87856589728532,12
20261005-010838-8084b01,1998,niq_be,0.07913709125100038,4.4163730372803265,12
20261005-010838-8084b01,1998,niq_be_chg1,0.03235153825559217,3.369777067249539,12
20261005-010838-8084b01,1998,niq_at,0.07269014645616206,3.8947114452287686,12
20261005-010838-8084b01,1998,niq_at_chg1,0.025403896347603486,2.988171983518283,12
20261005-010838-8084b01,1998,ebit_bev,0.07888208859752456,4.060180413149368,12
20261005-010838-8084b01,1998,ebit_sale,0.0705085660549537,3.1786543138887597,12
20261005-010838-8084b01,1998,sale_bev,0.03321717288111506,2.7074398069751227,12
20261005-010838-8084b01,1998,at_turnover,0.02214399866213428,1.9861718155934809,12
20261005-010838-8084b01,1998,gp_at,0.039730925653705014,3.4148098442810495,12
20261005-010838-8084b01,1998,gp_atl1,0.03281931320173218,2.189291395593007,12
20261005-010838-8084b01,1998,ope_be,0.06766227743527099,4.180627415151079,12
20261005-010838-8084b01,1998,ope_bel1,0.056411238516756834,3.4322619433501425,12
20261005-010838-8084b01,1998,op_at,0.06166285444141881,3.620978072239556,12
20261005-010838-8084b01,1998,op_atl1,0.05108853904424163,2.7373642471611013,12
20261005-010838-8084b01,1998,cop_at,0.05178497880488162,5.634658812525249,12
20261005-010838-8084b01,1998,cop_atl1,0.04752475434677119,4.003834897995561,12
20261005-010838-8084b01,1998,f_score,0.05199015329365131,3.1240186276760946,12
20261005-010838-8084b01,1998,o_score,-0.07728385693721286,-4.0920476301623685,12
20261005-010838-8084b01,1998,z_score,0.039294655663278576,2.4623732257826565,12
20261005-010838-8084b01,1998,pi_nix,0.010591515382244343,1.5728774513469859,12
20261005-010838-8084b01,1998,at_be,0.011583977446570614,0.7611867544754521,12
20261005-010838-8084b01,1998,saleq_gr1,0.006258072179865124,0.3269830252003434,12
20261005-010838-8084b01,1998,rd_me,-0.022101313301342018,-1.6674692447139154,12
20261005-010838-8084b01,1998,rd_sale,-0.014455897359157888,-0.9062703748935969,12
20261005-010838-8084b01,1998,opex_at,-0.005603256852241413,-0.4308619594326365,12
20261005-010838-8084b01,1998,emp_gr1,-0.00016680360637602877,-0.010480835381801721,12
20261005-010838-8084b01,1998,rd5_at,-0.017193202501901924,-1.370722031334656,12
20261005-010838-8084b01,1998,age,0.03887164652888031,2.028335677218488,12
20261005-010838-8084b01,1998,dsale_dinv,0.0061839422966527184,1.0143363857984935,12
20261005-010838-8084b01,1998,dsale_drec,0.0012340824543051665,0.2948811499037537,12
20261005-010838-8084b01,1998,dgp_dsale,0.012066978221149945,1.5015834537707615,12
20261005-010838-8084b01,1998,dsale_dsga,0.00485924872879601,0.5660807403272705,12
20261005-010838-8084b01,1998,sale_emp_gr1,-0.008294048558765442,-1.2172682356500082,12
20261005-010838-8084b01,1998,tangibility,-0.009820178065381248,-0.9758027569361114,12
20261005-010838-8084b01,1998,kz_index,-0.04663103876838846,-4.01087447248871,12
20261005-010838-8084b01,1998,ocfq_saleq_std,-0.055241566596838626,-3.187152228755878,12
20261005-010838-8084b01,1998,cash_at,-0.005182624465586955,-0.2615833951135347,12
20261005-010838-8084b01,1998,ni_ar1,0.007215903328874205,1.7879971306031888,12
20261005-010838-8084b01,1998,ni_ivol,-0.05502018943859834,-2.925848844016838,12
20261005-010838-8084b01,1998,earnings_variability,-0.02523714516411103,-2.431080533418017,12
20261005-010838-8084b01,1998,aliq_at,-0.004394344473912556,-0.20887843848488297,12
20261005-010838-8084b01,1998,aliq_mat,0.0038094531051721015,0.22184947859475118,12
20261005-010838-8084b01,1998,seas_1_1an,0.02147795902887777,1.3549654036455752,12
20261005-010838-8084b01,1998,seas_1_1na,0.0499023961217769,2.0000816522137037,12
20261005-010838-8084b01,1998,seas_2_5an,0.018938736243603302,1.5857199168032272,12
20261005-010838-8084b01,1998,seas_2_5na,-0.0008098883292408928,-0.06705320683994392,12
20261005-010838-8084b01,1998,seas_6_10an,0.023951319686404907,3.658937724640814,12
20261005-010838-8084b01,1998,seas_6_10na,0.0031297185001983702,0.5036272333921027,12
20261005-010838-8084b01,1998,seas_11_15an,0.01687511103265004,4.261580299900594,12
20261005-010838-8084b01,1998,seas_11_15na,0.021533843106292565,2.617310685243869,12
20261005-010838-8084b01,1998,seas_16_20an,-0.0005976102755325556,-0.10520011890181978,12
20261005-010838-8084b01,1998,seas_16_20na,-0.004482259358711935,-0.6981443703119564,12
20261005-010838-8084b01,1998,market_equity,0.0933572384875443,2.8794186825193275,12
20261005-010838-8084b01,1998,ivol_ff3_21d,-0.10436123155290715,-3.936076874564999,12
20261005-010838-8084b01,1998,ivol_capm_252d,-0.10453167478054635,-3.505047340294562,12
20261005-010838-8084b01,1998,ivol_capm_21d,-0.10462534755822071,-3.8493336664461464,12
20261005-010838-8084b01,1998,ivol_hxz4_21d,-0.10418988787399097,-3.9140020870659766,12
20261005-010838-8084b01,1998,rvol_21d,-0.097456196547413,-3.324019141576509,12
20261005-010838-8084b01,1998,beta_60m,-0.00907917529860136,-0.3541588636712101,12
20261005-010838-8084b01,1998,betabab_1260d,0.005650119263311778,0.18491793474358015,12
20261005-010838-8084b01,1998,beta_dimson_21d,0.003282687647217769,0.14188938288379452,12
20261005-010838-8084b01,1998,turnover_126d,0.00048470445974771,0.011009480949931245,12
20261005-010838-8084b01,1998,turnover_var_126d,-0.033886951180749546,-1.3362090493326075,12
20261005-010838-8084b01,1998,dolvol_126d,0.07376052899866821,1.8581739863941904,12
20261005-010838-8084b01,1998,dolvol_var_126d,-0.040521924059757464,-1.5910243122078487,12
20261005-010838-8084b01,1998,prc,0.10870353277227059,3.584113956353562,12
20261005-010838-8084b01,1998,ami_126d,-0.08467674615861269,-2.3989565642413764,12
20261005-010838-8084b01,1998,zero_trades_21d,-0.02532331993030751,-0.5620636785044739,12
20261005-010838-8084b01,1998,zero_trades_126d,-0.016851967162875816,-0.3648489457524717,12
20261005-010838-8084b01,1998,zero_trades_252d,-0.01591809812338609,-0.36010611431298367,12
20261005-010838-8084b01,1998,rmax1_21d,-0.09986937514286402,-4.414388761894948,12
20261005-010838-8084b01,1998,rskew_21d,-0.04075547212559071,-6.265658158157025,12
20261005-010838-8084b01,1998,iskew_capm_21d,-0.02708732592687715,-4.262300228075622,12
20261005-010838-8084b01,1998,iskew_ff3_21d,-0.02196412159020747,-4.18997734918231,12
20261005-010838-8084b01,1998,iskew_hxz4_21d,-0.01844256582030243,-4.163584734854589,12
20261005-010838-8084b01,1998,coskew_21d,-0.005771476754718667,-0.7545306618547336,12
20261005-010838-8084b01,1998,ret_1_0,-0.04390879397316561,-1.7398388401318738,12
20261005-010838-8084b01,1998,betadown_252d,-0.0010987409476587683,-0.027643222663585005,12
20261005-010838-8084b01,1998,bidaskhl_21d,-0.09458402659875136,-3.835851162669144,12
20261005-010838-8084b01,1998,ret_3_1,0.04210924815828976,1.9169500448989198,12
20261005-010838-8084b01,1998,ret_9_1,0.09348826195060474,3.224670439227934,12
20261005-010838-8084b01,1998,ret_12_7,0.05632720840091992,3.497408350854894,12
20261005-010838-8084b01,1998,corr_1260d,0.06586916789593933,2.7512990664249117,12
20261005-010838-8084b01,1998,rmax5_21d,-0.10602916639576797,-4.883312894982784,12
20261005-010838-8084b01,1998,rmax5_rvol_21d,-0.050612446003922486,-5.409711385087575,12
20261005-010838-8084b01,1998,ni_be,0.076787963725357,3.872929031870965,12
20261005-010838-8084b01,1998,ocf_at,0.07484680226205295,4.432933429142076,12
20261005-010838-8084b01,1998,ocf_at_chg1,0.015798335037021733,2.548129482575947,12
20261005-010838-8084b01,1998,mispricing_perf,0.09191213996075355,4.2291676110164715,12
20261005-010838-8084b01,1998,mispricing_mgmt,0.032765031313524734,1.6684551817718358,12
20261005-010838-8084b01,1998,qmj,0.0507269604037242,4.309007263597769,12
20261005-010838-8084b01,1998,qmj_prof,0.07899396133893999,4.9108878950891475,12
20261005-010838-8084b01,1998,qmj_growth,0.01836170232644004,3.1010886709264756,12
20261005-010838-8084b01,1998,qmj_safety,0.05890788757328791,3.769577357679371,12
20261005-010838-8084b01,2000,niq_su,0.027352916698025916,3.554076122698961,12
20261005-010838-8084b01,2000,ret_6_1,0.08303903474415304,1.3366381268932295,12
20261005-010838-8084b01,2000,ret_12_1,0.03763365160712323,0.9025897000538277,12
20261005-010838-8084b01,2000,saleq_su,0.02841681041396656,2.583636939487298,12
20261005-010838-8084b01,2000,tax_gr1a,0.02962718809794986,1.9638435209616192,12
20261005-010838-8084b01,2000,ni_inc8q,0.041688593393517596,1.8656257255006126,12
20261005-010838-8084b01,2000,prc_highprc_252d,0.14887816393583317,2.4230715541321755,12
20261005-010838-8084b01,2000,resff3_6_1,0.05490508736286681,2.0529546742047757,12
20261005-010838-8084b01,2000,resff3_12_1,0.04793232338948927,3.463607743361463,12
20261005-010838-8084b01,2000,be_me,0.048801173068989255,0.9689190467379997,12
20261005-010838-8084b01,2000,debt_me,0.061486954540711763,1.1300700505116972,12
20261005-010838-8084b01,2000,at_me,0.07552329470253909,1.1830982951663627,12
20261005-010838-8084b01,2000,ret_60_12,0.05287702521318214,1.6980969307233178,12
20261005-010838-8084b01,2000,ni_me,0.14264709172613768,2.117413482775194,12
20261005-010838-8084b01,2000,fcf_me,0.10619705428426879,2.6357225429737667,12
20261005-010838-8084b01,2000,div12m_me,0.09363251061984669,1.5673197394953928,12
20261005-010838-8084b01,2000,eqpo_me,0.08193461701500161,1.7563924620899198,12
20261005-010838-8084b01,2000,eqnpo_me,0.1236268847330917,2.141516127174258,12
20261005-010838-8084b01,2000,sale_gr3,-0.014455449732145435,-1.5285071363598606,12
20261005-010838-8084b01,2000,sale_gr1,-0.051835913823321124,-2.4737427101754106,12
20261005-010838-8084b01,2000,ebitda_mev,0.13861535580895948,1.957114799196804,12
20261005-010838-8084b01,2000,sale_me,0.055798177245737435,1.0488811168246197,12
20261005-010838-8084b01,2000,ocf_me,0.13302230378935048,2.1303787271650023,12
20261005-010838-8084b01,2000,ival_me,0.009467244121977152,0.39089238896613465,12
20261005-010838-8084b01,2000,bev_mev,0.05919189912582406,1.1098402110948513,12
20261005-010838-8084b01,2000,netdebt_me,0.05412139145097817,1.1273935378807698,12
20261005-010838-8084b01,2000,eq_dur,-0.09111570789325214,-1.6857922204944076,12
20261005-010838-8084b01,2000,capex_abn,0.002468610594790034,0.19135971891329184,12
20261005-010838-8084b01,2000,at_gr1,-0.05942093991949015,-2.435523706033105,12
20261005-010838-8084b01,2000,ppeinv_gr1a,-0.03984491014988845,-2.6437054133106477,12
20261005-010838-8084b01,2000,noa_at,-0.013809644901861443,-0.5866361788723707,12
20261005-010838-8084b01,2000,noa_gr1a,-0.04674950673127933,-3.4482578406926496,12
20261005-010838-8084b01,2000,lnoa_gr1a,-0.03959912173127277,-3.4605854998009895,12
20261005-010838-8084b01,2000,capx_gr1,-0.04975675880240099,-3.65178513401237,12
20261005-010838-8084b01,2000,capx_gr2,-0.026248643581731453,-4.425893019998282,12
20261005-010838-8084b01,2000,capx_gr3,-0.012183911369219981,-3.8145431841429143,12
20261005-010838-8084b01,2000,chcsho_12m,-0.1060313979712091,-2.083424982255766,12
20261005-010838-8084b01,2000,eqnpo_12m,0.11386426524302258,1.9638332881008669,12
20261005-010838-8084b01,2000,debt_gr3,-0.004021382081598117,-0.34423586301736037,12
20261005-010838-8084b01,2000,inv_gr1,-0.018105837994407115,-1.7830515119829322,12
20261005-010838-8084b01,2000,inv_gr1a,-0.007302490191335574,-0.9891111908144639,12
20261005-010838-8084b01,2000,oaccruals_at,0.027125373691995257,1.6617447301981114,12
20261005-010838-8084b01,2000,taccruals_at,0.027236069834902562,3.192655653747553,12
20261005-010838-8084b01,2000,cowc_gr1a,0.007384906833936118,0.8298931655618752,12
20261005-010838-8084b01,2000,coa_gr1a,-0.025680787703691532,-2.03012740408841,12
20261005-010838-8084b01,2000,col_gr1a,-0.040915474387560394,-2.2871770804470204,12
20261005-010838-8084b01,2000,nncoa_gr1a,-0.03755751819788882,-3.28377039826139,12
20261005-010838-8084b01,2000,ncoa_gr1a,-0.034565309916116116,-2.7131336564260664,12
20261005-010838-8084b01,2000,ncol_gr1a,0.025474621480768456,1.164801494055178,12
20261005-010838-8084b01,2000,nfna_gr1a,0.0069160427144193135,0.5754012732637269,12
20261005-010838-8084b01,2000,sti_gr1a,-0.022430023956342065,-1.4650992544457746,12
20261005-010838-8084b01,2000,lti_gr1a,0.0014577078505636683,0.12166766607559601,12
20261005-010838-8084b01,2000,fnl_gr1a,-0.010588534462394125,-0.8369888509605495,12
20261005-010838-8084b01,2000,be_gr1a,-0.026477425217250494,-1.203187580497589,12
20261005-010838-8084b01,2000,oaccruals_ni,-0.03951206576800418,-2.392651185893433,12
20261005-010838-8084b01,2000,taccruals_ni,-0.014892218788693306,-0.7871860637049026,12
20261005-010838-8084b01,2000,netis_at,-0.10774344227318548,-2.427578395470251,12
20261005-010838-8084b01,2000,eqnetis_at,-0.121081308394351,-2.116190460665854,12
20261005-010838-8084b01,2000,dbnetis_at,-0.00992906157979469,-1.2159379517834894,12
20261005-010838-8084b01,2000,niq_be,0.12968551389560767,2.3878952622218317,12
20261005-010838-8084b01,2000,niq_be_chg1,0.026522288791323654,2.3031424892639563,12
20261005-010838-8084b01,2000,niq_at,0.13092429008392467,2.7533499543020445,12
20261005-010838-8084b01,2000,niq_at_chg1,0.012510956941413113,1.159779919139603,12
20261005-010838-8084b01,2000,ebit_bev,0.13102366680434546,2.1810388698600724,12
20261005-010838-8084b01,2000,ebit_sale,0.1643995494637503,2.2579438201571174,12
20261005-010838-8084b01,2000,sale_bev,-0.015392609077406047,-0.9829840963088884,12
20261005-010838-8084b01,2000,at_turnover,-0.0005512325892646728,-0.040362394096632934,12
20261005-010838-8084b01,2000,gp_at,0.01263618381929279,1.0959895401561053,12
20261005-010838-8084b01,2000,gp_atl1,-0.025802269833959075,-1.8165386266239991,12
20261005-010838-8084b01,2000,ope_be,0.11337616876913208,1.982643533035309,12
20261005-010838-8084b01,2000,ope_bel1,0.09005777396054387,1.8106534693086265,12
20261005-010838-8084b01,2000,op_at,0.1155846403654734,3.71194240047618,12
20261005-010838-8084b01,2000,op_atl1,0.09534667128350326,3.5357626550709003,12
20261005-010838-8084b01,2000,cop_at,0.10073499322632733,4.136743215540695,12
20261005-010838-8084b01,2000,cop_atl1,0.08042471197851879,3.766261466439837,12
20261005-010838-8084b01,2000,f_score,0.06950971824622522,2.0656090829517093,12
20261005-010838-8084b01,2000,o_score,-0.10213496100126525,-2.6300978819813072,12
20261005-010838-8084b01,2000,z_score,-0.02283305479858128,-0.863677093726312,12
20261005-010838-8084b01,2000,pi_nix,0.002212794621961572,0.18017433617272133,12
20261005-010838-8084b01,2000,at_be,0.06183088890022106,1.218968372721876,12
20261005-010838-8084b01,2000,saleq_gr1,-0.03932259344113923,-1.637255372938083,12
20261005-010838-8084b01,2000,rd_me,0.011756513003325033,0.45651408857261216,12
20261005-010838-8084b01,2000,rd_sale,-0.05501113487166096,-0.9722167306089565,12
20261005-010838-8084b01,2000,opex_at,-0.053908113141240194,-2.1113821920455083,12
20261005-010838-8084b01,2000,emp_gr1,-0.03271811529298134,-3.052185983886009,12
20261005-010838-8084b01,2000,rd5_at,-0.023133295208335524,-0.5375910393791262,12
20261005-010838-8084b01,2000,age,0.10199380541679397,2.37939869040821,12
20261005-010838-8084b01,2000,dsale_dinv,0.0027186467667105,0.6553561434549365,12
20261005-010838-8084b01,2000,dsale_drec,-0.015195885918002682,-3.888919133549208,12
20261005-010838-8084b01,2000,dgp_dsale,0.011357769405401221,1.2228521727233252,12
20261005-010838-8084b01,2000,dsale_dsga,0.006640854554098578,0.8902943994119594,12
20261005-010838-8084b01,2000,sale_emp_gr1,-0.013327795099263925,-2.2747075984976393,12
20261005-010838-8084b01,2000,tangibility,0.003887152471564319,0.14481029764505599,12
20261005-010838-8084b01,2000,kz_index,-0.01730338194100169,-1.5072032044532278,12
20261005-010838-8084b01,2000,ocfq_saleq_std,-0.06933815833118127,-1.351332503245431,12
20261005-010838-8084b01,2000,cash_at,-0.0811410013670054,-1.3408623129176094,12
20261005-010838-8084b01,2000,ni_ar1,0.0011578406615372569,0.4224876968417269,12
20261005-010838-8084b01,2000,ni_ivol,-0.07862713651980528,-1.4635209919613708,12
20261005-010838-8084b01,2000,earnings_variability,-0.03192326750723765,-1.4017390351703356,12
20261005-010838-8084b01,2000,aliq_at,-0.07065168911578286,-2.04635099747995,12
20261005-010838-8084b01,2000,aliq_mat,0.023104965670241704,1.4807305360352596,12
20261005-010838-8084b01,2000,seas_1_1an,0.008946755148903432,0.33831405425424704,12
20261005-010838-8084b01,2000,seas_1_1na,-0.0017035486314592937,-0.030963646780097928,12
20261005-010838-8084b01,2000,seas_2_5an,0.029592699304185264,2.227020764416395,12
20261005-010838-8084b01,2000,seas_2_5na,-0.007108093222397536,-0.5970876302927394,12
20261005-010838-8084b01,2000,seas_6_10an,0.009830176164003212,1.4552842259808523,12
20261005-010838-8084b01,2000,seas_6_10na,-0.02312124620848961,-1.5777297170060596,12
20261005-010838-8084b01,2000,seas_11_15an,0.014170857764613362,1.830511192736951,12
20261005-010838-8084b01,2000,seas_11_15na,0.009630483786017332,0.7259915792189567,12
20261005-010838-8084b01,2000,seas_16_20an,0.007169744935139527,1.1533431535345595,12
20261005-010838-8084b01,2000,seas_16_20na,0.002812714891200461,0.46301918880551385,12
20261005-010838-8084b01,2000,market_equity,0.05078574594195584,1.1753782524211058,12
20261005-010838-8084b01,2000,ivol_ff3_21d,-0.18036439121037542,-2.2842291512054604,12
20261005-010838-8084b01,2000,ivol_capm_252d,-0.18480030475111583,-2.0700435617640394,12
20261005-010838-8084b01,2000,ivol_capm_21d,-0.18392079030278272,-2.309063429907477,12
20261005-010838-8084b01,2000,ivol_hxz4_21d,-0.17975530379660087,-2.3064697666668894,12
20261005-010838-8084b01,2000,rvol_21d,-0.18515399476970665,-2.2414993393559675,12
20261005-010838-8084b01,2000,beta_60m,-0.07564722288908354,-1.7826550025531354,12
20261005-010838-8084b01,2000,betabab_1260d,-0.07103812447527967,-1.6152972058870072,12
20261005-010838-8084b01,2000,beta_dimson_21d,-0.05440086230924617,-1.169855814094036,12
20261005-010838-8084b01,2000,turnover_126d,-0.08732619860040265,-1.4840665904956953,12
20261005-010838-8084b01,2000,turnover_var_126d,-0.010825775036882576,-0.39564700356007937,12
20261005-010838-8084b01,2000,dolvol_126d,-0.009717517210140603,-0.25680140573941374,12
20261005-010838-8084b01,2000,dolvol_var_126d,-0.03258060683499984,-0.9572212796173163,12
20261005-010838-8084b01,2000,prc,0.0871034955756253,1.747395684172719,12
20261005-010838-8084b01,2000,ami_126d,-0.02963371947584099,-0.7592962050923829,12
20261005-010838-8084b01,2000,zero_trades_21d,0.05793715369446106,1.0598004230441096,12
20261005-010838-8084b01,2000,zero_trades_126d,0.07998770812018281,1.5452363455095077,12
20261005-010838-8084b01,2000,zero_trades_252d,0.0810925712878685,1.8392751383542143,12
20261005-010838-8084b01,2000,rmax1_21d,-0.17388440941795427,-2.379903903355021,12
20261005-010838-8084b01,2000,rskew_21d,-0.056224071029443545,-2.3845922425475083,12
20261005-010838-8084b01,2000,iskew_capm_21d,-0.049334802354610734,-2.043205850960722,12
20261005-010838-8084b01,2000,iskew_ff3_21d,-0.053130945296946286,-2.2183088509274587,12
20261005-010838-8084b01,2000,iskew_hxz4_21d,-0.050917722182112,-2.292863368359684,12
20261005-010838-8084b01,2000,coskew_21d,0.00392536426934073,0.1457741361465479,12
20261005-010838-8084b01,2000,ret_1_0,0.04148013069426076,0.7319503866267105,12
20261005-010838-8084b01,2000,betadown_252d,-0.13032059429913734,-2.126484248699914,12
20261005-010838-8084b01,2000,bidaskhl_21d,-0.15696560616973274,-2.2999005027817825,12
20261005-010838-8084b01,2000,ret_3_1,0.04960342827097495,0.9419863661767925,12
20261005-010838-8084b01,2000,ret_9_1,0.07467170515649564,1.331235725820702,12
20261005-010838-8084b01,2000,ret_12_7,-0.025586414640988032,-0.6599166302391585,12
20261005-010838-8084b01,2000,corr_1260d,0.039047705299951836,1.1198844875581322,12
20261005-010838-8084b01,2000,rmax5_21d,-0.18077184483185574,-2.3429955119200065,12
20261005-010838-8084b01,2000,rmax5_rvol_21d,-0.03597555753564071,-1.5917083829842118,12
20261005-010838-8084b01,2000,ni_be,0.13504397655444733,2.165422736879159,12
20261005-010838-8084b01,2000,ocf_at,0.13055380730551322,2.6109665194293386,12
20261005-010838-8084b01,2000,ocf_at_chg1,-0.010577269240632655,-1.3296300173014135,12
20261005-010838-8084b01,2000,mispricing_perf,0.10064072878027013,3.6510833499767554,12
20261005-010838-8084b01,2000,mispricing_mgmt,0.08743365893453826,2.833234302031783,12
20261005-010838-8084b01,2000,qmj,0.06543906968774664,2.3536252352537486,12
20261005-010838-8084b01,2000,qmj_prof,0.1154396601080256,2.665153786509958,12
20261005-010838-8084b01,2000,qmj_growth,0.027092773089489652,2.1157303910404264,12
20261005-010838-8084b01,2000,qmj_safety,0.05976739762863046,2.605330544021373,12
20261005-010838-8084b01,2002,niq_su,0.022439988970241558,2.9438186332316807,12
20261005-010838-8084b01,2002,ret_6_1,0.06862757721181449,1.3656197413103928,12
20261005-010838-8084b01,2002,ret_12_1,0.1390553081042982,2.6027725315127674,12
20261005-010838-8084b01,2002,saleq_su,-0.0010601702204201403,-0.09429795374218308,12
20261005-010838-8084b01,2002,tax_gr1a,0.02143733310842638,1.2445587598301928,12
20261005-010838-8084b01,2002,ni_inc8q,0.0498407645300443,2.1205401782441076,12
20261005-010838-8084b01,2002,prc_highprc_252d,0.13691397836249405,2.0988630767762815,12
20261005-010838-8084b01,2002,resff3_6_1,0.06343101181669215,2.4146049405901837,12
20261005-010838-8084b01,2002,resff3_12_1,0.10449709779889295,3.018537857363217,12
20261005-010838-8084b01,2002,be_me,0.035534386807983306,1.6268812982266896,12
20261005-010838-8084b01,2002,debt_me,0.06685657751649583,2.6264840557417832,12
20261005-010838-8084b01,2002,at_me,0.08546697460378604,3.5564092086004977,12
20261005-010838-8084b01,2002,ret_60_12,0.011645055508225068,0.696384770949129,12
20261005-010838-8084b01,2002,ni_me,0.15570462683070285,3.3215333940676413,12
20261005-010838-8084b01,2002,fcf_me,0.10928928735792381,3.6975349305035636,12
20261005-010838-8084b01,2002,div12m_me,0.12563420423823207,3.1797598176838076,12
20261005-010838-8084b01,2002,eqpo_me,0.05704093229077043,3.4912894408369124,12
20261005-010838-8084b01,2002,eqnpo_me,0.09302367805910698,2.9884748934944003,12
20261005-010838-8084b01,2002,sale_gr3,-0.019167801172033174,-1.1573850284122544,12
20261005-010838-8084b01,2002,sale_gr1,0.0016617527083203482,0.0760885335954929,12
20261005-010838-8084b01,2002,ebitda_mev,0.14940118424270496,4.204624126707837,12
20261005-010838-8084b01,2002,sale_me,0.04826726240362003,1.7624384811309997,12
20261005-010838-8084b01,2002,ocf_me,0.1257928383917988,3.7325296010939635,12
20261005-010838-8084b01,2002,ival_me,0.015124549742869697,2.5949279949617394,12
20261005-010838-8084b01,2002,bev_mev,0.04962013184548414,2.5028517045721714,12
20261005-010838-8084b01,2002,netdebt_me,0.05854032392874128,1.8928865837322386,12
20261005-010838-8084b01,2002,eq_dur,-0.13644856549471035,-3.6754971233726876,12
20261005-010838-8084b01,2002,capex_abn,-0.00037410175166261925,-0.0473477670404383,12
20261005-010838-8084b01,2002,at_gr1,0.05669012531426313,2.175449872079964,12
20261005-010838-8084b01,2002,ppeinv_gr1a,-0.01674191810896024,-1.0558169521878067,12
20261005-010838-8084b01,2002,noa_at,0.059932953516025726,2.113951070710103,12
20261005-010838-8084b01,2002,noa_gr1a,0.006101560167671236,0.384106871788265,12
20261005-010838-8084b01,2002,lnoa_gr1a,-0.021577004275463094,-1.571698018318178,12
20261005-010838-8084b01,2002,capx_gr1,-0.003939415990463464,-0.18332355654032972,12
20261005-010838-8084b01,2002,capx_gr2,-0.03824680231174803,-1.8281607009946608,12
20261005-010838-8084b01,2002,capx_gr3,-0.029456548763665033,-1.5863306168642453,12
20261005-010838-8084b01,2002,chcsho_12m,-0.08869993166358787,-3.3678873803280998,12
20261005-010838-8084b01,2002,eqnpo_12m,0.10909549573685301,3.393968200174997,12
20261005-010838-8084b01,2002,debt_gr3,0.006094838514076109,0.7640477246109525,12
20261005-010838-8084b01,2002,inv_gr1,0.0178007259775661,1.2819069892608475,12
20261005-010838-8084b01,2002,inv_gr1a,0.01520909972865559,1.21050947645309,12
20261005-010838-8084b01,2002,oaccruals_at,0.038986642598676534,1.886347607660208,12
20261005-010838-8084b01,2002,taccruals_at,0.04998293472539105,2.3255449472311858,12
20261005-010838-8084b01,2002,cowc_gr1a,0.01207106434419576,1.1581082322686804,12
20261005-010838-8084b01,2002,coa_gr1a,0.012705843118563024,0.7351923549369612,12
20261005-010838-8084b01,2002,col_gr1a,0.00640771483798971,0.5049493278460773,12
20261005-010838-8084b01,2002,nncoa_gr1a,0.0022141536565168265,0.15830875162391986,12
20261005-010838-8084b01,2002,ncoa_gr1a,0.00292796740536541,0.19751874462180444,12
20261005-010838-8084b01,2002,ncol_gr1a,0.012444033776581086,1.3171596412354816,12
20261005-010838-8084b01,2002,nfna_gr1a,0.030538483112917705,3.01405968106834,12
20261005-010838-8084b01,2002,sti_gr1a,0.0008444041600593651,0.0676941649796785,12
20261005-010838-8084b01,2002,lti_gr1a,0.013210177910602085,1.326467013965358,12
20261005-010838-8084b01,2002,fnl_gr1a,-0.020498466380369323,-2.4775494707856334,12
20261005-010838-8084b01,2002,be_gr1a,0.055453723347229096,2.263332298002588,12
20261005-010838-8084b01,2002,oaccruals_ni,-0.05998507332810532,-5.156524473039734,12
20261005-010838-8084b01,2002,taccruals_ni,-0.024170633766130722,-3.8047320642993556,12
20261005-010838-8084b01,2002,netis_at,-0.07534254411730482,-3.243098032827644,12
20261005-010838-8084b01,2002,eqnetis_at,-0.08436560244134633,-3.134005743289515,12
20261005-010838-8084b01,2002,dbnetis_at,-0.012373008825837523,-1.1990433087460377,12
20261005-010838-8084b01,2002,niq_be,0.13963929010301152,3.367894777100777,12
20261005-010838-8084b01,2002,niq_be_chg1,0.0674739491271599,3.99439528069685,12
20261005-010838-8084b01,2002,niq_at,0.1249957386182833,3.3812100692396374,12
20261005-010838-8084b01,2002,niq_at_chg1,0.05266208407055319,3.8270453660823573,12
20261005-010838-8084b01,2002,ebit_bev,0.12970550406529738,3.239591442912303,12
20261005-010838-8084b01,2002,ebit_sale,0.15829376081443272,3.3787274760346424,12
20261005-010838-8084b01,2002,sale_bev,-0.01102451863866276,-0.6837438659347392,12
20261005-010838-8084b01,2002,at_turnover,0.009009583901285034,0.47919373771469076,12
20261005-010838-8084b01,2002,gp_at,0.013578495186099647,0.9049297776671784,12
20261005-010838-8084b01,2002,gp_atl1,0.01920434168924697,1.4975530664513637,12
20261005-010838-8084b01,2002,ope_be,0.10694560922336559,3.1979744165327357,12
20261005-010838-8084b01,2002,ope_bel1,0.10109551049825484,3.1301808085825367,12
20261005-010838-8084b01,2002,op_at,0.06727951278590351,4.097403393738931,12
20261005-010838-8084b01,2002,op_atl1,0.06543695457514136,3.7712373915338135,12
20261005-010838-8084b01,2002,cop_at,0.041415294351350516,4.830422330419892,12
20261005-010838-8084b01,2002,cop_atl1,0.046515631925258226,6.016113243230764,12
20261005-010838-8084b01,2002,f_score,0.09047596027191152,2.6829758640443786,12
20261005-010838-8084b01,2002,o_score,-0.08383139163614999,-4.33345533160751,12
20261005-010838-8084b01,2002,z_score,0.03172742913368848,2.3711303558307817,12
20261005-010838-8084b01,2002,pi_nix,0.004366304033861136,0.6378206765993681,12
20261005-010838-8084b01,2002,at_be,0.07980604131231211,2.5132349624716857,12
20261005-010838-8084b01,2002,saleq_gr1,0.02890806037636247,1.442861160867878,12
20261005-010838-8084b01,2002,rd_me,-0.062477992373845576,-1.908421994165305,12
20261005-010838-8084b01,2002,rd_sale,-0.09959208089018533,-2.448581078992008,12
20261005-010838-8084b01,2002,opex_at,-0.0530122401169224,-2.4954482137763474,12
20261005-010838-8084b01,2002,emp_gr1,-0.00785318695258277,-0.33340041475989673,12
20261005-010838-8084b01,2002,rd5_at,-0.06446683219834957,-2.197731477783649,12
20261005-010838-8084b01,2002,age,0.052546685218105654,2.559861225416949,12
20261005-010838-8084b01,2002,dsale_dinv,-0.004062783568055963,-0.8390985097310388,12
20261005-010838-8084b01,2002,dsale_drec,-0.04032271523158382,-2.6284515901166805,12
20261005-010838-8084b01,2002,dgp_dsale,0.028032354632643905,2.0489732408504002,12
20261005-010838-8084b01,2002,dsale_dsga,0.020834888108601148,1.987849864394039,12
20261005-010838-8084b01,2002,sale_emp_gr1,-0.015326204391113407,-1.7723661359886567,12
20261005-010838-8084b01,2002,tangibility,-0.016021981474850403,-1.5616142355077745,12
20261005-010838-8084b01,2002,kz_index,-0.045634836005016534,-2.730868503610839,12
20261005-010838-8084b01,2002,ocfq_saleq_std,-0.11041102666828247,-3.356082714980396,12
20261005-010838-8084b01,2002,cash_at,-0.09087492913634658,-2.160509420854357,12
20261005-010838-8084b01,2002,ni_ar1,0.007843927022866966,1.7079870580396979,12
20261005-010838-8084b01,2002,ni_ivol,-0.1065242468657262,-2.9551353056172793,12
20261005-010838-8084b01,2002,earnings_variability,-0.047779095171443194,-2.276309375833217,12
20261005-010838-8084b01,2002,aliq_at,0.001550134664560373,0.10649716722604409,12
20261005-010838-8084b01,2002,aliq_mat,0.08071440918612884,2.9897971649922854,12
20261005-010838-8084b01,2002,seas_1_1an,0.09366486220435871,2.7386671011331685,12
20261005-010838-8084b01,2002,seas_1_1na,0.05073624713586999,1.1831577211774709,12
20261005-010838-8084b01,2002,seas_2_5an,-0.004234808792156877,-0.26532550771132957,12
20261005-010838-8084b01,2002,seas_2_5na,-0.06984207040461995,-2.73614606637729,12
20261005-010838-8084b01,2002,seas_6_10an,0.014511486128094492,1.7512131410700453,12
20261005-010838-8084b01,2002,seas_6_10na,-0.012849224296800146,-1.4278523065018218,12
20261005-010838-8084b01,2002,seas_11_15an,0.004106226901349606,0.6609976437975715,12
20261005-010838-8084b01,2002,seas_11_15na,-0.007012877940833298,-1.0733775172450037,12
20261005-010838-8084b01,2002,seas_16_20an,0.011795858160583664,1.809052018362165,12
20261005-010838-8084b01,2002,seas_16_20na,0.0032710476062441473,0.5632663428209937,12
20261005-010838-8084b01,2002,market_equity,0.022994401997631617,1.0909565151257608,12
20261005-010838-8084b01,2002,ivol_ff3_21d,-0.14021444496765825,-2.8425660715976124,12
20261005-010838-8084b01,2002,ivol_capm_252d,-0.15714763068140739,-3.1572359781904833,12
20261005-010838-8084b01,2002,ivol_capm_21d,-0.14301311018436028,-2.8276364188312204,12
20261005-010838-8084b01,2002,ivol_hxz4_21d,-0.13835047606884962,-2.8479429706265433,12
20261005-010838-8084b01,2002,rvol_21d,-0.1543776129742843,-2.726142057318401,12
20261005-010838-8084b01,2002,beta_60m,-0.12709089892389555,-2.1104897563939433,12
20261005-010838-8084b01,2002,betabab_1260d,-0.13759212153618158,-2.194200872156056,12
20261005-010838-8084b01,2002,beta_dimson_21d,-0.052790719198168266,-1.6921736689855715,12
20261005-010838-8084b01,2002,turnover_126d,-0.06981877513722966,-1.743412943781538,12
20261005-010838-8084b01,2002,turnover_var_126d,0.03265105489353757,1.323990789045284,12
20261005-010838-8084b01,2002,dolvol_126d,-0.016296732088421303,-0.564349568674186,12
20261005-010838-8084b01,2002,dolvol_var_126d,0.02241026428245392,0.9386110536190814,12
20261005-010838-8084b01,2002,prc,0.09971413266075292,2.486895172363074,12
20261005-010838-8084b01,2002,ami_126d,-0.009649646043327588,-0.4065529919937454,12
20261005-010838-8084b01,2002,zero_trades_21d,0.054810988362091084,1.3678900029595995,12
20261005-010838-8084b01,2002,zero_trades_126d,0.07118400459741002,1.7065064464616018,12
20261005-010838-8084b01,2002,zero_trades_252d,0.0752680906686121,1.6942126561868465,12
20261005-010838-8084b01,2002,rmax1_21d,-0.14884809719332806,-2.982625733220297,12
20261005-010838-8084b01,2002,rskew_21d,-0.048033707329597185,-4.967259887220007,12
20261005-010838-8084b01,2002,iskew_capm_21d,-0.04108244149507991,-3.778287004425626,12
20261005-010838-8084b01,2002,iskew_ff3_21d,-0.0323525534919843,-3.163292107432813,12
20261005-010838-8084b01,2002,iskew_hxz4_21d,-0.027754254182228905,-3.036450315225858,12
20261005-010838-8084b01,2002,coskew_21d,-0.003913823705047547,-0.27372502088216605,12
20261005-010838-8084b01,2002,ret_1_0,-0.028054275229153894,-0.8099903012442647,12
20261005-010838-8084b01,2002,betadown_252d,-0.10649006993034976,-2.1963496341880355,12
20261005-010838-8084b01,2002,bidaskhl_21d,-0.1248111631988114,-2.7200907831329397,12
20261005-010838-8084b01,2002,ret_3_1,0.05504708611932358,1.2779049736774,12
20261005-010838-8084b01,2002,ret_9_1,0.08828512000938571,1.5642732927544236,12
20261005-010838-8084b01,2002,ret_12_7,0.13236441928521048,4.891954016213644,12
20261005-010838-8084b01,2002,corr_1260d,-0.05610996495807316,-1.3247354218758276,12
20261005-010838-8084b01,2002,rmax5_21d,-0.1587142666013928,-2.976965855960047,12
20261005-010838-8084b01,2002,rmax5_rvol_21d,-0.037596359106926554,-1.5649867153272392,12
20261005-010838-8084b01,2002,ni_be,0.13897345499395405,3.1638403384570264,12
20261005-010838-8084b01,2002,ocf_at,0.09922550517795901,3.8030384127475836,12
20261005-010838-8084b01,2002,ocf_at_chg1,0.03815612733460527,2.9887904478034693,12
20261005-010838-8084b01,2002,mispricing_perf,0.11981546504182007,3.4895838394470684,12
20261005-010838-8084b01,2002,mispricing_mgmt,0.02779623167560091,1.5722973893417616,12
20261005-010838-8084b01,2002,qmj,0.092839830846238,3.2805665477491903,12
20261005-010838-8084b01,2002,qmj_prof,0.10646321863070789,4.392337673543064,12
20261005-010838-8084b01,2002,qmj_growth,0.04742718299005868,2.2491783876086235,12
20261005-010838-8084b01,2002,qmj_safety,0.11337725784703499,3.3611157494888455,12
20261005-010838-8084b01,2004,niq_su,0.017497364769527873,1.749520783818679,12
20261005-010838-8084b01,2004,ret_6_1,0.01102340357147332,0.5688858678958816,12
20261005-010838-8084b01,2004,ret_12_1,-0.010096000803556176,-0.407955528217017,12
20261005-010838-8084b01,2004,saleq_su,0.015886407894717885,1.22191877780934,12
20261005-010838-8084b01,2004,tax_gr1a,0.023265335502766906,2.3626482461624887,12
20261005-010838-8084b01,2004,ni_inc8q,0.018937126452080292,1.874031130962031,12
20261005-010838-8084b01,2004,prc_highprc_252d,0.03807041316834126,0.9153593380455588,12
20261005-010838-8084b01,2004,resff3_6_1,0.013141188563823411,0.9547531238959738,12
20261005-010838-8084b01,2004,resff3_12_1,0.017975009356734715,1.2950548990905595,12
20261005-010838-8084b01,2004,be_me,0.049366266370201944,2.7090403730001733,12
20261005-010838-8084b01,2004,debt_me,0.037370216558510236,1.4320423820210157,12
20261005-010838-8084b01,2004,at_me,0.051526971577997065,1.738543139397499,12
20261005-010838-8084b01,2004,ret_60_12,0.02709719177340662,1.0308469620727012,12
20261005-010838-8084b01,2004,ni_me,0.07593411334889753,2.0281320405197496,12
20261005-010838-8084b01,2004,fcf_me,0.06055887861365066,2.7058042521642833,12
20261005-010838-8084b01,2004,div12m_me,0.03650973143923633,0.9533987674312417,12
20261005-010838-8084b01,2004,eqpo_me,0.026039989154394944,1.168988358714501,12
20261005-010838-8084b01,2004,eqnpo_me,0.03741113307405971,1.52297996779924,12
20261005-010838-8084b01,2004,sale_gr3,0.01991468690497231,1.8143396803708014,12
20261005-010838-8084b01,2004,sale_gr1,0.025649470995860693,1.6460034235876237,12
20261005-010838-8084b01,2004,ebitda_mev,0.0905626011125147,2.6766467572268007,12
20261005-010838-8084b01,2004,sale_me,0.055467007046913125,2.4653979140981863,12
20261005-010838-8084b01,2004,ocf_me,0.08109270118138344,2.6569463588940523,12
20261005-010838-8084b01,2004,ival_me,0.03261038123264672,2.7000286658638557,12
20261005-010838-8084b01,2004,bev_mev,0.050609292071338595,2.1840184829828475,12
20261005-010838-8084b01,2004,netdebt_me,0.03556319736988627,1.2835352273971457,12
20261005-010838-8084b01,2004,eq_dur,-0.0687082808596937,-2.2534902719382113,12
20261005-010838-8084b01,2004,capex_abn,0.023951351401290098,1.278055978268141,12
20261005-010838-8084b01,2004,at_gr1,0.02015562082045934,0.9328514534186418,12
20261005-010838-8084b01,2004,ppeinv_gr1a,0.023878184464072045,1.1077000630242984,12
20261005-010838-8084b01,2004,noa_at,0.03847060496024499,1.4677052974095786,12
20261005-010838-8084b01,2004,noa_gr1a,0.01509129658082367,0.8940657108274,12
20261005-010838-8084b01,2004,lnoa_gr1a,0.02176989002432726,1.0856149650516742,12
20261005-010838-8084b01,2004,capx_gr1,0.01921533946498483,1.2310689726752835,12
20261005-010838-8084b01,2004,capx_gr2,0.026303655574166685,1.2747796887201337,12
20261005-010838-8084b01,2004,capx_gr3,0.026223909738395973,1.4262666693848813,12
20261005-010838-8084b01,2004,chcsho_12m,-0.03954421987362328,-1.633798743017863,12
20261005-010838-8084b01,2004,eqnpo_12m,0.04245564297734663,1.4019140844775209,12
20261005-010838-8084b01,2004,debt_gr3,0.0034780713119483713,0.29026565771374524,12
20261005-010838-8084b01,2004,inv_gr1,0.008239204126534554,0.490162963543043,12
20261005-010838-8084b01,2004,inv_gr1a,0.009910959610355013,0.6036246387405829,12
20261005-010838-8084b01,2004,oaccruals_at,0.010049631136602491,0.7529974325083948,12
20261005-010838-8084b01,2004,taccruals_at,0.01625297801367217,1.4291977498046844,12
20261005-010838-8084b01,2004,cowc_gr1a,0.0016218824235957137,0.17168166034260138,12
20261005-010838-8084b01,2004,coa_gr1a,0.02232027329397322,1.4192462948591222,12
20261005-010838-8084b01,2004,col_gr1a,0.02318538701626846,1.84771174068041,12
20261005-010838-8084b01,2004,nncoa_gr1a,0.018449087802986184,1.008946723117456,12
20261005-010838-8084b01,2004,ncoa_gr1a,0.025023861100687075,1.2015450243961843,12
20261005-010838-8084b01,2004,ncol_gr1a,0.027638910350809728,1.5165111374459064,12
20261005-010838-8084b01,2004,nfna_gr1a,0.00894163554824425,1.7525685132160735,12
20261005-010838-8084b01,2004,sti_gr1a,0.006549799074956788,0.6120905886327153,12
20261005-010838-8084b01,2004,lti_gr1a,0.00897044105511636,0.748311674219117,12
20261005-010838-8084b01,2004,fnl_gr1a,-0.002269550783529127,-0.44344271116785405,12
20261005-010838-8084b01,2004,be_gr1a,0.02063651918577244,0.9806974646593204,12
20261005-010838-8084b01,2004,oaccruals_ni,-0.028533659937173838,-2.096510657932948,12
20261005-010838-8084b01,2004,taccruals_ni,-0.009769343810793259,-1.423410290941236,12
20261005-010838-8084b01,2004,netis_at,-0.03923660374549634,-2.148150639141683,12
20261005-010838-8084b01,2004,eqnetis_at,-0.03957960295153561,-1.9437491678402723,12
20261005-010838-8084b01,2004,dbnetis_at,-0.015015148686108698,-1.7777065175850784,12
20261005-010838-8084b01,2004,niq_be,0.0549566431667585,2.025283918135122,12
20261005-010838-8084b01,2004,niq_be_chg1,0.00294000609367307,0.2433778431159571,12
20261005-010838-8084b01,2004,niq_at,0.056806720486468766,2.1665962204736577,12
20261005-010838-8084b01,2004,niq_at_chg1,-0.0004563281574950187,-0.033963576710656515,12
20261005-010838-8084b01,2004,ebit_bev,0.05572438783747435,1.872433028571853,12
20261005-010838-8084b01,2004,ebit_sale,0.05826684034669571,1.4063241215631894,12
20261005-010838-8084b01,2004,sale_bev,-0.00020122980331574677,-0.010046027912636488,12
20261005-010838-8084b01,2004,at_turnover,0.020533682052339935,0.9617878826940033,12
20261005-010838-8084b01,2004,gp_at,0.011007598601076867,0.5860157842201403,12
20261005-010838-8084b01,2004,gp_atl1,0.014034536689263521,0.7066096423239987,12
20261005-010838-8084b01,2004,ope_be,0.061701868508451115,2.1433320581334994,12
20261005-010838-8084b01,2004,ope_bel1,0.061095246115178976,2.107286023398194,12
20261005-010838-8084b01,2004,op_at,0.04380707568984917,2.326562700048137,12
20261005-010838-8084b01,2004,op_atl1,0.04396456586594539,2.1103387384081254,12
20261005-010838-8084b01,2004,cop_at,0.02714590624181926,2.4724772614751127,12
20261005-010838-8084b01,2004,cop_atl1,0.027328567196156728,2.0265675548005997,12
20261005-010838-8084b01,2004,f_score,0.046802929698609996,1.9964058152534612,12
20261005-010838-8084b01,2004,o_score,-0.041116196176782076,-1.6037163712381428,12
20261005-010838-8084b01,2004,z_score,0.003553262987855153,0.22296224050886113,12
20261005-010838-8084b01,2004,pi_nix,0.02454972986390318,3.0364796025491123,12
20261005-010838-8084b01,2004,at_be,0.023880164333349312,0.960441718173545,12
20261005-010838-8084b01,2004,saleq_gr1,0.02038406634173728,1.1807473840601739,12
20261005-010838-8084b01,2004,rd_me,-0.027279028382560532,-1.0113770808456175,12
20261005-010838-8084b01,2004,rd_sale,-0.052025737915560984,-1.5610003135268296,12
20261005-010838-8084b01,2004,opex_at,-0.006357522576013992,-0.24435556089683125,12
20261005-010838-8084b01,2004,emp_gr1,0.016928029307694173,0.9921599078942055,12
20261005-010838-8084b01,2004,rd5_at,-0.051988537086711,-1.6884923459549184,12
20261005-010838-8084b01,2004,age,0.03356491546226748,1.439999294383771,12
20261005-010838-8084b01,2004,dsale_dinv,-0.0005968720783699148,-0.09350376232469987,12
20261005-010838-8084b01,2004,dsale_drec,-0.003297960130343426,-0.30472672908501924,12
20261005-010838-8084b01,2004,dgp_dsale,-0.001028220581355116,-0.09236311366415212,12
20261005-010838-8084b01,2004,dsale_dsga,-0.0029660481991932047,-0.14699167893723328,12
20261005-010838-8084b01,2004,sale_emp_gr1,0.006829532257416324,0.6363713497991862,12
20261005-010838-8084b01,2004,tangibility,-0.017784768066277292,-1.358759492956796,12
20261005-010838-8084b01,2004,kz_index,0.011547621734899824,0.8932829889803832,12
20261005-010838-8084b01,2004,ocfq_saleq_std,-0.05294725248054416,-1.6879985089076355,12
20261005-010838-8084b01,2004,cash_at,-0.049627420320334126,-1.356147414440566,12
20261005-010838-8084b01,2004,ni_ar1,0.0027897375605634885,0.6451159067306979,12
20261005-010838-8084b01,2004,ni_ivol,-0.05891806257893364,-1.4901835344997831,12
20261005-010838-8084b01,2004,earnings_variability,-0.04111835595579081,-1.8977989747856512,12
20261005-010838-8084b01,2004,aliq_at,-0.012144598440703645,-0.8767452174114059,12
20261005-010838-8084b01,2004,aliq_mat,0.01886813071701803,1.2544567129124105,12
20261005-010838-8084b01,2004,seas_1_1an,-0.016727320737053245,-1.2356726490065633,12
20261005-010838-8084b01,2004,seas_1_1na,-0.023648161689273542,-0.9605717222651968,12
20261005-010838-8084b01,2004,seas_2_5an,0.039940883287123835,2.192502606599853,12
20261005-010838-8084b01,2004,seas_2_5na,-0.02696839311450409,-1.5028115849117163,12
20261005-010838-8084b01,2004,seas_6_10an,0.010094786740183761,1.7259290282155781,12
20261005-010838-8084b01,2004,seas_6_10na,-0.021997924935318786,-2.061552179263195,12
20261005-010838-8084b01,2004,seas_11_15an,0.003472178593935945,0.5683710330084158,12
20261005-010838-8084b01,2004,seas_11_15na,-0.011846046233227525,-2.1082929276244715,12
20261005-010838-8084b01,2004,seas_16_20an,0.004309109830150007,1.143228041880543,12
20261005-010838-8084b01,2004,seas_16_20na,-0.003907322787331521,-0.5122453989663125,12
20261005-010838-8084b01,2004,market_equity,0.04061866879081883,1.3192372340590282,12
20261005-010838-8084b01,2004,ivol_ff3_21d,-0.06105940810940974,-1.5727267572389165,12
20261005-010838-8084b01,2004,ivol_capm_252d,-0.07023909357877937,-1.442702596249041,12
20261005-010838-8084b01,2004,ivol_capm_21d,-0.06332788695011311,-1.5964456953019623,12
20261005-010838-8084b01,2004,ivol_hxz4_21d,-0.06126305849108323,-1.5906824983180263,12
20261005-010838-8084b01,2004,rvol_21d,-0.06622348201604238,-1.574252788697088,12
20261005-010838-8084b01,2004,beta_60m,-0.05742683353320044,-1.2086524703539954,12
20261005-010838-8084b01,2004,betabab_1260d,-0.05369879415726414,-1.134955417604812,12
20261005-010838-8084b01,2004,beta_dimson_21d,-0.010231546218273518,-0.3621324540135009,12
20261005-010838-8084b01,2004,turnover_126d,-0.0284116217448326,-0.7980016708678137,12
20261005-010838-8084b01,2004,turnover_var_126d,-0.024851393102118258,-1.0468168569435603,12
20261005-010838-8084b01,2004,dolvol_126d,0.01594479959609466,0.5723426021484516,12
20261005-010838-8084b01,2004,dolvol_var_126d,-0.029925263186098155,-1.2498431202111877,12
20261005-010838-8084b01,2004,prc,0.056856572056394016,1.3459848930003724,12
20261005-010838-8084b01,2004,ami_126d,-0.030053695520519286,-1.0795562858883576,12
20261005-010838-8084b01,2004,zero_trades_21d,0.012719055437230653,0.3811838301066506,12
20261005-010838-8084b01,2004,zero_trades_126d,0.023710208374645787,0.6680347457682291,12
20261005-010838-8084b01,2004,zero_trades_252d,0.0158474770815857,0.4773817257299861,12
20261005-010838-8084b01,2004,rmax1_21d,-0.06429988894005773,-1.8367737658408723,12
20261005-010838-8084b01,2004,rskew_21d,-0.012495706670766424,-1.7143519019235607,12
20261005-010838-8084b01,2004,iskew_capm_21d,-0.009949653665304916,-1.5294669532098575,12
20261005-010838-8084b01,2004,iskew_ff3_21d,-0.008638370082308992,-1.1856671398344443,12
20261005-010838-8084b01,2004,iskew_hxz4_21d,-0.003316715419169529,-0.4629288887983978,12
20261005-010838-8084b01,2004,coskew_21d,-0.004303311460171357,-0.6683945447920308,12
20261005-010838-8084b01,2004,ret_1_0,-0.02751222460725804,-1.2495082153144403,12
20261005-010838-8084b01,2004,betadown_252d,-0.022543269233532687,-0.6781284015657332,12
20261005-010838-8084b01,2004,bidaskhl_21d,-0.06241849831266644,-1.5448617883466331,12
20261005-010838-8084b01,2004,ret_3_1,0.005065139623501444,0.28074146782820963,12
20261005-010838-8084b01,2004,ret_9_1,0.006711864077815262,0.28688813149548265,12
20261005-010838-8084b01,2004,ret_12_7,-0.02724941624394182,-1.3267838451693366,12
20261005-010838-8084b01,2004,corr_1260d,-0.0012966592792012998,-0.053109981601333484,12
20261005-010838-8084b01,2004,rmax5_21d,-0.0746089603383973,-2.0062414414336787,12
20261005-010838-8084b01,2004,rmax5_rvol_21d,-0.014465794239022575,-0.9411274800419142,12
20261005-010838-8084b01,2004,ni_be,0.06127123458700304,1.8583090690966328,12
20261005-010838-8084b01,2004,ocf_at,0.0622057486943525,2.492727097619963,12
20261005-010838-8084b01,2004,ocf_at_chg1,-0.010649060171487727,-1.4367540860181147,12
20261005-010838-8084b01,2004,mispricing_perf,0.03494862516833335,1.6671815260256613,12
20261005-010838-8084b01,2004,mispricing_mgmt,-0.004849040291392318,-0.27944090976722574,12
20261005-010838-8084b01,2004,qmj,0.0353603456244729,1.4887747184065652,12
20261005-010838-8084b01,2004,qmj_prof,0.05036257134424214,2.2839138549734743,12
20261005-010838-8084b01,2004,qmj_growth,0.002290141365877295,0.204036556708562,12
20261005-010838-8084b01,2004,qmj_safety,0.03666056561283897,1.1942624441752305,12
20261005-010838-8084b01,2006,niq_su,0.005396772844999765,0.7201226571171814,12
20261005-010838-8084b01,2006,ret_6_1,0.005745903507339087,0.33293744525553454,12
20261005-010838-8084b01,2006,ret_12_1,0.012343112067335798,0.8035440351530426,12
20261005-010838-8084b01,2006,saleq_su,0.005470599846649188,0.5474876685956759,12
20261005-010838-8084b01,2006,tax_gr1a,0.017527544266588996,2.060033382859141,12
20261005-010838-8084b01,2006,ni_inc8q,0.01894967635297566,2.2510751924049646,12
20261005-010838-8084b01,2006,prc_highprc_252d,0.033216476494438194,1.3694900382488766,12
20261005-010838-8084b01,2006,resff3_6_1,0.007211868179823444,0.5906824704590479,12
20261005-010838-8084b01,2006,resff3_12_1,0.010889542155052563,0.8850555906339617,12
20261005-010838-8084b01,2006,be_me,0.03895456938085997,2.0348249973816523,12
20261005-010838-8084b01,2006,debt_me,0.029690097334072962,1.0895534253136394,12
20261005-010838-8084b01,2006,at_me,0.04291943784731389,1.2634282700165973,12
20261005-010838-8084b01,2006,ret_60_12,0.018462758898346376,1.1507130383772521,12
20261005-010838-8084b01,2006,ni_me,0.05544068101821573,2.0838363905445405,12
20261005-010838-8084b01,2006,fcf_me,0.050741080806787485,1.977636188179563,12
20261005-010838-8084b01,2006,div12m_me,0.04024597307296462,1.3849617651649007,12
20261005-010838-8084b01,2006,eqpo_me,0.03585890716479311,1.4239469263514883,12
20261005-010838-8084b01,2006,eqnpo_me,0.044634444485059745,1.7642182058335212,12
20261005-010838-8084b01,2006,sale_gr3,-0.008201877673625789,-0.5541092554629863,12
20261005-010838-8084b01,2006,sale_gr1,-0.007996774286319631,-0.5848199684895162,12
20261005-010838-8084b01,2006,ebitda_mev,0.07458437089331062,3.1611906212329264,12
20261005-010838-8084b01,2006,sale_me,0.04885917879264875,2.687926005234581,12
20261005-010838-8084b01,2006,ocf_me,0.06266516792604192,2.4168556129930945,12
20261005-010838-8084b01,2006,ival_me,0.005705013220376008,0.4775511637881039,12
20261005-010838-8084b01,2006,bev_mev,0.03900457774482271,1.6078614627200911,12
20261005-010838-8084b01,2006,netdebt_me,0.023161677085222192,0.9524009902403265,12
20261005-010838-8084b01,2006,eq_dur,-0.04755649732399985,-2.0636267663088894,12
20261005-010838-8084b01,2006,capex_abn,-0.001389469947761426,-0.2609968273907812,12
20261005-010838-8084b01,2006,at_gr1,-0.007659134364106916,-0.7680166868027709,12
20261005-010838-8084b01,2006,ppeinv_gr1a,0.0021816334510688117,0.14352956944586392,12
20261005-010838-8084b01,2006,noa_at,0.015055192029005541,1.1079946486131784,12
20261005-010838-8084b01,2006,noa_gr1a,-0.005168836098807041,-0.5773964842504868,12
20261005-010838-8084b01,2006,lnoa_gr1a,-0.008537169222664426,-0.9326686287539515,12
20261005-010838-8084b01,2006,capx_gr1,-0.002944361743743908,-0.326214063552708,12
20261005-010838-8084b01,2006,capx_gr2,-0.010422295380822738,-0.8951026546361769,12
20261005-010838-8084b01,2006,capx_gr3,-0.012342283255049954,-1.8319973173616977,12
20261005-010838-8084b01,2006,chcsho_12m,-0.036503655081985296,-1.7664528261593553,12
20261005-010838-8084b01,2006,eqnpo_12m,0.04341358107585938,1.703307915140704,12
20261005-010838-8084b01,2006,debt_gr3,-0.004089084279427983,-0.44665862756692687,12
20261005-010838-8084b01,2006,inv_gr1,-0.0009234473124294795,-0.1000101306655322,12
20261005-010838-8084b01,2006,inv_gr1a,0.0016703936187507727,0.18176447977561785,12
20261005-010838-8084b01,2006,oaccruals_at,0.01692447498379215,1.1457912621962691,12
20261005-010838-8084b01,2006,taccruals_at,0.020862411413622512,2.5443319184975204,12
20261005-010838-8084b01,2006,cowc_gr1a,0.011562769633859304,1.7403754088943342,12
20261005-010838-8084b01,2006,coa_gr1a,0.004060315687754053,0.4080697737384156,12
20261005-010838-8084b01,2006,col_gr1a,-0.008579544953035248,-0.9007024271825649,12
20261005-010838-8084b01,2006,nncoa_gr1a,-0.007353587092536625,-0.9094363338487322,12
20261005-010838-8084b01,2006,ncoa_gr1a,-0.0061263234423865375,-0.7336000243114883,12
20261005-010838-8084b01,2006,ncol_gr1a,0.007644666274176342,0.9630962251400483,12
20261005-010838-8084b01,2006,nfna_gr1a,0.014049944059251558,5.297874169149094,12
20261005-010838-8084b01,2006,sti_gr1a,-0.007448549768641374,-2.131857990311302,12
20261005-010838-8084b01,2006,lti_gr1a,-0.003135945448785917,-0.5986836550457075,12
20261005-010838-8084b01,2006,fnl_gr1a,-0.009166630169469578,-2.791348461570074,12
20261005-010838-8084b01,2006,be_gr1a,0.004345647092329215,0.32350636199924937,12
20261005-010838-8084b01,2006,oaccruals_ni,-0.023252024116588332,-3.73580610024007,12
20261005-010838-8084b01,2006,taccruals_ni,-0.003075728060154912,-0.5171290692842622,12
20261005-010838-8084b01,2006,netis_at,-0.04129728725787898,-2.7912308596592736,12
20261005-010838-8084b01,2006,eqnetis_at,-0.041919330021269574,-1.7070682994234447,12
20261005-010838-8084b01,2006,dbnetis_at,-0.010806017948264154,-2.109171871289295,12
20261005-010838-8084b01,2006,niq_be,0.042729959401666885,2.8373173250258983,12
20261005-010838-8084b01,2006,niq_be_chg1,0.017305003099235747,2.7142788862181426,12
20261005-010838-8084b01,2006,niq_at,0.04762416552960549,4.6009110026392195,12
20261005-010838-8084b01,2006,niq_at_chg1,0.013669433273532544,1.6893784603175575,12
20261005-010838-8084b01,2006,ebit_bev,0.040107544005044175,2.8581909751437315,12
20261005-010838-8084b01,2006,ebit_sale,0.04254763704142254,1.4949444948250377,12
20261005-010838-8084b01,2006,sale_bev,0.005578868190498568,0.30614484688484933,12
20261005-010838-8084b01,2006,at_turnover,0.020367743576587462,1.203298406670743,12
20261005-010838-8084b01,2006,gp_at,0.02108399358422094,1.1941205942123039,12
20261005-010838-8084b01,2006,gp_atl1,0.014565837604683345,0.780881158085208,12
20261005-010838-8084b01,2006,ope_be,0.05120897669723192,3.0272067431491925,12
20261005-010838-8084b01,2006,ope_bel1,0.04554763443857412,2.963609394065715,12
20261005-010838-8084b01,2006,op_at,0.043403419020520695,3.9428673070538234,12
20261005-010838-8084b01,2006,op_atl1,0.03681971888069563,2.9819420650164177,12
20261005-010838-8084b01,2006,cop_at,0.032875504415848,2.72609197717221,12
20261005-010838-8084b01,2006,cop_atl1,0.02893237057133397,2.1005658864596826,12
20261005-010838-8084b01,2006,f_score,0.041140095263111895,3.446027759331345,12
20261005-010838-8084b01,2006,o_score,-0.04072956419906997,-2.9524016665582176,12
20261005-010838-8084b01,2006,z_score,-0.0019825361466918458,-0.20080902657100763,12
20261005-010838-8084b01,2006,pi_nix,0.004778221670135405,0.7305900703365156,12
20261005-010838-8084b01,2006,at_be,0.022305850907962468,0.7476285517286312,12
20261005-010838-8084b01,2006,saleq_gr1,-0.003470580892784146,-0.29708658499624296,12
20261005-010838-8084b01,2006,rd_me,-0.022522708703952912,-1.4429184592068538,12
20261005-010838-8084b01,2006,rd_sale,-0.043838067712743074,-2.364907084883872,12
20261005-010838-8084b01,2006,opex_at,-0.009503497812552887,-0.44807833237173755,12
20261005-010838-8084b01,2006,emp_gr1,-0.01685379951396668,-1.4924158196419428,12
20261005-010838-8084b01,2006,rd5_at,-0.03975196286667252,-2.449412884219591,12
20261005-010838-8084b01,2006,age,0.03279710752216753,3.150607021945615,12
20261005-010838-8084b01,2006,dsale_dinv,-0.007281276493961572,-1.2984567875942123,12
20261005-010838-8084b01,2006,dsale_drec,-0.0030008987900156507,-0.57165566148148,12
20261005-010838-8084b01,2006,dgp_dsale,0.004722266913632906,0.3983234284517666,12
20261005-010838-8084b01,2006,dsale_dsga,0.005073040584993334,0.5259807270234093,12
20261005-010838-8084b01,2006,sale_emp_gr1,0.009216926644979561,0.7932771165365707,12
20261005-010838-8084b01,2006,tangibility,-0.02037472971316823,-1.3049460454051631,12
20261005-010838-8084b01,2006,kz_index,0.006745080729599746,0.43644042893974655,12
20261005-010838-8084b01,2006,ocfq_saleq_std,-0.04090924851695218,-2.6615073548866284,12
20261005-010838-8084b01,2006,cash_at,-0.038294260649998954,-1.3528040453581422,12
20261005-010838-8084b01,2006,ni_ar1,0.0013116867491763027,0.19152707430604005,12
20261005-010838-8084b01,2006,ni_ivol,-0.046076604100502926,-1.4811399892352337,12
20261005-010838-8084b01,2006,earnings_variability,-0.02230031324239636,-1.3899314576103847,12
20261005-010838-8084b01,2006,aliq_at,-0.02422052036323839,-1.5214950297152654,12
20261005-010838-8084b01,2006,aliq_mat,0.027039978510975286,2.8251404656519,12
20261005-010838-8084b01,2006,seas_1_1an,-0.034425985526757755,-3.6022304408074537,12
20261005-010838-8084b01,2006,seas_1_1na,0.008166571454020867,0.47690312469384905,12
20261005-010838-8084b01,2006,seas_2_5an,0.0065614973870135014,0.6042677212207305,12
20261005-010838-8084b01,2006,seas_2_5na,-0.015518549688527089,-1.6211856693518687,12
20261005-010838-8084b01,2006,seas_6_10an,0.00529998212927358,0.6092375761103973,12
20261005-010838-8084b01,2006,seas_6_10na,-0.013559241190855649,-1.287086062899621,12
20261005-010838-8084b01,2006,seas_11_15an,0.017081804554627593,3.2937013140884615,12
20261005-010838-8084b01,2006,seas_11_15na,-0.02417157916063019,-3.1975986100097704,12
20261005-010838-8084b01,2006,seas_16_20an,0.006224254440720539,0.7204736312620104,12
20261005-010838-8084b01,2006,seas_16_20na,0.004520401933319481,0.6747040462886732,12
20261005-010838-8084b01,2006,market_equity,0.050091663932616486,3.5877756396538367,12
20261005-010838-8084b01,2006,ivol_ff3_21d,-0.06594230256964288,-1.9703451359658712,12
20261005-010838-8084b01,2006,ivol_capm_252d,-0.06457436960098767,-1.7017925925529203,12
20261005-010838-8084b01,2006,ivol_capm_21d,-0.06471254359343305,-1.8967766933189973,12
20261005-010838-8084b01,2006,ivol_hxz4_21d,-0.0671361791913474,-2.0538973829678424,12
20261005-010838-8084b01,2006,rvol_21d,-0.05953662255931303,-1.6065086570414322,12
20261005-010838-8084b01,2006,beta_60m,-0.019752451257787705,-0.5683662127784175,12
20261005-010838-8084b01,2006,betabab_1260d,-0.008348713644783774,-0.24747649166544203,12
20261005-010838-8084b01,2006,beta_dimson_21d,0.01921605813506129,0.8670897991527629,12
20261005-010838-8084b01,2006,turnover_126d,-0.015117396036427337,-0.43404296703353756,12
20261005-010838-8084b01,2006,turnover_var_126d,-0.03546669463455105,-2.607878796083759,12
20261005-010838-8084b01,2006,dolvol_126d,0.03036125390952372,1.7464834084823206,12
20261005-010838-8084b01,2006,dolvol_var_126d,-0.03824143779294476,-3.0288904776446945,12
20261005-010838-8084b01,2006,prc,0.052223109272520433,2.3469291677674695,12
20261005-010838-8084b01,2006,ami_126d,-0.038582196173013034,-2.5838486640796106,12
20261005-010838-8084b01,2006,zero_trades_21d,0.003942219357702575,0.11680459125000807,12
20261005-010838-8084b01,2006,zero_trades_126d,0.010270581026277986,0.29604652573666995,12
20261005-010838-8084b01,2006,zero_trades_252d,0.011725333925069624,0.34746445407627535,12
20261005-010838-8084b01,2006,rmax1_21d,-0.05862137937559869,-1.853561288143865,12
20261005-010838-8084b01,2006,rskew_21d,-0.011203831475083267,-1.6876361588853732,12
20261005-010838-8084b01,2006,iskew_capm_21d,-0.008632018558878357,-1.6641724172330867,12
20261005-010838-8084b01,2006,iskew_ff3_21d,-0.012600112697832877,-2.230001167413177,12
20261005-010838-8084b01,2006,iskew_hxz4_21d,-0.013204595364582577,-2.0219409397845385,12
20261005-010838-8084b01,2006,coskew_21d,-0.009645490055555489,-1.3778038962476442,12
20261005-010838-8084b01,2006,ret_1_0,-0.01646694882224905,-1.0684819996416632,12
20261005-010838-8084b01,2006,betadown_252d,0.0018339318865535522,0.06219422456620927,12
20261005-010838-8084b01,2006,bidaskhl_21d,-0.05901451012992309,-1.9816648468661648,12
20261005-010838-8084b01,2006,ret_3_1,0.010632439791944157,0.6155735636022565,12
20261005-010838-8084b01,2006,ret_9_1,0.01856360631116204,1.2364540610796932,12
20261005-010838-8084b01,2006,ret_12_7,-0.0005069920360815952,-0.04398068523283166,12
20261005-010838-8084b01,2006,corr_1260d,0.03470451556320194,2.691126397214447,12
20261005-010838-8084b01,2006,rmax5_21d,-0.06288536537297117,-1.787724583229148,12
20261005-010838-8084b01,2006,rmax5_rvol_21d,-0.013490869232938928,-1.4639135930897336,12
20261005-010838-8084b01,2006,ni_be,0.04090634628677751,2.152719298458771,12
20261005-010838-8084b01,2006,ocf_at,0.04845760523935727,3.6633941523361093,12
20261005-010838-8084b01,2006,ocf_at_chg1,0.007323540475034013,0.9334671336786813,12
20261005-010838-8084b01,2006,mispricing_perf,0.04257969029263126,2.9084326994962098,12
20261005-010838-8084b01,2006,mispricing_mgmt,0.01482749945614901,1.0338869363563201,12
20261005-010838-8084b01,2006,qmj,0.019719010558700855,1.4365616124853127,12
20261005-010838-8084b01,2006,qmj_prof,0.038611317101884986,2.894196115875996,12
20261005-010838-8084b01,2006,qmj_growth,0.007204118826551152,0.9120356738276758,12
20261005-010838-8084b01,2006,qmj_safety,0.017473409853283498,0.9777686737457987,12
20261005-010838-8084b01,2008,niq_su,0.0009792527722478038,0.06216079478261583,12
20261005-010838-8084b01,2008,ret_6_1,0.05599402487810779,1.8839895956791886,12
20261005-010838-8084b01,2008,ret_12_1,0.08571452221626247,2.489006096371407,12
20261005-010838-8084b01,2008,saleq_su,0.00042195716609329595,0.021509731306923355,12
20261005-010838-8084b01,2008,tax_gr1a,0.014140570507680464,1.1223706724845048,12
20261005-010838-8084b01,2008,ni_inc8q,0.029387583789292526,2.6976092759852532,12
20261005-010838-8084b01,2008,prc_highprc_252d,0.11027811664112626,2.734819800475361,12
20261005-010838-8084b01,2008,resff3_6_1,0.04612018779618731,2.860942964837285,12
20261005-010838-8084b01,2008,resff3_12_1,0.04753893532508093,3.4240434615960615,12
20261005-010838-8084b01,2008,be_me,-0.021141814159395197,-0.654497222115546,12
20261005-010838-8084b01,2008,debt_me,-0.025772898080139314,-0.8706749783288198,12
20261005-010838-8084b01,2008,at_me,-0.01449027233339407,-0.3689134787968167,12
20261005-010838-8084b01,2008,ret_60_12,0.032275537171592296,1.9203352436413192,12
20261005-010838-8084b01,2008,ni_me,0.09760488647141553,4.959705439735462,12
20261005-010838-8084b01,2008,fcf_me,0.08569675605533854,3.487771335819718,12
20261005-010838-8084b01,2008,div12m_me,0.06933266957649996,2.17979188500537,12
20261005-010838-8084b01,2008,eqpo_me,0.062046785335746445,2.062518379993784,12
20261005-010838-8084b01,2008,eqnpo_me,0.07165010385890358,2.412336420797027,12
20261005-010838-8084b01,2008,sale_gr3,-0.009018294772856546,-0.9815527990281018,12
20261005-010838-8084b01,2008,sale_gr1,-0.015499260400302708,-0.9579818140463897,12
20261005-010838-8084b01,2008,ebitda_mev,0.07910323974081897,4.39332553853825,12
20261005-010838-8084b01,2008,sale_me,-0.016969053897821888,-0.5727403610037599,12
20261005-010838-8084b01,2008,ocf_me,0.06390035956492085,2.8375929170342746,12
20261005-010838-8084b01,2008,ival_me,-0.015615707969313428,-0.6804973053421349,12
20261005-010838-8084b01,2008,bev_mev,-0.020519658984008312,-0.6310744140781797,12
20261005-010838-8084b01,2008,netdebt_me,-0.01363279665434706,-0.5975356775231915,12
20261005-010838-8084b01,2008,eq_dur,-0.04459592630473035,-1.6984687063493813,12
20261005-010838-8084b01,2008,capex_abn,0.005194743145245162,0.49431512156211316,12
20261005-010838-8084b01,2008,at_gr1,0.0029903999996344515,0.1742439749789743,12
20261005-010838-8084b01,2008,ppeinv_gr1a,-0.007254196311120118,-0.38044212001687155,12
20261005-010838-8084b01,2008,noa_at,0.0001286527276499284,0.006986359382669801,12
20261005-010838-8084b01,2008,noa_gr1a,-0.002512268280119317,-0.17500004070169842,12
20261005-010838-8084b01,2008,lnoa_gr1a,0.002646311149937826,0.15685626935173871,12
20261005-010838-8084b01,2008,capx_gr1,-0.010100420623494517,-0.8456921654771852,12
20261005-010838-8084b01,2008,capx_gr2,-0.007518753842967449,-0.5126252195043708,12
20261005-010838-8084b01,2008,capx_gr3,-0.00756671622068445,-0.44329616306943875,12
20261005-010838-8084b01,2008,chcsho_12m,-0.07600404458019715,-3.8897226682430204,12
20261005-010838-8084b01,2008,eqnpo_12m,0.0876013860264202,3.3696845784864036,12
20261005-010838-8084b01,2008,debt_gr3,-0.012661426654175195,-1.821266998908009,12
20261005-010838-8084b01,2008,inv_gr1,-0.007781022694756302,-0.9137223955762562,12
20261005-010838-8084b01,2008,inv_gr1a,-0.004948741182436566,-0.4516306597850265,12
20261005-010838-8084b01,2008,oaccruals_at,0.02780567011001568,1.711286071201771,12
20261005-010838-8084b01,2008,taccruals_at,0.02161317470077033,2.1101349948271584,12
20261005-010838-8084b01,2008,cowc_gr1a,0.013377837968538578,1.9753735992363688,12
20261005-010838-8084b01,2008,coa_gr1a,0.0016557070282686188,0.1503020603056668,12
20261005-010838-8084b01,2008,col_gr1a,-0.01592352084962347,-1.5632112267832052,12
20261005-010838-8084b01,2008,nncoa_gr1a,0.0003945534214891914,0.030507957600598344,12
20261005-010838-8084b01,2008,ncoa_gr1a,0.004027450423592333,0.2998895720715741,12
20261005-010838-8084b01,2008,ncol_gr1a,0.020362041132979198,2.1769418558640545,12
20261005-010838-8084b01,2008,nfna_gr1a,0.00578853311144724,0.8687688205433503,12
20261005-010838-8084b01,2008,sti_gr1a,0.009268002446962546,1.688869119309808,12
20261005-010838-8084b01,2008,lti_gr1a,0.011329649566026034,2.5553707064318076,12
20261005-010838-8084b01,2008,fnl_gr1a,-0.003197351441358867,-0.46291098492473765,12
20261005-010838-8084b01,2008,be_gr1a,0.02046090866542494,0.8855877185813872,12
20261005-010838-8084b01,2008,oaccruals_ni,-0.004527028902433789,-0.44557372778756144,12
20261005-010838-8084b01,2008,taccruals_ni,-0.011141316017135396,-1.0688558117037414,12
20261005-010838-8084b01,2008,netis_at,-0.049530249246971976,-3.8306686810067543,12
20261005-010838-8084b01,2008,eqnetis_at,-0.06959722827851124,-3.2138789727826564,12
20261005-010838-8084b01,2008,dbnetis_at,-0.008750329924011487,-0.9829112493290205,12
20261005-010838-8084b01,2008,niq_be,0.09703207370171217,8.995732972878399,12
20261005-010838-8084b01,2008,niq_be_chg1,0.031225697071235434,2.455661309295561,12
20261005-010838-8084b01,2008,niq_at,0.09805148956250687,6.570223628392233,12
20261005-010838-8084b01,2008,niq_at_chg1,0.014222373110438934,1.3106771887386726,12
20261005-010838-8084b01,2008,ebit_bev,0.09585571262190841,7.318219269692596,12
20261005-010838-8084b01,2008,ebit_sale,0.0931175442174887,5.4741264189243415,12
20261005-010838-8084b01,2008,sale_bev,0.00919956008223437,0.572742557501907,12
20261005-010838-8084b01,2008,at_turnover,0.011594627077182207,0.5456353888512402,12
20261005-010838-8084b01,2008,gp_at,0.027025371993071017,1.2735972289181834,12
20261005-010838-8084b01,2008,gp_atl1,0.021592900422464673,0.8951419747702657,12
20261005-010838-8084b01,2008,ope_be,0.08277294038932848,8.455871200113275,12
20261005-010838-8084b01,2008,ope_bel1,0.07485105883356875,7.140758558373386,12
20261005-010838-8084b01,2008,op_at,0.07583473791503231,3.207086952602009,12
20261005-010838-8084b01,2008,op_atl1,0.06601225975873552,2.494640558227146,12
20261005-010838-8084b01,2008,cop_at,0.05119401916924554,2.1686982027958983,12
20261005-010838-8084b01,2008,cop_atl1,0.046423795977704886,1.7221500264484746,12
20261005-010838-8084b01,2008,f_score,0.05201064387363649,6.246288361529984,12
20261005-010838-8084b01,2008,o_score,-0.09744519142168334,-7.090458549996846,12
20261005-010838-8084b01,2008,z_score,0.06284434437849144,4.915272741095401,12
20261005-010838-8084b01,2008,pi_nix,0.01780910737252244,3.0782905278050356,12
20261005-010838-8084b01,2008,at_be,0.002995507332789018,0.10296342024606672,12
20261005-010838-8084b01,2008,saleq_gr1,-0.0023876612195264497,-0.11505049264724575,12
20261005-010838-8084b01,2008,rd_me,-0.03325876624496057,-3.713357034165338,12
20261005-010838-8084b01,2008,rd_sale,-0.019210237717463118,-1.6317342408477502,12
20261005-010838-8084b01,2008,opex_at,-0.03006945245915883,-1.538753139727284,12
20261005-010838-8084b01,2008,emp_gr1,-0.008047116168591393,-0.6403776797230838,12
20261005-010838-8084b01,2008,rd5_at,-0.02198274253465631,-1.9210472227646924,12
20261005-010838-8084b01,2008,age,0.05344209311561789,5.597696971177136,12
20261005-010838-8084b01,2008,dsale_dinv,-0.0038535331246330796,-0.589004740057587,12
20261005-010838-8084b01,2008,dsale_drec,0.002392107508408295,0.34338110652982534,12
20261005-010838-8084b01,2008,dgp_dsale,0.014793776033565346,0.6645859116199646,12
20261005-010838-8084b01,2008,dsale_dsga,0.005335862423724534,0.7438888215181877,12
20261005-010838-8084b01,2008,sale_emp_gr1,-0.00834709252361236,-1.1523707595235473,12
20261005-010838-8084b01,2008,tangibility,-0.01112994971911565,-0.9581861177852967,12
20261005-010838-8084b01,2008,kz_index,-0.044464090686551515,-1.706246336045786,12
20261005-010838-8084b01,2008,ocfq_saleq_std,-0.05130484009555702,-4.185045220669639,12
20261005-010838-8084b01,2008,cash_at,-0.029064876423542576,-1.5288443271538383,12
20261005-010838-8084b01,2008,ni_ar1,0.010045158526958952,2.64352243603871,12
20261005-010838-8084b01,2008,ni_ivol,-0.08349058433280059,-2.703972191234922,12
20261005-010838-8084b01,2008,earnings_variability,-0.05256409157829154,-2.785547240986521,12
20261005-010838-8084b01,2008,aliq_at,-0.01709629218673481,-1.5191033507466036,12
20261005-010838-8084b01,2008,aliq_mat,-0.004480975247285513,-0.564090690948804,12
20261005-010838-8084b01,2008,seas_1_1an,0.027406900816654773,1.3812614415232134,12
20261005-010838-8084b01,2008,seas_1_1na,0.06650002087145375,1.6873694932324532,12
20261005-010838-8084b01,2008,seas_2_5an,0.005770463243361457,0.5334247922056861,12
20261005-010838-8084b01,2008,seas_2_5na,-0.004452089550590358,-0.19986870282652514,12
20261005-010838-8084b01,2008,seas_6_10an,0.015096491157811384,0.9249892185026719,12
20261005-010838-8084b01,2008,seas_6_10na,-0.0207704362683175,-1.7105981403849355,12
20261005-010838-8084b01,2008,seas_11_15an,0.007694004949814034,1.3407932582998754,12
20261005-010838-8084b01,2008,seas_11_15na,-5.276844743630956e-05,-0.007390664715453377,12
20261005-010838-8084b01,2008,seas_16_20an,0.013210663285082186,2.649919980733374,12
20261005-010838-8084b01,2008,seas_16_20na,-0.010050491387715977,-1.4741692819221495,12
20261005-010838-8084b01,2008,market_equity,0.09134158440901245,3.4499539807424857,12
20261005-010838-8084b01,2008,ivol_ff3_21d,-0.13630001620425325,-7.204677173000269,12
20261005-010838-8084b01,2008,ivol_capm_252d,-0.1432634792709465,-6.760940160513435,12
20261005-010838-8084b01,2008,ivol_capm_21d,-0.13830517790579627,-7.379698659203683,12
20261005-010838-8084b01,2008,ivol_hxz4_21d,-0.13355034677000086,-7.410772760005258,12
20261005-010838-8084b01,2008,rvol_21d,-0.12658488771574147,-6.632739767192699,12
20261005-010838-8084b01,2008,beta_60m,-0.053440822193844245,-1.5887975095329616,12
20261005-010838-8084b01,2008,betabab_1260d,-0.01494091405273149,-0.4282495531275138,12
20261005-010838-8084b01,2008,beta_dimson_21d,-0.01778628234695709,-0.5848697365869461,12
20261005-010838-8084b01,2008,turnover_126d,0.022800797195831942,0.6895352989551488,12
20261005-010838-8084b01,2008,turnover_var_126d,-0.05045123451444686,-1.9960610048449445,12
20261005-010838-8084b01,2008,dolvol_126d,0.06677203112979414,2.218127209281089,12
20261005-010838-8084b01,2008,dolvol_var_126d,-0.058333753486811225,-2.1664094479838125,12
20261005-010838-8084b01,2008,prc,0.12034810308137305,5.155868634889476,12
20261005-010838-8084b01,2008,ami_126d,-0.07817174668647663,-2.668667942098511,12
20261005-010838-8084b01,2008,zero_trades_21d,-0.036570602763447944,-1.0774372899521167,12
20261005-010838-8084b01,2008,zero_trades_126d,-0.02031901980020016,-0.5857379134117066,12
20261005-010838-8084b01,2008,zero_trades_252d,-0.012999894608753245,-0.37632839072640045,12
20261005-010838-8084b01,2008,rmax1_21d,-0.12185265998361683,-8.219714935266566,12
20261005-010838-8084b01,2008,rskew_21d,-0.03792358246941201,-3.6700542322755982,12
20261005-010838-8084b01,2008,iskew_capm_21d,-0.0417528548580187,-3.99966787836551,12
20261005-010838-8084b01,2008,iskew_ff3_21d,-0.03336998675329178,-3.3818352228226756,12
20261005-010838-8084b01,2008,iskew_hxz4_21d,-0.03033297334072269,-3.071947727638364,12
20261005-010838-8084b01,2008,coskew_21d,-0.004979055158752577,-0.22041295700231292,12
20261005-010838-8084b01,2008,ret_1_0,0.01070575506034884,0.2770116108995364,12
20261005-010838-8084b01,2008,betadown_252d,-0.011889422298111699,-0.3666241585406147,12
20261005-010838-8084b01,2008,bidaskhl_21d,-0.11444695885191845,-9.912389359514268,12
20261005-010838-8084b01,2008,ret_3_1,0.03947294077419927,1.4892138716781542,12
20261005-010838-8084b01,2008,ret_9_1,0.07900380825102062,2.3817768964068406,12
20261005-010838-8084b01,2008,ret_12_7,0.06644453626206771,2.8279620179329203,12
20261005-010838-8084b01,2008,corr_1260d,0.06541711797826416,2.1247890404344236,12
20261005-010838-8084b01,2008,rmax5_21d,-0.1237924429868793,-7.44506355994815,12
20261005-010838-8084b01,2008,rmax5_rvol_21d,-0.02349098710567106,-1.0827680930951415,12
20261005-010838-8084b01,2008,ni_be,0.09350665329800366,7.121078192461268,12
20261005-010838-8084b01,2008,ocf_at,0.08609707927747073,5.203208456040452,12
20261005-010838-8084b01,2008,ocf_at_chg1,0.010111317992075897,1.3662329408492468,12
20261005-010838-8084b01,2008,mispricing_perf,0.103852768788,4.135732450502395,12
20261005-010838-8084b01,2008,mispricing_mgmt,0.03676604858442519,1.7064593360259184,12
20261005-010838-8084b01,2008,qmj,0.07241502031259643,4.015743419097801,12
20261005-010838-8084b01,2008,qmj_prof,0.08175437333860551,4.319828380147126,12
20261005-010838-8084b01,2008,qmj_growth,0.00998273093101691,0.4529281695644744,12
20261005-010838-8084b01,2008,qmj_safety,0.09303806342426187,3.8517417238199605,12
20261005-010838-8084b01,2010,niq_su,0.015838580320730742,1.6125227379510243,12
20261005-010838-8084b01,2010,ret_6_1,-0.0047291046558260155,-0.20389937320033674,12
20261005-010838-8084b01,2010,ret_12_1,0.0398974919275087,1.576400805791352,12
20261005-010838-8084b01,2010,saleq_su,0.020032227317359687,1.6027679710752054,12
20261005-010838-8084b01,2010,tax_gr1a,-0.007074578719260392,-0.6106592767789035,12
20261005-010838-8084b01,2010,ni_inc8q,-0.006738137205154424,-0.526761399686753,12
20261005-010838-8084b01,2010,prc_highprc_252d,0.02259051226231168,0.5750578366173853,12
20261005-010838-8084b01,2010,resff3_6_1,-0.002193590151937363,-0.11130214809969764,12
20261005-010838-8084b01,2010,resff3_12_1,-0.0018720674371286161,-0.117003389118012,12
20261005-010838-8084b01,2010,be_me,-0.0013339143978559587,-0.052900768243239416,12
20261005-010838-8084b01,2010,debt_me,-0.008570195519722636,-0.34365622438697335,12
20261005-010838-8084b01,2010,at_me,-0.007936248822361073,-0.26211330172032166,12
20261005-010838-8084b01,2010,ret_60_12,0.027094624619672714,0.8349577378316548,12
20261005-010838-8084b01,2010,ni_me,0.0328781703371307,1.0762523358951992,12
20261005-010838-8084b01,2010,fcf_me,0.04046535979014292,3.5616953658207207,12
20261005-010838-8084b01,2010,div12m_me,0.01949838773727182,0.9911220485113883,12
20261005-010838-8084b01,2010,eqpo_me,0.017386001594916344,0.865513464129962,12
20261005-010838-8084b01,2010,eqnpo_me,0.014679318375887597,0.6253628081421637,12
20261005-010838-8084b01,2010,sale_gr3,0.003223535058022678,0.15515285125524148,12
20261005-010838-8084b01,2010,sale_gr1,-0.009063168177234725,-0.3996583858999688,12
20261005-010838-8084b01,2010,ebitda_mev,0.04253332623896511,2.438019186045006,12
20261005-010838-8084b01,2010,sale_me,0.013991280116012762,0.567069291148685,12
20261005-010838-8084b01,2010,ocf_me,0.04038574038123242,3.326045439408923,12
20261005-010838-8084b01,2010,ival_me,-0.013734405913624103,-1.1580602437436875,12
20261005-010838-8084b01,2010,bev_mev,-0.0005617284342520675,-0.02154256617911185,12
20261005-010838-8084b01,2010,netdebt_me,0.008704104868309973,0.5583470789714756,12
20261005-010838-8084b01,2010,eq_dur,-0.023633420838320474,-1.610800672918792,12
20261005-010838-8084b01,2010,capex_abn,0.01126941852730041,1.0075980095811823,12
20261005-010838-8084b01,2010,at_gr1,0.01312081194649421,0.6601928741362255,12
20261005-010838-8084b01,2010,ppeinv_gr1a,0.0008482111212468046,0.04601072523105333,12
20261005-010838-8084b01,2010,noa_at,0.006658358245895603,0.7632411946805182,12
20261005-010838-8084b01,2010,noa_gr1a,-0.01622595931761431,-0.9681149212308513,12
20261005-010838-8084b01,2010,lnoa_gr1a,-0.002953185238466358,-0.16159709760754104,12
20261005-010838-8084b01,2010,capx_gr1,0.0014310365254949255,0.07800256081305407,12
20261005-010838-8084b01,2010,capx_gr2,0.0037986701177808043,0.20844000956659353,12
20261005-010838-8084b01,2010,capx_gr3,0.006310686794764899,0.33973290520837535,12
20261005-010838-8084b01,2010,chcsho_12m,-0.018791756500745133,-1.0365254831636108,12
20261005-010838-8084b01,2010,eqnpo_12m,0.02556790122820213,1.073895420336145,12
20261005-010838-8084b01,2010,debt_gr3,-0.008051998180566518,-1.3385062402110106,12
20261005-010838-8084b01,2010,inv_gr1,-0.010005013230585114,-0.7139293812051956,12
20261005-010838-8084b01,2010,inv_gr1a,-0.01646949668397425,-1.0821414141014198,12
20261005-010838-8084b01,2010,oaccruals_at,-0.02260084139444118,-1.2707660238707024,12
20261005-010838-8084b01,2010,taccruals_at,-0.0061529208852785485,-0.5892967769016358,12
20261005-010838-8084b01,2010,cowc_gr1a,-0.025058397919327024,-2.9321667328711754,12
20261005-010838-8084b01,2010,coa_gr1a,-0.015379765913773618,-0.9826104530657592,12
20261005-010838-8084b01,2010,col_gr1a,0.006032591010898439,0.4153536911948047,12
20261005-010838-8084b01,2010,nncoa_gr1a,-0.003650637492970968,-0.20283890529330714,12
20261005-010838-8084b01,2010,ncoa_gr1a,-0.00038686766591004433,-0.019429992114973406,12
20261005-010838-8084b01,2010,ncol_gr1a,0.017036992440093022,1.6985993625261857,12
20261005-010838-8084b01,2010,nfna_gr1a,0.019443729765519103,2.3290628084684575,12
20261005-010838-8084b01,2010,sti_gr1a,0.004490040796058142,0.9204486089103407,12
20261005-010838-8084b01,2010,lti_gr1a,0.004840815148200595,0.5916622656720564,12
20261005-010838-8084b01,2010,fnl_gr1a,-0.014665418004827244,-1.3105301762308132,12
20261005-010838-8084b01,2010,be_gr1a,0.023335663994136266,1.0347790987708025,12
20261005-010838-8084b01,2010,oaccruals_ni,-0.03965129542826135,-2.7280730038940435,12
20261005-010838-8084b01,2010,taccruals_ni,-0.01955910379310857,-2.07429550150938,12
20261005-010838-8084b01,2010,netis_at,-0.03169396938000681,-3.417214691739923,12
20261005-010838-8084b01,2010,eqnetis_at,-0.007870498206470277,-0.47385219094270115,12
20261005-010838-8084b01,2010,dbnetis_at,-0.02158375522977422,-2.009739861041233,12
20261005-010838-8084b01,2010,niq_be,0.03952485141884868,1.7147310990536395,12
20261005-010838-8084b01,2010,niq_be_chg1,0.0216352499621833,1.6109207229912699,12
20261005-010838-8084b01,2010,niq_at,0.04259370899817481,1.7509459696519836,12
20261005-010838-8084b01,2010,niq_at_chg1,0.02423844229152605,1.5686212998865985,12
20261005-010838-8084b01,2010,ebit_bev,0.03160234396527839,1.143421564106425,12
20261005-010838-8084b01,2010,ebit_sale,0.02857326554392277,1.047441759106874,12
20261005-010838-8084b01,2010,sale_bev,0.018944706260458088,1.0514226373786726,12
20261005-010838-8084b01,2010,at_turnover,0.03405419956991842,1.545050917783246,12
20261005-010838-8084b01,2010,gp_at,0.03912338677399771,1.6390523063548872,12
20261005-010838-8084b01,2010,gp_atl1,0.03742568032466959,1.4499181615015162,12
20261005-010838-8084b01,2010,ope_be,0.028833895520595218,1.546459539514136,12
20261005-010838-8084b01,2010,ope_bel1,0.026408226174478116,1.250683574079681,12
20261005-010838-8084b01,2010,op_at,0.04938344041716631,1.757048714917394,12
20261005-010838-8084b01,2010,op_atl1,0.0459466616371462,1.5622724836321806,12
20261005-010838-8084b01,2010,cop_at,0.053501084705249995,2.84736683936191,12
20261005-010838-8084b01,2010,cop_atl1,0.05216765426575968,2.525961821050719,12
20261005-010838-8084b01,2010,f_score,0.018265445997432267,1.3019834821701728,12
20261005-010838-8084b01,2010,o_score,-0.03313370133352254,-1.3623405466726946,12
20261005-010838-8084b01,2010,z_score,0.022849969521349794,1.1279840272571617,12
20261005-010838-8084b01,2010,pi_nix,0.01701260917247713,1.9725105000207814,12
20261005-010838-8084b01,2010,at_be,-0.012857350085287647,-0.5693190137434285,12
20261005-010838-8084b01,2010,saleq_gr1,0.029758143557296307,1.5247395739154583,12
20261005-010838-8084b01,2010,rd_me,-0.010418999414956123,-0.8738124408979115,12
20261005-010838-8084b01,2010,rd_sale,-0.017800134311344674,-1.503102630270978,12
20261005-010838-8084b01,2010,opex_at,0.01371574613356652,0.7244357786198341,12
20261005-010838-8084b01,2010,emp_gr1,-0.014210716897334807,-0.6358026207425237,12
20261005-010838-8084b01,2010,rd5_at,-0.025294699894454948,-2.592084193316283,12
20261005-010838-8084b01,2010,age,0.03094837353581115,2.7804025916379445,12
20261005-010838-8084b01,2010,dsale_dinv,0.004198854447106201,0.3432877121906152,12
20261005-010838-8084b01,2010,dsale_drec,-0.0012451832731479925,-0.10624257957469332,12
20261005-010838-8084b01,2010,dgp_dsale,0.01932940027562009,1.0240589247382585,12
20261005-010838-8084b01,2010,dsale_dsga,0.008802251175228289,0.6443212921485999,12
20261005-010838-8084b01,2010,sale_emp_gr1,-0.012192619460664142,-1.0055945411015554,12
20261005-010838-8084b01,2010,tangibility,-0.0005786874691788061,-0.08147131426683919,12
20261005-010838-8084b01,2010,kz_index,0.004143882392060258,0.2554341099801488,12
20261005-010838-8084b01,2010,ocfq_saleq_std,-0.04933447672458491,-3.112979763700265,12
20261005-010838-8084b01,2010,cash_at,-0.011441446820658313,-0.6608317642181629,12
20261005-010838-8084b01,2010,ni_ar1,-0.012408274962009136,-0.9930772728289495,12
20261005-010838-8084b01,2010,ni_ivol,-0.009851566794124356,-0.4102652675488359,12
20261005-010838-8084b01,2010,earnings_variability,-0.00852561633532603,-0.4173978428619885,12
20261005-010838-8084b01,2010,aliq_at,-0.00717678553768045,-0.6889262501401995,12
20261005-010838-8084b01,2010,aliq_mat,0.001094943582013577,0.08951827038654706,12
20261005-010838-8084b01,2010,seas_1_1an,0.04201228378693367,2.219835572510367,12
20261005-010838-8084b01,2010,seas_1_1na,0.006534026488955337,0.2808379736994918,12
20261005-010838-8084b01,2010,seas_2_5an,0.013159385631627519,0.94567183524953,12
20261005-010838-8084b01,2010,seas_2_5na,0.020366056635826708,0.7501300800843517,12
20261005-010838-8084b01,2010,seas_6_10an,0.004572336936389373,0.3478805953914262,12
20261005-010838-8084b01,2010,seas_6_10na,0.0004148426643051221,0.057097674644611476,12
20261005-010838-8084b01,2010,seas_11_15an,0.002279624863398962,0.3673176937639421,12
20261005-010838-8084b01,2010,seas_11_15na,-0.0022183996908599576,-0.24439705387749805,12
20261005-010838-8084b01,2010,seas_16_20an,0.01700413843185431,2.7349677774971304,12
20261005-010838-8084b01,2010,seas_16_20na,-0.0010293655195143508,-0.10717467129987002,12
20261005-010838-8084b01,2010,market_equity,0.057038209941316,1.7704218060339574,12
20261005-010838-8084b01,2010,ivol_ff3_21d,-0.06080625568972828,-2.488797816902754,12
20261005-010838-8084b01,2010,ivol_capm_252d,-0.05909201679925714,-1.8488505609556225,12
20261005-010838-8084b01,2010,ivol_capm_21d,-0.062357042209195725,-2.4901859962218635,12
20261005-010838-8084b01,2010,ivol_hxz4_21d,-0.06145103490828385,-2.5131518543106597,12
20261005-010838-8084b01,2010,rvol_21d,-0.05282480674784506,-1.433666813886781,12
20261005-010838-8084b01,2010,beta_60m,0.027259879370528737,0.546765403718397,12
20261005-010838-8084b01,2010,betabab_1260d,0.029702391276161005,0.5145734998621166,12
20261005-010838-8084b01,2010,beta_dimson_21d,0.02424636988535599,0.5455357989798862,12
20261005-010838-8084b01,2010,turnover_126d,0.009631560257881039,0.2555920677551605,12
20261005-010838-8084b01,2010,turnover_var_126d,-0.057461868397509046,-1.9516057083999767,12
20261005-010838-8084b01,2010,dolvol_126d,0.043138079813693435,1.2506288694923555,12
20261005-010838-8084b01,2010,dolvol_var_126d,-0.06169313366966974,-2.1895102184881545,12
20261005-010838-8084b01,2010,prc,0.05000901435433306,1.5563403952092962,12
20261005-010838-8084b01,2010,ami_126d,-0.051887580642270746,-1.5965769591280754,12
20261005-010838-8084b01,2010,zero_trades_21d,-0.013688819052537195,-0.3589266332100445,12
20261005-010838-8084b01,2010,zero_trades_126d,-0.011278526167161983,-0.29580240497533355,12
20261005-010838-8084b01,2010,zero_trades_252d,-0.01724451113529654,-0.45217150344077534,12
20261005-010838-8084b01,2010,rmax1_21d,-0.0571626483780803,-2.0301058736536075,12
20261005-010838-8084b01,2010,rskew_21d,-0.02889654149012991,-5.185072694507296,12
20261005-010838-8084b01,2010,iskew_capm_21d,-0.019561913161861243,-4.8866700874060305,12
20261005-010838-8084b01,2010,iskew_ff3_21d,-0.01616404407999351,-3.8035170683272677,12
20261005-010838-8084b01,2010,iskew_hxz4_21d,-0.02015461854245217,-5.028273142974725,12
20261005-010838-8084b01,2010,coskew_21d,0.006203914250787835,0.8698421451193926,12
20261005-010838-8084b01,2010,ret_1_0,-0.041730379734384704,-1.2936826801960857,12
20261005-010838-8084b01,2010,betadown_252d,0.028806959531586518,0.5211935360133269,12
20261005-010838-8084b01,2010,bidaskhl_21d,-0.05271176662468253,-1.6375119721874658,12
20261005-010838-8084b01,2010,ret_3_1,0.019464793856597683,0.7306698176242226,12
20261005-010838-8084b01,2010,ret_9_1,0.023357506627988977,1.0823617114122472,12
20261005-010838-8084b01,2010,ret_12_7,0.04860895951424323,2.359005969750829,12
20261005-010838-8084b01,2010,corr_1260d,0.05998944243443838,1.6678433745119379,12
20261005-010838-8084b01,2010,rmax5_21d,-0.062194100524272884,-1.9166173096319072,12
20261005-010838-8084b01,2010,rmax5_rvol_21d,-0.022368737367390715,-1.5288722319984172,12
20261005-010838-8084b01,2010,ni_be,0.028812058160433637,0.9482210416613489,12
20261005-010838-8084b01,2010,ocf_at,0.055719129397893585,2.3816227330914863,12
20261005-010838-8084b01,2010,ocf_at_chg1,0.010985675102694303,2.432543319025449,12
20261005-010838-8084b01,2010,mispricing_perf,0.053389442838974316,1.6427968260230892,12
20261005-010838-8084b01,2010,mispricing_mgmt,0.011501983952125821,1.115034973989551,12
20261005-010838-8084b01,2010,qmj,0.03416502174615475,0.9720509761596654,12
20261005-010838-8084b01,2010,qmj_prof,0.05166326558634027,1.7503408714711945,12
20261005-010838-8084b01,2010,qmj_growth,0.023147470856435343,1.0606759505942986,12
20261005-010838-8084b01,2010,qmj_safety,0.011973361123764605,0.31090441199294105,12
20261005-010838-8084b01,2012,niq_su,0.009746578425259684,1.0912478975072597,12
20261005-010838-8084b01,2012,ret_6_1,0.0069431321656477155,0.22750573692180892,12
20261005-010838-8084b01,2012,ret_12_1,0.05040270485835155,1.3639552585301176,12
20261005-010838-8084b01,2012,saleq_su,0.013190334568579404,1.2861139162103012,12
20261005-010838-8084b01,2012,tax_gr1a,0.013320329380217258,1.772685473988854,12
20261005-010838-8084b01,2012,ni_inc8q,0.021987658923672354,3.7138508120637805,12
20261005-010838-8084b01,2012,prc_highprc_252d,0.047020743542559695,1.0142693178486566,12
20261005-010838-8084b01,2012,resff3_6_1,0.0014936271761595225,0.07815985073716938,12
20261005-010838-8084b01,2012,resff3_12_1,0.009059059262920199,0.4285829218137535,12
20261005-010838-8084b01,2012,be_me,0.017040159085010106,1.1703071003925196,12
20261005-010838-8084b01,2012,debt_me,0.03578456234876362,2.2880592966286253,12
20261005-010838-8084b01,2012,at_me,0.03300824921889102,1.918474125846099,12
20261005-010838-8084b01,2012,ret_60_12,0.004034553685523725,0.2430347271690478,12
20261005-010838-8084b01,2012,ni_me,0.04833972757900176,3.0357076570196355,12
20261005-010838-8084b01,2012,fcf_me,0.06634358276630936,3.8648688079505584,12
20261005-010838-8084b01,2012,div12m_me,0.03368919743646517,1.3415823488486145,12
20261005-010838-8084b01,2012,eqpo_me,0.04165298333070721,2.0454852828310717,12
20261005-010838-8084b01,2012,eqnpo_me,0.050148038501634414,2.2228019097883793,12
20261005-010838-8084b01,2012,sale_gr3,-0.008646313086094924,-0.8386213459983961,12
20261005-010838-8084b01,2012,sale_gr1,-0.015905777143718543,-0.9536506249764201,12
20261005-010838-8084b01,2012,ebitda_mev,0.04294186590275365,2.9822206382757437,12
20261005-010838-8084b01,2012,sale_me,0.026691274062533462,1.415054503118725,12
20261005-010838-8084b01,2012,ocf_me,0.044644829523519204,4.068099621649523,12
20261005-010838-8084b01,2012,ival_me,-0.001037488171434086,-0.06550852227522776,12
20261005-010838-8084b01,2012,bev_mev,0.022625564105522605,1.7102433164031428,12
20261005-010838-8084b01,2012,netdebt_me,0.019738094630438574,1.431806950575525,12
20261005-010838-8084b01,2012,eq_dur,-0.0382777345954346,-2.664862477025076,12
20261005-010838-8084b01,2012,capex_abn,-0.006552192704419872,-1.4796029152541406,12
20261005-010838-8084b01,2012,at_gr1,-0.004640510200451624,-0.49325216286980494,12
20261005-010838-8084b01,2012,ppeinv_gr1a,-0.01857814680447959,-1.9176550028518358,12
20261005-010838-8084b01,2012,noa_at,0.007240132062069131,0.5018303389519092,12
20261005-010838-8084b01,2012,noa_gr1a,-0.007732905576524909,-0.7195194370958946,12
20261005-010838-8084b01,2012,lnoa_gr1a,-0.006953279659262916,-0.7891190399505237,12
20261005-010838-8084b01,2012,capx_gr1,-0.0009294110992198725,-0.10155533713037321,12
20261005-010838-8084b01,2012,capx_gr2,-0.016517625683315953,-1.5682675589370756,12
20261005-010838-8084b01,2012,capx_gr3,-0.01749161271617933,-2.531877484057727,12
20261005-010838-8084b01,2012,chcsho_12m,-0.04181107098113045,-2.1105009484979336,12
20261005-010838-8084b01,2012,eqnpo_12m,0.04468631570763821,1.74339830896974,12
20261005-010838-8084b01,2012,debt_gr3,-0.007272311743901832,-0.6084669348800213,12
20261005-010838-8084b01,2012,inv_gr1,-0.00763322262456637,-0.7554749517422433,12
20261005-010838-8084b01,2012,inv_gr1a,-0.0009143455923755279,-0.0862959024084583,12
20261005-010838-8084b01,2012,oaccruals_at,0.029054740220738718,2.6379466552812367,12
20261005-010838-8084b01,2012,taccruals_at,0.027860878109773075,4.02179789666858,12
20261005-010838-8084b01,2012,cowc_gr1a,-0.0004877133578531081,-0.0525735921575019,12
20261005-010838-8084b01,2012,coa_gr1a,0.0026526925300289542,0.30623590941128115,12
20261005-010838-8084b01,2012,col_gr1a,-0.00286752598123843,-0.33458787132758144,12
20261005-010838-8084b01,2012,nncoa_gr1a,-0.005754459711064676,-0.6441134884761528,12
20261005-010838-8084b01,2012,ncoa_gr1a,-0.001381475314748471,-0.18707010103296712,12
20261005-010838-8084b01,2012,ncol_gr1a,0.009922412719290381,1.0757478738140187,12
20261005-010838-8084b01,2012,nfna_gr1a,0.015174566895255912,2.5354699182613105,12
20261005-010838-8084b01,2012,sti_gr1a,-0.0014446605548862881,-0.3178960796318723,12
20261005-010838-8084b01,2012,lti_gr1a,0.012302648797446527,2.122483181556039,12
20261005-010838-8084b01,2012,fnl_gr1a,-0.016900999316842826,-2.374959303706177,12
20261005-010838-8084b01,2012,be_gr1a,-0.005644440283737724,-0.48229989170552867,12
20261005-010838-8084b01,2012,oaccruals_ni,-0.02038112136201672,-1.6794107511429908,12
20261005-010838-8084b01,2012,taccruals_ni,-0.004739996779517191,-0.5933264032451153,12
20261005-010838-8084b01,2012,netis_at,-0.050486632719134394,-3.3648224137719334,12
20261005-010838-8084b01,2012,eqnetis_at,-0.0529110368038667,-2.833923953509116,12
20261005-010838-8084b01,2012,dbnetis_at,-0.026474782751663938,-3.3513783034525173,12
20261005-010838-8084b01,2012,niq_be,0.05609694912462642,4.040696231486169,12
20261005-010838-8084b01,2012,niq_be_chg1,0.02841248567777783,3.4946272678334243,12
20261005-010838-8084b01,2012,niq_at,0.050283886663183126,3.4308209066446627,12
20261005-010838-8084b01,2012,niq_at_chg1,0.02450060072984422,3.4622403518089144,12
20261005-010838-8084b01,2012,ebit_bev,0.04140644439861475,3.142552510973358,12
20261005-010838-8084b01,2012,ebit_sale,0.046047596905408765,2.4624042724397284,12
20261005-010838-8084b01,2012,sale_bev,-0.0011704579473139985,-0.06585233148217916,12
20261005-010838-8084b01,2012,at_turnover,0.0024595156856583433,0.1576799795069373,12
20261005-010838-8084b01,2012,gp_at,0.0017302747603378007,0.132141935809679,12
20261005-010838-8084b01,2012,gp_atl1,0.00015938985296921836,0.012058650409599959,12
20261005-010838-8084b01,2012,ope_be,0.040197273459698556,2.9125672073762696,12
20261005-010838-8084b01,2012,ope_bel1,0.034729336089883565,2.7328400469785668,12
20261005-010838-8084b01,2012,op_at,0.016786154998747443,1.0960668913614466,12
20261005-010838-8084b01,2012,op_atl1,0.014357144134670222,0.9772238713391718,12
20261005-010838-8084b01,2012,cop_at,0.0010182417640116437,0.07727630457966078,12
20261005-010838-8084b01,2012,cop_atl1,0.00032520476318841036,0.024834286414029804,12
20261005-010838-8084b01,2012,f_score,0.0393166530809444,4.010180695781747,12
20261005-010838-8084b01,2012,o_score,-0.03638370623393669,-2.8642946482599094,12
20261005-010838-8084b01,2012,z_score,0.016836658646859567,1.5261018751491697,12
20261005-010838-8084b01,2012,pi_nix,-0.000805175411995852,-0.07361433228947456,12
20261005-010838-8084b01,2012,at_be,0.04797869856744603,2.673108754813126,12
20261005-010838-8084b01,2012,saleq_gr1,0.004860095016912346,0.4252588929409178,12
20261005-010838-8084b01,2012,rd_me,-0.031258566023820725,-1.9760968529219904,12
20261005-010838-8084b01,2012,rd_sale,-0.028517587718582604,-1.8136600095471034,12
20261005-010838-8084b01,2012,opex_at,-0.0185637494643611,-1.1236704727088753,12
20261005-010838-8084b01,2012,emp_gr1,-0.01301273201954492,-1.0656272454824418,12
20261005-010838-8084b01,2012,rd5_at,-0.029672818883256107,-2.38951075999209,12
20261005-010838-8084b01,2012,age,0.02931663489793572,2.0427036786012103,12
20261005-010838-8084b01,2012,dsale_dinv,-0.007714734385049166,-1.057493527641787,12
20261005-010838-8084b01,2012,dsale_drec,-0.013457897538962331,-1.5909156152780115,12
20261005-010838-8084b01,2012,dgp_dsale,0.023492944213240594,2.8755160601333745,12
20261005-010838-8084b01,2012,dsale_dsga,-0.002088097207563327,-0.1585820139937323,12
20261005-010838-8084b01,2012,sale_emp_gr1,-0.014523872350722111,-1.2337420636025225,12
20261005-010838-8084b01,2012,tangibility,-0.03441978366200854,-2.974270548703219,12
20261005-010838-8084b01,2012,kz_index,-0.01900710866597783,-1.3441828672690457,12
20261005-010838-8084b01,2012,ocfq_saleq_std,-0.03114154660351032,-2.053185995322015,12
20261005-010838-8084b01,2012,cash_at,-0.02396248447509766,-1.102334429567088,12
20261005-010838-8084b01,2012,ni_ar1,0.002964270445512241,0.44169990720080915,12
20261005-010838-8084b01,2012,ni_ivol,-0.04889049674272492,-1.758016552041789,12
20261005-010838-8084b01,2012,earnings_variability,-0.014983136693150684,-0.904628535094421,12
20261005-010838-8084b01,2012,aliq_at,-0.019765959152027977,-1.282168650500629,12
20261005-010838-8084b01,2012,aliq_mat,-0.0010849245405388276,-0.09821116000210085,12
20261005-010838-8084b01,2012,seas_1_1an,0.028017025972330998,2.0179651551270545,12
20261005-010838-8084b01,2012,seas_1_1na,0.025580142079007353,0.7346457205725553,12
20261005-010838-8084b01,2012,seas_2_5an,0.017577869376599317,1.4660041171814597,12
20261005-010838-8084b01,2012,seas_2_5na,-0.018916226826725415,-1.1949980336912873,12
20261005-010838-8084b01,2012,seas_6_10an,0.017751466664869844,1.8607089104009564,12
20261005-010838-8084b01,2012,seas_6_10na,-0.020764255897502294,-1.784894789489407,12
20261005-010838-8084b01,2012,seas_11_15an,0.01893219391563819,1.8764703500056885,12
20261005-010838-8084b01,2012,seas_11_15na,-0.009997509951962554,-1.1465657781023273,12
20261005-010838-8084b01,2012,seas_16_20an,0.016911500978976365,2.0251027527109673,12
20261005-010838-8084b01,2012,seas_16_20na,-0.002895839305123903,-0.31248232357299577,12
20261005-010838-8084b01,2012,market_equity,0.05299671668251691,2.5333861439863683,12
20261005-010838-8084b01,2012,ivol_ff3_21d,-0.06470439082658568,-2.3817114179515197,12
20261005-010838-8084b01,2012,ivol_capm_252d,-0.07591520186752142,-2.4385863132245515,12
20261005-010838-8084b01,2012,ivol_capm_21d,-0.06465318107219727,-2.332407062791101,12
20261005-010838-8084b01,2012,ivol_hxz4_21d,-0.06303660230848422,-2.3152802841495546,12
20261005-010838-8084b01,2012,rvol_21d,-0.06259884267277374,-1.877097063817592,12
20261005-010838-8084b01,2012,beta_60m,-0.011540299224604844,-0.3203121575012299,12
20261005-010838-8084b01,2012,betabab_1260d,-0.008458478653710572,-0.21592137730364325,12
20261005-010838-8084b01,2012,beta_dimson_21d,-0.0026483430940136173,-0.09854249059058469,12
20261005-010838-8084b01,2012,turnover_126d,0.003556288379208254,0.13244166318636721,12
20261005-010838-8084b01,2012,turnover_var_126d,-0.042114737875801805,-2.288359253431316,12
20261005-010838-8084b01,2012,dolvol_126d,0.03909153938575872,1.8939748626325141,12
20261005-010838-8084b01,2012,dolvol_var_126d,-0.04413227985478104,-2.38595000051586,12
20261005-010838-8084b01,2012,prc,0.062138563503534,2.303335594223609,12
20261005-010838-8084b01,2012,ami_126d,-0.04549971367283462,-2.2950084928455516,12
20261005-010838-8084b01,2012,zero_trades_21d,-0.007238908989946678,-0.27118144417574225,12
20261005-010838-8084b01,2012,zero_trades_126d,-0.006291393331638387,-0.23145126608329272,12
20261005-010838-8084b01,2012,zero_trades_252d,-0.006418768202365641,-0.23135689624328554,12
20261005-010838-8084b01,2012,rmax1_21d,-0.059739642897977084,-2.2013752233862194,12
20261005-010838-8084b01,2012,rskew_21d,-0.02190415132227379,-3.451881458594911,12
20261005-010838-8084b01,2012,iskew_capm_21d,-0.015945075005584532,-2.8984163051170424,12
20261005-010838-8084b01,2012,iskew_ff3_21d,-0.015446049362806526,-2.714199012302897,12
20261005-010838-8084b01,2012,iskew_hxz4_21d,-0.0153093977850976,-2.708775877057417,12
20261005-010838-8084b01,2012,coskew_21d,-0.01590512364804489,-1.0569874973055853,12
20261005-010838-8084b01,2012,ret_1_0,-0.015437991769422532,-0.6026830922396763,12
20261005-010838-8084b01,2012,betadown_252d,0.002689661559418683,0.07016050305083407,12
20261005-010838-8084b01,2012,bidaskhl_21d,-0.06952156375618186,-2.316890648841342,12
20261005-010838-8084b01,2012,ret_3_1,0.014919241299290493,1.0275603924819767,12
20261005-010838-8084b01,2012,ret_9_1,0.030811930102103324,0.8241291085847544,12
20261005-010838-8084b01,2012,ret_12_7,0.06414592168104573,2.264804203130837,12
20261005-010838-8084b01,2012,corr_1260d,0.04013326921969018,1.8012778214981982,12
20261005-010838-8084b01,2012,rmax5_21d,-0.06611789662566293,-2.345937155750978,12
20261005-010838-8084b01,2012,rmax5_rvol_21d,-0.019026304135464148,-1.7909018297490946,12
20261005-010838-8084b01,2012,ni_be,0.03604483268006892,2.4270296016323547,12
20261005-010838-8084b01,2012,ocf_at,0.026066583639448197,2.015120306304713,12
20261005-010838-8084b01,2012,ocf_at_chg1,0.012700994216960486,3.4243056341715263,12
20261005-010838-8084b01,2012,mispricing_perf,0.04321687543523994,2.3046376359758147,12
20261005-010838-8084b01,2012,mispricing_mgmt,0.02070691360896219,1.2311544584414846,12
20261005-010838-8084b01,2012,qmj,0.01732566062021293,1.0631355787178038,12
20261005-010838-8084b01,2012,qmj_prof,0.019399950509653475,1.5133467535693002,12
20261005-010838-8084b01,2012,qmj_growth,0.00842132272719648,0.8779602467493244,12
20261005-010838-8084b01,2012,qmj_safety,0.01996945281471044,0.9307507870599542,12
20261005-010838-8084b01,2014,niq_su,0.001802193651379112,0.25899177552931957,12
20261005-010838-8084b01,2014,ret_6_1,0.039620480374369625,1.8234201595687718,12
20261005-010838-8084b01,2014,ret_12_1,0.028221426602781662,1.4279630055143133,12
20261005-010838-8084b01,2014,saleq_su,0.011276289551047319,1.2740306617230066,12
20261005-010838-8084b01,2014,tax_gr1a,0.014130269741561528,1.4457570471673775,12
20261005-010838-8084b01,2014,ni_inc8q,0.02523684381656624,1.943558080722137,12
20261005-010838-8084b01,2014,prc_highprc_252d,0.07807867785850375,2.322603325177146,12
20261005-010838-8084b01,2014,resff3_6_1,-0.005674180135446633,-0.3619458253290431,12
20261005-010838-8084b01,2014,resff3_12_1,-0.022577146186178856,-2.141740633981075,12
20261005-010838-8084b01,2014,be_me,4.54543699505228e-05,0.0017068188373307463,12
20261005-010838-8084b01,2014,debt_me,0.02243962110209746,0.8319879724476812,12
20261005-010838-8084b01,2014,at_me,0.017656918753140512,0.5558772518056769,12
20261005-010838-8084b01,2014,ret_60_12,0.05872840608824451,3.0089706884404723,12
20261005-010838-8084b01,2014,ni_me,0.08917262842436609,2.4069952361485405,12
20261005-010838-8084b01,2014,fcf_me,0.08724489312153523,2.5022238353065918,12
20261005-010838-8084b01,2014,div12m_me,0.059070516781255154,2.005320784290084,12
20261005-010838-8084b01,2014,eqpo_me,0.07134471528423317,2.1797352668216043,12
20261005-010838-8084b01,2014,eqnpo_me,0.07105640870378091,1.9384252075655497,12
20261005-010838-8084b01,2014,sale_gr3,0.006189717575377698,0.44899655960849366,12
20261005-010838-8084b01,2014,sale_gr1,-1.1798658303269175e-05,-0.0007313999696110632,12
20261005-010838-8084b01,2014,ebitda_mev,0.071105170278018,1.8597958830544743,12
20261005-010838-8084b01,2014,sale_me,0.023649922168542007,0.7978273164100428,12
20261005-010838-8084b01,2014,ocf_me,0.06628042270061471,1.9464755847760473,12
20261005-010838-8084b01,2014,ival_me,0.0032975916178677473,0.24901663139196586,12
20261005-010838-8084b01,2014,bev_mev,0.0005954070952011841,0.0259740586412993,12
20261005-010838-8084b01,2014,netdebt_me,0.013342004517116637,0.5640029949472727,12
20261005-010838-8084b01,2014,eq_dur,-0.04829768753852512,-1.8912570968369238,12
20261005-010838-8084b01,2014,capex_abn,0.0183682344151973,2.6849895068224403,12
20261005-010838-8084b01,2014,at_gr1,0.015123480726874928,0.8406540540738703,12
20261005-010838-8084b01,2014,ppeinv_gr1a,0.003909769103822203,0.30800462757017893,12
20261005-010838-8084b01,2014,noa_at,-0.0007754888923099182,-0.03173784609177066,12
20261005-010838-8084b01,2014,noa_gr1a,0.00822100572077075,0.8210138786910158,12
20261005-010838-8084b01,2014,lnoa_gr1a,0.012527052604162788,1.2605494515960929,12
20261005-010838-8084b01,2014,capx_gr1,0.013832532418849882,1.7699861411805866,12
20261005-010838-8084b01,2014,capx_gr2,0.01184305373793263,1.299024995148266,12
20261005-010838-8084b01,2014,capx_gr3,0.01084220696142083,1.3829140014626866,12
20261005-010838-8084b01,2014,chcsho_12m,-0.0606830072953845,-2.201068776095851,12
20261005-010838-8084b01,2014,eqnpo_12m,0.0723307388114159,2.267078081530897,12
20261005-010838-8084b01,2014,debt_gr3,0.004780864777865943,0.448083642038106,12
20261005-010838-8084b01,2014,inv_gr1,-0.004331456855527975,-0.4200306034410373,12
20261005-010838-8084b01,2014,inv_gr1a,0.0014793499434294123,0.1471645116340949,12
20261005-010838-8084b01,2014,oaccruals_at,0.03627324368300053,2.0396226228772023,12
20261005-010838-8084b01,2014,taccruals_at,0.0317861718528838,2.0135071134753155,12
20261005-010838-8084b01,2014,cowc_gr1a,0.0076848407216814725,1.0971780703144483,12
20261005-010838-8084b01,2014,coa_gr1a,0.02005934975035881,1.472398252282845,12
20261005-010838-8084b01,2014,col_gr1a,0.01403126979316327,1.1978023837270664,12
20261005-010838-8084b01,2014,nncoa_gr1a,0.01008325027057804,1.0480260197930795,12
20261005-010838-8084b01,2014,ncoa_gr1a,0.01424892206850611,1.3247460021978918,12
20261005-010838-8084b01,2014,ncol_gr1a,0.013595486297378704,2.5898256254929604,12
20261005-010838-8084b01,2014,nfna_gr1a,0.0078979478757143,1.160821719119644,12
20261005-010838-8084b01,2014,sti_gr1a,0.011610464371645557,1.737967669950371,12
20261005-010838-8084b01,2014,lti_gr1a,0.011684970242588145,2.2129433167003785,12
20261005-010838-8084b01,2014,fnl_gr1a,0.0006990266030974372,0.15025942158039124,12
20261005-010838-8084b01,2014,be_gr1a,0.012431053549629527,0.7711390433851015,12
20261005-010838-8084b01,2014,oaccruals_ni,-0.01809808804659978,-1.6435889870980662,12
20261005-010838-8084b01,2014,taccruals_ni,-0.008714478830235305,-0.9173003179335266,12
20261005-010838-8084b01,2014,netis_at,-0.04015161689861367,-1.275896324232353,12
20261005-010838-8084b01,2014,eqnetis_at,-0.059490861241553034,-1.7528435275685859,12
20261005-010838-8084b01,2014,dbnetis_at,-0.0037494636787651623,-0.25667383754949663,12
20261005-010838-8084b01,2014,niq_be,0.07665904856113326,2.42002560579843,12
20261005-010838-8084b01,2014,niq_be_chg1,0.016718255595950367,2.1940139328038906,12
20261005-010838-8084b01,2014,niq_at,0.07145342200971161,2.1731735598636943,12
20261005-010838-8084b01,2014,niq_at_chg1,0.015504343909598086,2.317315821317836,12
20261005-010838-8084b01,2014,ebit_bev,0.07796391462219417,2.483476022519224,12
20261005-010838-8084b01,2014,ebit_sale,0.07310264032922498,2.284713702395593,12
20261005-010838-8084b01,2014,sale_bev,0.01945490161167956,1.0338738350382346,12
20261005-010838-8084b01,2014,at_turnover,0.015502148792855773,0.8020438904224826,12
20261005-010838-8084b01,2014,gp_at,0.018426303490886763,0.9468291073081256,12
20261005-010838-8084b01,2014,gp_atl1,0.015913823996249164,0.8781068274441524,12
20261005-010838-8084b01,2014,ope_be,0.067921245549142,1.9789146577673244,12
20261005-010838-8084b01,2014,ope_bel1,0.06425773390221726,2.099921279930406,12
20261005-010838-8084b01,2014,op_at,0.06123005618696814,2.5337602501490344,12
20261005-010838-8084b01,2014,op_atl1,0.05730849655286598,2.4305747808896316,12
20261005-010838-8084b01,2014,cop_at,0.031466691679336765,2.356054117918441,12
20261005-010838-8084b01,2014,cop_atl1,0.03233114593312975,2.4069678724630905,12
20261005-010838-8084b01,2014,f_score,0.045721774135133404,2.0820178948559804,12
20261005-010838-8084b01,2014,o_score,-0.06687823031646463,-2.4145638173631943,12
20261005-010838-8084b01,2014,z_score,0.027831031393017524,1.528300482779922,12
20261005-010838-8084b01,2014,pi_nix,0.005878394632729745,0.5669371485146827,12
20261005-010838-8084b01,2014,at_be,0.041233478764295874,1.8712677000652218,12
20261005-010838-8084b01,2014,saleq_gr1,0.00503003217661337,0.3252057480236322,12
20261005-010838-8084b01,2014,rd_me,-0.015289552400685762,-0.6676882151440395,12
20261005-010838-8084b01,2014,rd_sale,-0.019237672723540655,-0.623160969773377,12
20261005-010838-8084b01,2014,opex_at,-0.01771184226186563,-1.160934503577966,12
20261005-010838-8084b01,2014,emp_gr1,0.010207833101548052,0.7382511910905211,12
20261005-010838-8084b01,2014,rd5_at,-0.019460799544644466,-0.8022277977428132,12
20261005-010838-8084b01,2014,age,0.046671728446902115,2.0256976012506738,12
20261005-010838-8084b01,2014,dsale_dinv,0.010390350130799711,1.0947946120790948,12
20261005-010838-8084b01,2014,dsale_drec,-0.007655351316456786,-0.9095830519217002,12
20261005-010838-8084b01,2014,dgp_dsale,0.027400038531276816,2.2620184045692167,12
20261005-010838-8084b01,2014,dsale_dsga,0.002181085177042727,0.21462042857945055,12
20261005-010838-8084b01,2014,sale_emp_gr1,-0.009114845204789822,-0.9721706299427528,12
20261005-010838-8084b01,2014,tangibility,-0.03738264889026395,-1.7194132745467987,12
20261005-010838-8084b01,2014,kz_index,-0.028419717881937968,-1.3295779377356087,12
20261005-010838-8084b01,2014,ocfq_saleq_std,-0.05666233306344622,-2.4976216508300335,12
20261005-010838-8084b01,2014,cash_at,-0.03290398392959787,-0.9719434413415279,12
20261005-010838-8084b01,2014,ni_ar1,0.009150949937992127,1.0177863802292841,12
20261005-010838-8084b01,2014,ni_ivol,-0.07707600269278601,-2.7111287227144683,12
20261005-010838-8084b01,2014,earnings_variability,-0.03496418081030303,-2.3939568301754885,12
20261005-010838-8084b01,2014,aliq_at,-0.017646586167524052,-0.8968656115247013,12
20261005-010838-8084b01,2014,aliq_mat,-0.02176723001651162,-1.2750277883505994,12
20261005-010838-8084b01,2014,seas_1_1an,0.0002984492995485698,0.027065118437493502,12
20261005-010838-8084b01,2014,seas_1_1na,0.005673327025616032,0.27994037692738344,12
20261005-010838-8084b01,2014,seas_2_5an,0.010217852190823036,0.5802198706099174,12
20261005-010838-8084b01,2014,seas_2_5na,0.026410257302476207,1.4912508498693384,12
20261005-010838-8084b01,2014,seas_6_10an,0.023448477749300575,1.9935483532095526,12
20261005-010838-8084b01,2014,seas_6_10na,-0.02096798637187891,-1.5553184626611054,12
20261005-010838-8084b01,2014,seas_11_15an,0.026355274099925597,2.4006499050915067,12
20261005-010838-8084b01,2014,seas_11_15na,-0.024711943150130908,-2.1644083750449896,12
20261005-010838-8084b01,2014,seas_16_20an,0.024560634140027016,2.97564253210338,12
20261005-010838-8084b01,2014,seas_16_20na,0.003407067270060834,0.5789017072994893,12
20261005-010838-8084b01,2014,market_equity,0.08745119367960175,2.6297317620035314,12
20261005-010838-8084b01,2014,ivol_ff3_21d,-0.10612132819082543,-2.787058083433349,12
20261005-010838-8084b01,2014,ivol_capm_252d,-0.10976240756394384,-2.718741089338722,12
20261005-010838-8084b01,2014,ivol_capm_21d,-0.10886242548823828,-2.825777564183405,12
20261005-010838-8084b01,2014,ivol_hxz4_21d,-0.10530717964481105,-2.7625678249460845,12
20261005-010838-8084b01,2014,rvol_21d,-0.11091785098070793,-2.76864449951623,12
20261005-010838-8084b01,2014,beta_60m,-0.0530139077727394,-1.8538302734288687,12
20261005-010838-8084b01,2014,betabab_1260d,-0.055560095005615234,-1.504186013540976,12
20261005-010838-8084b01,2014,beta_dimson_21d,-0.02302374135745135,-0.9106445467552973,12
20261005-010838-8084b01,2014,turnover_126d,-0.02338723453263118,-0.6935293162314644,12
20261005-010838-8084b01,2014,turnover_var_126d,-0.06480366924364078,-1.9994964910005373,12
20261005-010838-8084b01,2014,dolvol_126d,0.05976441621855155,1.9272999142798009,12
20261005-010838-8084b01,2014,dolvol_var_126d,-0.06743651697767439,-2.0304767008141553,12
20261005-010838-8084b01,2014,prc,0.09724905947050604,2.7263002163334566,12
20261005-010838-8084b01,2014,ami_126d,-0.07520523522392077,-2.3593303579310967,12
20261005-010838-8084b01,2014,zero_trades_21d,0.01741688692600162,0.4977512493711695,12
20261005-010838-8084b01,2014,zero_trades_126d,0.0199630106467976,0.5804512172364916,12
20261005-010838-8084b01,2014,zero_trades_252d,0.01663874483140534,0.4915508272265229,12
20261005-010838-8084b01,2014,rmax1_21d,-0.10259477889994251,-2.9665353501197074,12
20261005-010838-8084b01,2014,rskew_21d,-0.022899629129826127,-1.7933346770438752,12
20261005-010838-8084b01,2014,iskew_capm_21d,-0.01189668540984646,-1.1090419729566572,12
20261005-010838-8084b01,2014,iskew_ff3_21d,-0.006543160998758043,-0.6332143654402506,12
20261005-010838-8084b01,2014,iskew_hxz4_21d,-0.002471088028088099,-0.23683090726241746,12
20261005-010838-8084b01,2014,coskew_21d,0.007100253544573579,0.524033059014448,12
20261005-010838-8084b01,2014,ret_1_0,-0.012249571263928059,-0.5284782587053587,12
20261005-010838-8084b01,2014,betadown_252d,-0.03323165704311493,-1.1131061983264758,12
20261005-010838-8084b01,2014,bidaskhl_21d,-0.11305153857333176,-2.8244710088962917,12
20261005-010838-8084b01,2014,ret_3_1,0.02229824697756282,0.7521205107547131,12
20261005-010838-8084b01,2014,ret_9_1,0.023226325098876673,1.1212869099575202,12
20261005-010838-8084b01,2014,ret_12_7,0.00778207201182731,0.4758899116385548,12
20261005-010838-8084b01,2014,corr_1260d,0.05044984807602243,1.469385627603078,12
20261005-010838-8084b01,2014,rmax5_21d,-0.11375944364767653,-3.054776641588037,12
20261005-010838-8084b01,2014,rmax5_rvol_21d,-0.023718123533421856,-1.7557535269628226,12
20261005-010838-8084b01,2014,ni_be,0.08168874173652692,2.281321996542953,12
20261005-010838-8084b01,2014,ocf_at,0.06289902227221825,2.132772406747435,12
20261005-010838-8084b01,2014,ocf_at_chg1,0.008270207147273216,1.184570579796499,12
20261005-010838-8084b01,2014,mispricing_perf,0.0635306908553011,2.153515767702629,12
20261005-010838-8084b01,2014,mispricing_mgmt,0.024392204283638492,1.5422406931171555,12
20261005-010838-8084b01,2014,qmj,0.06141792957691841,2.629723641200126,12
20261005-010838-8084b01,2014,qmj_prof,0.060241896912215966,2.181680264904234,12
20261005-010838-8084b01,2014,qmj_growth,0.023726318601028567,3.9966312409649456,12
20261005-010838-8084b01,2014,qmj_safety,0.05936373889803512,2.2296521172193957,12
20261005-010838-8084b01,2016,niq_su,-0.014938596942778224,-2.5166772064976963,12
20261005-010838-8084b01,2016,ret_6_1,0.022556583389743794,0.7146043183712866,12
20261005-010838-8084b01,2016,ret_12_1,0.020931907406052972,0.6476104875664315,12
20261005-010838-8084b01,2016,saleq_su,-0.009711158483937518,-0.7979334000263026,12
20261005-010838-8084b01,2016,tax_gr1a,-0.0030730633581832916,-0.2386557388245021,12
20261005-010838-8084b01,2016,ni_inc8q,0.010555033643873018,0.5825815546412959,12
20261005-010838-8084b01,2016,prc_highprc_252d,0.05272308606808728,1.2140506701296316,12
20261005-010838-8084b01,2016,resff3_6_1,0.0015676662293731749,0.07603561836060672,12
20261005-010838-8084b01,2016,resff3_12_1,-0.010200319637243632,-0.535172391034785,12
20261005-010838-8084b01,2016,be_me,0.05206546279378591,2.37815744408442,12
20261005-010838-8084b01,2016,debt_me,0.04125870837421127,1.9305880805517555,12
20261005-010838-8084b01,2016,at_me,0.0660120259073012,2.235685802631371,12
20261005-010838-8084b01,2016,ret_60_12,0.0381088090938701,1.5408809507423429,12
20261005-010838-8084b01,2016,ni_me,0.09456002916910793,2.5868629807189025,12
20261005-010838-8084b01,2016,fcf_me,0.09236313286890863,3.19626524366157,12
20261005-010838-8084b01,2016,div12m_me,0.08418469597329292,2.7322989855730335,12
20261005-010838-8084b01,2016,eqpo_me,0.07909319249854922,2.9517838196539135,12
20261005-010838-8084b01,2016,eqnpo_me,0.09219771149016541,2.8756495223275236,12
20261005-010838-8084b01,2016,sale_gr3,-0.008072935034677061,-0.6658835728748179,12
20261005-010838-8084b01,2016,sale_gr1,-0.009531822275657905,-0.6057179381584916,12
20261005-010838-8084b01,2016,ebitda_mev,0.10212365721678303,3.367759393236845,12
20261005-010838-8084b01,2016,sale_me,0.04387797692527436,1.9186365148291542,12
20261005-010838-8084b01,2016,ocf_me,0.09649157034365131,3.9784867382631544,12
20261005-010838-8084b01,2016,ival_me,0.004456052641715914,0.2766902905496798,12
20261005-010838-8084b01,2016,bev_mev,0.04147817810641708,1.865791701328823,12
20261005-010838-8084b01,2016,netdebt_me,0.03939059204420157,2.00303575517117,12
20261005-010838-8084b01,2016,eq_dur,-0.08183948518845152,-2.895643796781732,12
20261005-010838-8084b01,2016,capex_abn,0.008942425555762292,1.6047068273908427,12
20261005-010838-8084b01,2016,at_gr1,0.005693524444343461,0.2775734389544875,12
20261005-010838-8084b01,2016,ppeinv_gr1a,0.002036370415432293,0.23960834356544414,12
20261005-010838-8084b01,2016,noa_at,0.04098164940735974,2.4333419832498087,12
20261005-010838-8084b01,2016,noa_gr1a,-0.0033090589646981605,-0.2926878893933111,12
20261005-010838-8084b01,2016,lnoa_gr1a,-0.0018247163764365068,-0.14235955817060447,12
20261005-010838-8084b01,2016,capx_gr1,-0.009740923602049707,-0.8285063106328572,12
20261005-010838-8084b01,2016,capx_gr2,-0.012580952335583378,-0.8565954487478697,12
20261005-010838-8084b01,2016,capx_gr3,-0.01121862806110325,-0.9285600759442775,12
20261005-010838-8084b01,2016,chcsho_12m,-0.06571673272012639,-2.48564973411036,12
20261005-010838-8084b01,2016,eqnpo_12m,0.07978207978681678,2.57272765478022,12
20261005-010838-8084b01,2016,debt_gr3,0.0024429738369693677,0.4143093555717269,12
20261005-010838-8084b01,2016,inv_gr1,-0.020817194783059118,-1.9408751373285826,12
20261005-010838-8084b01,2016,inv_gr1a,-0.020320403851754532,-2.211592184549337,12
20261005-010838-8084b01,2016,oaccruals_at,0.039282481296356975,1.6793250334694014,12
20261005-010838-8084b01,2016,taccruals_at,0.02980298152106996,1.687311577685302,12
20261005-010838-8084b01,2016,cowc_gr1a,-0.00283995659012092,-0.5980197824861462,12
20261005-010838-8084b01,2016,coa_gr1a,-0.024934887094918454,-1.6379274221942515,12
20261005-010838-8084b01,2016,col_gr1a,-0.02223334753906832,-1.350112249767264,12
20261005-010838-8084b01,2016,nncoa_gr1a,-0.0006257921021876276,-0.04890026817720886,12
20261005-010838-8084b01,2016,ncoa_gr1a,0.0039456656887280304,0.28302339677108695,12
20261005-010838-8084b01,2016,ncol_gr1a,0.009881829257701232,1.0172745165079633,12
20261005-010838-8084b01,2016,nfna_gr1a,0.004639729568701127,1.237215849322246,12
20261005-010838-8084b01,2016,sti_gr1a,-0.0043350117979535875,-0.4880569344456438,12
20261005-010838-8084b01,2016,lti_gr1a,0.0121781707493254,1.357084281092221,12
20261005-010838-8084b01,2016,fnl_gr1a,-0.00465845759460021,-0.7903050437530891,12
20261005-010838-8084b01,2016,be_gr1a,0.010935778189759505,0.6332393197955195,12
20261005-010838-8084b01,2016,oaccruals_ni,-0.0384454414290978,-3.5721291018267447,12
20261005-010838-8084b01,2016,taccruals_ni,-0.03417417124545672,-4.257379879891796,12
20261005-010838-8084b01,2016,netis_at,-0.06113140166383182,-2.7247741885888908,12
20261005-010838-8084b01,2016,eqnetis_at,-0.0751538589399496,-2.5432184712985793,12
20261005-010838-8084b01,2016,dbnetis_at,-0.020619617666452886,-2.1425162214666353,12
20261005-010838-8084b01,2016,niq_be,0.07242693913021793,2.170443249098792,12
20261005-010838-8084b01,2016,niq_be_chg1,0.0068568641255051304,0.549304793247316,12
20261005-010838-8084b01,2016,niq_at,0.0712683891375518,2.06509665254351,12
20261005-010838-8084b01,2016,niq_at_chg1,-0.0022767535071301285,-0.22266215082092244,12
20261005-010838-8084b01,2016,ebit_bev,0.06063854634852961,1.8937124701625199,12
20261005-010838-8084b01,2016,ebit_sale,0.08756501452511029,2.3130025354577173,12
20261005-010838-8084b01,2016,sale_bev,-0.0101244917782306,-0.5471737444135958,12
20261005-010838-8084b01,2016,at_turnover,0.013822587797873783,0.5240927372397599,12
20261005-010838-8084b01,2016,gp_at,0.016386507554833177,0.5798886369522037,12
20261005-010838-8084b01,2016,gp_atl1,0.01454854520840418,0.5233680624722538,12
20261005-010838-8084b01,2016,ope_be,0.06368711899574758,2.315288467710295,12
20261005-010838-8084b01,2016,ope_bel1,0.05417294659606111,1.9391347695533105,12
20261005-010838-8084b01,2016,op_at,0.05357787377650816,1.9983469633739308,12
20261005-010838-8084b01,2016,op_atl1,0.04988901338321841,1.899125690628006,12
20261005-010838-8084b01,2016,cop_at,0.025607340906837875,1.4915185922708087,12
20261005-010838-8084b01,2016,cop_atl1,0.019933735115762557,1.1901294892029342,12
20261005-010838-8084b01,2016,f_score,0.03299446400661161,1.4183193638334208,12
20261005-010838-8084b01,2016,o_score,-0.07599936973967548,-2.348975310926215,12
20261005-010838-8084b01,2016,z_score,0.03339863955917352,2.0364886039681513,12
20261005-010838-8084b01,2016,pi_nix,0.011812805032035212,1.2152301986863288,12
20261005-010838-8084b01,2016,at_be,0.037136034000479864,1.4721352373031378,12
20261005-010838-8084b01,2016,saleq_gr1,-0.007746879433497735,-0.46257134032623476,12
20261005-010838-8084b01,2016,rd_me,-0.03327071658064867,-1.244606327544254,12
20261005-010838-8084b01,2016,rd_sale,-0.04317433285271111,-1.4819519588712318,12
20261005-010838-8084b01,2016,opex_at,-0.044552535729864805,-1.8593882341489656,12
20261005-010838-8084b01,2016,emp_gr1,-0.02446422127117359,-1.1261702167243681,12
20261005-010838-8084b01,2016,rd5_at,-0.029326450481496593,-1.3574467607282155,12
20261005-010838-8084b01,2016,age,0.06261257735780972,2.52153302996477,12
20261005-010838-8084b01,2016,dsale_dinv,-0.0009381777270187659,-0.17410417063591985,12
20261005-010838-8084b01,2016,dsale_drec,-0.01103739781851563,-0.8637838189726305,12
20261005-010838-8084b01,2016,dgp_dsale,-0.0010943296742573292,-0.07831690613671662,12
20261005-010838-8084b01,2016,dsale_dsga,0.0027612648881676014,0.29981821433790434,12
20261005-010838-8084b01,2016,sale_emp_gr1,0.0018039020843088809,0.2374257550048228,12
20261005-010838-8084b01,2016,tangibility,-0.022610293707229643,-1.208608721946866,12
20261005-010838-8084b01,2016,kz_index,-0.014625720381250727,-0.6757292025919793,12
20261005-010838-8084b01,2016,ocfq_saleq_std,-0.04906492637999151,-2.188003500553492,12
20261005-010838-8084b01,2016,cash_at,-0.06814182662459788,-2.144200134408454,12
20261005-010838-8084b01,2016,ni_ar1,0.0009026457002685715,0.17435630479039557,12
20261005-010838-8084b01,2016,ni_ivol,-0.0819903666669659,-2.5517653955029385,12
20261005-010838-8084b01,2016,earnings_variability,-0.03958037068629476,-2.0075526723862325,12
20261005-010838-8084b01,2016,aliq_at,-0.02075053470797895,-0.9230860575078297,12
20261005-010838-8084b01,2016,aliq_mat,0.023621604354433483,1.5003381979491714,12
20261005-010838-8084b01,2016,seas_1_1an,0.020771416093722784,1.1415475542773477,12
20261005-010838-8084b01,2016,seas_1_1na,-0.006942351306091152,-0.23022616888591946,12
20261005-010838-8084b01,2016,seas_2_5an,-0.005043896996351875,-0.29400555051676336,12
20261005-010838-8084b01,2016,seas_2_5na,0.013332982797991935,0.8617486001960541,12
20261005-010838-8084b01,2016,seas_6_10an,0.01616773991581828,1.1479907509735683,12
20261005-010838-8084b01,2016,seas_6_10na,-0.012478467167062269,-0.9683010987496391,12
20261005-010838-8084b01,2016,seas_11_15an,-0.00818415487887237,-1.175554817880778,12
20261005-010838-8084b01,2016,seas_11_15na,0.0026394206612811496,0.3358176555056201,12
20261005-010838-8084b01,2016,seas_16_20an,0.0030309581171490854,0.2802725168159975,12
20261005-010838-8084b01,2016,seas_16_20na,-0.012658664231600949,-1.196969308939256,12
20261005-010838-8084b01,2016,market_equity,0.05885068872066726,2.823528816977196,12
20261005-010838-8084b01,2016,ivol_ff3_21d,-0.0866912844121601,-2.138354721847127,12
20261005-010838-8084b01,2016,ivol_capm_252d,-0.10082830584549778,-2.2110692938405636,12
20261005-010838-8084b01,2016,ivol_capm_21d,-0.08288298289741382,-1.9643023457780275,12
20261005-010838-8084b01,2016,ivol_hxz4_21d,-0.08796944656998995,-2.202839906057021,12
20261005-010838-8084b01,2016,rvol_21d,-0.07869731893644588,-1.6388058063004758,12
20261005-010838-8084b01,2016,beta_60m,-0.00514981686087225,-0.13370481062406459,12
20261005-010838-8084b01,2016,betabab_1260d,0.002678913035907863,0.06397600365716852,12
20261005-010838-8084b01,2016,beta_dimson_21d,0.018158507345147932,0.6660021542808187,12
20261005-010838-8084b01,2016,turnover_126d,-0.029863253370068968,-0.9169505176279128,12
20261005-010838-8084b01,2016,turnover_var_126d,-0.06873496908081235,-4.3979709394886815,12
20261005-010838-8084b01,2016,dolvol_126d,0.033032439678369614,1.6825451365186885,12
20261005-010838-8084b01,2016,dolvol_var_126d,-0.07340190077524851,-4.300864752611998,12
20261005-010838-8084b01,2016,prc,0.06559371698508175,2.181976192822269,12
20261005-010838-8084b01,2016,ami_126d,-0.04851654437867692,-2.345301679516008,12
20261005-010838-8084b01,2016,zero_trades_21d,0.020332214085553264,0.6676956597274275,12
20261005-010838-8084b01,2016,zero_trades_126d,0.02559352579764391,0.8005890331463815,12
20261005-010838-8084b01,2016,zero_trades_252d,0.02483289115094567,0.8061176232572962,12
20261005-010838-8084b01,2016,rmax1_21d,-0.07301659973485133,-1.8388017945820576,12
20261005-010838-8084b01,2016,rskew_21d,-0.028615938761372712,-2.6331729058078412,12
20261005-010838-8084b01,2016,iskew_capm_21d,-0.028541819780297416,-2.404104800080469,12
20261005-010838-8084b01,2016,iskew_ff3_21d,-0.025692221940572902,-3.346557170804107,12
20261005-010838-8084b01,2016,iskew_hxz4_21d,-0.025310981289548614,-3.5036947712006574,12
20261005-010838-8084b01,2016,coskew_21d,-0.001990507977975868,-0.0998471334633208,12
20261005-010838-8084b01,2016,ret_1_0,-0.007962441068001118,-0.39090923529503213,12
20261005-010838-8084b01,2016,betadown_252d,-0.004829528092596819,-0.12059965797093423,12
20261005-010838-8084b01,2016,bidaskhl_21d,-0.08714044669712505,-2.15538005407788,12
20261005-010838-8084b01,2016,ret_3_1,-0.018710535584706405,-0.755471598670377,12
20261005-010838-8084b01,2016,ret_9_1,0.017605172358235433,0.5227269525849586,12
20261005-010838-8084b01,2016,ret_12_7,0.009918032147485004,0.38135800332677394,12
20261005-010838-8084b01,2016,corr_1260d,0.07113066822456603,2.938746002813052,12
20261005-010838-8084b01,2016,rmax5_21d,-0.07566565370680306,-1.726251848106205,12
20261005-010838-8084b01,2016,rmax5_rvol_21d,0.016481839533416764,0.9402538401039671,12
20261005-010838-8084b01,2016,ni_be,0.07602994763429556,2.165728827516625,12
20261005-010838-8084b01,2016,ocf_at,0.06523291525117819,2.4086726345028353,12
20261005-010838-8084b01,2016,ocf_at_chg1,0.0008202683194282633,0.10983801103242315,12
20261005-010838-8084b01,2016,mispricing_perf,0.05478195639389683,1.4297856109464402,12
20261005-010838-8084b01,2016,mispricing_mgmt,0.012915809683288001,0.7870264744071527,12
20261005-010838-8084b01,2016,qmj,0.04469178873441104,1.462536181446886,12
20261005-010838-8084b01,2016,qmj_prof,0.058801126078255585,1.9073235376954434,12
20261005-010838-8084b01,2016,qmj_growth,0.010173327320379217,0.7203922090171646,12
20261005-010838-8084b01,2016,qmj_safety,0.06447213987239253,1.8591635250491483,12
20261005-010838-8084b01,2018,niq_su,0.01053754960719532,1.5759004484231378,12
20261005-010838-8084b01,2018,ret_6_1,0.06052546975599896,2.9186262723277516,12
20261005-010838-8084b01,2018,ret_12_1,0.0695800210357158,3.397368988226602,12
20261005-010838-8084b01,2018,saleq_su,0.007482332599312989,1.13555033923442,12
20261005-010838-8084b01,2018,tax_gr1a,-0.005850531559031352,-1.0860231408579124,12
20261005-010838-8084b01,2018,ni_inc8q,0.012727868948889937,1.9082590265524613,12
20261005-010838-8084b01,2018,prc_highprc_252d,0.10862375692310654,4.363956370974169,12
20261005-010838-8084b01,2018,resff3_6_1,0.013158863551705702,1.288971860993417,12
20261005-010838-8084b01,2018,resff3_12_1,1.2231138899796457e-05,0.0011601254929620782,12
20261005-010838-8084b01,2018,be_me,-0.034772357310463194,-1.4216371550844027,12
20261005-010838-8084b01,2018,debt_me,-0.023262454371852107,-1.3068324727471419,12
20261005-010838-8084b01,2018,at_me,-0.034949799368908026,-1.3301715218421868,12
20261005-010838-8084b01,2018,ret_60_12,0.07225810447294416,3.6006647418978233,12
20261005-010838-8084b01,2018,ni_me,0.0681183162298909,2.8688527230315275,12
20261005-010838-8084b01,2018,fcf_me,0.07297090010632012,3.5532008091322873,12
20261005-010838-8084b01,2018,div12m_me,0.05759378851821099,2.2417347088524227,12
20261005-010838-8084b01,2018,eqpo_me,0.05758631591908416,2.6814018765902308,12
20261005-010838-8084b01,2018,eqnpo_me,0.07464922080348925,3.058520370950133,12
20261005-010838-8084b01,2018,sale_gr3,0.02777062765848289,1.7251773640003543,12
20261005-010838-8084b01,2018,sale_gr1,0.0007529569160830384,0.05794250531410725,12
20261005-010838-8084b01,2018,ebitda_mev,0.037646800180840705,1.841462580053865,12
20261005-010838-8084b01,2018,sale_me,-0.015149210729752366,-0.8284348710384913,12
20261005-010838-8084b01,2018,ocf_me,0.045721648990075255,2.357301699058272,12
20261005-010838-8084b01,2018,ival_me,-0.040614493193228886,-4.8553747696373275,12
20261005-010838-8084b01,2018,bev_mev,-0.04131857096584992,-1.9805147511973031,12
20261005-010838-8084b01,2018,netdebt_me,-0.0060341904010783555,-0.38502658389008915,12
20261005-010838-8084b01,2018,eq_dur,-0.012837141784790037,-0.6028410543003797,12
20261005-010838-8084b01,2018,capex_abn,0.015410032416905015,1.961744382838388,12
20261005-010838-8084b01,2018,at_gr1,0.01471943291882416,1.1401119915221363,12
20261005-010838-8084b01,2018,ppeinv_gr1a,0.0120760597606024,1.4453077996917278,12
20261005-010838-8084b01,2018,noa_at,0.012408568582562262,0.7077567720597792,12
20261005-010838-8084b01,2018,noa_gr1a,0.006275013047156799,0.752760077861907,12
20261005-010838-8084b01,2018,lnoa_gr1a,0.009951287436344226,1.1531448586243616,12
20261005-010838-8084b01,2018,capx_gr1,0.002862880520773263,0.4703866046364715,12
20261005-010838-8084b01,2018,capx_gr2,0.011684998148801293,1.7661628444722577,12
20261005-010838-8084b01,2018,capx_gr3,0.02627961210276766,2.120145715499504,12
20261005-010838-8084b01,2018,chcsho_12m,-0.06568586040808268,-2.6274279890294125,12
20261005-010838-8084b01,2018,eqnpo_12m,0.07347543568722915,2.5469627609782513,12
20261005-010838-8084b01,2018,debt_gr3,0.023102163605357343,2.5560352136927498,12
20261005-010838-8084b01,2018,inv_gr1,-0.009062747507776402,-0.9053371667019249,12
20261005-010838-8084b01,2018,inv_gr1a,-0.0031158082567301734,-0.2652093698525077,12
20261005-010838-8084b01,2018,oaccruals_at,0.02221988338170917,1.3960753852942955,12
20261005-010838-8084b01,2018,taccruals_at,0.012752242054175245,1.0820301697280479,12
20261005-010838-8084b01,2018,cowc_gr1a,0.003105462952209261,0.44916371159574625,12
20261005-010838-8084b01,2018,coa_gr1a,0.01493341505273877,1.3127910823597124,12
20261005-010838-8084b01,2018,col_gr1a,-0.0012919661512767273,-0.11026326742715475,12
20261005-010838-8084b01,2018,nncoa_gr1a,0.013958902133944627,1.7071061351789563,12
20261005-010838-8084b01,2018,ncoa_gr1a,0.027009625400051626,3.192355039949464,12
20261005-010838-8084b01,2018,ncol_gr1a,0.010826504813765995,1.469507651606509,12
20261005-010838-8084b01,2018,nfna_gr1a,-0.003094048901421635,-0.5721335943989967,12
20261005-010838-8084b01,2018,sti_gr1a,0.013141800243633482,2.1780961439030104,12
20261005-010838-8084b01,2018,lti_gr1a,0.009116890540223807,1.027579771263012,12
20261005-010838-8084b01,2018,fnl_gr1a,0.010861127979803376,2.0168591354588012,12
20261005-010838-8084b01,2018,be_gr1a,0.006975492730627167,0.586205813056092,12
20261005-010838-8084b01,2018,oaccruals_ni,-0.03495516134794833,-3.346831892112337,12
20261005-010838-8084b01,2018,taccruals_ni,-0.029097193835213985,-3.829023550610665,12
20261005-010838-8084b01,2018,netis_at,-0.041388224859607324,-2.6836862806345927,12
20261005-010838-8084b01,2018,eqnetis_at,-0.06538590202820649,-3.3626700145069606,12
20261005-010838-8084b01,2018,dbnetis_at,0.004154779270078931,0.5714716610367372,12
20261005-010838-8084b01,2018,niq_be,0.0644271867187246,3.1799045091469575,12
20261005-010838-8084b01,2018,niq_be_chg1,0.015921801380790458,2.6753208116959137,12
20261005-010838-8084b01,2018,niq_at,0.0706401902840363,3.097048818873457,12
20261005-010838-8084b01,2018,niq_at_chg1,0.008080266506358229,1.2816480370225392,12
20261005-010838-8084b01,2018,ebit_bev,0.06554328736303867,3.7779570365854247,12
20261005-010838-8084b01,2018,ebit_sale,0.06839727674764842,2.936544420146775,12
20261005-010838-8084b01,2018,sale_bev,0.020837493626900763,1.639247200560275,12
20261005-010838-8084b01,2018,at_turnover,0.0352117750616774,2.685746989023762,12
20261005-010838-8084b01,2018,gp_at,0.06689650121310696,4.435269183396661,12
20261005-010838-8084b01,2018,gp_atl1,0.06479400729478478,4.1987813038981665,12
20261005-010838-8084b01,2018,ope_be,0.059256249848233696,3.188559079934327,12
20261005-010838-8084b01,2018,ope_bel1,0.05289907498464335,2.971530278980935,12
20261005-010838-8084b01,2018,op_at,0.08128346515374703,5.226284134776613,12
20261005-010838-8084b01,2018,op_atl1,0.07862371107494116,4.949385959725483,12
20261005-010838-8084b01,2018,cop_at,0.05811004888230284,5.556198090255022,12
20261005-010838-8084b01,2018,cop_atl1,0.05871675732878421,4.990360730021104,12
20261005-010838-8084b01,2018,f_score,0.028792535186352386,2.168976762843023,12
20261005-010838-8084b01,2018,o_score,-0.08130078972587838,-3.73158989817603,12
20261005-010838-8084b01,2018,z_score,0.07268686803497261,4.434656558226054,12
20261005-010838-8084b01,2018,pi_nix,-0.0004096114964779477,-0.08212806946811468,12
20261005-010838-8084b01,2018,at_be,0.008943967130077819,0.8258820742044112,12
20261005-010838-8084b01,2018,saleq_gr1,0.007208052288995193,0.6967453806254097,12
20261005-010838-8084b01,2018,rd_me,-0.04495337341673857,-2.764619075310281,12
20261005-010838-8084b01,2018,rd_sale,-0.011829677301558343,-0.5883164935823273,12
20261005-010838-8084b01,2018,opex_at,-0.028749172010974836,-1.700241156587415,12
20261005-010838-8084b01,2018,emp_gr1,0.005858949243836189,0.45713223194641045,12
20261005-010838-8084b01,2018,rd5_at,-0.02047906768710141,-1.172396711761118,12
20261005-010838-8084b01,2018,age,0.03918233746858717,1.6846491099842757,12
20261005-010838-8084b01,2018,dsale_dinv,0.001090351704541213,0.14247309069212166,12
20261005-010838-8084b01,2018,dsale_drec,-0.0025134703056946517,-0.4127742858138981,12
20261005-010838-8084b01,2018,dgp_dsale,0.0026418121182365806,0.3412194549725167,12
20261005-010838-8084b01,2018,dsale_dsga,-0.003816163843953687,-0.4778265639332328,12
20261005-010838-8084b01,2018,sale_emp_gr1,-0.005941279997910714,-0.6808558733652655,12
20261005-010838-8084b01,2018,tangibility,-0.04469673872075718,-2.239726699023594,12
20261005-010838-8084b01,2018,kz_index,-0.03948991619169438,-2.3494567173267007,12
20261005-010838-8084b01,2018,ocfq_saleq_std,-0.05416283209737491,-3.4314884425181544,12
20261005-010838-8084b01,2018,cash_at,-0.020628829601951226,-0.8301096613575779,12
20261005-010838-8084b01,2018,ni_ar1,0.001713032848701204,0.35542819794137653,12
20261005-010838-8084b01,2018,ni_ivol,-0.06820401674759605,-3.0994350904523227,12
20261005-010838-8084b01,2018,earnings_variability,-0.0329061303735811,-3.324560092505085,12
20261005-010838-8084b01,2018,aliq_at,-0.015232949549911253,-0.8387928292516762,12
20261005-010838-8084b01,2018,aliq_mat,-0.04121191165494433,-2.321994279209388,12
20261005-010838-8084b01,2018,seas_1_1an,0.003634528530765229,0.24074074550141736,12
20261005-010838-8084b01,2018,seas_1_1na,0.05434797744654063,2.728651642641051,12
20261005-010838-8084b01,2018,seas_2_5an,0.015673234655394438,1.462275129913385,12
20261005-010838-8084b01,2018,seas_2_5na,0.0413526761275407,2.826285548093,12
20261005-010838-8084b01,2018,seas_6_10an,0.004697700654956516,0.5360151773709871,12
20261005-010838-8084b01,2018,seas_6_10na,-0.013911926640356823,-1.232064360978128,12
20261005-010838-8084b01,2018,seas_11_15an,0.0032678765288626324,0.4766385887029761,12
20261005-010838-8084b01,2018,seas_11_15na,0.010951020002919821,1.2747842118840074,12
20261005-010838-8084b01,2018,seas_16_20an,-0.0019938162398190034,-0.37459659221573266,12
20261005-010838-8084b01,2018,seas_16_20na,-0.004581545486527679,-0.46213000646975594,12
20261005-010838-8084b01,2018,market_equity,0.09448250010133204,3.7915156114075272,12
20261005-010838-8084b01,2018,ivol_ff3_21d,-0.11243239243866103,-3.92958831213204,12
20261005-010838-8084b01,2018,ivol_capm_252d,-0.11641798087235629,-3.789087451464383,12
20261005-010838-8084b01,2018,ivol_capm_21d,-0.11017992517128346,-3.6670174135804356,12
20261005-010838-8084b01,2018,ivol_hxz4_21d,-0.1137338874047364,-3.9569692131426097,12
20261005-010838-8084b01,2018,rvol_21d,-0.11309419133522658,-3.707414325985274,12
20261005-010838-8084b01,2018,beta_60m,-0.05663227071858057,-2.1883187552913768,12
20261005-010838-8084b01,2018,betabab_1260d,-0.05518198367343258,-1.8651023450292918,12
20261005-010838-8084b01,2018,beta_dimson_21d,-0.014297448872096843,-0.6007615644669184,12
20261005-010838-8084b01,2018,turnover_126d,-0.05193014768319695,-1.8876412153710427,12
20261005-010838-8084b01,2018,turnover_var_126d,-0.06702003663894678,-3.5633855124528004,12
20261005-010838-8084b01,2018,dolvol_126d,0.058875228741982144,2.4293895382035515,12
20261005-010838-8084b01,2018,dolvol_var_126d,-0.06850904509203927,-3.549057615824617,12
20261005-010838-8084b01,2018,prc,0.11277374604910438,4.649005240082416,12
20261005-010838-8084b01,2018,ami_126d,-0.07747028978153318,-3.320434533395809,12
20261005-010838-8084b01,2018,zero_trades_21d,0.03952605347698199,1.563800223763322,12
20261005-010838-8084b01,2018,zero_trades_126d,0.05200725499069534,1.8164642226501335,12
20261005-010838-8084b01,2018,zero_trades_252d,0.05140236357829344,1.7838300707410386,12
20261005-010838-8084b01,2018,rmax1_21d,-0.1011098784208758,-3.6624227899274477,12
20261005-010838-8084b01,2018,rskew_21d,-0.02504937747324271,-2.251073356599297,12
20261005-010838-8084b01,2018,iskew_capm_21d,-0.02986990067927765,-3.063123647652117,12
20261005-010838-8084b01,2018,iskew_ff3_21d,-0.02308870913692262,-3.067477547354719,12
20261005-010838-8084b01,2018,iskew_hxz4_21d,-0.021325773349117536,-3.484800664617758,12
20261005-010838-8084b01,2018,coskew_21d,0.038459666084300285,5.43870773192965,12
20261005-010838-8084b01,2018,ret_1_0,0.016739523814965403,1.7782268175612583,12
20261005-010838-8084b01,2018,betadown_252d,-0.024561548795494464,-0.8492316302303528,12
20261005-010838-8084b01,2018,bidaskhl_21d,-0.11497305985273237,-3.6645049286289164,12
20261005-010838-8084b01,2018,ret_3_1,0.05272929899679046,2.23659656938373,12
20261005-010838-8084b01,2018,ret_9_1,0.07518998085611371,3.7896247400460457,12
20261005-010838-8084b01,2018,ret_12_7,0.04054051203884731,2.7897280274672505,12
20261005-010838-8084b01,2018,corr_1260d,0.05242179853235962,1.98180574305592,12
20261005-010838-8084b01,2018,rmax5_21d,-0.11049342901422123,-3.7135686451131162,12
20261005-010838-8084b01,2018,rmax5_rvol_21d,0.0036511678566777677,0.3271727907800158,12
20261005-010838-8084b01,2018,ni_be,0.06993552641543105,3.19814013907187,12
20261005-010838-8084b01,2018,ocf_at,0.08333492209250122,4.895866220937525,12
20261005-010838-8084b01,2018,ocf_at_chg1,0.0057795941698601085,0.7943769501909137,12
20261005-010838-8084b01,2018,mispricing_perf,0.09729054931260317,4.662073594117858,12
20261005-010838-8084b01,2018,mispricing_mgmt,0.021366890579239423,1.8674795988273396,12
20261005-010838-8084b01,2018,qmj,0.07145834674857648,3.5609628486155627,12
20261005-010838-8084b01,2018,qmj_prof,0.09210690894925165,5.784704331696403,12
20261005-010838-8084b01,2018,qmj_growth,0.005946887385803484,0.6957061158369491,12
20261005-010838-8084b01,2018,qmj_safety,0.0887713950850304,3.5645931738071206,12
20261005-010838-8084b01,2020,niq_su,-0.010513370353512482,-0.6110585448536137,12
20261005-010838-8084b01,2020,ret_6_1,0.013291191531003624,0.5074862588863653,12
20261005-010838-8084b01,2020,ret_12_1,0.0036216767409742168,0.0997113587148319,12
20261005-010838-8084b01,2020,saleq_su,-0.0030675246139477024,-0.14507180806749426,12
20261005-010838-8084b01,2020,tax_gr1a,-0.020416642375609903,-2.315380517205252,12
20261005-010838-8084b01,2020,ni_inc8q,-0.0262247900396283,-1.8329036195027828,12
20261005-010838-8084b01,2020,prc_highprc_252d,-0.0037239580889516215,-0.07223136110447394,12
20261005-010838-8084b01,2020,resff3_6_1,0.002587472913207144,0.10204329176233193,12
20261005-010838-8084b01,2020,resff3_12_1,-0.0066764730914112835,-0.31315953510760763,12
20261005-010838-8084b01,2020,be_me,-0.03253224673778298,-0.9078713344474415,12
20261005-010838-8084b01,2020,debt_me,-0.020107535042386143,-0.4419378796765525,12
20261005-010838-8084b01,2020,at_me,-0.03985434378336849,-0.8810939476491482,12
20261005-010838-8084b01,2020,ret_60_12,0.03096940420485853,1.1063665594596972,12
20261005-010838-8084b01,2020,ni_me,-0.023147014215681914,-0.7026737811388727,12
20261005-010838-8084b01,2020,fcf_me,-0.006580581896530011,-0.30794200911752434,12
20261005-010838-8084b01,2020,div12m_me,-0.02645622613653401,-1.048779311231184,12
20261005-010838-8084b01,2020,eqpo_me,-0.011482695945275808,-0.43898392889761,12
20261005-010838-8084b01,2020,eqnpo_me,-0.013046745993649569,-0.4511961722914788,12
20261005-010838-8084b01,2020,sale_gr3,0.010798702845274009,1.2396313777898125,12
20261005-010838-8084b01,2020,sale_gr1,0.0021276436170587372,0.15675236114175284,12
20261005-010838-8084b01,2020,ebitda_mev,-0.031940500961853656,-0.8537123315488554,12
20261005-010838-8084b01,2020,sale_me,-0.006410413152666367,-0.15223325172346677,12
20261005-010838-8084b01,2020,ocf_me,-0.024574448903125153,-0.7338626404717572,12
20261005-010838-8084b01,2020,ival_me,-0.028937296131532283,-1.0756775046902323,12
20261005-010838-8084b01,2020,bev_mev,-0.035752615716195875,-0.9143361205619306,12
20261005-010838-8084b01,2020,netdebt_me,-0.014351982922368072,-0.4200825216476943,12
20261005-010838-8084b01,2020,eq_dur,0.03843455066052423,1.2904568814100235,12
20261005-010838-8084b01,2020,capex_abn,0.010734487652768208,1.4319221520683085,12
20261005-010838-8084b01,2020,at_gr1,0.02627381728724629,1.4800977410359384,12
20261005-010838-8084b01,2020,ppeinv_gr1a,0.011031767984548774,0.7871783385938673,12
20261005-010838-8084b01,2020,noa_at,0.0002975440059194614,0.01708929521451923,12
20261005-010838-8084b01,2020,noa_gr1a,0.016495383159901917,1.1069587340273788,12
20261005-010838-8084b01,2020,lnoa_gr1a,0.028771260880958105,1.672967103019252,12
20261005-010838-8084b01,2020,capx_gr1,0.017976401397428513,2.04191900795476,12
20261005-010838-8084b01,2020,capx_gr2,0.018959578052533593,2.104423968313197,12
20261005-010838-8084b01,2020,capx_gr3,0.014405685822852345,2.073799344744155,12
20261005-010838-8084b01,2020,chcsho_12m,0.0051305448230113725,0.22487045169289066,12
20261005-010838-8084b01,2020,eqnpo_12m,-0.013305849263102945,-0.5131689866296568,12
20261005-010838-8084b01,2020,debt_gr3,0.026495662971750978,2.6372033312007392,12
20261005-010838-8084b01,2020,inv_gr1,0.010141032849296834,1.123916047376611,12
20261005-010838-8084b01,2020,inv_gr1a,0.008920421050649883,0.9520802433764761,12
20261005-010838-8084b01,2020,oaccruals_at,-0.010386654281307332,-0.413592000338727,12
20261005-010838-8084b01,2020,taccruals_at,-0.02108277762881086,-0.9563621318629717,12
20261005-010838-8084b01,2020,cowc_gr1a,-0.00546420091236705,-0.6747989039611122,12
20261005-010838-8084b01,2020,coa_gr1a,0.009390314206588793,0.6356729962612575,12
20261005-010838-8084b01,2020,col_gr1a,0.013534330598414525,0.8398071037148186,12
20261005-010838-8084b01,2020,nncoa_gr1a,0.0201226085192743,1.395056889305722,12
20261005-010838-8084b01,2020,ncoa_gr1a,0.02102846980857974,1.282954428051858,12
20261005-010838-8084b01,2020,ncol_gr1a,0.005895541226726205,0.48266497004680586,12
20261005-010838-8084b01,2020,nfna_gr1a,-0.027589685351467927,-2.4543357787592313,12
20261005-010838-8084b01,2020,sti_gr1a,0.004723201536501354,0.5947774405580099,12
20261005-010838-8084b01,2020,lti_gr1a,0.00493930535243009,0.38557610532961895,12
20261005-010838-8084b01,2020,fnl_gr1a,0.03539639316974883,2.683042284869788,12
20261005-010838-8084b01,2020,be_gr1a,0.01134974771509638,0.5316036442641343,12
20261005-010838-8084b01,2020,oaccruals_ni,-0.012229964457032378,-0.6575300139680184,12
20261005-010838-8084b01,2020,taccruals_ni,-0.020868637056204717,-1.04450123853449,12
20261005-010838-8084b01,2020,netis_at,0.0006906858534986281,0.033516787887814314,12
20261005-010838-8084b01,2020,eqnetis_at,-0.0003074834638646234,-0.013891421418494232,12
20261005-010838-8084b01,2020,dbnetis_at,0.0051953109459450045,0.36196457796706594,12
20261005-010838-8084b01,2020,niq_be,-0.010728109442736304,-0.40005911390512233,12
20261005-010838-8084b01,2020,niq_be_chg1,-0.01168887786943512,-0.6908028731425833,12
20261005-010838-8084b01,2020,niq_at,0.0029083890824908813,0.10232955118413095,12
20261005-010838-8084b01,2020,niq_at_chg1,-0.010727728938673657,-0.6927032482598646,12
20261005-010838-8084b01,2020,ebit_bev,-0.006337292550401008,-0.2501566501270389,12
20261005-010838-8084b01,2020,ebit_sale,-0.028724698168413044,-0.9827329735457031,12
20261005-010838-8084b01,2020,sale_bev,0.04637452475339645,3.667924424637631,12
20261005-010838-8084b01,2020,at_turnover,0.04602577805927949,2.246791519223119,12
20261005-010838-8084b01,2020,gp_at,0.04576532127346633,2.531639330402025,12
20261005-010838-8084b01,2020,gp_atl1,0.05214068002461686,2.706827179382712,12
20261005-010838-8084b01,2020,ope_be,-0.0018957049012105125,-0.09083882964312032,12
20261005-010838-8084b01,2020,ope_bel1,0.002386468393872101,0.11554118485148374,12
20261005-010838-8084b01,2020,op_at,0.022889287304696932,1.17255523143786,12
20261005-010838-8084b01,2020,op_atl1,0.027999245420101224,1.4230172337717408,12
20261005-010838-8084b01,2020,cop_at,0.021336227931024975,1.4136310083091994,12
20261005-010838-8084b01,2020,cop_atl1,0.029035386768389886,1.870800816661872,12
20261005-010838-8084b01,2020,f_score,-0.0158672697570601,-0.8085807778880695,12
20261005-010838-8084b01,2020,o_score,-0.012760129356710037,-0.4587296666477608,12
20261005-010838-8084b01,2020,z_score,0.03824400539497358,1.2538098619519051,12
20261005-010838-8084b01,2020,pi_nix,-0.00465837448772896,-0.4852764592194927,12
20261005-010838-8084b01,2020,at_be,-0.01672663130307566,-0.54854483352223,12
20261005-010838-8084b01,2020,saleq_gr1,0.002127749366299504,0.10417236228031358,12
20261005-010838-8084b01,2020,rd_me,-0.014880634362530466,-1.0023372200305867,12
20261005-010838-8084b01,2020,rd_sale,0.007461728029826215,0.3557115115103678,12
20261005-010838-8084b01,2020,opex_at,0.036237220063895646,1.409583503332608,12
20261005-010838-8084b01,2020,emp_gr1,0.022489987667153006,1.8245103907829447,12
20261005-010838-8084b01,2020,rd5_at,-0.004119503727037681,-0.22249903020228728,12
20261005-010838-8084b01,2020,age,-0.0164575049746934,-0.7631875167081692,12
20261005-010838-8084b01,2020,dsale_dinv,-0.013745824081308098,-2.077999726641947,12
20261005-010838-8084b01,2020,dsale_drec,-0.006001806787851963,-0.5821311566035755,12
20261005-010838-8084b01,2020,dgp_dsale,0.00800855054246911,0.45192741766237055,12
20261005-010838-8084b01,2020,dsale_dsga,-0.03154924353811234,-3.1781052371354477,12
20261005-010838-8084b01,2020,sale_emp_gr1,-0.014694698625361593,-1.5089678583914168,12
20261005-010838-8084b01,2020,tangibility,-0.012652470134346313,-0.8048140831272057,12
20261005-010838-8084b01,2020,kz_index,-0.011953567134143202,-0.4911445672222972,12
20261005-010838-8084b01,2020,ocfq_saleq_std,-0.015869081497974318,-0.9615646082912952,12
20261005-010838-8084b01,2020,cash_at,0.030895808581119715,1.3103750692911635,12
20261005-010838-8084b01,2020,ni_ar1,0.005865978084256183,1.147875824213285,12
20261005-010838-8084b01,2020,ni_ivol,0.011274204602059688,0.36880862641992157,12
20261005-010838-8084b01,2020,earnings_variability,-0.0011060096259870808,-0.05943249007591677,12
20261005-010838-8084b01,2020,aliq_at,0.02115525866184501,1.400700025829135,12
20261005-010838-8084b01,2020,aliq_mat,-0.03604410456666571,-1.7455776427260397,12
20261005-010838-8084b01,2020,seas_1_1an,0.02489076530837941,2.4077734753399103,12
20261005-010838-8084b01,2020,seas_1_1na,-0.013030666868551491,-0.3662032119475176,12
20261005-010838-8084b01,2020,seas_2_5an,0.02254076180052687,1.5733916227357017,12
20261005-010838-8084b01,2020,seas_2_5na,0.029837989491755448,1.4572046241345615,12
20261005-010838-8084b01,2020,seas_6_10an,-0.005550759191340231,-0.6042723828229413,12
20261005-010838-8084b01,2020,seas_6_10na,0.01708505271025958,1.6993783738547314,12
20261005-010838-8084b01,2020,seas_11_15an,-0.004811475697014078,-0.3939321294911938,12
20261005-010838-8084b01,2020,seas_11_15na,0.024209741215146133,2.1408230099406524,12
20261005-010838-8084b01,2020,seas_16_20an,-0.007355500054919413,-0.7694940116971665,12
20261005-010838-8084b01,2020,seas_16_20na,0.003350636048625039,0.38477240934756735,12
20261005-010838-8084b01,2020,market_equity,0.033548347148031996,1.3372143291359395,12
20261005-010838-8084b01,2020,ivol_ff3_21d,-0.022192932101225336,-0.5998492446400602,12
20261005-010838-8084b01,2020,ivol_capm_252d,-0.007345950376967202,-0.184578912933963,12
20261005-010838-8084b01,2020,ivol_capm_21d,-0.020124133330671982,-0.5071966865524239,12
20261005-010838-8084b01,2020,ivol_hxz4_21d,-0.02159462760152767,-0.5934498401612617,12
20261005-010838-8084b01,2020,rvol_21d,-0.02160328287040116,-0.5117680674385512,12
20261005-010838-8084b01,2020,beta_60m,0.026245236470346073,0.613253513505695,12
20261005-010838-8084b01,2020,betabab_1260d,0.02815977258096369,0.6289470418875085,12
20261005-010838-8084b01,2020,beta_dimson_21d,0.008104198954926844,0.20768681759272634,12
20261005-010838-8084b01,2020,turnover_126d,0.015630777634555764,0.39320153820112613,12
20261005-010838-8084b01,2020,turnover_var_126d,-0.015559601189809516,-0.5468026919567367,12
20261005-010838-8084b01,2020,dolvol_126d,0.02862077452372001,1.2500274649805128,12
20261005-010838-8084b01,2020,dolvol_var_126d,-0.015036840180255669,-0.5228218430930608,12
20261005-010838-8084b01,2020,prc,0.023916680498056255,0.6807332973374921,12
20261005-010838-8084b01,2020,ami_126d,-0.032972179360862185,-1.3443785819355971,12
20261005-010838-8084b01,2020,zero_trades_21d,-0.007292085284501061,-0.18594524229116033,12
20261005-010838-8084b01,2020,zero_trades_126d,-0.01271300009056519,-0.3104526042418827,12
20261005-010838-8084b01,2020,zero_trades_252d,-0.012410168684169153,-0.3097219057230724,12
20261005-010838-8084b01,2020,rmax1_21d,-0.022222987885458234,-0.6429837628444167,12
20261005-010838-8084b01,2020,rskew_21d,-0.024157190121038116,-1.562885899994991,12
20261005-010838-8084b01,2020,iskew_capm_21d,-0.015157373511021323,-1.051706940930952,12
20261005-010838-8084b01,2020,iskew_ff3_21d,-0.010931173177504116,-1.158804004229077,12
20261005-010838-8084b01,2020,iskew_hxz4_21d,-0.014451856709996859,-1.4828401635155093,12
20261005-010838-8084b01,2020,coskew_21d,-0.018164073328030543,-0.8093275676596934,12
20261005-010838-8084b01,2020,ret_1_0,-0.023460667084183304,-0.6125400242019857,12
20261005-010838-8084b01,2020,betadown_252d,0.023691181157674084,0.48843944861332,12
20261005-010838-8084b01,2020,bidaskhl_21d,-0.01800530146989739,-0.5189855506281749,12
20261005-010838-8084b01,2020,ret_3_1,-3.5484657365511974e-05,-0.0016277410467720858,12
20261005-010838-8084b01,2020,ret_9_1,-0.00011086721489259044,-0.0030564780863811952,12
20261005-010838-8084b01,2020,ret_12_7,-0.003512025131516782,-0.09884048612809347,12
20261005-010838-8084b01,2020,corr_1260d,0.028523647414985715,1.106539361135148,12
20261005-010838-8084b01,2020,rmax5_21d,-0.02782709244533807,-0.761133236233145,12
20261005-010838-8084b01,2020,rmax5_rvol_21d,-0.04625641964796303,-2.0517278241444696,12
20261005-010838-8084b01,2020,ni_be,-0.0043490622458406385,-0.1497517419231599,12
20261005-010838-8084b01,2020,ocf_at,0.011690047018925773,0.6422420711116356,12
20261005-010838-8084b01,2020,ocf_at_chg1,-0.00602091386561961,-0.9620282461178365,12
20261005-010838-8084b01,2020,mispricing_perf,0.025111960007417045,0.7745431020697896,12
20261005-010838-8084b01,2020,mispricing_mgmt,-0.017669923461747835,-1.2308865956262012,12
20261005-010838-8084b01,2020,qmj,0.002256409602340721,0.07253725287586156,12
20261005-010838-8084b01,2020,qmj_prof,0.017850322692371762,0.8552248933815695,12
20261005-010838-8084b01,2020,qmj_growth,0.007185468172819058,0.4713338710830619,12
20261005-010838-8084b01,2020,qmj_safety,-0.005025858328918632,-0.11453225189737457,12
20261005-010838-8084b01,2022,niq_su,0.02061515900621574,1.8943709913509776,12
20261005-010838-8084b01,2022,ret_6_1,0.1307521540554225,3.62618133147489,12
20261005-010838-8084b01,2022,ret_12_1,0.1582470831787004,5.27622007704456,12
20261005-010838-8084b01,2022,saleq_su,0.016839331928684028,1.154243076284082,12
20261005-010838-8084b01,2022,tax_gr1a,0.05005348523091496,2.4111097907889216,12
20261005-010838-8084b01,2022,ni_inc8q,0.036741232814302006,1.6505661841374744,12
20261005-010838-8084b01,2022,prc_highprc_252d,0.19822476196070163,3.9855907719916925,12
20261005-010838-8084b01,2022,resff3_6_1,0.028512800441853826,2.1335379234786385,12
20261005-010838-8084b01,2022,resff3_12_1,0.04524217821817301,4.077384803983735,12
20261005-010838-8084b01,2022,be_me,0.007621556739742478,0.24300967233338272,12
20261005-010838-8084b01,2022,debt_me,0.061363754303339894,1.737012024698378,12
20261005-010838-8084b01,2022,at_me,0.04777955004194945,1.2169957559608682,12
20261005-010838-8084b01,2022,ret_60_12,0.009980969375675493,0.4027693993562316,12
20261005-010838-8084b01,2022,ni_me,0.1470565402740227,3.411665516967705,12
20261005-010838-8084b01,2022,fcf_me,0.15376485110252106,3.7434835492782126,12
20261005-010838-8084b01,2022,div12m_me,0.12090720017066318,3.2880318200222076,12
20261005-010838-8084b01,2022,eqpo_me,0.12025379111006167,3.1197859626629794,12
20261005-010838-8084b01,2022,eqnpo_me,0.15216159670821178,3.535110820349404,12
20261005-010838-8084b01,2022,sale_gr3,-0.037896750929009376,-2.7149066832231328,12
20261005-010838-8084b01,2022,sale_gr1,-0.056629526711841766,-2.5464149840118657,12
20261005-010838-8084b01,2022,ebitda_mev,0.15166012125787784,3.3349990365000184,12
20261005-010838-8084b01,2022,sale_me,0.06918500648006286,1.7519586946006418,12
20261005-010838-8084b01,2022,ocf_me,0.16567787945670115,3.7174120672513107,12
20261005-010838-8084b01,2022,ival_me,-0.01993082874500676,-1.2433478484999119,12
20261005-010838-8084b01,2022,bev_mev,0.04590869951019588,1.347675425457697,12
20261005-010838-8084b01,2022,netdebt_me,0.07799781412639378,2.332426929151948,12
20261005-010838-8084b01,2022,eq_dur,-0.10458448451190412,-3.10832742825871,12
20261005-010838-8084b01,2022,capex_abn,-0.006305883971532298,-1.0910950193291529,12
20261005-010838-8084b01,2022,at_gr1,-0.046114888017056876,-1.824277492102479,12
20261005-010838-8084b01,2022,ppeinv_gr1a,-0.010603231829317656,-0.7192170355700485,12
20261005-010838-8084b01,2022,noa_at,0.06190978615496929,2.165199895694466,12
20261005-010838-8084b01,2022,noa_gr1a,-0.029195169785698836,-2.4763268789598523,12
20261005-010838-8084b01,2022,lnoa_gr1a,-0.022897463262117224,-1.9685592659145459,12
20261005-010838-8084b01,2022,capx_gr1,-0.04190173770622108,-3.4883060917960127,12
20261005-010838-8084b01,2022,capx_gr2,-0.04162549898780528,-3.6740981882685686,12
20261005-010838-8084b01,2022,capx_gr3,-0.032786364718404244,-2.959909221337779,12
20261005-010838-8084b01,2022,chcsho_12m,-0.14311769111220893,-3.836494477786241,12
20261005-010838-8084b01,2022,eqnpo_12m,0.15161927178592755,3.7120882661783168,12
20261005-010838-8084b01,2022,debt_gr3,-0.026814808440189394,-2.0874797480857716,12
20261005-010838-8084b01,2022,inv_gr1,-0.029456177871367274,-2.1000783951495023,12
20261005-010838-8084b01,2022,inv_gr1a,0.010858630571897778,0.5679408558838325,12
20261005-010838-8084b01,2022,oaccruals_at,0.048487247972584364,2.741671620295169,12
20261005-010838-8084b01,2022,taccruals_at,0.031217296274587,3.120830617042883,12
20261005-010838-8084b01,2022,cowc_gr1a,-0.00018589058286945962,-0.024535752633911452,12
20261005-010838-8084b01,2022,coa_gr1a,-0.0082870969653549,-0.49778564697020505,12
20261005-010838-8084b01,2022,col_gr1a,-0.009321743237830832,-0.6303875674706493,12
20261005-010838-8084b01,2022,nncoa_gr1a,-0.02368510649531135,-2.03932163944258,12
20261005-010838-8084b01,2022,ncoa_gr1a,-0.0231703508656449,-1.8190830401679756,12
20261005-010838-8084b01,2022,ncol_gr1a,-0.0028007029282088084,-0.40878936486567746,12
20261005-010838-8084b01,2022,nfna_gr1a,0.012010241244880879,2.8622317529058594,12
20261005-010838-8084b01,2022,sti_gr1a,0.007812455121962649,0.6154197249614042,12
20261005-010838-8084b01,2022,lti_gr1a,0.04291316651601677,2.3884210642091857,12
20261005-010838-8084b01,2022,fnl_gr1a,-0.020259635979027957,-2.1979995874253535,12
20261005-010838-8084b01,2022,be_gr1a,-0.029797915570709935,-1.1173263845749057,12
20261005-010838-8084b01,2022,oaccruals_ni,-0.041827906229022514,-3.354550420552988,12
20261005-010838-8084b01,2022,taccruals_ni,-0.017635832727918205,-2.3207787965121014,12
20261005-010838-8084b01,2022,netis_at,-0.13219976987781454,-3.7702293247129814,12
20261005-010838-8084b01,2022,eqnetis_at,-0.13678208679580264,-3.4688583259618606,12
20261005-010838-8084b01,2022,dbnetis_at,-0.05948713438828784,-3.375192330530981,12
20261005-010838-8084b01,2022,niq_be,0.1260665919914238,3.2897156692216876,12
20261005-010838-8084b01,2022,niq_be_chg1,0.006575676961136106,0.5964952238134495,12
20261005-010838-8084b01,2022,niq_at,0.1306098249733247,3.373103201329303,12
20261005-010838-8084b01,2022,niq_at_chg1,-0.004528012733099861,-0.3558768987527295,12
20261005-010838-8084b01,2022,ebit_bev,0.12992278400928356,3.360796748499492,12
20261005-010838-8084b01,2022,ebit_sale,0.14037051367357514,3.7870002694863056,12
20261005-010838-8084b01,2022,sale_bev,0.014894014690729212,0.9248346364804586,12
20261005-010838-8084b01,2022,at_turnover,0.035090726072381305,1.2707971610547406,12
20261005-010838-8084b01,2022,gp_at,0.04375049349169898,1.633782675263978,12
20261005-010838-8084b01,2022,gp_atl1,0.018854986019218714,0.7009134298471713,12
20261005-010838-8084b01,2022,ope_be,0.1317338247768988,3.243304429286971,12
20261005-010838-8084b01,2022,ope_bel1,0.10394298258859273,2.7185469897636345,12
20261005-010838-8084b01,2022,op_at,0.12017673195136319,3.1876200891026216,12
20261005-010838-8084b01,2022,op_atl1,0.10240803059214414,2.8117274366510094,12
20261005-010838-8084b01,2022,cop_at,0.07708021897278766,2.905408164997374,12
20261005-010838-8084b01,2022,cop_atl1,0.06399099800880902,2.449795536044742,12
20261005-010838-8084b01,2022,f_score,0.07502117702615216,2.8493560352387926,12
20261005-010838-8084b01,2022,o_score,-0.11386265788725668,-3.3891315267230278,12
20261005-010838-8084b01,2022,z_score,0.018327048090190153,0.5725612661322746,12
20261005-010838-8084b01,2022,pi_nix,0.018107242436928867,1.6636968999501525,12
20261005-010838-8084b01,2022,at_be,0.08018880321649303,2.779554897167852,12
20261005-010838-8084b01,2022,saleq_gr1,-0.025863698989622774,-1.2647084730536498,12
20261005-010838-8084b01,2022,rd_me,-0.07621841591019611,-2.7776970442510875,12
20261005-010838-8084b01,2022,rd_sale,-0.07318317242806381,-2.6071635436417684,12
20261005-010838-8084b01,2022,opex_at,-0.06488170746756369,-4.086084972787806,12
20261005-010838-8084b01,2022,emp_gr1,-0.07872575866569805,-3.9221564252081236,12
20261005-010838-8084b01,2022,rd5_at,-0.057309648358542596,-2.096992424631261,12
20261005-010838-8084b01,2022,age,0.061851126012951,1.3864770324078024,12
20261005-010838-8084b01,2022,dsale_dinv,0.0006968469094353492,0.0808375166267575,12
20261005-010838-8084b01,2022,dsale_drec,-0.029785433023055127,-3.256122824286759,12
20261005-010838-8084b01,2022,dgp_dsale,0.01372889552256037,1.4124775684689146,12
20261005-010838-8084b01,2022,dsale_dsga,-0.001572452261068142,-0.10938690329858444,12
20261005-010838-8084b01,2022,sale_emp_gr1,-0.014899454628250678,-1.1411906679270516,12
20261005-010838-8084b01,2022,tangibility,-0.03325161154292037,-1.7013493754533138,12
20261005-010838-8084b01,2022,kz_index,0.008592010171894706,0.37891994619186226,12
20261005-010838-8084b01,2022,ocfq_saleq_std,-0.06994601993464887,-3.2331061901983427,12
20261005-010838-8084b01,2022,cash_at,-0.1262884080291657,-3.144606081236329,12
20261005-010838-8084b01,2022,ni_ar1,-0.010907418837489408,-1.4576716234529905,12
20261005-010838-8084b01,2022,ni_ivol,-0.09148164485414133,-3.4409165940165147,12
20261005-010838-8084b01,2022,earnings_variability,-0.0337083020802633,-2.7518854391371885,12
20261005-010838-8084b01,2022,aliq_at,-0.07806803083200688,-2.781062350052975,12
20261005-010838-8084b01,2022,aliq_mat,0.043870448300949154,2.160193769712151,12
20261005-010838-8084b01,2022,seas_1_1an,0.06295268787434895,2.7530010833370704,12
20261005-010838-8084b01,2022,seas_1_1na,0.13336736324456996,4.774077667785348,12
20261005-010838-8084b01,2022,seas_2_5an,-0.018088087541192368,-1.1054036518975183,12
20261005-010838-8084b01,2022,seas_2_5na,-0.04497328075323526,-1.8959519565461114,12
20261005-010838-8084b01,2022,seas_6_10an,0.007958858164744958,0.704308157829789,12
20261005-010838-8084b01,2022,seas_6_10na,0.00375920464252884,0.3515974599509561,12
20261005-010838-8084b01,2022,seas_11_15an,0.0013181876955139615,0.14010759076675613,12
20261005-010838-8084b01,2022,seas_11_15na,-0.006554807505891099,-0.7881162881204479,12
20261005-010838-8084b01,2022,seas_16_20an,0.007416334415706741,1.0819450882813715,12
20261005-010838-8084b01,2022,seas_16_20na,-0.00571705710456823,-0.7096962042675445,12
20261005-010838-8084b01,2022,market_equity,0.09908816523568309,2.2892828542242865,12
20261005-010838-8084b01,2022,ivol_ff3_21d,-0.20776280869595265,-4.23050673129875,12
20261005-010838-8084b01,2022,ivol_capm_252d,-0.2058443225092472,-4.237831385880507,12
20261005-010838-8084b01,2022,ivol_capm_21d,-0.21437031351441505,-4.139441586844021,12
20261005-010838-8084b01,2022,ivol_hxz4_21d,-0.20526077343438057,-4.21666183656088,12
20261005-010838-8084b01,2022,rvol_21d,-0.2200212559747421,-3.8751885523738694,12
20261005-010838-8084b01,2022,beta_60m,-0.0455803696701366,-1.5879130149119898,12
20261005-010838-8084b01,2022,betabab_1260d,-0.05100084833621174,-1.6470924633248982,12
20261005-010838-8084b01,2022,beta_dimson_21d,-0.10212544729187752,-1.9408877823740929,12
20261005-010838-8084b01,2022,turnover_126d,-0.12360368279025902,-2.310780495655701,12
20261005-010838-8084b01,2022,turnover_var_126d,-0.059466489983381644,-1.1405679344500452,12
20261005-010838-8084b01,2022,dolvol_126d,0.012627866012590657,0.23848142621076732,12
20261005-010838-8084b01,2022,dolvol_var_126d,-0.06635085106138654,-1.2808294632873798,12
20261005-010838-8084b01,2022,prc,0.13858370131685974,3.7184049375351274,12
20261005-010838-8084b01,2022,ami_126d,-0.046344079903900576,-0.872099614551034,12
20261005-010838-8084b01,2022,zero_trades_21d,0.1079728835971104,1.843198333472687,12
20261005-010838-8084b01,2022,zero_trades_126d,0.13082794529165395,2.2801747011677014,12
20261005-010838-8084b01,2022,zero_trades_252d,0.14081369688437567,2.6723520706217068,12
20261005-010838-8084b01,2022,rmax1_21d,-0.20047729931852698,-3.9263569367144258,12
20261005-010838-8084b01,2022,rskew_21d,-0.039811156042548236,-2.8884747808170315,12
20261005-010838-8084b01,2022,iskew_capm_21d,-0.024946118285187183,-1.7363021609734335,12
20261005-010838-8084b01,2022,iskew_ff3_21d,-0.02224677291998837,-2.090392848219411,12
20261005-010838-8084b01,2022,iskew_hxz4_21d,-0.019524431423119364,-1.7080968443562645,12
20261005-010838-8084b01,2022,coskew_21d,-0.041473410850609814,-1.8388973337092538,12
20261005-010838-8084b01,2022,ret_1_0,0.044522073853045775,1.3156356785058523,12
20261005-010838-8084b01,2022,betadown_252d,-0.12953324294395796,-2.3144380213602194,12
20261005-010838-8084b01,2022,bidaskhl_21d,-0.22128914602392738,-4.311836534670317,12
20261005-010838-8084b01,2022,ret_3_1,0.09006639994668368,2.7563192824547893,12
20261005-010838-8084b01,2022,ret_9_1,0.14594904211925483,4.327285994805604,12
20261005-010838-8084b01,2022,ret_12_7,0.13471029966350814,5.491537846850169,12
20261005-010838-8084b01,2022,corr_1260d,0.0869445391821852,2.244129574277549,12
20261005-010838-8084b01,2022,rmax5_21d,-0.20517919835631085,-3.78413291736694,12
20261005-010838-8084b01,2022,rmax5_rvol_21d,-0.026050933412952382,-0.902144661962215,12
20261005-010838-8084b01,2022,ni_be,0.1305633398797303,3.2597205228104094,12
20261005-010838-8084b01,2022,ocf_at,0.1398925078296698,3.6640137333315534,12
20261005-010838-8084b01,2022,ocf_at_chg1,0.0073969475706702065,0.4192174696718788,12
20261005-010838-8084b01,2022,mispricing_perf,0.15001152672389662,4.312782744178052,12
20261005-010838-8084b01,2022,mispricing_mgmt,0.06911306124654644,2.9948022726862256,12
20261005-010838-8084b01,2022,qmj,0.061977701803466116,2.763832400880513,12
20261005-010838-8084b01,2022,qmj_prof,0.11581313442209902,3.0996575855348123,12
20261005-010838-8084b01,2022,qmj_growth,-0.005227007849380245,-0.6105071296188868,12
20261005-010838-8084b01,2022,qmj_safety,0.07916363405353245,3.308082695662624,12
20261005-010838-8084b01,2024,niq_su,-0.008506560885637332,-0.8500330411220357,12
20261005-010838-8084b01,2024,ret_6_1,0.08459454999596487,3.3964656780507734,12
20261005-010838-8084b01,2024,ret_12_1,0.11681641383606221,4.426390126324068,12
20261005-010838-8084b01,2024,saleq_su,0.0015288528185655788,0.1389562969436008,12
20261005-010838-8084b01,2024,tax_gr1a,0.012618631102337968,1.5441174849173946,12
20261005-010838-8084b01,2024,ni_inc8q,0.02400488512381586,2.8342312480190746,12
20261005-010838-8084b01,2024,prc_highprc_252d,0.1567109190027024,6.427574936545631,12
20261005-010838-8084b01,2024,resff3_6_1,0.007815923965360594,0.48330235970197377,12
20261005-010838-8084b01,2024,resff3_12_1,0.025541818917615488,1.7280476425198286,12
20261005-010838-8084b01,2024,be_me,-0.023619046628356444,-1.1963423884443312,12
20261005-010838-8084b01,2024,debt_me,-0.001960875149313302,-0.11862189768976174,12
20261005-010838-8084b01,2024,at_me,-0.005205729696431265,-0.24090860691487256,12
20261005-010838-8084b01,2024,ret_60_12,0.061741091719632074,4.817963098628287,12
20261005-010838-8084b01,2024,ni_me,0.13609348775491112,5.727438273526424,12
20261005-010838-8084b01,2024,fcf_me,0.13270169830250803,5.838334540589572,12
20261005-010838-8084b01,2024,div12m_me,0.09110561028470628,3.985779292439171,12
20261005-010838-8084b01,2024,eqpo_me,0.08540930704670663,4.728056344944466,12
20261005-010838-8084b01,2024,eqnpo_me,0.11576107067272738,5.220292580225305,12
20261005-010838-8084b01,2024,sale_gr3,0.006118845850772929,0.4431349623982993,12
20261005-010838-8084b01,2024,sale_gr1,0.03684032422880785,2.1214865843397632,12
20261005-010838-8084b01,2024,ebitda_mev,0.12215535682381436,5.1423276852840765,12
20261005-010838-8084b01,2024,sale_me,0.025500606869070557,1.4034709456778087,12
20261005-010838-8084b01,2024,ocf_me,0.1285457407019209,5.535326686193724,12
20261005-010838-8084b01,2024,ival_me,-0.042830463233782916,-3.2272901326758605,12
20261005-010838-8084b01,2024,bev_mev,-0.011101679542719086,-0.5429471735563823,12
20261005-010838-8084b01,2024,netdebt_me,0.01161178178136152,0.6705631559700397,12
20261005-010838-8084b01,2024,eq_dur,-0.05830095357890055,-2.910492758235515,12
20261005-010838-8084b01,2024,capex_abn,0.011407925065270297,1.167320543361783,12
20261005-010838-8084b01,2024,at_gr1,0.057313653323030955,4.358898776827011,12
20261005-010838-8084b01,2024,ppeinv_gr1a,0.023384629956364162,2.6161631495135467,12
20261005-010838-8084b01,2024,noa_at,0.04489420470564606,2.3953767170191025,12
20261005-010838-8084b01,2024,noa_gr1a,0.017939940221155404,2.3502517002598293,12
20261005-010838-8084b01,2024,lnoa_gr1a,0.01803525380098,2.479655610233655,12
20261005-010838-8084b01,2024,capx_gr1,0.05027924550994139,6.043315855679,12
20261005-010838-8084b01,2024,capx_gr2,0.02517777125001067,2.764302154189557,12
20261005-010838-8084b01,2024,capx_gr3,0.001465388103461688,0.14676665937057057,12
20261005-010838-8084b01,2024,chcsho_12m,-0.11779667587612862,-6.228721873557157,12
20261005-010838-8084b01,2024,eqnpo_12m,0.12490265144120587,5.790002009035182,12
20261005-010838-8084b01,2024,debt_gr3,0.0047964407209596565,0.530286495982315,12
20261005-010838-8084b01,2024,inv_gr1,0.014221894901700548,1.9036255254927705,12
20261005-010838-8084b01,2024,inv_gr1a,0.009886491968302233,1.07466702894723,12
20261005-010838-8084b01,2024,oaccruals_at,0.06144476919480755,4.036588205255558,12
20261005-010838-8084b01,2024,taccruals_at,0.059119578499465246,4.778541170410747,12
20261005-010838-8084b01,2024,cowc_gr1a,0.012607550031151875,1.5946784380534593,12
20261005-010838-8084b01,2024,coa_gr1a,0.018921945995544046,1.598371805137536,12
20261005-010838-8084b01,2024,col_gr1a,-0.0001556963005398614,-0.018387936398637783,12
20261005-010838-8084b01,2024,nncoa_gr1a,0.019092114433032537,2.6639985772969617,12
20261005-010838-8084b01,2024,ncoa_gr1a,0.028636647581771365,3.204072370150671,12
20261005-010838-8084b01,2024,ncol_gr1a,0.01397184684305102,2.3066391177147887,12
20261005-010838-8084b01,2024,nfna_gr1a,0.019516689850394408,4.656266583364356,12
20261005-010838-8084b01,2024,sti_gr1a,0.02477588802795956,2.932859932914713,12
20261005-010838-8084b01,2024,lti_gr1a,-0.005030249950157137,-0.5839160662755138,12
20261005-010838-8084b01,2024,fnl_gr1a,-0.006996949642604569,-1.0067559127168153,12
20261005-010838-8084b01,2024,be_gr1a,0.05622330027245858,5.864572845373969,12
20261005-010838-8084b01,2024,oaccruals_ni,-0.044691755509603324,-4.892788813994873,12
20261005-010838-8084b01,2024,taccruals_ni,-0.029728528557907644,-3.3145270386293513,12
20261005-010838-8084b01,2024,netis_at,-0.09529999378114372,-5.905711466676132,12
20261005-010838-8084b01,2024,eqnetis_at,-0.10742974651533788,-6.1276056333588995,12
20261005-010838-8084b01,2024,dbnetis_at,-0.03470347977711125,-2.9925682368762963,12
20261005-010838-8084b01,2024,niq_be,0.11153016260551606,6.176957810510771,12
20261005-010838-8084b01,2024,niq_be_chg1,0.0443054774124626,4.837163639470389,12
20261005-010838-8084b01,2024,niq_at,0.11982087038785279,6.437663203251651,12
20261005-010838-8084b01,2024,niq_at_chg1,0.03704274871594062,3.8393439167393004,12
20261005-010838-8084b01,2024,ebit_bev,0.11889869869696817,6.2930501737971305,12
20261005-010838-8084b01,2024,ebit_sale,0.1274437474280663,5.336158995428305,12
20261005-010838-8084b01,2024,sale_bev,0.028943660591135133,2.3173254275814603,12
20261005-010838-8084b01,2024,at_turnover,0.04244576502189049,2.784347992200591,12
20261005-010838-8084b01,2024,gp_at,0.06061478505411447,3.974102214854607,12
20261005-010838-8084b01,2024,gp_atl1,0.0624247525070464,4.100015711690286,12
20261005-010838-8084b01,2024,ope_be,0.11233677158641138,5.705271393410825,12
20261005-010838-8084b01,2024,ope_bel1,0.11435251335677392,5.843104556911301,12
20261005-010838-8084b01,2024,op_at,0.12266308749978018,7.053382879074352,12
20261005-010838-8084b01,2024,op_atl1,0.11796163383249164,6.902782253830647,12
20261005-010838-8084b01,2024,cop_at,0.07264327004553955,6.827667947302472,12
20261005-010838-8084b01,2024,cop_atl1,0.07743883310084128,6.706613823379784,12
20261005-010838-8084b01,2024,f_score,0.09249798543682976,6.779919237708997,12
20261005-010838-8084b01,2024,o_score,-0.12671275792545963,-7.468924582716984,12
20261005-010838-8084b01,2024,z_score,0.09277579820145258,5.956773948013942,12
20261005-010838-8084b01,2024,pi_nix,0.0065853786827400436,0.8837709142997326,12
20261005-010838-8084b01,2024,at_be,0.035281331930294035,1.9642424924322477,12
20261005-010838-8084b01,2024,saleq_gr1,0.03823957884814764,2.189618493680567,12
20261005-010838-8084b01,2024,rd_me,-0.07511434266263005,-4.299441540969705,12
20261005-010838-8084b01,2024,rd_sale,-0.04297167120515591,-2.4443272375834275,12
20261005-010838-8084b01,2024,opex_at,-0.08130970315380483,-3.642478992037122,12
20261005-010838-8084b01,2024,emp_gr1,0.015990931247006946,1.4875849010575355,12
20261005-010838-8084b01,2024,rd5_at,-0.045574180349325234,-2.9574365473401416,12
20261005-010838-8084b01,2024,age,0.09397210821496471,4.230080027025518,12
20261005-010838-8084b01,2024,dsale_dinv,0.010999135053286079,1.4746563819441496,12
20261005-010838-8084b01,2024,dsale_drec,0.008385916008353854,0.898547570011539,12
20261005-010838-8084b01,2024,dgp_dsale,0.00963537241516738,0.5791982516783422,12
20261005-010838-8084b01,2024,dsale_dsga,0.035730114776599604,2.082366881039774,12
20261005-010838-8084b01,2024,sale_emp_gr1,0.025338432056325536,1.7762333902707623,12
20261005-010838-8084b01,2024,tangibility,-0.018481617746750452,-1.744473025427993,12
20261005-010838-8084b01,2024,kz_index,-0.06950170132932305,-4.4442286725440185,12
20261005-010838-8084b01,2024,ocfq_saleq_std,-0.05018783607791675,-3.804410132470182,12
20261005-010838-8084b01,2024,cash_at,-0.0466314013344483,-2.1429249329612725,12
20261005-010838-8084b01,2024,ni_ar1,-0.002034844450624696,-0.38889878916891873,12
20261005-010838-8084b01,2024,ni_ivol,-0.09262776945157225,-4.16350985226636,12
20261005-010838-8084b01,2024,earnings_variability,-0.036439156592307516,-3.787751326780102,12
20261005-010838-8084b01,2024,aliq_at,0.008522701510608513,0.9427079503000335,12
20261005-010838-8084b01,2024,aliq_mat,-0.01845596952078908,-1.3849948092513849,12
20261005-010838-8084b01,2024,seas_1_1an,0.03255122217612507,1.426949446471708,12
20261005-010838-8084b01,2024,seas_1_1na,0.07943232226966723,3.989166780834447,12
20261005-010838-8084b01,2024,seas_2_5an,0.008646064413488204,0.9925184678520658,12
20261005-010838-8084b01,2024,seas_2_5na,0.01600785326152152,1.4408991611592512,12
20261005-010838-8084b01,2024,seas_6_10an,0.023687706619449935,2.6803924722406447,12
20261005-010838-8084b01,2024,seas_6_10na,0.019681747778037675,1.507649957069803,12
20261005-010838-8084b01,2024,seas_11_15an,0.007927812480136328,1.0244650455057887,12
20261005-010838-8084b01,2024,seas_11_15na,-0.010836503275028933,-1.246972363754734,12
20261005-010838-8084b01,2024,seas_16_20an,0.007243131365490578,1.1551235047590929,12
20261005-010838-8084b01,2024,seas_16_20na,0.0007019830701067174,0.09141168261294232,12
20261005-010838-8084b01,2024,market_equity,0.1413287265616307,4.905938570426161,12
20261005-010838-8084b01,2024,ivol_ff3_21d,-0.16473574098726193,-6.221062155808594,12
20261005-010838-8084b01,2024,ivol_capm_252d,-0.17033589748562974,-6.08434883014895,12
20261005-010838-8084b01,2024,ivol_capm_21d,-0.17022225080678785,-6.269525812941379,12
20261005-010838-8084b01,2024,ivol_hxz4_21d,-0.16496388559057898,-6.251601276888332,12
20261005-010838-8084b01,2024,rvol_21d,-0.17366970840388105,-6.341357560314068,12
20261005-010838-8084b01,2024,beta_60m,-0.041918820975355986,-2.278169967212437,12
20261005-010838-8084b01,2024,betabab_1260d,-0.07291700535780447,-3.3954614708297814,12
20261005-010838-8084b01,2024,beta_dimson_21d,-0.032716742335019616,-1.6338594643787854,12
20261005-010838-8084b01,2024,turnover_126d,-0.08969352147354588,-3.8658613281590597,12
20261005-010838-8084b01,2024,turnover_var_126d,-0.12096012314815228,-4.243020893703307,12
20261005-010838-8084b01,2024,dolvol_126d,0.07596589826862248,3.0283069400389016,12
20261005-010838-8084b01,2024,dolvol_var_126d,-0.1227722472907838,-4.31290177762999,12
20261005-010838-8084b01,2024,prc,0.14712546796781897,4.991322554676075,12
20261005-010838-8084b01,2024,ami_126d,-0.11679593014271909,-4.203942042392604,12
20261005-010838-8084b01,2024,zero_trades_21d,0.07938391802546421,3.3870650610966795,12
20261005-010838-8084b01,2024,zero_trades_126d,0.08498247500599526,3.5105744891476274,12
20261005-010838-8084b01,2024,zero_trades_252d,0.084556574421148,3.588319876284776,12
20261005-010838-8084b01,2024,rmax1_21d,-0.1564963578524822,-6.183644224042555,12
20261005-010838-8084b01,2024,rskew_21d,-0.04350584949964636,-4.072815376024621,12
20261005-010838-8084b01,2024,iskew_capm_21d,-0.03293127335184636,-3.688282974832533,12
20261005-010838-8084b01,2024,iskew_ff3_21d,-0.037346794785492965,-3.838966628545842,12
20261005-010838-8084b01,2024,iskew_hxz4_21d,-0.03550436909565352,-3.9959518433444683,12
20261005-010838-8084b01,2024,coskew_21d,0.0012970568373312536,0.06241486358119893,12
20261005-010838-8084b01,2024,ret_1_0,0.02463811354645543,1.6779482804870494,12
20261005-010838-8084b01,2024,betadown_252d,-0.023136893734866496,-1.021503769013205,12
20261005-010838-8084b01,2024,bidaskhl_21d,-0.1672208292724916,-6.139645948001795,12
20261005-010838-8084b01,2024,ret_3_1,0.06135228874732986,3.7763824475476744,12
20261005-010838-8084b01,2024,ret_9_1,0.11666036618138777,5.104368854210198,12
20261005-010838-8084b01,2024,ret_12_7,0.08971957684423205,4.218663504538462,12
20261005-010838-8084b01,2024,corr_1260d,0.09464325361938818,4.426137892246658,12
20261005-010838-8084b01,2024,rmax5_21d,-0.1581152393791808,-5.625991225076322,12
20261005-010838-8084b01,2024,rmax5_rvol_21d,-0.0023922846955134543,-0.16471217442669137,12
20261005-010838-8084b01,2024,ni_be,0.12335654484177784,6.264769854353122,12
20261005-010838-8084b01,2024,ocf_at,0.12951283840801384,7.045129859970162,12
20261005-010838-8084b01,2024,ocf_at_chg1,0.038973507563558,6.4891894211510905,12
20261005-010838-8084b01,2024,mispricing_perf,0.13935121693681649,6.859992870692046,12
20261005-010838-8084b01,2024,mispricing_mgmt,0.010864301644692119,1.0394440989601805,12
20261005-010838-8084b01,2024,qmj,0.0790550835714898,6.615659658319013,12
20261005-010838-8084b01,2024,qmj_prof,0.1166422743684392,6.850319222687985,12
20261005-010838-8084b01,2024,qmj_growth,0.01707816044982647,2.2628548654431575,12
20261005-010838-8084b01,2024,qmj_safety,0.11985858082278583,6.0800755178239205,12
