year,model,characteristic,mse_increase,run_id
1995,nn3,niq_su,3.937631845474243e-06,20261005-010838-8084b01
1995,nn3,ret_6_1,1.271069049835205e-05,20261005-010838-8084b01
1995,nn3,ret_12_1,1.7855316400527954e-05,20261005-010838-8084b01
1995,nn3,saleq_su,3.4812837839126587e-06,20261005-010838-8084b01
1995,nn3,tax_gr1a,7.290393114089966e-06,20261005-010838-8084b01
1995,nn3,ni_inc8q,6.9141387939453125e-06,20261005-010838-8084b01
1995,nn3,prc_highprc_252d,-1.864507794380188e-06,20261005-010838-8084b01
1995,nn3,resff3_6_1,5.498528480529785e-06,20261005-010838-8084b01
1995,nn3,resff3_12_1,1.0620802640914915e-05,20261005-010838-8084b01
1995,nn3,be_me,4.819221794605255e-05,20261005-010838-8084b01
1995,nn3,debt_me,6.332993507385254e-06,20261005-010838-8084b01
1995,nn3,at_me,1.1701136827468872e-05,20261005-010838-8084b01
1995,nn3,ret_60_12,4.297122359275818e-06,20261005-010838-8084b01
1995,nn3,ni_me,6.143003702163696e-06,20261005-010838-8084b01
1995,nn3,fcf_me,-2.6300549507141113e-06,20261005-010838-8084b01
1995,nn3,div12m_me,1.6218051314353943e-05,20261005-010838-8084b01
1995,nn3,eqpo_me,6.48200511932373e-07,20261005-010838-8084b01
1995,nn3,eqnpo_me,-5.228444933891296e-06,20261005-010838-8084b01
1995,nn3,sale_gr3,5.8282166719436646e-06,20261005-010838-8084b01
1995,nn3,sale_gr1,-3.820285201072693e-06,20261005-010838-8084b01
1995,nn3,ebitda_mev,-9.57399606704712e-07,20261005-010838-8084b01
1995,nn3,sale_me,-2.4294480681419373e-05,20261005-010838-8084b01
1995,nn3,ocf_me,-2.719089388847351e-05,20261005-010838-8084b01
1995,nn3,ival_me,3.7364661693573e-06,20261005-010838-8084b01
1995,nn3,bev_mev,2.212077379226685e-05,20261005-010838-8084b01
1995,nn3,netdebt_me,9.307637810707092e-06,20261005-010838-8084b01
1995,nn3,eq_dur,6.81169331073761e-06,20261005-010838-8084b01
1995,nn3,capex_abn,-6.51925802230835e-07,20261005-010838-8084b01
1995,nn3,at_gr1,-8.195638656616211e-07,20261005-010838-8084b01
1995,nn3,ppeinv_gr1a,9.393319487571716e-06,20261005-010838-8084b01
1995,nn3,noa_at,1.2971460819244385e-05,20261005-010838-8084b01
1995,nn3,noa_gr1a,8.25151801109314e-07,20261005-010838-8084b01
1995,nn3,lnoa_gr1a,1.0065734386444092e-05,20261005-010838-8084b01
1995,nn3,capx_gr1,6.258487701416016e-07,20261005-010838-8084b01
1995,nn3,capx_gr2,-2.980232238769531e-07,20261005-010838-8084b01
1995,nn3,capx_gr3,-5.010515451431274e-07,20261005-010838-8084b01
1995,nn3,chcsho_12m,-2.8312206268310547e-06,20261005-010838-8084b01
1995,nn3,eqnpo_12m,5.8107078075408936e-05,20261005-010838-8084b01
1995,nn3,debt_gr3,6.821006536483765e-06,20261005-010838-8084b01
1995,nn3,inv_gr1,-9.629875421524048e-07,20261005-010838-8084b01
1995,nn3,inv_gr1a,3.4086406230926514e-07,20261005-010838-8084b01
1995,nn3,oaccruals_at,-1.6987323760986328e-06,20261005-010838-8084b01
1995,nn3,taccruals_at,4.246830940246582e-06,20261005-010838-8084b01
1995,nn3,cowc_gr1a,-7.767230272293091e-07,20261005-010838-8084b01
1995,nn3,coa_gr1a,3.32854688167572e-06,20261005-010838-8084b01
1995,nn3,col_gr1a,-2.551823854446411e-07,20261005-010838-8084b01
1995,nn3,nncoa_gr1a,9.499490261077881e-08,20261005-010838-8084b01
1995,nn3,ncoa_gr1a,-5.5879354476928724e-08,20261005-010838-8084b01
1995,nn3,ncol_gr1a,6.146728992462158e-08,20261005-010838-8084b01
1995,nn3,nfna_gr1a,7.618218660354614e-07,20261005-010838-8084b01
1995,nn3,sti_gr1a,-1.0654330253601074e-06,20261005-010838-8084b01
1995,nn3,lti_gr1a,1.396983861923218e-07,20261005-010838-8084b01
1995,nn3,fnl_gr1a,-1.396983861923218e-07,20261005-010838-8084b01
1995,nn3,be_gr1a,1.8404796719551086e-05,20261005-010838-8084b01
1995,nn3,oaccruals_ni,3.259629011154175e-07,20261005-010838-8084b01
1995,nn3,taccruals_ni,2.684071660041809e-06,20261005-010838-8084b01
1995,nn3,netis_at,-2.423301339149475e-06,20261005-010838-8084b01
1995,nn3,eqnetis_at,-1.1315569281578064e-05,20261005-010838-8084b01
1995,nn3,dbnetis_at,-1.9725412130355835e-06,20261005-010838-8084b01
1995,nn3,niq_be,-3.628432750701904e-06,20261005-010838-8084b01
1995,nn3,niq_be_chg1,-7.37607479095459e-07,20261005-010838-8084b01
1995,nn3,niq_at,-3.6694109439849858e-06,20261005-010838-8084b01
1995,nn3,niq_at_chg1,-1.3671815395355225e-06,20261005-010838-8084b01
1995,nn3,ebit_bev,1.0076910257339478e-05,20261005-010838-8084b01
1995,nn3,ebit_sale,-5.980953574180603e-06,20261005-010838-8084b01
1995,nn3,sale_bev,-3.777444362640381e-06,20261005-010838-8084b01
1995,nn3,at_turnover,4.393979907035828e-06,20261005-010838-8084b01
1995,nn3,gp_at,-1.780688762664795e-06,20261005-010838-8084b01
1995,nn3,gp_atl1,7.333233952522278e-06,20261005-010838-8084b01
1995,nn3,ope_be,2.1997839212417603e-06,20261005-010838-8084b01
1995,nn3,ope_bel1,6.332993507385254e-07,20261005-010838-8084b01
1995,nn3,op_at,-3.691762685775757e-06,20261005-010838-8084b01
1995,nn3,op_atl1,-7.612630724906921e-06,20261005-010838-8084b01
1995,nn3,cop_at,5.520880222320557e-06,20261005-010838-8084b01
1995,nn3,cop_atl1,4.569068551063538e-06,20261005-010838-8084b01
1995,nn3,f_score,1.4901161193847656e-07,20261005-010838-8084b01
1995,nn3,o_score,1.2235715985298157e-05,20261005-010838-8084b01
1995,nn3,z_score,-6.448477506637573e-06,20261005-010838-8084b01
1995,nn3,pi_nix,-1.3709068298339844e-06,20261005-010838-8084b01
1995,nn3,at_be,1.872703433036804e-05,20261005-010838-8084b01
1995,nn3,saleq_gr1,7.74674117565155e-06,20261005-010838-8084b01
1995,nn3,rd_me,3.686733543872833e-05,20261005-010838-8084b01
1995,nn3,rd_sale,1.4107674360275269e-05,20261005-010838-8084b01
1995,nn3,opex_at,-4.174187779426575e-06,20261005-010838-8084b01
1995,nn3,emp_gr1,2.2351741790771484e-06,20261005-010838-8084b01
1995,nn3,rd5_at,2.522021532058716e-06,20261005-010838-8084b01
1995,nn3,age,2.1111220121383667e-05,20261005-010838-8084b01
1995,nn3,dsale_dinv,3.98978590965271e-06,20261005-010838-8084b01
1995,nn3,dsale_drec,-1.2200325727462769e-06,20261005-010838-8084b01
1995,nn3,dgp_dsale,7.338821887969971e-07,20261005-010838-8084b01
1995,nn3,dsale_dsga,-2.300366759300232e-06,20261005-010838-8084b01
1995,nn3,sale_emp_gr1,1.2014061212539673e-06,20261005-010838-8084b01
1995,nn3,tangibility,-2.983957529067993e-06,20261005-010838-8084b01
1995,nn3,kz_index,-3.706663846969605e-06,20261005-010838-8084b01
1995,nn3,ocfq_saleq_std,4.973262548446655e-07,20261005-010838-8084b01
1995,nn3,cash_at,2.932734787464142e-05,20261005-010838-8084b01
1995,nn3,ni_ar1,-2.000480890274048e-06,20261005-010838-8084b01
1995,nn3,ni_ivol,1.3783574104309082e-07,20261005-010838-8084b01
1995,nn3,earnings_variability,1.4230608940124512e-06,20261005-010838-8084b01
1995,nn3,aliq_at,-7.739290595054626e-06,20261005-010838-8084b01
1995,nn3,aliq_mat,1.5158206224441528e-05,20261005-010838-8084b01
1995,nn3,seas_1_1an,-3.8370490074157715e-07,20261005-010838-8084b01
1995,nn3,seas_1_1na,6.640516221523285e-05,20261005-010838-8084b01
1995,nn3,seas_2_5an,9.318813681602478e-06,20261005-010838-8084b01
1995,nn3,seas_2_5na,-3.296881914138794e-07,20261005-010838-8084b01
1995,nn3,seas_6_10an,7.627531886100769e-06,20261005-010838-8084b01
1995,nn3,seas_6_10na,1.1492520570755005e-06,20261005-010838-8084b01
1995,nn3,seas_11_15an,2.8796494007110596e-06,20261005-010838-8084b01
1995,nn3,seas_11_15na,-2.980232238769531e-07,20261005-010838-8084b01
1995,nn3,seas_16_20an,2.2761523723602295e-06,20261005-010838-8084b01
1995,nn3,seas_16_20na,5.21540641784668e-08,20261005-010838-8084b01
1995,nn3,market_equity,3.888830542564392e-05,20261005-010838-8084b01
1995,nn3,ivol_ff3_21d,2.5039538741111755e-05,20261005-010838-8084b01
1995,nn3,ivol_capm_252d,-2.8779730200767517e-05,20261005-010838-8084b01
1995,nn3,ivol_capm_21d,2.504885196685791e-05,20261005-010838-8084b01
1995,nn3,ivol_hxz4_21d,-2.047605812549591e-05,20261005-010838-8084b01
1995,nn3,rvol_21d,5.608424544334411e-05,20261005-010838-8084b01
1995,nn3,beta_60m,-6.891787052154541e-07,20261005-010838-8084b01
1995,nn3,betabab_1260d,1.6279518604278564e-06,20261005-010838-8084b01
1995,nn3,beta_dimson_21d,6.92903995513916e-07,20261005-010838-8084b01
1995,nn3,turnover_126d,7.72867351770401e-05,20261005-010838-8084b01
1995,nn3,turnover_var_126d,4.2323023080825806e-05,20261005-010838-8084b01
1995,nn3,dolvol_126d,-1.375935971736908e-05,20261005-010838-8084b01
1995,nn3,dolvol_var_126d,-1.743994653224945e-05,20261005-010838-8084b01
1995,nn3,prc,8.794479072093964e-05,20261005-010838-8084b01
1995,nn3,ami_126d,7.953494787216187e-06,20261005-010838-8084b01
1995,nn3,zero_trades_21d,0.0001786705106496,20261005-010838-8084b01
1995,nn3,zero_trades_126d,9.21003520488739e-05,20261005-010838-8084b01
1995,nn3,zero_trades_252d,2.9567629098892212e-05,20261005-010838-8084b01
1995,nn3,rmax1_21d,1.3187527656555176e-06,20261005-010838-8084b01
1995,nn3,rskew_21d,8.180737495422363e-06,20261005-010838-8084b01
1995,nn3,iskew_capm_21d,-2.8330832719802856e-06,20261005-010838-8084b01
1995,nn3,iskew_ff3_21d,1.8365681171417236e-06,20261005-010838-8084b01
1995,nn3,iskew_hxz4_21d,-5.912035703659058e-06,20261005-010838-8084b01
1995,nn3,coskew_21d,1.51805579662323e-06,20261005-010838-8084b01
1995,nn3,ret_1_0,0.0002284198999404,20261005-010838-8084b01
1995,nn3,betadown_252d,-1.9297003746032715e-06,20261005-010838-8084b01
1995,nn3,bidaskhl_21d,6.325915455818176e-05,20261005-010838-8084b01
1995,nn3,ret_3_1,3.540143370628357e-05,20261005-010838-8084b01
1995,nn3,ret_9_1,2.500787377357483e-05,20261005-010838-8084b01
1995,nn3,ret_12_7,6.815418601036072e-06,20261005-010838-8084b01
1995,nn3,corr_1260d,5.345791578292847e-07,20261005-010838-8084b01
1995,nn3,rmax5_21d,-1.4878809452056885e-05,20261005-010838-8084b01
1995,nn3,rmax5_rvol_21d,1.601874828338623e-07,20261005-010838-8084b01
1995,nn3,ni_be,-4.367902874946594e-06,20261005-010838-8084b01
1995,nn3,ocf_at,1.2272968888282776e-05,20261005-010838-8084b01
1995,nn3,ocf_at_chg1,-4.079192876815796e-07,20261005-010838-8084b01
1995,nn3,mispricing_perf,-9.24617052078247e-06,20261005-010838-8084b01
1995,nn3,mispricing_mgmt,-7.003545761108398e-07,20261005-010838-8084b01
1995,nn3,qmj,7.236376404762268e-06,20261005-010838-8084b01
1995,nn3,qmj_prof,1.84476375579834e-05,20261005-010838-8084b01
1995,nn3,qmj_growth,3.162771463394165e-06,20261005-010838-8084b01
1995,nn3,qmj_safety,-8.940696716308594e-07,20261005-010838-8084b01
1997,nn3,niq_su,6.664544343948364e-06,20261005-010838-8084b01
1997,nn3,ret_6_1,1.4640390872955322e-06,20261005-010838-8084b01
1997,nn3,ret_12_1,7.267296314239502e-05,20261005-010838-8084b01
1997,nn3,saleq_su,5.938112735748291e-06,20261005-010838-8084b01
1997,nn3,tax_gr1a,2.123415470123291e-06,20261005-010838-8084b01
1997,nn3,ni_inc8q,-3.0919909477233887e-06,20261005-010838-8084b01
1997,nn3,prc_highprc_252d,1.4454126358032229e-06,20261005-010838-8084b01
1997,nn3,resff3_6_1,1.1920928955078125e-06,20261005-010838-8084b01
1997,nn3,resff3_12_1,7.662922143936157e-06,20261005-010838-8084b01
1997,nn3,be_me,5.387142300605774e-05,20261005-010838-8084b01
1997,nn3,debt_me,2.130866050720215e-06,20261005-010838-8084b01
1997,nn3,at_me,2.1792948246002197e-06,20261005-010838-8084b01
1997,nn3,ret_60_12,-3.840774297714233e-06,20261005-010838-8084b01
1997,nn3,ni_me,5.908310413360596e-06,20261005-010838-8084b01
1997,nn3,fcf_me,4.857778549194336e-06,20261005-010838-8084b01
1997,nn3,div12m_me,6.183981895446777e-06,20261005-010838-8084b01
1997,nn3,eqpo_me,-7.748603820800781e-07,20261005-010838-8084b01
1997,nn3,eqnpo_me,0.0,20261005-010838-8084b01
1997,nn3,sale_gr3,4.623085260391235e-06,20261005-010838-8084b01
1997,nn3,sale_gr1,-6.586313247680664e-06,20261005-010838-8084b01
1997,nn3,ebitda_mev,2.4475157260894775e-06,20261005-010838-8084b01
1997,nn3,sale_me,2.452731132507324e-05,20261005-010838-8084b01
1997,nn3,ocf_me,2.1457672119140625e-05,20261005-010838-8084b01
1997,nn3,ival_me,-5.7853758335113525e-06,20261005-010838-8084b01
1997,nn3,bev_mev,-1.2483447790145874e-05,20261005-010838-8084b01
1997,nn3,netdebt_me,-1.255422830581665e-06,20261005-010838-8084b01
1997,nn3,eq_dur,7.923692464828491e-06,20261005-010838-8084b01
1997,nn3,capex_abn,-1.0579824447631836e-06,20261005-010838-8084b01
1997,nn3,at_gr1,4.500150680541992e-06,20261005-010838-8084b01
1997,nn3,ppeinv_gr1a,1.564621925354004e-06,20261005-010838-8084b01
1997,nn3,noa_at,-6.776303052902222e-06,20261005-010838-8084b01
1997,nn3,noa_gr1a,1.3634562492370603e-06,20261005-010838-8084b01
1997,nn3,lnoa_gr1a,-7.7858567237854e-07,20261005-010838-8084b01
1997,nn3,capx_gr1,-1.2703239917755127e-06,20261005-010838-8084b01
1997,nn3,capx_gr2,1.6130506992340088e-06,20261005-010838-8084b01
1997,nn3,capx_gr3,7.487833499908447e-07,20261005-010838-8084b01
1997,nn3,chcsho_12m,2.111494541168213e-05,20261005-010838-8084b01
1997,nn3,eqnpo_12m,2.9653310775756836e-06,20261005-010838-8084b01
1997,nn3,debt_gr3,-4.742294549942017e-06,20261005-010838-8084b01
1997,nn3,inv_gr1,-2.160668373107911e-07,20261005-010838-8084b01
1997,nn3,inv_gr1a,1.1920928955078125e-07,20261005-010838-8084b01
1997,nn3,oaccruals_at,-6.780028343200684e-07,20261005-010838-8084b01
1997,nn3,taccruals_at,-5.438923835754395e-07,20261005-010838-8084b01
1997,nn3,cowc_gr1a,1.948326826095581e-06,20261005-010838-8084b01
1997,nn3,coa_gr1a,-8.903443813323975e-06,20261005-010838-8084b01
1997,nn3,col_gr1a,-2.7194619178771973e-06,20261005-010838-8084b01
1997,nn3,nncoa_gr1a,-1.4901161193847656e-07,20261005-010838-8084b01
1997,nn3,ncoa_gr1a,2.466142177581787e-06,20261005-010838-8084b01
1997,nn3,ncol_gr1a,-4.172325134277344e-07,20261005-010838-8084b01
1997,nn3,nfna_gr1a,-5.200505256652832e-06,20261005-010838-8084b01
1997,nn3,sti_gr1a,-3.550201654434204e-06,20261005-010838-8084b01
1997,nn3,lti_gr1a,-9.313225746154785e-08,20261005-010838-8084b01
1997,nn3,fnl_gr1a,-3.244727849960327e-06,20261005-010838-8084b01
1997,nn3,be_gr1a,2.5443732738494873e-06,20261005-010838-8084b01
1997,nn3,oaccruals_ni,-5.140900611877441e-07,20261005-010838-8084b01
1997,nn3,taccruals_ni,-1.2367963790893557e-06,20261005-010838-8084b01
1997,nn3,netis_at,-4.284083843231201e-06,20261005-010838-8084b01
1997,nn3,eqnetis_at,4.59328293800354e-06,20261005-010838-8084b01
1997,nn3,dbnetis_at,1.4193356037139893e-06,20261005-010838-8084b01
1997,nn3,niq_be,1.338869333267212e-05,20261005-010838-8084b01
1997,nn3,niq_be_chg1,3.278255462646485e-07,20261005-010838-8084b01
1997,nn3,niq_at,6.8731606006622314e-06,20261005-010838-8084b01
1997,nn3,niq_at_chg1,4.161149263381958e-06,20261005-010838-8084b01
1997,nn3,ebit_bev,-8.113682270050049e-06,20261005-010838-8084b01
1997,nn3,ebit_sale,1.619011163711548e-05,20261005-010838-8084b01
1997,nn3,sale_bev,5.0067901611328125e-06,20261005-010838-8084b01
1997,nn3,at_turnover,-4.887580871582031e-06,20261005-010838-8084b01
1997,nn3,gp_at,1.0970979928970335e-05,20261005-010838-8084b01
1997,nn3,gp_atl1,-2.678483724594116e-06,20261005-010838-8084b01
1997,nn3,ope_be,-3.203749656677246e-07,20261005-010838-8084b01
1997,nn3,ope_bel1,2.689659595489502e-06,20261005-010838-8084b01
1997,nn3,op_at,9.257346391677856e-06,20261005-010838-8084b01
1997,nn3,op_atl1,1.940131187438965e-05,20261005-010838-8084b01
1997,nn3,cop_at,1.4975666999816897e-06,20261005-010838-8084b01
1997,nn3,cop_atl1,3.3490359783172607e-06,20261005-010838-8084b01
1997,nn3,f_score,2.011656761169434e-07,20261005-010838-8084b01
1997,nn3,o_score,-8.05780291557312e-06,20261005-010838-8084b01
1997,nn3,z_score,-5.0477683544158936e-06,20261005-010838-8084b01
1997,nn3,pi_nix,8.009374141693115e-07,20261005-010838-8084b01
1997,nn3,at_be,-1.014024019241333e-05,20261005-010838-8084b01
1997,nn3,saleq_gr1,5.602836608886719e-06,20261005-010838-8084b01
1997,nn3,rd_me,-7.141381502151489e-06,20261005-010838-8084b01
1997,nn3,rd_sale,-1.056864857673645e-05,20261005-010838-8084b01
1997,nn3,opex_at,-2.0973384380340576e-06,20261005-010838-8084b01
1997,nn3,emp_gr1,9.685754776000977e-08,20261005-010838-8084b01
1997,nn3,rd5_at,-3.0063092708587646e-06,20261005-010838-8084b01
1997,nn3,age,2.9958784580230713e-05,20261005-010838-8084b01
1997,nn3,dsale_dinv,1.434236764907837e-06,20261005-010838-8084b01
1997,nn3,dsale_drec,3.725290298461914e-09,20261005-010838-8084b01
1997,nn3,dgp_dsale,5.286186933517456e-06,20261005-010838-8084b01
1997,nn3,dsale_dsga,2.2351741790771484e-08,20261005-010838-8084b01
1997,nn3,sale_emp_gr1,-2.5294721126556396e-06,20261005-010838-8084b01
1997,nn3,tangibility,7.972121238708496e-07,20261005-010838-8084b01
1997,nn3,kz_index,-3.1068921089172363e-06,20261005-010838-8084b01
1997,nn3,ocfq_saleq_std,-1.259148120880127e-06,20261005-010838-8084b01
1997,nn3,cash_at,-3.5315752029418945e-06,20261005-010838-8084b01
1997,nn3,ni_ar1,1.1771917343139648e-06,20261005-010838-8084b01
1997,nn3,ni_ivol,-4.246830940246582e-07,20261005-010838-8084b01
1997,nn3,earnings_variability,1.9073486328125e-06,20261005-010838-8084b01
1997,nn3,aliq_at,6.377696990966797e-06,20261005-010838-8084b01
1997,nn3,aliq_mat,8.09505581855774e-06,20261005-010838-8084b01
1997,nn3,seas_1_1an,4.108995199203491e-06,20261005-010838-8084b01
1997,nn3,seas_1_1na,-7.722526788711548e-06,20261005-010838-8084b01
1997,nn3,seas_2_5an,3.10949981212616e-05,20261005-010838-8084b01
1997,nn3,seas_2_5na,-1.0058283805847168e-06,20261005-010838-8084b01
1997,nn3,seas_6_10an,4.123896360397339e-06,20261005-010838-8084b01
1997,nn3,seas_6_10na,-2.235174179077149e-07,20261005-010838-8084b01
1997,nn3,seas_11_15an,2.987682819366455e-06,20261005-010838-8084b01
1997,nn3,seas_11_15na,4.693865776062012e-07,20261005-010838-8084b01
1997,nn3,seas_16_20an,4.623085260391235e-06,20261005-010838-8084b01
1997,nn3,seas_16_20na,-4.0978193283081055e-08,20261005-010838-8084b01
1997,nn3,market_equity,9.324401617050173e-06,20261005-010838-8084b01
1997,nn3,ivol_ff3_21d,-8.359551429748535e-06,20261005-010838-8084b01
1997,nn3,ivol_capm_252d,6.193295121192932e-05,20261005-010838-8084b01
1997,nn3,ivol_capm_21d,-8.50483775138855e-06,20261005-010838-8084b01
1997,nn3,ivol_hxz4_21d,0.0001506730914115,20261005-010838-8084b01
1997,nn3,rvol_21d,5.949288606643677e-06,20261005-010838-8084b01
1997,nn3,beta_60m,2.7008354663848877e-06,20261005-010838-8084b01
1997,nn3,betabab_1260d,2.514570951461792e-06,20261005-010838-8084b01
1997,nn3,beta_dimson_21d,-1.0319054126739502e-06,20261005-010838-8084b01
1997,nn3,turnover_126d,0.0001170746982097,20261005-010838-8084b01
1997,nn3,turnover_var_126d,4.7832727432250977e-05,20261005-010838-8084b01
1997,nn3,dolvol_126d,8.229166269302368e-06,20261005-010838-8084b01
1997,nn3,dolvol_var_126d,2.7857720851898193e-05,20261005-010838-8084b01
1997,nn3,prc,1.988932490348816e-05,20261005-010838-8084b01
1997,nn3,ami_126d,2.570450305938721e-07,20261005-010838-8084b01
1997,nn3,zero_trades_21d,0.0002464167773723,20261005-010838-8084b01
1997,nn3,zero_trades_126d,6.679818034172058e-05,20261005-010838-8084b01
1997,nn3,zero_trades_252d,2.5674700736999512e-05,20261005-010838-8084b01
1997,nn3,rmax1_21d,9.890645742416382e-06,20261005-010838-8084b01
1997,nn3,rskew_21d,-1.3522803783416748e-06,20261005-010838-8084b01
1997,nn3,iskew_capm_21d,1.341104507446289e-06,20261005-010838-8084b01
1997,nn3,iskew_ff3_21d,2.522021532058716e-06,20261005-010838-8084b01
1997,nn3,iskew_hxz4_21d,-1.0579824447631836e-06,20261005-010838-8084b01
1997,nn3,coskew_21d,-1.4603137969970703e-06,20261005-010838-8084b01
1997,nn3,ret_1_0,0.0001098439097404,20261005-010838-8084b01
1997,nn3,betadown_252d,-3.4868717193603516e-06,20261005-010838-8084b01
1997,nn3,bidaskhl_21d,-1.066550612449646e-05,20261005-010838-8084b01
1997,nn3,ret_3_1,1.0613352060317991e-05,20261005-010838-8084b01
1997,nn3,ret_9_1,5.796551704406738e-06,20261005-010838-8084b01
1997,nn3,ret_12_7,4.734843969345093e-06,20261005-010838-8084b01
1997,nn3,corr_1260d,-2.983957529067993e-06,20261005-010838-8084b01
1997,nn3,rmax5_21d,4.3760985136032104e-05,20261005-010838-8084b01
1997,nn3,rmax5_rvol_21d,2.1811574697494507e-05,20261005-010838-8084b01
1997,nn3,ni_be,7.502734661102295e-06,20261005-010838-8084b01
1997,nn3,ocf_at,-2.3953616619110107e-06,20261005-010838-8084b01
1997,nn3,ocf_at_chg1,3.214925527572632e-06,20261005-010838-8084b01
1997,nn3,mispricing_perf,7.528811693191528e-06,20261005-010838-8084b01
1997,nn3,mispricing_mgmt,2.477318048477173e-06,20261005-010838-8084b01
1997,nn3,qmj,3.6731362342834473e-06,20261005-010838-8084b01
1997,nn3,qmj_prof,-4.78699803352356e-06,20261005-010838-8084b01
1997,nn3,qmj_growth,1.4416873455047607e-06,20261005-010838-8084b01
1997,nn3,qmj_safety,6.623566150665283e-06,20261005-010838-8084b01
1999,nn3,niq_su,-8.866190910339355e-07,20261005-010838-8084b01
1999,nn3,ret_6_1,3.246217966079712e-05,20261005-010838-8084b01
1999,nn3,ret_12_1,-1.9177794456481937e-05,20261005-010838-8084b01
1999,nn3,saleq_su,-9.0673565864563e-06,20261005-010838-8084b01
1999,nn3,tax_gr1a,1.51023268699646e-05,20261005-010838-8084b01
1999,nn3,ni_inc8q,5.7220458984375e-06,20261005-010838-8084b01
1999,nn3,prc_highprc_252d,-2.05114483833313e-05,20261005-010838-8084b01
1999,nn3,resff3_6_1,1.8790364265441895e-05,20261005-010838-8084b01
1999,nn3,resff3_12_1,2.3573637008666992e-05,20261005-010838-8084b01
1999,nn3,be_me,4.544109106063843e-05,20261005-010838-8084b01
1999,nn3,debt_me,8.121132850646973e-07,20261005-010838-8084b01
1999,nn3,at_me,6.794929504394531e-06,20261005-010838-8084b01
1999,nn3,ret_60_12,2.5257468223571777e-05,20261005-010838-8084b01
1999,nn3,ni_me,-1.6860663890838623e-05,20261005-010838-8084b01
1999,nn3,fcf_me,-1.370161771774292e-05,20261005-010838-8084b01
1999,nn3,div12m_me,1.0035932064056396e-05,20261005-010838-8084b01
1999,nn3,eqpo_me,1.029670238494873e-05,20261005-010838-8084b01
1999,nn3,eqnpo_me,-4.105269908905029e-06,20261005-010838-8084b01
1999,nn3,sale_gr3,9.760260581970217e-07,20261005-010838-8084b01
1999,nn3,sale_gr1,2.7567148208618164e-07,20261005-010838-8084b01
1999,nn3,ebitda_mev,-3.243982791900635e-05,20261005-010838-8084b01
1999,nn3,sale_me,-5.583465099334717e-05,20261005-010838-8084b01
1999,nn3,ocf_me,-7.712095975875854e-05,20261005-010838-8084b01
1999,nn3,ival_me,9.41753387451172e-06,20261005-010838-8084b01
1999,nn3,bev_mev,7.733702659606934e-06,20261005-010838-8084b01
1999,nn3,netdebt_me,2.041459083557129e-06,20261005-010838-8084b01
1999,nn3,eq_dur,1.4200806617736816e-05,20261005-010838-8084b01
1999,nn3,capex_abn,-2.749264240264893e-06,20261005-010838-8084b01
1999,nn3,at_gr1,-2.3633241653442383e-05,20261005-010838-8084b01
1999,nn3,ppeinv_gr1a,1.2360513210296633e-05,20261005-010838-8084b01
1999,nn3,noa_at,4.383176565170288e-05,20261005-010838-8084b01
1999,nn3,noa_gr1a,-2.6553869247436523e-05,20261005-010838-8084b01
1999,nn3,lnoa_gr1a,9.79006290435791e-06,20261005-010838-8084b01
1999,nn3,capx_gr1,-1.1920928955078125e-07,20261005-010838-8084b01
1999,nn3,capx_gr2,3.1441450119018555e-06,20261005-010838-8084b01
1999,nn3,capx_gr3,7.450580596923828e-08,20261005-010838-8084b01
1999,nn3,chcsho_12m,-6.36950135231018e-05,20261005-010838-8084b01
1999,nn3,eqnpo_12m,0.0001134350895881,20261005-010838-8084b01
1999,nn3,debt_gr3,1.1645257472991943e-05,20261005-010838-8084b01
1999,nn3,inv_gr1,-3.4421682357788086e-06,20261005-010838-8084b01
1999,nn3,inv_gr1a,6.750226020812988e-06,20261005-010838-8084b01
1999,nn3,oaccruals_at,3.097951412200928e-05,20261005-010838-8084b01
1999,nn3,taccruals_at,9.5367431640625e-06,20261005-010838-8084b01
1999,nn3,cowc_gr1a,-1.1302530765533447e-05,20261005-010838-8084b01
1999,nn3,coa_gr1a,2.1457672119140625e-05,20261005-010838-8084b01
1999,nn3,col_gr1a,2.6971101760864258e-06,20261005-010838-8084b01
1999,nn3,nncoa_gr1a,4.5299530029296875e-06,20261005-010838-8084b01
1999,nn3,ncoa_gr1a,-8.121132850646973e-07,20261005-010838-8084b01
1999,nn3,ncol_gr1a,-2.682209014892578e-07,20261005-010838-8084b01
1999,nn3,nfna_gr1a,5.282461643218994e-06,20261005-010838-8084b01
1999,nn3,sti_gr1a,4.544854164123535e-07,20261005-010838-8084b01
1999,nn3,lti_gr1a,1.9818544387817383e-06,20261005-010838-8084b01
1999,nn3,fnl_gr1a,2.0191073417663574e-06,20261005-010838-8084b01
1999,nn3,be_gr1a,4.591047763824463e-05,20261005-010838-8084b01
1999,nn3,oaccruals_ni,-3.5390257835388184e-06,20261005-010838-8084b01
1999,nn3,taccruals_ni,9.216368198394775e-06,20261005-010838-8084b01
1999,nn3,netis_at,-1.148134469985962e-05,20261005-010838-8084b01
1999,nn3,eqnetis_at,-5.074590444564819e-05,20261005-010838-8084b01
1999,nn3,dbnetis_at,2.168118953704834e-06,20261005-010838-8084b01
1999,nn3,niq_be,-6.323307752609253e-05,20261005-010838-8084b01
1999,nn3,niq_be_chg1,-3.3080577850341797e-06,20261005-010838-8084b01
1999,nn3,niq_at,-3.562122583389282e-05,20261005-010838-8084b01
1999,nn3,niq_at_chg1,-1.1108815670013428e-05,20261005-010838-8084b01
1999,nn3,ebit_bev,5.103647708892822e-05,20261005-010838-8084b01
1999,nn3,ebit_sale,-8.9302659034729e-05,20261005-010838-8084b01
1999,nn3,sale_bev,4.693865776062012e-07,20261005-010838-8084b01
1999,nn3,at_turnover,3.91155481338501e-06,20261005-010838-8084b01
1999,nn3,gp_at,-2.086162567138672e-07,20261005-010838-8084b01
1999,nn3,gp_atl1,6.780028343200684e-07,20261005-010838-8084b01
1999,nn3,ope_be,4.664063453674316e-06,20261005-010838-8084b01
1999,nn3,ope_bel1,5.982816219329834e-06,20261005-010838-8084b01
1999,nn3,op_at,-2.7604401111602783e-05,20261005-010838-8084b01
1999,nn3,op_atl1,-4.430115222930908e-05,20261005-010838-8084b01
1999,nn3,cop_at,5.237758159637451e-06,20261005-010838-8084b01
1999,nn3,cop_atl1,-1.882016658782959e-05,20261005-010838-8084b01
1999,nn3,f_score,1.7136335372924805e-07,20261005-010838-8084b01
1999,nn3,o_score,4.678964614868164e-05,20261005-010838-8084b01
1999,nn3,z_score,-6.690621376037598e-06,20261005-010838-8084b01
1999,nn3,pi_nix,-1.2367963790893557e-06,20261005-010838-8084b01
1999,nn3,at_be,5.523115396499634e-05,20261005-010838-8084b01
1999,nn3,saleq_gr1,-4.172325134277344e-06,20261005-010838-8084b01
1999,nn3,rd_me,6.598234176635742e-05,20261005-010838-8084b01
1999,nn3,rd_sale,4.4092535972595215e-05,20261005-010838-8084b01
1999,nn3,opex_at,7.748603820800781e-07,20261005-010838-8084b01
1999,nn3,emp_gr1,-3.7103891372680664e-06,20261005-010838-8084b01
1999,nn3,rd5_at,1.8551945686340332e-06,20261005-010838-8084b01
1999,nn3,age,3.2573938369750977e-05,20261005-010838-8084b01
1999,nn3,dsale_dinv,-2.0116567611694336e-06,20261005-010838-8084b01
1999,nn3,dsale_drec,5.587935447692871e-07,20261005-010838-8084b01
1999,nn3,dgp_dsale,-4.582107067108154e-06,20261005-010838-8084b01
1999,nn3,dsale_dsga,1.1026859283447266e-06,20261005-010838-8084b01
1999,nn3,sale_emp_gr1,-7.82310962677002e-07,20261005-010838-8084b01
1999,nn3,tangibility,9.976327419281006e-06,20261005-010838-8084b01
1999,nn3,kz_index,8.203089237213135e-06,20261005-010838-8084b01
1999,nn3,ocfq_saleq_std,-1.0162591934204102e-05,20261005-010838-8084b01
1999,nn3,cash_at,6.415694952011108e-05,20261005-010838-8084b01
1999,nn3,ni_ar1,4.842877388000488e-07,20261005-010838-8084b01
1999,nn3,ni_ivol,1.2934207916259766e-05,20261005-010838-8084b01
1999,nn3,earnings_variability,-7.599592208862305e-07,20261005-010838-8084b01
1999,nn3,aliq_at,-1.539289951324463e-05,20261005-010838-8084b01
1999,nn3,aliq_mat,6.489455699920654e-06,20261005-010838-8084b01
1999,nn3,seas_1_1an,9.164214134216309e-06,20261005-010838-8084b01
1999,nn3,seas_1_1na,0.0001264885067939,20261005-010838-8084b01
1999,nn3,seas_2_5an,1.3560056686401367e-06,20261005-010838-8084b01
1999,nn3,seas_2_5na,3.7178397178649902e-06,20261005-010838-8084b01
1999,nn3,seas_6_10an,3.337860107421875e-06,20261005-010838-8084b01
1999,nn3,seas_6_10na,-1.0445713996887209e-05,20261005-010838-8084b01
1999,nn3,seas_11_15an,-4.507601261138916e-06,20261005-010838-8084b01
1999,nn3,seas_11_15na,-3.948807716369629e-07,20261005-010838-8084b01
1999,nn3,seas_16_20an,-3.5390257835388184e-06,20261005-010838-8084b01
1999,nn3,seas_16_20na,3.501772880554199e-07,20261005-010838-8084b01
1999,nn3,market_equity,7.892400026321411e-05,20261005-010838-8084b01
1999,nn3,ivol_ff3_21d,7.03856348991394e-05,20261005-010838-8084b01
1999,nn3,ivol_capm_252d,-0.0001632273197174,20261005-010838-8084b01
1999,nn3,ivol_capm_21d,9.096413850784302e-05,20261005-010838-8084b01
1999,nn3,ivol_hxz4_21d,-0.000265821814537,20261005-010838-8084b01
1999,nn3,rvol_21d,0.0001656636595726,20261005-010838-8084b01
1999,nn3,beta_60m,3.87728214263916e-05,20261005-010838-8084b01
1999,nn3,betabab_1260d,-5.3942203521728516e-06,20261005-010838-8084b01
1999,nn3,beta_dimson_21d,-2.950429916381836e-06,20261005-010838-8084b01
1999,nn3,turnover_126d,-5.377084016799927e-05,20261005-010838-8084b01
1999,nn3,turnover_var_126d,2.2232532501220703e-05,20261005-010838-8084b01
1999,nn3,dolvol_126d,1.9393861293792725e-05,20261005-010838-8084b01
1999,nn3,dolvol_var_126d,-2.435594797134399e-05,20261005-010838-8084b01
1999,nn3,prc,0.0002599656581878,20261005-010838-8084b01
1999,nn3,ami_126d,3.463774919509888e-05,20261005-010838-8084b01
1999,nn3,zero_trades_21d,0.0002782791852951,20261005-010838-8084b01
1999,nn3,zero_trades_126d,-1.5817582607269287e-05,20261005-010838-8084b01
1999,nn3,zero_trades_252d,2.888590097427368e-05,20261005-010838-8084b01
1999,nn3,rmax1_21d,-1.841038465499878e-05,20261005-010838-8084b01
1999,nn3,rskew_21d,1.31949782371521e-05,20261005-010838-8084b01
1999,nn3,iskew_capm_21d,-2.518296241760254e-06,20261005-010838-8084b01
1999,nn3,iskew_ff3_21d,7.1302056312561035e-06,20261005-010838-8084b01
1999,nn3,iskew_hxz4_21d,-9.670853614807127e-06,20261005-010838-8084b01
1999,nn3,coskew_21d,-3.084540367126465e-06,20261005-010838-8084b01
1999,nn3,ret_1_0,0.0003134533762931,20261005-010838-8084b01
1999,nn3,betadown_252d,2.3946166038513184e-05,20261005-010838-8084b01
1999,nn3,bidaskhl_21d,8.499622344970703e-05,20261005-010838-8084b01
1999,nn3,ret_3_1,6.45667314529419e-05,20261005-010838-8084b01
1999,nn3,ret_9_1,2.6553869247436523e-05,20261005-010838-8084b01
1999,nn3,ret_12_7,-1.714378595352173e-05,20261005-010838-8084b01
1999,nn3,corr_1260d,7.97957181930542e-06,20261005-010838-8084b01
1999,nn3,rmax5_21d,-7.195770740509033e-05,20261005-010838-8084b01
1999,nn3,rmax5_rvol_21d,3.732740879058838e-06,20261005-010838-8084b01
1999,nn3,ni_be,2.130866050720215e-05,20261005-010838-8084b01
1999,nn3,ocf_at,1.8030405044555664e-06,20261005-010838-8084b01
1999,nn3,ocf_at_chg1,-1.3113021850585938e-06,20261005-010838-8084b01
1999,nn3,mispricing_perf,-4.4248998165130615e-05,20261005-010838-8084b01
1999,nn3,mispricing_mgmt,-5.714595317840576e-06,20261005-010838-8084b01
1999,nn3,qmj,2.1785497665405273e-05,20261005-010838-8084b01
1999,nn3,qmj_prof,1.1838972568511965e-05,20261005-010838-8084b01
1999,nn3,qmj_growth,-1.1846423149108889e-06,20261005-010838-8084b01
1999,nn3,qmj_safety,-3.6209821701049805e-05,20261005-010838-8084b01
2001,nn3,niq_su,-6.884336471557617e-06,20261005-010838-8084b01
2001,nn3,ret_6_1,4.3623149394989014e-05,20261005-010838-8084b01
2001,nn3,ret_12_1,-8.605420589447021e-05,20261005-010838-8084b01
2001,nn3,saleq_su,-1.1369585990905762e-05,20261005-010838-8084b01
2001,nn3,tax_gr1a,1.4059245586395264e-05,20261005-010838-8084b01
2001,nn3,ni_inc8q,2.1554529666900635e-05,20261005-010838-8084b01
2001,nn3,prc_highprc_252d,-2.5138258934020996e-05,20261005-010838-8084b01
2001,nn3,resff3_6_1,2.888590097427368e-05,20261005-010838-8084b01
2001,nn3,resff3_12_1,1.5795230865478516e-06,20261005-010838-8084b01
2001,nn3,be_me,0.0002185255289077,20261005-010838-8084b01
2001,nn3,debt_me,2.5704503059387207e-06,20261005-010838-8084b01
2001,nn3,at_me,6.286054849624634e-05,20261005-010838-8084b01
2001,nn3,ret_60_12,2.3253262042999268e-05,20261005-010838-8084b01
2001,nn3,ni_me,5.751848220825195e-06,20261005-010838-8084b01
2001,nn3,fcf_me,1.4230608940124512e-06,20261005-010838-8084b01
2001,nn3,div12m_me,1.506507396697998e-05,20261005-010838-8084b01
2001,nn3,eqpo_me,2.7865171432495117e-06,20261005-010838-8084b01
2001,nn3,eqnpo_me,-1.9237399101257324e-05,20261005-010838-8084b01
2001,nn3,sale_gr3,1.6838312149047852e-06,20261005-010838-8084b01
2001,nn3,sale_gr1,-5.327165126800537e-06,20261005-010838-8084b01
2001,nn3,ebitda_mev,-8.344650268554688e-07,20261005-010838-8084b01
2001,nn3,sale_me,8.948147296905518e-05,20261005-010838-8084b01
2001,nn3,ocf_me,-4.0762126445770264e-05,20261005-010838-8084b01
2001,nn3,ival_me,1.2323260307312012e-05,20261005-010838-8084b01
2001,nn3,bev_mev,2.329796552658081e-05,20261005-010838-8084b01
2001,nn3,netdebt_me,3.499537706375122e-05,20261005-010838-8084b01
2001,nn3,eq_dur,9.976327419281006e-06,20261005-010838-8084b01
2001,nn3,capex_abn,2.086162567138672e-07,20261005-010838-8084b01
2001,nn3,at_gr1,-1.3902783393859863e-05,20261005-010838-8084b01
2001,nn3,ppeinv_gr1a,-2.5480985641479492e-06,20261005-010838-8084b01
2001,nn3,noa_at,1.3053417205810549e-05,20261005-010838-8084b01
2001,nn3,noa_gr1a,5.960464477539062e-07,20261005-010838-8084b01
2001,nn3,lnoa_gr1a,-1.0281801223754885e-06,20261005-010838-8084b01
2001,nn3,capx_gr1,2.5406479835510254e-06,20261005-010838-8084b01
2001,nn3,capx_gr2,5.923211574554443e-06,20261005-010838-8084b01
2001,nn3,capx_gr3,1.564621925354004e-06,20261005-010838-8084b01
2001,nn3,chcsho_12m,-4.0471553802490234e-05,20261005-010838-8084b01
2001,nn3,eqnpo_12m,9.412318468093872e-05,20261005-010838-8084b01
2001,nn3,debt_gr3,5.379319190979004e-06,20261005-010838-8084b01
2001,nn3,inv_gr1,-1.7136335372924805e-07,20261005-010838-8084b01
2001,nn3,inv_gr1a,2.332031726837158e-06,20261005-010838-8084b01
2001,nn3,oaccruals_at,2.5324523448944092e-05,20261005-010838-8084b01
2001,nn3,taccruals_at,2.264976501464844e-06,20261005-010838-8084b01
2001,nn3,cowc_gr1a,1.30385160446167e-06,20261005-010838-8084b01
2001,nn3,coa_gr1a,7.02589750289917e-06,20261005-010838-8084b01
2001,nn3,col_gr1a,-2.115964889526367e-06,20261005-010838-8084b01
2001,nn3,nncoa_gr1a,5.0067901611328125e-06,20261005-010838-8084b01
2001,nn3,ncoa_gr1a,-1.788139343261719e-07,20261005-010838-8084b01
2001,nn3,ncol_gr1a,-6.57886266708374e-06,20261005-010838-8084b01
2001,nn3,nfna_gr1a,6.1318278312683105e-06,20261005-010838-8084b01
2001,nn3,sti_gr1a,1.0728836059570312e-06,20261005-010838-8084b01
2001,nn3,lti_gr1a,5.02169132232666e-06,20261005-010838-8084b01
2001,nn3,fnl_gr1a,1.3634562492370603e-06,20261005-010838-8084b01
2001,nn3,be_gr1a,1.5988945960998535e-05,20261005-010838-8084b01
2001,nn3,oaccruals_ni,7.927417755126953e-06,20261005-010838-8084b01
2001,nn3,taccruals_ni,7.390975952148437e-06,20261005-010838-8084b01
2001,nn3,netis_at,-4.7460198402404785e-06,20261005-010838-8084b01
2001,nn3,eqnetis_at,-1.4446675777435304e-05,20261005-010838-8084b01
2001,nn3,dbnetis_at,-3.576278686523438e-07,20261005-010838-8084b01
2001,nn3,niq_be,1.2449920177459717e-05,20261005-010838-8084b01
2001,nn3,niq_be_chg1,3.792345523834229e-06,20261005-010838-8084b01
2001,nn3,niq_at,1.2099742889404295e-05,20261005-010838-8084b01
2001,nn3,niq_at_chg1,-3.419816493988037e-06,20261005-010838-8084b01
2001,nn3,ebit_bev,1.634657382965088e-05,20261005-010838-8084b01
2001,nn3,ebit_sale,1.1861324310302734e-05,20261005-010838-8084b01
2001,nn3,sale_bev,-1.1399388313293457e-06,20261005-010838-8084b01
2001,nn3,at_turnover,3.0100345611572266e-06,20261005-010838-8084b01
2001,nn3,gp_at,9.216368198394775e-06,20261005-010838-8084b01
2001,nn3,gp_atl1,1.3634562492370603e-06,20261005-010838-8084b01
2001,nn3,ope_be,9.603798389434814e-06,20261005-010838-8084b01
2001,nn3,ope_bel1,7.241964340209961e-06,20261005-010838-8084b01
2001,nn3,op_at,-3.9480626583099365e-05,20261005-010838-8084b01
2001,nn3,op_atl1,-2.6047229766845703e-05,20261005-010838-8084b01
2001,nn3,cop_at,2.637505531311035e-06,20261005-010838-8084b01
2001,nn3,cop_atl1,-8.493661880493164e-07,20261005-010838-8084b01
2001,nn3,f_score,1.4074146747589111e-05,20261005-010838-8084b01
2001,nn3,o_score,6.340444087982178e-05,20261005-010838-8084b01
2001,nn3,z_score,3.3602118492126465e-06,20261005-010838-8084b01
2001,nn3,pi_nix,-2.2426247596740723e-06,20261005-010838-8084b01
2001,nn3,at_be,6.739795207977295e-05,20261005-010838-8084b01
2001,nn3,saleq_gr1,-1.103430986404419e-05,20261005-010838-8084b01
2001,nn3,rd_me,9.841471910476685e-05,20261005-010838-8084b01
2001,nn3,rd_sale,1.8052756786346436e-05,20261005-010838-8084b01
2001,nn3,opex_at,1.3209879398345947e-05,20261005-010838-8084b01
2001,nn3,emp_gr1,5.856156349182129e-06,20261005-010838-8084b01
2001,nn3,rd5_at,1.033395528793335e-05,20261005-010838-8084b01
2001,nn3,age,2.280622720718384e-05,20261005-010838-8084b01
2001,nn3,dsale_dinv,1.862645149230957e-06,20261005-010838-8084b01
2001,nn3,dsale_drec,-1.9371509552001953e-06,20261005-010838-8084b01
2001,nn3,dgp_dsale,-3.516674041748047e-06,20261005-010838-8084b01
2001,nn3,dsale_dsga,3.5315752029418945e-06,20261005-010838-8084b01
2001,nn3,sale_emp_gr1,3.129243850708008e-06,20261005-010838-8084b01
2001,nn3,tangibility,1.7508864402770996e-06,20261005-010838-8084b01
2001,nn3,kz_index,2.1085143089294434e-06,20261005-010838-8084b01
2001,nn3,ocfq_saleq_std,-1.1175870895385742e-06,20261005-010838-8084b01
2001,nn3,cash_at,4.414469003677368e-05,20261005-010838-8084b01
2001,nn3,ni_ar1,-4.991888999938965e-07,20261005-010838-8084b01
2001,nn3,ni_ivol,6.631016731262207e-07,20261005-010838-8084b01
2001,nn3,earnings_variability,1.2442469596862793e-06,20261005-010838-8084b01
2001,nn3,aliq_at,-6.109476089477539e-07,20261005-010838-8084b01
2001,nn3,aliq_mat,5.025416612625122e-05,20261005-010838-8084b01
2001,nn3,seas_1_1an,-1.029670238494873e-05,20261005-010838-8084b01
2001,nn3,seas_1_1na,0.0001862123608589,20261005-010838-8084b01
2001,nn3,seas_2_5an,8.209049701690674e-05,20261005-010838-8084b01
2001,nn3,seas_2_5na,4.082918167114258e-06,20261005-010838-8084b01
2001,nn3,seas_6_10an,1.4774501323699951e-05,20261005-010838-8084b01
2001,nn3,seas_6_10na,2.592802047729492e-06,20261005-010838-8084b01
2001,nn3,seas_11_15an,2.868473529815674e-06,20261005-010838-8084b01
2001,nn3,seas_11_15na,9.685754776000977e-08,20261005-010838-8084b01
2001,nn3,seas_16_20an,7.003545761108398e-07,20261005-010838-8084b01
2001,nn3,seas_16_20na,-1.1175870895385745e-07,20261005-010838-8084b01
2001,nn3,market_equity,0.000223584473133,20261005-010838-8084b01
2001,nn3,ivol_ff3_21d,1.084059476852417e-05,20261005-010838-8084b01
2001,nn3,ivol_capm_252d,-2.5033950805664062e-05,20261005-010838-8084b01
2001,nn3,ivol_capm_21d,2.6829540729522705e-05,20261005-010838-8084b01
2001,nn3,ivol_hxz4_21d,-0.0001665875315666,20261005-010838-8084b01
2001,nn3,rvol_21d,0.000102125108242,20261005-010838-8084b01
2001,nn3,beta_60m,8.217990398406982e-06,20261005-010838-8084b01
2001,nn3,betabab_1260d,2.211332321166992e-05,20261005-010838-8084b01
2001,nn3,beta_dimson_21d,-7.316470146179199e-06,20261005-010838-8084b01
2001,nn3,turnover_126d,-4.453212022781372e-05,20261005-010838-8084b01
2001,nn3,turnover_var_126d,4.6372413635253906e-05,20261005-010838-8084b01
2001,nn3,dolvol_126d,6.891787052154541e-06,20261005-010838-8084b01
2001,nn3,dolvol_var_126d,4.632025957107544e-05,20261005-010838-8084b01
2001,nn3,prc,0.0005530416965484,20261005-010838-8084b01
2001,nn3,ami_126d,4.062056541442871e-05,20261005-010838-8084b01
2001,nn3,zero_trades_21d,0.0006444156169891,20261005-010838-8084b01
2001,nn3,zero_trades_126d,-1.183152198791504e-05,20261005-010838-8084b01
2001,nn3,zero_trades_252d,-3.9964914321899414e-05,20261005-010838-8084b01
2001,nn3,rmax1_21d,2.1979212760925293e-06,20261005-010838-8084b01
2001,nn3,rskew_21d,3.203749656677246e-06,20261005-010838-8084b01
2001,nn3,iskew_capm_21d,4.3213367462158203e-07,20261005-010838-8084b01
2001,nn3,iskew_ff3_21d,9.0673565864563e-06,20261005-010838-8084b01
2001,nn3,iskew_hxz4_21d,2.86102294921875e-06,20261005-010838-8084b01
2001,nn3,coskew_21d,5.21540641784668e-08,20261005-010838-8084b01
2001,nn3,ret_1_0,0.0007339194416999,20261005-010838-8084b01
2001,nn3,betadown_252d,-1.5348196029663086e-05,20261005-010838-8084b01
2001,nn3,bidaskhl_21d,0.0001571252942085,20261005-010838-8084b01
2001,nn3,ret_3_1,0.0001859739422798,20261005-010838-8084b01
2001,nn3,ret_9_1,8.219480514526367e-05,20261005-010838-8084b01
2001,nn3,ret_12_7,-3.9771199226379395e-05,20261005-010838-8084b01
2001,nn3,corr_1260d,1.1168420314788818e-05,20261005-010838-8084b01
2001,nn3,rmax5_21d,-2.3908913135528564e-05,20261005-010838-8084b01
2001,nn3,rmax5_rvol_21d,3.498047590255737e-05,20261005-010838-8084b01
2001,nn3,ni_be,1.4841556549072266e-05,20261005-010838-8084b01
2001,nn3,ocf_at,9.33334231376648e-05,20261005-010838-8084b01
2001,nn3,ocf_at_chg1,3.91155481338501e-06,20261005-010838-8084b01
2001,nn3,mispricing_perf,-1.3090670108795166e-05,20261005-010838-8084b01
2001,nn3,mispricing_mgmt,1.952052116394043e-06,20261005-010838-8084b01
2001,nn3,qmj,1.8112361431121823e-05,20261005-010838-8084b01
2001,nn3,qmj_prof,8.642673492431641e-07,20261005-010838-8084b01
2001,nn3,qmj_growth,-3.0621886253356938e-06,20261005-010838-8084b01
2001,nn3,qmj_safety,-1.973658800125122e-05,20261005-010838-8084b01
2003,nn3,niq_su,-8.940696716308594e-07,20261005-010838-8084b01
2003,nn3,ret_6_1,-1.3146549463272096e-05,20261005-010838-8084b01
2003,nn3,ret_12_1,-9.490922093391418e-05,20261005-010838-8084b01
2003,nn3,saleq_su,-1.969560980796814e-05,20261005-010838-8084b01
2003,nn3,tax_gr1a,1.714751124382019e-05,20261005-010838-8084b01
2003,nn3,ni_inc8q,1.1291354894638062e-05,20261005-010838-8084b01
2003,nn3,prc_highprc_252d,-3.884732723236084e-05,20261005-010838-8084b01
2003,nn3,resff3_6_1,3.692135214805603e-05,20261005-010838-8084b01
2003,nn3,resff3_12_1,4.3608248233795166e-05,20261005-010838-8084b01
2003,nn3,be_me,0.0001091286540031,20261005-010838-8084b01
2003,nn3,debt_me,2.6308000087738037e-05,20261005-010838-8084b01
2003,nn3,at_me,3.629922866821289e-05,20261005-010838-8084b01
2003,nn3,ret_60_12,5.517154932022095e-05,20261005-010838-8084b01
2003,nn3,ni_me,7.014721632003784e-06,20261005-010838-8084b01
2003,nn3,fcf_me,-1.047179102897644e-05,20261005-010838-8084b01
2003,nn3,div12m_me,3.4961849451065063e-05,20261005-010838-8084b01
2003,nn3,eqpo_me,7.055699825286865e-06,20261005-010838-8084b01
2003,nn3,eqnpo_me,-7.97957181930542e-06,20261005-010838-8084b01
2003,nn3,sale_gr3,1.7017126083374023e-05,20261005-010838-8084b01
2003,nn3,sale_gr1,1.7248094081878662e-06,20261005-010838-8084b01
2003,nn3,ebitda_mev,4.019588232040405e-06,20261005-010838-8084b01
2003,nn3,sale_me,-2.4810433387756348e-06,20261005-010838-8084b01
2003,nn3,ocf_me,-8.347257971763611e-05,20261005-010838-8084b01
2003,nn3,ival_me,8.508563041687012e-06,20261005-010838-8084b01
2003,nn3,bev_mev,1.5363097190856934e-05,20261005-010838-8084b01
2003,nn3,netdebt_me,3.845244646072388e-05,20261005-010838-8084b01
2003,nn3,eq_dur,5.6859105825424194e-05,20261005-010838-8084b01
2003,nn3,capex_abn,2.2351741790771484e-08,20261005-010838-8084b01
2003,nn3,at_gr1,-5.080178380012512e-05,20261005-010838-8084b01
2003,nn3,ppeinv_gr1a,1.735985279083252e-06,20261005-010838-8084b01
2003,nn3,noa_at,3.9108097553253174e-05,20261005-010838-8084b01
2003,nn3,noa_gr1a,-6.593763828277588e-06,20261005-010838-8084b01
2003,nn3,lnoa_gr1a,-1.3224780559539797e-06,20261005-010838-8084b01
2003,nn3,capx_gr1,-9.685754776000977e-07,20261005-010838-8084b01
2003,nn3,capx_gr2,8.065253496170044e-06,20261005-010838-8084b01
2003,nn3,capx_gr3,7.845461368560791e-06,20261005-010838-8084b01
2003,nn3,chcsho_12m,-4.597753286361694e-05,20261005-010838-8084b01
2003,nn3,eqnpo_12m,6.473809480667114e-05,20261005-010838-8084b01
2003,nn3,debt_gr3,1.4506280422210692e-05,20261005-010838-8084b01
2003,nn3,inv_gr1,-4.813075065612793e-06,20261005-010838-8084b01
2003,nn3,inv_gr1a,7.674098014831543e-07,20261005-010838-8084b01
2003,nn3,oaccruals_at,3.34419310092926e-05,20261005-010838-8084b01
2003,nn3,taccruals_at,1.0039657354354858e-05,20261005-010838-8084b01
2003,nn3,cowc_gr1a,-3.7960708141326904e-06,20261005-010838-8084b01
2003,nn3,coa_gr1a,1.4934688806533812e-05,20261005-010838-8084b01
2003,nn3,col_gr1a,-1.189112663269043e-05,20261005-010838-8084b01
2003,nn3,nncoa_gr1a,2.2355467081069943e-05,20261005-010838-8084b01
2003,nn3,ncoa_gr1a,-6.742775440216064e-07,20261005-010838-8084b01
2003,nn3,ncol_gr1a,-1.0181218385696413e-05,20261005-010838-8084b01
2003,nn3,nfna_gr1a,4.3958425521850586e-07,20261005-010838-8084b01
2003,nn3,sti_gr1a,3.0100345611572266e-06,20261005-010838-8084b01
2003,nn3,lti_gr1a,5.442649126052856e-06,20261005-010838-8084b01
2003,nn3,fnl_gr1a,1.9073486328125e-06,20261005-010838-8084b01
2003,nn3,be_gr1a,0.0001074448227882,20261005-010838-8084b01
2003,nn3,oaccruals_ni,9.231269359588625e-06,20261005-010838-8084b01
2003,nn3,taccruals_ni,1.432746648788452e-05,20261005-010838-8084b01
2003,nn3,netis_at,-9.685754776000977e-07,20261005-010838-8084b01
2003,nn3,eqnetis_at,-8.665025234222412e-06,20261005-010838-8084b01
2003,nn3,dbnetis_at,1.3150274753570557e-06,20261005-010838-8084b01
2003,nn3,niq_be,-6.27078115940094e-05,20261005-010838-8084b01
2003,nn3,niq_be_chg1,-1.5422701835632324e-06,20261005-010838-8084b01
2003,nn3,niq_at,-3.8329511880874634e-05,20261005-010838-8084b01
2003,nn3,niq_at_chg1,-9.33930277824402e-06,20261005-010838-8084b01
2003,nn3,ebit_bev,4.388764500617981e-05,20261005-010838-8084b01
2003,nn3,ebit_sale,-6.946176290512085e-05,20261005-010838-8084b01
2003,nn3,sale_bev,5.1818788051605225e-06,20261005-010838-8084b01
2003,nn3,at_turnover,1.043453812599182e-05,20261005-010838-8084b01
2003,nn3,gp_at,8.147209882736206e-06,20261005-010838-8084b01
2003,nn3,gp_atl1,7.838010787963867e-06,20261005-010838-8084b01
2003,nn3,ope_be,-4.265457391738892e-06,20261005-010838-8084b01
2003,nn3,ope_bel1,-7.178634405136108e-06,20261005-010838-8084b01
2003,nn3,op_at,-5.783885717391968e-05,20261005-010838-8084b01
2003,nn3,op_atl1,-2.5618821382522583e-05,20261005-010838-8084b01
2003,nn3,cop_at,1.078471541404724e-05,20261005-010838-8084b01
2003,nn3,cop_atl1,5.207955837249756e-06,20261005-010838-8084b01
2003,nn3,f_score,2.0638108253479004e-05,20261005-010838-8084b01
2003,nn3,o_score,7.984042167663574e-05,20261005-010838-8084b01
2003,nn3,z_score,8.221715688705444e-06,20261005-010838-8084b01
2003,nn3,pi_nix,8.754432201385498e-07,20261005-010838-8084b01
2003,nn3,at_be,4.646182060241699e-05,20261005-010838-8084b01
2003,nn3,saleq_gr1,-1.8056482076644897e-05,20261005-010838-8084b01
2003,nn3,rd_me,0.0001368038356304,20261005-010838-8084b01
2003,nn3,rd_sale,6.67087733745575e-05,20261005-010838-8084b01
2003,nn3,opex_at,1.4353543519973757e-05,20261005-010838-8084b01
2003,nn3,emp_gr1,-9.49576497077942e-06,20261005-010838-8084b01
2003,nn3,rd5_at,4.542618989944458e-05,20261005-010838-8084b01
2003,nn3,age,0.0001515336334705,20261005-010838-8084b01
2003,nn3,dsale_dinv,7.793307304382324e-06,20261005-010838-8084b01
2003,nn3,dsale_drec,-3.751367330551147e-06,20261005-010838-8084b01
2003,nn3,dgp_dsale,-1.780688762664795e-06,20261005-010838-8084b01
2003,nn3,dsale_dsga,5.21540641784668e-07,20261005-010838-8084b01
2003,nn3,sale_emp_gr1,-9.83476638793945e-07,20261005-010838-8084b01
2003,nn3,tangibility,2.4847686290740967e-06,20261005-010838-8084b01
2003,nn3,kz_index,8.162111043930054e-06,20261005-010838-8084b01
2003,nn3,ocfq_saleq_std,9.648501873016355e-07,20261005-010838-8084b01
2003,nn3,cash_at,7.704272866249084e-05,20261005-010838-8084b01
2003,nn3,ni_ar1,-4.447996616363525e-06,20261005-010838-8084b01
2003,nn3,ni_ivol,3.645569086074829e-05,20261005-010838-8084b01
2003,nn3,earnings_variability,1.4632940292358398e-05,20261005-010838-8084b01
2003,nn3,aliq_at,-1.944229006767273e-05,20261005-010838-8084b01
2003,nn3,aliq_mat,-2.9772520065307617e-05,20261005-010838-8084b01
2003,nn3,seas_1_1an,-3.755465149879456e-05,20261005-010838-8084b01
2003,nn3,seas_1_1na,9.948015213012697e-05,20261005-010838-8084b01
2003,nn3,seas_2_5an,-5.066394805908203e-07,20261005-010838-8084b01
2003,nn3,seas_2_5na,5.085021257400513e-06,20261005-010838-8084b01
2003,nn3,seas_6_10an,-1.2479722499847412e-06,20261005-010838-8084b01
2003,nn3,seas_6_10na,1.300126314163208e-05,20261005-010838-8084b01
2003,nn3,seas_11_15an,-1.1201947927474976e-05,20261005-010838-8084b01
2003,nn3,seas_11_15na,1.2665987014770508e-07,20261005-010838-8084b01
2003,nn3,seas_16_20an,1.218169927597046e-06,20261005-010838-8084b01
2003,nn3,seas_16_20na,1.087784767150879e-06,20261005-010838-8084b01
2003,nn3,market_equity,0.0001549199223518,20261005-010838-8084b01
2003,nn3,ivol_ff3_21d,0.0001378394663333,20261005-010838-8084b01
2003,nn3,ivol_capm_252d,-0.0002640560269355,20261005-010838-8084b01
2003,nn3,ivol_capm_21d,0.0001096278429031,20261005-010838-8084b01
2003,nn3,ivol_hxz4_21d,-0.0003675520420074,20261005-010838-8084b01
2003,nn3,rvol_21d,0.0003017149865627,20261005-010838-8084b01
2003,nn3,beta_60m,0.0001117065548896,20261005-010838-8084b01
2003,nn3,betabab_1260d,4.834309220314026e-05,20261005-010838-8084b01
2003,nn3,beta_dimson_21d,4.731118679046631e-06,20261005-010838-8084b01
2003,nn3,turnover_126d,6.136670708656311e-05,20261005-010838-8084b01
2003,nn3,turnover_var_126d,0.0002341195940971,20261005-010838-8084b01
2003,nn3,dolvol_126d,-4.2475759983062744e-05,20261005-010838-8084b01
2003,nn3,dolvol_var_126d,-0.0001289024949073,20261005-010838-8084b01
2003,nn3,prc,0.0002119839191436,20261005-010838-8084b01
2003,nn3,ami_126d,4.0315091609954834e-05,20261005-010838-8084b01
2003,nn3,zero_trades_21d,5.036592483520508e-05,20261005-010838-8084b01
2003,nn3,zero_trades_126d,0.0001056604087352,20261005-010838-8084b01
2003,nn3,zero_trades_252d,0.0001091212034225,20261005-010838-8084b01
2003,nn3,rmax1_21d,-5.6140124797821045e-06,20261005-010838-8084b01
2003,nn3,rskew_21d,-2.142041921615601e-06,20261005-010838-8084b01
2003,nn3,iskew_capm_21d,-2.041459083557129e-06,20261005-010838-8084b01
2003,nn3,iskew_ff3_21d,8.21426510810852e-06,20261005-010838-8084b01
2003,nn3,iskew_hxz4_21d,-8.411705493927002e-06,20261005-010838-8084b01
2003,nn3,coskew_21d,-2.7567148208618164e-07,20261005-010838-8084b01
2003,nn3,ret_1_0,0.0001212991774082,20261005-010838-8084b01
2003,nn3,betadown_252d,1.6186386346817017e-05,20261005-010838-8084b01
2003,nn3,bidaskhl_21d,5.5965036153793335e-05,20261005-010838-8084b01
2003,nn3,ret_3_1,5.8244913816452026e-05,20261005-010838-8084b01
2003,nn3,ret_9_1,3.505498170852661e-06,20261005-010838-8084b01
2003,nn3,ret_12_7,-7.32317566871643e-05,20261005-010838-8084b01
2003,nn3,corr_1260d,2.30446457862854e-05,20261005-010838-8084b01
2003,nn3,rmax5_21d,-9.41157341003418e-05,20261005-010838-8084b01
2003,nn3,rmax5_rvol_21d,-1.882016658782959e-05,20261005-010838-8084b01
2003,nn3,ni_be,2.3640692234039307e-05,20261005-010838-8084b01
2003,nn3,ocf_at,0.0001221112906932,20261005-010838-8084b01
2003,nn3,ocf_at_chg1,-1.3716518878936768e-05,20261005-010838-8084b01
2003,nn3,mispricing_perf,-3.810971975326538e-05,20261005-010838-8084b01
2003,nn3,mispricing_mgmt,-4.135072231292725e-07,20261005-010838-8084b01
2003,nn3,qmj,9.243935346603394e-05,20261005-010838-8084b01
2003,nn3,qmj_prof,-4.373490810394287e-06,20261005-010838-8084b01
2003,nn3,qmj_growth,-1.1391937732696532e-05,20261005-010838-8084b01
2003,nn3,qmj_safety,-5.449354648590088e-05,20261005-010838-8084b01
2005,nn3,niq_su,3.773719072341919e-06,20261005-010838-8084b01
2005,nn3,ret_6_1,-1.080334186553955e-05,20261005-010838-8084b01
2005,nn3,ret_12_1,7.87191092967987e-05,20261005-010838-8084b01
2005,nn3,saleq_su,7.867813110351562e-06,20261005-010838-8084b01
2005,nn3,tax_gr1a,-3.375113010406494e-06,20261005-010838-8084b01
2005,nn3,ni_inc8q,-9.970739483833311e-06,20261005-010838-8084b01
2005,nn3,prc_highprc_252d,1.81347131729126e-05,20261005-010838-8084b01
2005,nn3,resff3_6_1,-2.9597431421279907e-06,20261005-010838-8084b01
2005,nn3,resff3_12_1,2.8330832719802856e-06,20261005-010838-8084b01
2005,nn3,be_me,-2.6324763894081116e-05,20261005-010838-8084b01
2005,nn3,debt_me,-1.696869730949402e-06,20261005-010838-8084b01
2005,nn3,at_me,-1.7425045371055603e-05,20261005-010838-8084b01
2005,nn3,ret_60_12,-3.655441105365753e-05,20261005-010838-8084b01
2005,nn3,ni_me,-4.911795258522034e-06,20261005-010838-8084b01
2005,nn3,fcf_me,1.3630837202072144e-05,20261005-010838-8084b01
2005,nn3,div12m_me,-1.6828998923301697e-05,20261005-010838-8084b01
2005,nn3,eqpo_me,-7.631257176399231e-06,20261005-010838-8084b01
2005,nn3,eqnpo_me,-2.7585774660110474e-06,20261005-010838-8084b01
2005,nn3,sale_gr3,7.905066013336182e-06,20261005-010838-8084b01
2005,nn3,sale_gr1,-2.421438694000244e-08,20261005-010838-8084b01
2005,nn3,ebitda_mev,1.4564022421836851e-05,20261005-010838-8084b01
2005,nn3,sale_me,-3.539025783538819e-07,20261005-010838-8084b01
2005,nn3,ocf_me,5.45307993888855e-05,20261005-010838-8084b01
2005,nn3,ival_me,-2.1457672119140625e-06,20261005-010838-8084b01
2005,nn3,bev_mev,-5.232170224189758e-06,20261005-010838-8084b01
2005,nn3,netdebt_me,-6.502494215965271e-06,20261005-010838-8084b01
2005,nn3,eq_dur,-7.3499977588653564e-06,20261005-010838-8084b01
2005,nn3,capex_abn,-2.1997839212417603e-06,20261005-010838-8084b01
2005,nn3,at_gr1,1.245550811290741e-05,20261005-010838-8084b01
2005,nn3,ppeinv_gr1a,-9.123235940933228e-06,20261005-010838-8084b01
2005,nn3,noa_at,-2.0615756511688232e-05,20261005-010838-8084b01
2005,nn3,noa_gr1a,3.87243926525116e-06,20261005-010838-8084b01
2005,nn3,lnoa_gr1a,-7.305294275283813e-06,20261005-010838-8084b01
2005,nn3,capx_gr1,-1.1920928955078125e-06,20261005-010838-8084b01
2005,nn3,capx_gr2,-1.5553086996078491e-06,20261005-010838-8084b01
2005,nn3,capx_gr3,3.9674341678619385e-06,20261005-010838-8084b01
2005,nn3,chcsho_12m,3.206171095371246e-05,20261005-010838-8084b01
2005,nn3,eqnpo_12m,-3.238581120967865e-05,20261005-010838-8084b01
2005,nn3,debt_gr3,-2.6132911443710327e-06,20261005-010838-8084b01
2005,nn3,inv_gr1,2.123415470123291e-07,20261005-010838-8084b01
2005,nn3,inv_gr1a,-3.034248948097229e-06,20261005-010838-8084b01
2005,nn3,oaccruals_at,-8.530914783477783e-06,20261005-010838-8084b01
2005,nn3,taccruals_at,-2.818182110786438e-06,20261005-010838-8084b01
2005,nn3,cowc_gr1a,8.009374141693115e-07,20261005-010838-8084b01
2005,nn3,coa_gr1a,-1.2451782822608948e-05,20261005-010838-8084b01
2005,nn3,col_gr1a,6.649643182754517e-07,20261005-010838-8084b01
2005,nn3,nncoa_gr1a,-1.255422830581665e-05,20261005-010838-8084b01
2005,nn3,ncoa_gr1a,-1.2908130884170532e-06,20261005-010838-8084b01
2005,nn3,ncol_gr1a,3.334134817123413e-06,20261005-010838-8084b01
2005,nn3,nfna_gr1a,-1.4174729585647583e-06,20261005-010838-8084b01
2005,nn3,sti_gr1a,-3.594905138015747e-07,20261005-010838-8084b01
2005,nn3,lti_gr1a,-5.699694156646729e-07,20261005-010838-8084b01
2005,nn3,fnl_gr1a,-4.302710294723511e-07,20261005-010838-8084b01
2005,nn3,be_gr1a,-3.2337382435798645e-05,20261005-010838-8084b01
2005,nn3,oaccruals_ni,-9.216368198394775e-06,20261005-010838-8084b01
2005,nn3,taccruals_ni,-7.251277565956116e-06,20261005-010838-8084b01
2005,nn3,netis_at,-4.0978193283081055e-06,20261005-010838-8084b01
2005,nn3,eqnetis_at,7.247552275657654e-06,20261005-010838-8084b01
2005,nn3,dbnetis_at,4.842877388000488e-07,20261005-010838-8084b01
2005,nn3,niq_be,7.487833499908447e-06,20261005-010838-8084b01
2005,nn3,niq_be_chg1,-2.3730099201202393e-06,20261005-010838-8084b01
2005,nn3,niq_at,5.010515451431274e-06,20261005-010838-8084b01
2005,nn3,niq_at_chg1,1.087784767150879e-06,20261005-010838-8084b01
2005,nn3,ebit_bev,-3.073364496231079e-07,20261005-010838-8084b01
2005,nn3,ebit_sale,5.8300793170928955e-06,20261005-010838-8084b01
2005,nn3,sale_bev,-2.0507723093032837e-06,20261005-010838-8084b01
2005,nn3,at_turnover,-4.470348358154297e-07,20261005-010838-8084b01
2005,nn3,gp_at,-3.818422555923462e-07,20261005-010838-8084b01
2005,nn3,gp_atl1,-2.594664692878723e-06,20261005-010838-8084b01
2005,nn3,ope_be,-4.421919584274292e-06,20261005-010838-8084b01
2005,nn3,ope_bel1,-7.040798664093018e-07,20261005-010838-8084b01
2005,nn3,op_at,5.174055695533752e-05,20261005-010838-8084b01
2005,nn3,op_atl1,2.2357329726219177e-05,20261005-010838-8084b01
2005,nn3,cop_at,7.448717951774597e-06,20261005-010838-8084b01
2005,nn3,cop_atl1,-2.862885594367981e-06,20261005-010838-8084b01
2005,nn3,f_score,-1.2472271919250488e-05,20261005-010838-8084b01
2005,nn3,o_score,-3.831088542938232e-05,20261005-010838-8084b01
2005,nn3,z_score,-6.59748911857605e-06,20261005-010838-8084b01
2005,nn3,pi_nix,1.3206154108047483e-06,20261005-010838-8084b01
2005,nn3,at_be,-8.819624781608582e-06,20261005-010838-8084b01
2005,nn3,saleq_gr1,1.56257301568985e-05,20261005-010838-8084b01
2005,nn3,rd_me,-6.434321403503418e-05,20261005-010838-8084b01
2005,nn3,rd_sale,-2.3987144231796265e-05,20261005-010838-8084b01
2005,nn3,opex_at,-7.7858567237854e-07,20261005-010838-8084b01
2005,nn3,emp_gr1,5.098059773445129e-06,20261005-010838-8084b01
2005,nn3,rd5_at,-2.743490040302277e-05,20261005-010838-8084b01
2005,nn3,age,3.343448042869568e-06,20261005-010838-8084b01
2005,nn3,dsale_dinv,1.300126314163208e-06,20261005-010838-8084b01
2005,nn3,dsale_drec,-1.823529601097107e-06,20261005-010838-8084b01
2005,nn3,dgp_dsale,-3.5390257835388184e-08,20261005-010838-8084b01
2005,nn3,dsale_dsga,2.4400651454925537e-06,20261005-010838-8084b01
2005,nn3,sale_emp_gr1,3.4403055906295776e-06,20261005-010838-8084b01
2005,nn3,tangibility,-1.0572373867034912e-05,20261005-010838-8084b01
2005,nn3,kz_index,3.390014171600342e-07,20261005-010838-8084b01
2005,nn3,ocfq_saleq_std,2.2232532501220703e-05,20261005-010838-8084b01
2005,nn3,cash_at,-2.2718682885169983e-05,20261005-010838-8084b01
2005,nn3,ni_ar1,1.4621764421463013e-06,20261005-010838-8084b01
2005,nn3,ni_ivol,-5.3104013204574585e-06,20261005-010838-8084b01
2005,nn3,earnings_variability,-3.961846232414246e-06,20261005-010838-8084b01
2005,nn3,aliq_at,5.487352609634399e-06,20261005-010838-8084b01
2005,nn3,aliq_mat,1.8320977687835693e-05,20261005-010838-8084b01
2005,nn3,seas_1_1an,3.1888484954833984e-06,20261005-010838-8084b01
2005,nn3,seas_1_1na,-4.1875988245010376e-05,20261005-010838-8084b01
2005,nn3,seas_2_5an,7.171183824539185e-07,20261005-010838-8084b01
2005,nn3,seas_2_5na,-5.230307579040527e-06,20261005-010838-8084b01
2005,nn3,seas_6_10an,8.89413058757782e-06,20261005-010838-8084b01
2005,nn3,seas_6_10na,1.2131407856941225e-05,20261005-010838-8084b01
2005,nn3,seas_11_15an,-2.8274953365325928e-06,20261005-010838-8084b01
2005,nn3,seas_11_15na,5.345791578292847e-07,20261005-010838-8084b01
2005,nn3,seas_16_20an,2.8442591428756714e-06,20261005-010838-8084b01
2005,nn3,seas_16_20na,-1.993030309677124e-07,20261005-010838-8084b01
2005,nn3,market_equity,-7.911957800388336e-05,20261005-010838-8084b01
2005,nn3,ivol_ff3_21d,-1.7717480659484863e-05,20261005-010838-8084b01
2005,nn3,ivol_capm_252d,6.616301834583282e-05,20261005-010838-8084b01
2005,nn3,ivol_capm_21d,-3.300607204437256e-06,20261005-010838-8084b01
2005,nn3,ivol_hxz4_21d,0.0001736488193273,20261005-010838-8084b01
2005,nn3,rvol_21d,-3.292970359325409e-05,20261005-010838-8084b01
2005,nn3,beta_60m,-2.2845342755317688e-05,20261005-010838-8084b01
2005,nn3,betabab_1260d,-1.9837170839309692e-05,20261005-010838-8084b01
2005,nn3,beta_dimson_21d,-1.2833625078201294e-06,20261005-010838-8084b01
2005,nn3,turnover_126d,0.000152263790369,20261005-010838-8084b01
2005,nn3,turnover_var_126d,-4.626438021659851e-05,20261005-010838-8084b01
2005,nn3,dolvol_126d,1.0710209608078005e-05,20261005-010838-8084b01
2005,nn3,dolvol_var_126d,8.18595290184021e-05,20261005-010838-8084b01
2005,nn3,prc,-0.0001826137304306,20261005-010838-8084b01
2005,nn3,ami_126d,-1.4210119843482971e-05,20261005-010838-8084b01
2005,nn3,zero_trades_21d,0.0003731250762939,20261005-010838-8084b01
2005,nn3,zero_trades_126d,5.592219531536102e-05,20261005-010838-8084b01
2005,nn3,zero_trades_252d,-1.136213541030884e-07,20261005-010838-8084b01
2005,nn3,rmax1_21d,3.4775584936141968e-06,20261005-010838-8084b01
2005,nn3,rskew_21d,6.729736924171448e-06,20261005-010838-8084b01
2005,nn3,iskew_capm_21d,5.811452865600586e-07,20261005-010838-8084b01
2005,nn3,iskew_ff3_21d,4.317611455917358e-06,20261005-010838-8084b01
2005,nn3,iskew_hxz4_21d,1.7248094081878662e-06,20261005-010838-8084b01
2005,nn3,coskew_21d,-1.2014061212539673e-06,20261005-010838-8084b01
2005,nn3,ret_1_0,-5.2656978368759155e-05,20261005-010838-8084b01
2005,nn3,betadown_252d,-4.14624810218811e-06,20261005-010838-8084b01
2005,nn3,bidaskhl_21d,-7.681548595428467e-05,20261005-010838-8084b01
2005,nn3,ret_3_1,-2.3962929844856266e-05,20261005-010838-8084b01
2005,nn3,ret_9_1,-2.047419548034668e-05,20261005-010838-8084b01
2005,nn3,ret_12_7,1.1613592505455015e-05,20261005-010838-8084b01
2005,nn3,corr_1260d,-4.194676876068115e-06,20261005-010838-8084b01
2005,nn3,rmax5_21d,2.164207398891449e-05,20261005-010838-8084b01
2005,nn3,rmax5_rvol_21d,6.42240047454834e-06,20261005-010838-8084b01
2005,nn3,ni_be,-8.381903171539307e-06,20261005-010838-8084b01
2005,nn3,ocf_at,-5.202740430831909e-05,20261005-010838-8084b01
2005,nn3,ocf_at_chg1,6.236135959625244e-06,20261005-010838-8084b01
2005,nn3,mispricing_perf,1.6631558537483215e-05,20261005-010838-8084b01
2005,nn3,mispricing_mgmt,2.071261405944824e-06,20261005-010838-8084b01
2005,nn3,qmj,-2.7878209948539737e-05,20261005-010838-8084b01
2005,nn3,qmj_prof,2.427026629447937e-06,20261005-010838-8084b01
2005,nn3,qmj_growth,1.8950551748275757e-05,20261005-010838-8084b01
2005,nn3,qmj_safety,2.8405338525772095e-05,20261005-010838-8084b01
2007,nn3,niq_su,3.155320882797241e-06,20261005-010838-8084b01
2007,nn3,ret_6_1,-4.21721488237381e-05,20261005-010838-8084b01
2007,nn3,ret_12_1,7.245689630508423e-05,20261005-010838-8084b01
2007,nn3,saleq_su,1.1470168828964232e-05,20261005-010838-8084b01
2007,nn3,tax_gr1a,-7.113441824913025e-06,20261005-010838-8084b01
2007,nn3,ni_inc8q,-7.016584277153015e-06,20261005-010838-8084b01
2007,nn3,prc_highprc_252d,1.3437122106552124e-05,20261005-010838-8084b01
2007,nn3,resff3_6_1,3.730878233909607e-06,20261005-010838-8084b01
2007,nn3,resff3_12_1,-1.0078772902488708e-05,20261005-010838-8084b01
2007,nn3,be_me,-4.840455949306488e-05,20261005-010838-8084b01
2007,nn3,debt_me,-3.28943133354187e-06,20261005-010838-8084b01
2007,nn3,at_me,-4.5018270611763e-05,20261005-010838-8084b01
2007,nn3,ret_60_12,-2.7123838663101196e-05,20261005-010838-8084b01
2007,nn3,ni_me,-4.364177584648132e-06,20261005-010838-8084b01
2007,nn3,fcf_me,8.406117558479309e-06,20261005-010838-8084b01
2007,nn3,div12m_me,-4.5610591769218445e-05,20261005-010838-8084b01
2007,nn3,eqpo_me,-9.510666131973268e-06,20261005-010838-8084b01
2007,nn3,eqnpo_me,-8.286908268928528e-06,20261005-010838-8084b01
2007,nn3,sale_gr3,1.8514692783355713e-06,20261005-010838-8084b01
2007,nn3,sale_gr1,3.688037395477295e-07,20261005-010838-8084b01
2007,nn3,ebitda_mev,6.044283509254456e-06,20261005-010838-8084b01
2007,nn3,sale_me,-3.0877068638801575e-05,20261005-010838-8084b01
2007,nn3,ocf_me,2.592802047729492e-05,20261005-010838-8084b01
2007,nn3,ival_me,-8.717179298400879e-07,20261005-010838-8084b01
2007,nn3,bev_mev,-2.810731530189514e-06,20261005-010838-8084b01
2007,nn3,netdebt_me,-7.037073373794556e-06,20261005-010838-8084b01
2007,nn3,eq_dur,-6.355345249176025e-06,20261005-010838-8084b01
2007,nn3,capex_abn,-1.821666955947876e-06,20261005-010838-8084b01
2007,nn3,at_gr1,1.3513490557670592e-05,20261005-010838-8084b01
2007,nn3,ppeinv_gr1a,-1.1341646313667296e-05,20261005-010838-8084b01
2007,nn3,noa_at,-1.7626211047172546e-05,20261005-010838-8084b01
2007,nn3,noa_gr1a,-2.6654452085494995e-06,20261005-010838-8084b01
2007,nn3,lnoa_gr1a,-2.0097941160202022e-06,20261005-010838-8084b01
2007,nn3,capx_gr1,7.040798664093018e-07,20261005-010838-8084b01
2007,nn3,capx_gr2,-4.552304744720459e-06,20261005-010838-8084b01
2007,nn3,capx_gr3,5.459412932395935e-06,20261005-010838-8084b01
2007,nn3,chcsho_12m,2.528168261051178e-05,20261005-010838-8084b01
2007,nn3,eqnpo_12m,-2.6088207960128784e-05,20261005-010838-8084b01
2007,nn3,debt_gr3,1.0933727025985718e-06,20261005-010838-8084b01
2007,nn3,inv_gr1,1.8551945686340332e-06,20261005-010838-8084b01
2007,nn3,inv_gr1a,-4.8764050006866455e-06,20261005-010838-8084b01
2007,nn3,oaccruals_at,2.9690563678741455e-06,20261005-010838-8084b01
2007,nn3,taccruals_at,-1.7434358596801758e-06,20261005-010838-8084b01
2007,nn3,cowc_gr1a,-4.526227712631226e-07,20261005-010838-8084b01
2007,nn3,coa_gr1a,-8.91275703907013e-06,20261005-010838-8084b01
2007,nn3,col_gr1a,-2.508983016014099e-06,20261005-010838-8084b01
2007,nn3,nncoa_gr1a,-8.240342140197754e-06,20261005-010838-8084b01
2007,nn3,ncoa_gr1a,-2.853572368621826e-06,20261005-010838-8084b01
2007,nn3,ncol_gr1a,4.33996319770813e-06,20261005-010838-8084b01
2007,nn3,nfna_gr1a,-9.238719940185548e-07,20261005-010838-8084b01
2007,nn3,sti_gr1a,-8.23289155960083e-07,20261005-010838-8084b01
2007,nn3,lti_gr1a,-9.462237358093262e-07,20261005-010838-8084b01
2007,nn3,fnl_gr1a,-1.989305019378662e-06,20261005-010838-8084b01
2007,nn3,be_gr1a,-2.721324563026428e-05,20261005-010838-8084b01
2007,nn3,oaccruals_ni,-8.195638656616212e-08,20261005-010838-8084b01
2007,nn3,taccruals_ni,-1.0747462511062622e-06,20261005-010838-8084b01
2007,nn3,netis_at,-7.953494787216187e-07,20261005-010838-8084b01
2007,nn3,eqnetis_at,3.3490359783172607e-06,20261005-010838-8084b01
2007,nn3,dbnetis_at,-1.5832483768463137e-07,20261005-010838-8084b01
2007,nn3,niq_be,1.3204291462898254e-05,20261005-010838-8084b01
2007,nn3,niq_be_chg1,1.5478581190109253e-06,20261005-010838-8084b01
2007,nn3,niq_at,1.368299126625061e-05,20261005-010838-8084b01
2007,nn3,niq_at_chg1,4.1835010051727295e-06,20261005-010838-8084b01
2007,nn3,ebit_bev,-3.958120942115784e-06,20261005-010838-8084b01
2007,nn3,ebit_sale,5.122274160385132e-06,20261005-010838-8084b01
2007,nn3,sale_bev,-4.4833868741989136e-06,20261005-010838-8084b01
2007,nn3,at_turnover,-3.946945071220398e-06,20261005-010838-8084b01
2007,nn3,gp_at,-4.3567270040512085e-06,20261005-010838-8084b01
2007,nn3,gp_atl1,-1.0244548320770264e-06,20261005-010838-8084b01
2007,nn3,ope_be,-1.0577961802482603e-05,20261005-010838-8084b01
2007,nn3,ope_bel1,-2.564862370491028e-06,20261005-010838-8084b01
2007,nn3,op_at,3.2609328627586365e-05,20261005-010838-8084b01
2007,nn3,op_atl1,6.485730409622192e-06,20261005-010838-8084b01
2007,nn3,cop_at,2.4400651454925537e-07,20261005-010838-8084b01
2007,nn3,cop_atl1,-6.455928087234497e-06,20261005-010838-8084b01
2007,nn3,f_score,-6.917864084243774e-06,20261005-010838-8084b01
2007,nn3,o_score,-2.7371570467948914e-05,20261005-010838-8084b01
2007,nn3,z_score,-2.430751919746399e-06,20261005-010838-8084b01
2007,nn3,pi_nix,9.052455425262452e-07,20261005-010838-8084b01
2007,nn3,at_be,1.362524926662445e-05,20261005-010838-8084b01
2007,nn3,saleq_gr1,1.03730708360672e-05,20261005-010838-8084b01
2007,nn3,rd_me,-4.092417657375336e-05,20261005-010838-8084b01
2007,nn3,rd_sale,-8.879229426383972e-06,20261005-010838-8084b01
2007,nn3,opex_at,4.785135388374329e-06,20261005-010838-8084b01
2007,nn3,emp_gr1,4.447996616363525e-06,20261005-010838-8084b01
2007,nn3,rd5_at,-1.2151896953582764e-05,20261005-010838-8084b01
2007,nn3,age,6.342306733131409e-06,20261005-010838-8084b01
2007,nn3,dsale_dinv,-7.450580596923828e-09,20261005-010838-8084b01
2007,nn3,dsale_drec,1.9408762454986572e-06,20261005-010838-8084b01
2007,nn3,dgp_dsale,8.637085556983948e-06,20261005-010838-8084b01
2007,nn3,dsale_dsga,-1.2014061212539673e-06,20261005-010838-8084b01
2007,nn3,sale_emp_gr1,1.0617077350616456e-07,20261005-010838-8084b01
2007,nn3,tangibility,-7.5511634349823e-06,20261005-010838-8084b01
2007,nn3,kz_index,-3.399327397346497e-06,20261005-010838-8084b01
2007,nn3,ocfq_saleq_std,8.124858140945435e-06,20261005-010838-8084b01
2007,nn3,cash_at,-2.333894371986389e-06,20261005-010838-8084b01
2007,nn3,ni_ar1,5.7741999626159675e-08,20261005-010838-8084b01
2007,nn3,ni_ivol,-1.3452023267745972e-05,20261005-010838-8084b01
2007,nn3,earnings_variability,-3.5297125577926636e-06,20261005-010838-8084b01
2007,nn3,aliq_at,9.65595245361328e-06,20261005-010838-8084b01
2007,nn3,aliq_mat,3.919750452041626e-05,20261005-010838-8084b01
2007,nn3,seas_1_1an,4.941597580909729e-06,20261005-010838-8084b01
2007,nn3,seas_1_1na,-7.426552474498749e-05,20261005-010838-8084b01
2007,nn3,seas_2_5an,-5.561858415603638e-06,20261005-010838-8084b01
2007,nn3,seas_2_5na,-9.313225746154785e-08,20261005-010838-8084b01
2007,nn3,seas_6_10an,8.391216397285461e-06,20261005-010838-8084b01
2007,nn3,seas_6_10na,2.3972243070602417e-06,20261005-010838-8084b01
2007,nn3,seas_11_15an,4.4461339712142944e-06,20261005-010838-8084b01
2007,nn3,seas_11_15na,-1.7508864402771e-07,20261005-010838-8084b01
2007,nn3,seas_16_20an,1.473352313041687e-06,20261005-010838-8084b01
2007,nn3,seas_16_20na,-7.078051567077638e-08,20261005-010838-8084b01
2007,nn3,market_equity,-0.0001209173351526,20261005-010838-8084b01
2007,nn3,ivol_ff3_21d,-4.097819328308106e-07,20261005-010838-8084b01
2007,nn3,ivol_capm_252d,6.569176912307739e-05,20261005-010838-8084b01
2007,nn3,ivol_capm_21d,1.8358230590820312e-05,20261005-010838-8084b01
2007,nn3,ivol_hxz4_21d,0.0001495257019996,20261005-010838-8084b01
2007,nn3,rvol_21d,-3.6794692277908325e-05,20261005-010838-8084b01
2007,nn3,beta_60m,-6.96815550327301e-06,20261005-010838-8084b01
2007,nn3,betabab_1260d,-1.4172866940498352e-05,20261005-010838-8084b01
2007,nn3,beta_dimson_21d,3.0640512704849243e-06,20261005-010838-8084b01
2007,nn3,turnover_126d,8.724071085453033e-05,20261005-010838-8084b01
2007,nn3,turnover_var_126d,-6.388500332832336e-05,20261005-010838-8084b01
2007,nn3,dolvol_126d,1.0499730706214905e-05,20261005-010838-8084b01
2007,nn3,dolvol_var_126d,7.460266351699829e-05,20261005-010838-8084b01
2007,nn3,prc,-0.0001987125724554,20261005-010838-8084b01
2007,nn3,ami_126d,-1.8863007426261905e-05,20261005-010838-8084b01
2007,nn3,zero_trades_21d,0.0004879925400018,20261005-010838-8084b01
2007,nn3,zero_trades_126d,-2.0831823348999023e-05,20261005-010838-8084b01
2007,nn3,zero_trades_252d,-3.5220757126808167e-05,20261005-010838-8084b01
2007,nn3,rmax1_21d,-9.212642908096312e-06,20261005-010838-8084b01
2007,nn3,rskew_21d,2.235174179077149e-07,20261005-010838-8084b01
2007,nn3,iskew_capm_21d,5.766749382019043e-06,20261005-010838-8084b01
2007,nn3,iskew_ff3_21d,1.4817342162132263e-05,20261005-010838-8084b01
2007,nn3,iskew_hxz4_21d,4.9602240324020386e-06,20261005-010838-8084b01
2007,nn3,coskew_21d,-1.154839992523195e-07,20261005-010838-8084b01
2007,nn3,ret_1_0,-7.277168333530426e-05,20261005-010838-8084b01
2007,nn3,betadown_252d,-1.1399388313293457e-06,20261005-010838-8084b01
2007,nn3,bidaskhl_21d,-7.507577538490295e-05,20261005-010838-8084b01
2007,nn3,ret_3_1,-6.482377648353577e-05,20261005-010838-8084b01
2007,nn3,ret_9_1,-2.271123230457306e-05,20261005-010838-8084b01
2007,nn3,ret_12_7,1.2297183275222778e-05,20261005-010838-8084b01
2007,nn3,corr_1260d,-7.90134072303772e-06,20261005-010838-8084b01
2007,nn3,rmax5_21d,6.062909960746765e-06,20261005-010838-8084b01
2007,nn3,rmax5_rvol_21d,-3.209337592124939e-06,20261005-010838-8084b01
2007,nn3,ni_be,-2.2845342755317688e-05,20261005-010838-8084b01
2007,nn3,ocf_at,-2.039968967437744e-05,20261005-010838-8084b01
2007,nn3,ocf_at_chg1,4.3977051973342896e-06,20261005-010838-8084b01
2007,nn3,mispricing_perf,1.8123537302017212e-05,20261005-010838-8084b01
2007,nn3,mispricing_mgmt,-1.5087425708770752e-07,20261005-010838-8084b01
2007,nn3,qmj,-2.727098762989044e-05,20261005-010838-8084b01
2007,nn3,qmj_prof,8.977949619293213e-06,20261005-010838-8084b01
2007,nn3,qmj_growth,1.5698373317718506e-05,20261005-010838-8084b01
2007,nn3,qmj_safety,5.559064447879791e-05,20261005-010838-8084b01
2009,nn3,niq_su,1.087784767150879e-06,20261005-010838-8084b01
2009,nn3,ret_6_1,1.3589859008789062e-05,20261005-010838-8084b01
2009,nn3,ret_12_1,-0.0001819133758544,20261005-010838-8084b01
2009,nn3,saleq_su,-3.591179847717285e-06,20261005-010838-8084b01
2009,nn3,tax_gr1a,1.132488250732422e-06,20261005-010838-8084b01
2009,nn3,ni_inc8q,4.187226295471191e-06,20261005-010838-8084b01
2009,nn3,prc_highprc_252d,-0.0002036988735198,20261005-010838-8084b01
2009,nn3,resff3_6_1,2.452731132507324e-05,20261005-010838-8084b01
2009,nn3,resff3_12_1,-6.599724292755127e-05,20261005-010838-8084b01
2009,nn3,be_me,0.0003144741058349,20261005-010838-8084b01
2009,nn3,debt_me,6.720423698425293e-06,20261005-010838-8084b01
2009,nn3,at_me,0.0001510679721832,20261005-010838-8084b01
2009,nn3,ret_60_12,0.0001137405633926,20261005-010838-8084b01
2009,nn3,ni_me,-4.813075065612793e-05,20261005-010838-8084b01
2009,nn3,fcf_me,-3.2573938369750977e-05,20261005-010838-8084b01
2009,nn3,div12m_me,9.033083915710448e-05,20261005-010838-8084b01
2009,nn3,eqpo_me,3.573298454284668e-05,20261005-010838-8084b01
2009,nn3,eqnpo_me,1.220405101776123e-05,20261005-010838-8084b01
2009,nn3,sale_gr3,7.212162017822266e-06,20261005-010838-8084b01
2009,nn3,sale_gr1,7.584691047668457e-06,20261005-010838-8084b01
2009,nn3,ebitda_mev,1.0415911674499512e-05,20261005-010838-8084b01
2009,nn3,sale_me,8.000433444976807e-05,20261005-010838-8084b01
2009,nn3,ocf_me,-5.8278441429138184e-05,20261005-010838-8084b01
2009,nn3,ival_me,4.410743713378906e-06,20261005-010838-8084b01
2009,nn3,bev_mev,4.713237285614014e-05,20261005-010838-8084b01
2009,nn3,netdebt_me,-6.496906280517578e-06,20261005-010838-8084b01
2009,nn3,eq_dur,-1.4349818229675291e-05,20261005-010838-8084b01
2009,nn3,capex_abn,5.677342414855957e-06,20261005-010838-8084b01
2009,nn3,at_gr1,-4.3720006942749023e-05,20261005-010838-8084b01
2009,nn3,ppeinv_gr1a,8.657574653625488e-06,20261005-010838-8084b01
2009,nn3,noa_at,1.7076730728149414e-05,20261005-010838-8084b01
2009,nn3,noa_gr1a,-1.1801719665527344e-05,20261005-010838-8084b01
2009,nn3,lnoa_gr1a,2.5779008865356445e-06,20261005-010838-8084b01
2009,nn3,capx_gr1,-8.434057235717773e-06,20261005-010838-8084b01
2009,nn3,capx_gr2,3.3527612686157227e-06,20261005-010838-8084b01
2009,nn3,capx_gr3,-2.3692846298217773e-06,20261005-010838-8084b01
2009,nn3,chcsho_12m,-2.8207898139953613e-05,20261005-010838-8084b01
2009,nn3,eqnpo_12m,8.511543273925781e-05,20261005-010838-8084b01
2009,nn3,debt_gr3,1.5541911125183105e-05,20261005-010838-8084b01
2009,nn3,inv_gr1,-5.7220458984375e-06,20261005-010838-8084b01
2009,nn3,inv_gr1a,6.973743438720703e-06,20261005-010838-8084b01
2009,nn3,oaccruals_at,2.065300941467285e-05,20261005-010838-8084b01
2009,nn3,taccruals_at,2.504885196685791e-05,20261005-010838-8084b01
2009,nn3,cowc_gr1a,-3.1739473342895508e-06,20261005-010838-8084b01
2009,nn3,coa_gr1a,3.331899642944336e-05,20261005-010838-8084b01
2009,nn3,col_gr1a,-9.074807167053224e-06,20261005-010838-8084b01
2009,nn3,nncoa_gr1a,1.7136335372924805e-05,20261005-010838-8084b01
2009,nn3,ncoa_gr1a,4.9173831939697266e-06,20261005-010838-8084b01
2009,nn3,ncol_gr1a,-1.2487173080444336e-05,20261005-010838-8084b01
2009,nn3,nfna_gr1a,9.98377799987793e-07,20261005-010838-8084b01
2009,nn3,sti_gr1a,9.566545486450195e-06,20261005-010838-8084b01
2009,nn3,lti_gr1a,-1.087784767150879e-06,20261005-010838-8084b01
2009,nn3,fnl_gr1a,1.8477439880371096e-06,20261005-010838-8084b01
2009,nn3,be_gr1a,0.0001493096351623,20261005-010838-8084b01
2009,nn3,oaccruals_ni,1.7598271369934082e-05,20261005-010838-8084b01
2009,nn3,taccruals_ni,1.6570091247558594e-05,20261005-010838-8084b01
2009,nn3,netis_at,4.634261131286621e-06,20261005-010838-8084b01
2009,nn3,eqnetis_at,-1.6257166862487793e-05,20261005-010838-8084b01
2009,nn3,dbnetis_at,-1.2665987014770508e-06,20261005-010838-8084b01
2009,nn3,niq_be,-9.913742542266846e-05,20261005-010838-8084b01
2009,nn3,niq_be_chg1,7.510185241699219e-06,20261005-010838-8084b01
2009,nn3,niq_at,-2.9295682907104492e-05,20261005-010838-8084b01
2009,nn3,niq_at_chg1,-5.5283308029174805e-06,20261005-010838-8084b01
2009,nn3,ebit_bev,7.869303226470947e-05,20261005-010838-8084b01
2009,nn3,ebit_sale,-2.950429916381836e-05,20261005-010838-8084b01
2009,nn3,sale_bev,1.545250415802002e-05,20261005-010838-8084b01
2009,nn3,at_turnover,-2.7567148208618164e-06,20261005-010838-8084b01
2009,nn3,gp_at,1.341104507446289e-05,20261005-010838-8084b01
2009,nn3,gp_atl1,-1.043081283569336e-06,20261005-010838-8084b01
2009,nn3,ope_be,2.148747444152832e-05,20261005-010838-8084b01
2009,nn3,ope_bel1,-1.074373722076416e-05,20261005-010838-8084b01
2009,nn3,op_at,-0.0001005381345748,20261005-010838-8084b01
2009,nn3,op_atl1,-7.432699203491211e-05,20261005-010838-8084b01
2009,nn3,cop_at,1.2323260307312012e-05,20261005-010838-8084b01
2009,nn3,cop_atl1,1.537799835205078e-05,20261005-010838-8084b01
2009,nn3,f_score,2.0623207092285156e-05,20261005-010838-8084b01
2009,nn3,o_score,0.0001224130392074,20261005-010838-8084b01
2009,nn3,z_score,5.143880844116211e-05,20261005-010838-8084b01
2009,nn3,pi_nix,-3.278255462646485e-07,20261005-010838-8084b01
2009,nn3,at_be,3.6209821701049805e-05,20261005-010838-8084b01
2009,nn3,saleq_gr1,-1.7017126083374023e-05,20261005-010838-8084b01
2009,nn3,rd_me,0.0001696944236755,20261005-010838-8084b01
2009,nn3,rd_sale,3.807246685028076e-05,20261005-010838-8084b01
2009,nn3,opex_at,3.278255462646485e-07,20261005-010838-8084b01
2009,nn3,emp_gr1,-9.08970832824707e-07,20261005-010838-8084b01
2009,nn3,rd5_at,3.11434268951416e-05,20261005-010838-8084b01
2009,nn3,age,4.266202449798584e-05,20261005-010838-8084b01
2009,nn3,dsale_dinv,5.200505256652832e-06,20261005-010838-8084b01
2009,nn3,dsale_drec,-9.119510650634766e-06,20261005-010838-8084b01
2009,nn3,dgp_dsale,-7.897615432739258e-07,20261005-010838-8084b01
2009,nn3,dsale_dsga,-1.8477439880371096e-06,20261005-010838-8084b01
2009,nn3,sale_emp_gr1,2.4139881134033203e-06,20261005-010838-8084b01
2009,nn3,tangibility,3.266334533691406e-05,20261005-010838-8084b01
2009,nn3,kz_index,5.5283308029174805e-06,20261005-010838-8084b01
2009,nn3,ocfq_saleq_std,3.725290298461914e-06,20261005-010838-8084b01
2009,nn3,cash_at,4.4152140617370605e-05,20261005-010838-8084b01
2009,nn3,ni_ar1,3.11434268951416e-06,20261005-010838-8084b01
2009,nn3,ni_ivol,5.9932470321655273e-05,20261005-010838-8084b01
2009,nn3,earnings_variability,8.52346420288086e-06,20261005-010838-8084b01
2009,nn3,aliq_at,-3.784894943237305e-05,20261005-010838-8084b01
2009,nn3,aliq_mat,-5.148351192474365e-05,20261005-010838-8084b01
2009,nn3,seas_1_1an,-5.264580249786377e-05,20261005-010838-8084b01
2009,nn3,seas_1_1na,0.0003284364938735,20261005-010838-8084b01
2009,nn3,seas_2_5an,-1.3321638107299805e-05,20261005-010838-8084b01
2009,nn3,seas_2_5na,-3.084540367126465e-05,20261005-010838-8084b01
2009,nn3,seas_6_10an,4.827976226806641e-06,20261005-010838-8084b01
2009,nn3,seas_6_10na,-6.8247318267822266e-06,20261005-010838-8084b01
2009,nn3,seas_11_15an,2.1010637283325195e-06,20261005-010838-8084b01
2009,nn3,seas_11_15na,5.960464477539065e-08,20261005-010838-8084b01
2009,nn3,seas_16_20an,-1.0162591934204102e-05,20261005-010838-8084b01
2009,nn3,seas_16_20na,-1.1473894119262695e-06,20261005-010838-8084b01
2009,nn3,market_equity,0.0002524107694625,20261005-010838-8084b01
2009,nn3,ivol_ff3_21d,2.911686897277832e-05,20261005-010838-8084b01
2009,nn3,ivol_capm_252d,-0.000199556350708,20261005-010838-8084b01
2009,nn3,ivol_capm_21d,-1.7404556274414062e-05,20261005-010838-8084b01
2009,nn3,ivol_hxz4_21d,-0.0003710389137268,20261005-010838-8084b01
2009,nn3,rvol_21d,0.0002475976943969,20261005-010838-8084b01
2009,nn3,beta_60m,2.9399991035461422e-05,20261005-010838-8084b01
2009,nn3,betabab_1260d,6.031990051269531e-05,20261005-010838-8084b01
2009,nn3,beta_dimson_21d,-1.8328428268432615e-06,20261005-010838-8084b01
2009,nn3,turnover_126d,9.472668170928956e-05,20261005-010838-8084b01
2009,nn3,turnover_var_126d,0.0002490878105163,20261005-010838-8084b01
2009,nn3,dolvol_126d,2.437829971313477e-05,20261005-010838-8084b01
2009,nn3,dolvol_var_126d,-0.0001644343137741,20261005-010838-8084b01
2009,nn3,prc,0.0005249232053756,20261005-010838-8084b01
2009,nn3,ami_126d,0.000138372182846,20261005-010838-8084b01
2009,nn3,zero_trades_21d,-0.0001740455627441,20261005-010838-8084b01
2009,nn3,zero_trades_126d,0.0001049488782882,20261005-010838-8084b01
2009,nn3,zero_trades_252d,0.0002527832984924,20261005-010838-8084b01
2009,nn3,rmax1_21d,5.125999450683594e-06,20261005-010838-8084b01
2009,nn3,rskew_21d,-5.677342414855957e-06,20261005-010838-8084b01
2009,nn3,iskew_capm_21d,2.3692846298217773e-06,20261005-010838-8084b01
2009,nn3,iskew_ff3_21d,-1.6242265701293945e-05,20261005-010838-8084b01
2009,nn3,iskew_hxz4_21d,-2.8759241104125977e-06,20261005-010838-8084b01
2009,nn3,coskew_21d,2.041459083557129e-06,20261005-010838-8084b01
2009,nn3,ret_1_0,0.000343844294548,20261005-010838-8084b01
2009,nn3,betadown_252d,2.084672451019287e-05,20261005-010838-8084b01
2009,nn3,bidaskhl_21d,7.548928260803223e-05,20261005-010838-8084b01
2009,nn3,ret_3_1,7.484853267669678e-05,20261005-010838-8084b01
2009,nn3,ret_9_1,-9.4681978225708e-05,20261005-010838-8084b01
2009,nn3,ret_12_7,-7.846951484680176e-05,20261005-010838-8084b01
2009,nn3,corr_1260d,2.5019049644470215e-05,20261005-010838-8084b01
2009,nn3,rmax5_21d,-9.644031524658204e-05,20261005-010838-8084b01
2009,nn3,rmax5_rvol_21d,2.682209014892578e-05,20261005-010838-8084b01
2009,nn3,ni_be,5.37186861038208e-05,20261005-010838-8084b01
2009,nn3,ocf_at,7.28219747543335e-05,20261005-010838-8084b01
2009,nn3,ocf_at_chg1,-1.3962388038635254e-05,20261005-010838-8084b01
2009,nn3,mispricing_perf,-4.041194915771485e-05,20261005-010838-8084b01
2009,nn3,mispricing_mgmt,7.539987564086914e-06,20261005-010838-8084b01
2009,nn3,qmj,5.21242618560791e-05,20261005-010838-8084b01
2009,nn3,qmj_prof,-1.868605613708496e-05,20261005-010838-8084b01
2009,nn3,qmj_growth,-2.6732683181762695e-05,20261005-010838-8084b01
2009,nn3,qmj_safety,-0.0001605749130249,20261005-010838-8084b01
2011,nn3,niq_su,5.325302481651306e-06,20261005-010838-8084b01
2011,nn3,ret_6_1,-5.554594099521637e-05,20261005-010838-8084b01
2011,nn3,ret_12_1,2.56318598985672e-05,20261005-010838-8084b01
2011,nn3,saleq_su,1.270882785320282e-05,20261005-010838-8084b01
2011,nn3,tax_gr1a,-2.2277235984802246e-06,20261005-010838-8084b01
2011,nn3,ni_inc8q,-5.420297384262085e-06,20261005-010838-8084b01
2011,nn3,prc_highprc_252d,0.0001335740089416,20261005-010838-8084b01
2011,nn3,resff3_6_1,-9.39890742301941e-06,20261005-010838-8084b01
2011,nn3,resff3_12_1,2.4996697902679443e-05,20261005-010838-8084b01
2011,nn3,be_me,-5.2772462368011475e-05,20261005-010838-8084b01
2011,nn3,debt_me,-6.318092346191406e-06,20261005-010838-8084b01
2011,nn3,at_me,-4.664808511734009e-05,20261005-010838-8084b01
2011,nn3,ret_60_12,-3.84356826543808e-05,20261005-010838-8084b01
2011,nn3,ni_me,-3.1013041734695435e-06,20261005-010838-8084b01
2011,nn3,fcf_me,1.1648982763290404e-05,20261005-010838-8084b01
2011,nn3,div12m_me,-2.670474350452423e-05,20261005-010838-8084b01
2011,nn3,eqpo_me,-1.055002212524414e-05,20261005-010838-8084b01
2011,nn3,eqnpo_me,-4.481524229049683e-06,20261005-010838-8084b01
2011,nn3,sale_gr3,-3.213062882423401e-06,20261005-010838-8084b01
2011,nn3,sale_gr1,5.62518835067749e-07,20261005-010838-8084b01
2011,nn3,ebitda_mev,1.94646418094635e-06,20261005-010838-8084b01
2011,nn3,sale_me,-7.530674338340759e-06,20261005-010838-8084b01
2011,nn3,ocf_me,1.025572419166565e-05,20261005-010838-8084b01
2011,nn3,ival_me,-2.365559339523315e-06,20261005-010838-8084b01
2011,nn3,bev_mev,9.49949026107788e-07,20261005-010838-8084b01
2011,nn3,netdebt_me,-5.494803190231323e-07,20261005-010838-8084b01
2011,nn3,eq_dur,-8.158385753631592e-06,20261005-010838-8084b01
2011,nn3,capex_abn,-4.338100552558899e-06,20261005-010838-8084b01
2011,nn3,at_gr1,1.9337981939315796e-05,20261005-010838-8084b01
2011,nn3,ppeinv_gr1a,-3.166496753692627e-08,20261005-010838-8084b01
2011,nn3,noa_at,5.401670932769775e-07,20261005-010838-8084b01
2011,nn3,noa_gr1a,7.078051567077638e-08,20261005-010838-8084b01
2011,nn3,lnoa_gr1a,-3.766268491744995e-06,20261005-010838-8084b01
2011,nn3,capx_gr1,3.706663846969605e-07,20261005-010838-8084b01
2011,nn3,capx_gr2,-6.040558218955994e-06,20261005-010838-8084b01
2011,nn3,capx_gr3,1.96695327758789e-06,20261005-010838-8084b01
2011,nn3,chcsho_12m,3.5896897315979004e-05,20261005-010838-8084b01
2011,nn3,eqnpo_12m,-4.1015446186065674e-05,20261005-010838-8084b01
2011,nn3,debt_gr3,9.723007678985596e-07,20261005-010838-8084b01
2011,nn3,inv_gr1,-1.9650906324386597e-06,20261005-010838-8084b01
2011,nn3,inv_gr1a,2.739951014518738e-06,20261005-010838-8084b01
2011,nn3,oaccruals_at,3.2335519790649414e-06,20261005-010838-8084b01
2011,nn3,taccruals_at,-2.5331974029541016e-07,20261005-010838-8084b01
2011,nn3,cowc_gr1a,7.003545761108398e-07,20261005-010838-8084b01
2011,nn3,coa_gr1a,-1.7546117305755615e-06,20261005-010838-8084b01
2011,nn3,col_gr1a,-1.2461096048355105e-06,20261005-010838-8084b01
2011,nn3,nncoa_gr1a,-2.25752592086792e-06,20261005-010838-8084b01
2011,nn3,ncoa_gr1a,-1.871958374977112e-06,20261005-010838-8084b01
2011,nn3,ncol_gr1a,3.127381205558777e-06,20261005-010838-8084b01
2011,nn3,nfna_gr1a,8.326023817062378e-07,20261005-010838-8084b01
2011,nn3,sti_gr1a,-1.212581992149353e-06,20261005-010838-8084b01
2011,nn3,lti_gr1a,1.0691583156585691e-06,20261005-010838-8084b01
2011,nn3,fnl_gr1a,-1.3317912817001345e-06,20261005-010838-8084b01
2011,nn3,be_gr1a,-2.721324563026428e-06,20261005-010838-8084b01
2011,nn3,oaccruals_ni,6.379559636116028e-06,20261005-010838-8084b01
2011,nn3,taccruals_ni,-1.1920928955078125e-07,20261005-010838-8084b01
2011,nn3,netis_at,-2.7939677238464355e-06,20261005-010838-8084b01
2011,nn3,eqnetis_at,6.455928087234497e-06,20261005-010838-8084b01
2011,nn3,dbnetis_at,3.129243850708008e-07,20261005-010838-8084b01
2011,nn3,niq_be,1.988932490348816e-05,20261005-010838-8084b01
2011,nn3,niq_be_chg1,7.6089054346084595e-06,20261005-010838-8084b01
2011,nn3,niq_at,9.758397936820984e-06,20261005-010838-8084b01
2011,nn3,niq_at_chg1,3.2205134630203247e-06,20261005-010838-8084b01
2011,nn3,ebit_bev,-2.62577086687088e-05,20261005-010838-8084b01
2011,nn3,ebit_sale,1.4690682291984558e-05,20261005-010838-8084b01
2011,nn3,sale_bev,4.898756742477417e-07,20261005-010838-8084b01
2011,nn3,at_turnover,-6.431713700294495e-06,20261005-010838-8084b01
2011,nn3,gp_at,-1.2293457984924316e-07,20261005-010838-8084b01
2011,nn3,gp_atl1,-3.5408884286880493e-06,20261005-010838-8084b01
2011,nn3,ope_be,-1.0065734386444092e-05,20261005-010838-8084b01
2011,nn3,ope_bel1,-3.118067979812622e-06,20261005-010838-8084b01
2011,nn3,op_at,5.0166621804237366e-05,20261005-010838-8084b01
2011,nn3,op_atl1,1.2854114174842834e-05,20261005-010838-8084b01
2011,nn3,cop_at,-6.787478923797607e-06,20261005-010838-8084b01
2011,nn3,cop_atl1,-9.365379810333252e-06,20261005-010838-8084b01
2011,nn3,f_score,-6.8675726652145386e-06,20261005-010838-8084b01
2011,nn3,o_score,-1.245550811290741e-05,20261005-010838-8084b01
2011,nn3,z_score,-1.4118850231170654e-06,20261005-010838-8084b01
2011,nn3,pi_nix,1.5944242477416992e-06,20261005-010838-8084b01
2011,nn3,at_be,2.1167099475860596e-05,20261005-010838-8084b01
2011,nn3,saleq_gr1,1.2889504432678225e-06,20261005-010838-8084b01
2011,nn3,rd_me,-3.875233232975006e-05,20261005-010838-8084b01
2011,nn3,rd_sale,-1.0805204510688782e-05,20261005-010838-8084b01
2011,nn3,opex_at,5.066394805908203e-07,20261005-010838-8084b01
2011,nn3,emp_gr1,-2.6971101760864258e-06,20261005-010838-8084b01
2011,nn3,rd5_at,-7.962808012962341e-06,20261005-010838-8084b01
2011,nn3,age,-7.84359872341156e-06,20261005-010838-8084b01
2011,nn3,dsale_dinv,2.0954757928848267e-06,20261005-010838-8084b01
2011,nn3,dsale_drec,1.527369022369385e-07,20261005-010838-8084b01
2011,nn3,dgp_dsale,2.8349459171295166e-06,20261005-010838-8084b01
2011,nn3,dsale_dsga,-1.993030309677124e-07,20261005-010838-8084b01
2011,nn3,sale_emp_gr1,1.0337680578231812e-06,20261005-010838-8084b01
2011,nn3,tangibility,-5.107372999191284e-06,20261005-010838-8084b01
2011,nn3,kz_index,-9.387731552124024e-07,20261005-010838-8084b01
2011,nn3,ocfq_saleq_std,1.1160969734191896e-05,20261005-010838-8084b01
2011,nn3,cash_at,-1.6512349247932434e-05,20261005-010838-8084b01
2011,nn3,ni_ar1,6.165355443954468e-07,20261005-010838-8084b01
2011,nn3,ni_ivol,-3.3155083656311035e-06,20261005-010838-8084b01
2011,nn3,earnings_variability,2.3581087589263916e-06,20261005-010838-8084b01
2011,nn3,aliq_at,2.1364539861679077e-06,20261005-010838-8084b01
2011,nn3,aliq_mat,4.986673593521118e-05,20261005-010838-8084b01
2011,nn3,seas_1_1an,2.466142177581787e-05,20261005-010838-8084b01
2011,nn3,seas_1_1na,-8.439458906650543e-05,20261005-010838-8084b01
2011,nn3,seas_2_5an,1.864694058895111e-05,20261005-010838-8084b01
2011,nn3,seas_2_5na,-5.010515451431274e-07,20261005-010838-8084b01
2011,nn3,seas_6_10an,8.786097168922424e-06,20261005-010838-8084b01
2011,nn3,seas_6_10na,1.952052116394043e-06,20261005-010838-8084b01
2011,nn3,seas_11_15an,3.0882656574249268e-06,20261005-010838-8084b01
2011,nn3,seas_11_15na,1.2814998626708984e-06,20261005-010838-8084b01
2011,nn3,seas_16_20an,3.986060619354248e-07,20261005-010838-8084b01
2011,nn3,seas_16_20na,-1.73225998878479e-07,20261005-010838-8084b01
2011,nn3,market_equity,-7.718801498413086e-05,20261005-010838-8084b01
2011,nn3,ivol_ff3_21d,-1.9300729036331177e-05,20261005-010838-8084b01
2011,nn3,ivol_capm_252d,8.186884224414825e-05,20261005-010838-8084b01
2011,nn3,ivol_capm_21d,-7.657334208488464e-06,20261005-010838-8084b01
2011,nn3,ivol_hxz4_21d,0.0001791100949048,20261005-010838-8084b01
2011,nn3,rvol_21d,-9.650364518165588e-06,20261005-010838-8084b01
2011,nn3,beta_60m,-8.851289749145508e-06,20261005-010838-8084b01
2011,nn3,betabab_1260d,-1.9731000065803528e-05,20261005-010838-8084b01
2011,nn3,beta_dimson_21d,-2.248212695121765e-06,20261005-010838-8084b01
2011,nn3,turnover_126d,0.0001047421246767,20261005-010838-8084b01
2011,nn3,turnover_var_126d,-5.003809928894043e-05,20261005-010838-8084b01
2011,nn3,dolvol_126d,-2.5043264031410217e-05,20261005-010838-8084b01
2011,nn3,dolvol_var_126d,6.6317617893219e-05,20261005-010838-8084b01
2011,nn3,prc,-0.000153737142682,20261005-010838-8084b01
2011,nn3,ami_126d,-1.5955418348312378e-05,20261005-010838-8084b01
2011,nn3,zero_trades_21d,0.0006061140447854,20261005-010838-8084b01
2011,nn3,zero_trades_126d,3.870762884616852e-05,20261005-010838-8084b01
2011,nn3,zero_trades_252d,-4.544854164123535e-07,20261005-010838-8084b01
2011,nn3,rmax1_21d,1.121312379837036e-05,20261005-010838-8084b01
2011,nn3,rskew_21d,1.5888363122940063e-06,20261005-010838-8084b01
2011,nn3,iskew_capm_21d,-2.201646566390991e-06,20261005-010838-8084b01
2011,nn3,iskew_ff3_21d,1.2442469596862793e-06,20261005-010838-8084b01
2011,nn3,iskew_hxz4_21d,3.855675458908081e-06,20261005-010838-8084b01
2011,nn3,coskew_21d,4.4014304876327515e-06,20261005-010838-8084b01
2011,nn3,ret_1_0,-8.33217054605484e-05,20261005-010838-8084b01
2011,nn3,betadown_252d,-5.8002769947052e-06,20261005-010838-8084b01
2011,nn3,bidaskhl_21d,-7.167831063270569e-05,20261005-010838-8084b01
2011,nn3,ret_3_1,-5.75575977563858e-05,20261005-010838-8084b01
2011,nn3,ret_9_1,-1.2993812561035156e-05,20261005-010838-8084b01
2011,nn3,ret_12_7,2.3378059267997745e-05,20261005-010838-8084b01
2011,nn3,corr_1260d,-1.204758882522583e-05,20261005-010838-8084b01
2011,nn3,rmax5_21d,6.566941738128662e-05,20261005-010838-8084b01
2011,nn3,rmax5_rvol_21d,-4.664063453674316e-06,20261005-010838-8084b01
2011,nn3,ni_be,-1.7717480659484863e-05,20261005-010838-8084b01
2011,nn3,ocf_at,-2.6909634470939636e-05,20261005-010838-8084b01
2011,nn3,ocf_at_chg1,2.9299408197402954e-06,20261005-010838-8084b01
2011,nn3,mispricing_perf,2.001971006393433e-05,20261005-010838-8084b01
2011,nn3,mispricing_mgmt,2.2258609533309937e-06,20261005-010838-8084b01
2011,nn3,qmj,-1.2088567018508913e-05,20261005-010838-8084b01
2011,nn3,qmj_prof,9.994953870773315e-06,20261005-010838-8084b01
2011,nn3,qmj_growth,1.570768654346466e-05,20261005-010838-8084b01
2011,nn3,qmj_safety,2.335384488105774e-05,20261005-010838-8084b01
2013,nn3,niq_su,1.5441328287124634e-06,20261005-010838-8084b01
2013,nn3,ret_6_1,-2.8759241104125977e-06,20261005-010838-8084b01
2013,nn3,ret_12_1,1.5577301383018494e-05,20261005-010838-8084b01
2013,nn3,saleq_su,-4.563480615615845e-07,20261005-010838-8084b01
2013,nn3,tax_gr1a,-1.3187527656555176e-06,20261005-010838-8084b01
2013,nn3,ni_inc8q,5.707144737243652e-06,20261005-010838-8084b01
2013,nn3,prc_highprc_252d,-2.933107316493988e-05,20261005-010838-8084b01
2013,nn3,resff3_6_1,3.0547380447387695e-06,20261005-010838-8084b01
2013,nn3,resff3_12_1,1.11311674118042e-05,20261005-010838-8084b01
2013,nn3,be_me,2.8304755687713623e-05,20261005-010838-8084b01
2013,nn3,debt_me,3.209337592124939e-06,20261005-010838-8084b01
2013,nn3,at_me,4.7361478209495544e-05,20261005-010838-8084b01
2013,nn3,ret_60_12,4.050508141517639e-05,20261005-010838-8084b01
2013,nn3,ni_me,8.001923561096191e-06,20261005-010838-8084b01
2013,nn3,fcf_me,-8.121132850646973e-07,20261005-010838-8084b01
2013,nn3,div12m_me,2.880394458770752e-05,20261005-010838-8084b01
2013,nn3,eqpo_me,7.374212145805359e-06,20261005-010838-8084b01
2013,nn3,eqnpo_me,-3.948807716369629e-06,20261005-010838-8084b01
2013,nn3,sale_gr3,-1.6540288925170898e-06,20261005-010838-8084b01
2013,nn3,sale_gr1,2.9802322387695312e-06,20261005-010838-8084b01
2013,nn3,ebitda_mev,-6.1355531215667725e-06,20261005-010838-8084b01
2013,nn3,sale_me,2.425163984298706e-05,20261005-010838-8084b01
2013,nn3,ocf_me,2.9224902391433716e-06,20261005-010838-8084b01
2013,nn3,ival_me,2.8870999813079834e-07,20261005-010838-8084b01
2013,nn3,bev_mev,3.686174750328064e-06,20261005-010838-8084b01
2013,nn3,netdebt_me,1.039355993270874e-05,20261005-010838-8084b01
2013,nn3,eq_dur,7.428228855133057e-06,20261005-010838-8084b01
2013,nn3,capex_abn,1.1827796697616575e-06,20261005-010838-8084b01
2013,nn3,at_gr1,-1.2516975402832031e-06,20261005-010838-8084b01
2013,nn3,ppeinv_gr1a,4.580244421958923e-06,20261005-010838-8084b01
2013,nn3,noa_at,1.718662679195404e-05,20261005-010838-8084b01
2013,nn3,noa_gr1a,6.351619958877563e-07,20261005-010838-8084b01
2013,nn3,lnoa_gr1a,1.0039657354354858e-06,20261005-010838-8084b01
2013,nn3,capx_gr1,-2.7623027563095093e-06,20261005-010838-8084b01
2013,nn3,capx_gr2,-2.9243528842926025e-07,20261005-010838-8084b01
2013,nn3,capx_gr3,-3.2801181077957153e-06,20261005-010838-8084b01
2013,nn3,chcsho_12m,-9.212642908096312e-06,20261005-010838-8084b01
2013,nn3,eqnpo_12m,2.117827534675598e-05,20261005-010838-8084b01
2013,nn3,debt_gr3,3.2354146242141724e-06,20261005-010838-8084b01
2013,nn3,inv_gr1,-2.911314368247986e-06,20261005-010838-8084b01
2013,nn3,inv_gr1a,-1.4603137969970703e-06,20261005-010838-8084b01
2013,nn3,oaccruals_at,-1.6689300537109375e-06,20261005-010838-8084b01
2013,nn3,taccruals_at,-3.3695250749588013e-06,20261005-010838-8084b01
2013,nn3,cowc_gr1a,4.023313522338867e-07,20261005-010838-8084b01
2013,nn3,coa_gr1a,3.829598426818848e-06,20261005-010838-8084b01
2013,nn3,col_gr1a,-1.600012183189392e-06,20261005-010838-8084b01
2013,nn3,nncoa_gr1a,9.182840585708618e-07,20261005-010838-8084b01
2013,nn3,ncoa_gr1a,2.4493783712387085e-06,20261005-010838-8084b01
2013,nn3,ncol_gr1a,-1.1567026376724243e-06,20261005-010838-8084b01
2013,nn3,nfna_gr1a,-2.408400177955627e-06,20261005-010838-8084b01
2013,nn3,sti_gr1a,4.014000296592712e-06,20261005-010838-8084b01
2013,nn3,lti_gr1a,3.5390257835388184e-08,20261005-010838-8084b01
2013,nn3,fnl_gr1a,1.607462763786316e-06,20261005-010838-8084b01
2013,nn3,be_gr1a,2.098269760608673e-05,20261005-010838-8084b01
2013,nn3,oaccruals_ni,3.3583492040634155e-06,20261005-010838-8084b01
2013,nn3,taccruals_ni,4.533678293228149e-06,20261005-010838-8084b01
2013,nn3,netis_at,1.5944242477416992e-06,20261005-010838-8084b01
2013,nn3,eqnetis_at,-7.491558790206909e-06,20261005-010838-8084b01
2013,nn3,dbnetis_at,3.5222619771957397e-06,20261005-010838-8084b01
2013,nn3,niq_be,-8.111819624900818e-06,20261005-010838-8084b01
2013,nn3,niq_be_chg1,1.8496066331863403e-06,20261005-010838-8084b01
2013,nn3,niq_at,-1.4018267393112184e-05,20261005-010838-8084b01
2013,nn3,niq_at_chg1,2.7548521757125854e-06,20261005-010838-8084b01
2013,nn3,ebit_bev,1.4221295714378355e-05,20261005-010838-8084b01
2013,nn3,ebit_sale,-1.9766390323638916e-05,20261005-010838-8084b01
2013,nn3,sale_bev,6.763264536857605e-06,20261005-010838-8084b01
2013,nn3,at_turnover,3.75509262084961e-06,20261005-010838-8084b01
2013,nn3,gp_at,7.592141628265381e-06,20261005-010838-8084b01
2013,nn3,gp_atl1,7.530674338340759e-06,20261005-010838-8084b01
2013,nn3,ope_be,9.551644325256348e-06,20261005-010838-8084b01
2013,nn3,ope_bel1,4.369765520095825e-06,20261005-010838-8084b01
2013,nn3,op_at,-2.283044159412384e-05,20261005-010838-8084b01
2013,nn3,op_atl1,-8.529052138328552e-06,20261005-010838-8084b01
2013,nn3,cop_at,1.69314444065094e-06,20261005-010838-8084b01
2013,nn3,cop_atl1,1.0481104254722595e-05,20261005-010838-8084b01
2013,nn3,f_score,9.197741746902466e-06,20261005-010838-8084b01
2013,nn3,o_score,1.6724690794944763e-05,20261005-010838-8084b01
2013,nn3,z_score,-1.4025717973709106e-06,20261005-010838-8084b01
2013,nn3,pi_nix,4.116445779800415e-07,20261005-010838-8084b01
2013,nn3,at_be,4.43682074546814e-06,20261005-010838-8084b01
2013,nn3,saleq_gr1,1.6596168279647827e-05,20261005-010838-8084b01
2013,nn3,rd_me,7.38389790058136e-05,20261005-010838-8084b01
2013,nn3,rd_sale,1.374073326587677e-05,20261005-010838-8084b01
2013,nn3,opex_at,-2.292916178703308e-06,20261005-010838-8084b01
2013,nn3,emp_gr1,7.126480340957642e-06,20261005-010838-8084b01
2013,nn3,rd5_at,1.2384727597236632e-05,20261005-010838-8084b01
2013,nn3,age,3.297440707683563e-05,20261005-010838-8084b01
2013,nn3,dsale_dinv,-2.5480985641479492e-06,20261005-010838-8084b01
2013,nn3,dsale_drec,5.606561899185181e-07,20261005-010838-8084b01
2013,nn3,dgp_dsale,3.706663846969605e-07,20261005-010838-8084b01
2013,nn3,dsale_dsga,2.2910535335540777e-07,20261005-010838-8084b01
2013,nn3,sale_emp_gr1,9.238719940185548e-07,20261005-010838-8084b01
2013,nn3,tangibility,1.763366162776947e-05,20261005-010838-8084b01
2013,nn3,kz_index,1.4435499906539917e-06,20261005-010838-8084b01
2013,nn3,ocfq_saleq_std,6.9569796323776245e-06,20261005-010838-8084b01
2013,nn3,cash_at,4.369392991065979e-05,20261005-010838-8084b01
2013,nn3,ni_ar1,1.646578311920166e-06,20261005-010838-8084b01
2013,nn3,ni_ivol,1.4094635844230652e-05,20261005-010838-8084b01
2013,nn3,earnings_variability,1.96695327758789e-06,20261005-010838-8084b01
2013,nn3,aliq_at,-8.024275302886963e-06,20261005-010838-8084b01
2013,nn3,aliq_mat,-2.5462359189987183e-06,20261005-010838-8084b01
2013,nn3,seas_1_1an,-5.17629086971283e-06,20261005-010838-8084b01
2013,nn3,seas_1_1na,4.449672996997833e-05,20261005-010838-8084b01
2013,nn3,seas_2_5an,5.289912223815918e-07,20261005-010838-8084b01
2013,nn3,seas_2_5na,-2.25752592086792e-06,20261005-010838-8084b01
2013,nn3,seas_6_10an,6.360933184623718e-06,20261005-010838-8084b01
2013,nn3,seas_6_10na,6.563961505889893e-06,20261005-010838-8084b01
2013,nn3,seas_11_15an,-5.736947059631348e-07,20261005-010838-8084b01
2013,nn3,seas_11_15na,-1.3243407011032104e-06,20261005-010838-8084b01
2013,nn3,seas_16_20an,7.886439561843872e-06,20261005-010838-8084b01
2013,nn3,seas_16_20na,-2.2165477275848389e-07,20261005-010838-8084b01
2013,nn3,market_equity,5.1915645599365234e-05,20261005-010838-8084b01
2013,nn3,ivol_ff3_21d,2.0096078515052795e-05,20261005-010838-8084b01
2013,nn3,ivol_capm_252d,-4.2457133531570435e-05,20261005-010838-8084b01
2013,nn3,ivol_capm_21d,1.924671232700348e-05,20261005-010838-8084b01
2013,nn3,ivol_hxz4_21d,-6.568990647792816e-05,20261005-010838-8084b01
2013,nn3,rvol_21d,1.8185004591941833e-05,20261005-010838-8084b01
2013,nn3,beta_60m,1.9740313291549683e-05,20261005-010838-8084b01
2013,nn3,betabab_1260d,1.409091055393219e-05,20261005-010838-8084b01
2013,nn3,beta_dimson_21d,2.3972243070602417e-06,20261005-010838-8084b01
2013,nn3,turnover_126d,1.946091651916504e-05,20261005-010838-8084b01
2013,nn3,turnover_var_126d,6.996467709541321e-05,20261005-010838-8084b01
2013,nn3,dolvol_126d,9.71369445323944e-06,20261005-010838-8084b01
2013,nn3,dolvol_var_126d,-2.3417174816131592e-05,20261005-010838-8084b01
2013,nn3,prc,0.0001076869666576,20261005-010838-8084b01
2013,nn3,ami_126d,1.471303403377533e-05,20261005-010838-8084b01
2013,nn3,zero_trades_21d,0.0002894941717386,20261005-010838-8084b01
2013,nn3,zero_trades_126d,6.153248250484467e-05,20261005-010838-8084b01
2013,nn3,zero_trades_252d,7.535889744758606e-05,20261005-010838-8084b01
2013,nn3,rmax1_21d,-6.761401891708374e-06,20261005-010838-8084b01
2013,nn3,rskew_21d,3.0491501092910767e-06,20261005-010838-8084b01
2013,nn3,iskew_capm_21d,7.515773177146912e-06,20261005-010838-8084b01
2013,nn3,iskew_ff3_21d,2.684071660041809e-06,20261005-010838-8084b01
2013,nn3,iskew_hxz4_21d,-1.9762665033340454e-06,20261005-010838-8084b01
2013,nn3,coskew_21d,-2.0172446966171265e-06,20261005-010838-8084b01
2013,nn3,ret_1_0,6.791949272155762e-05,20261005-010838-8084b01
2013,nn3,betadown_252d,4.343688488006592e-06,20261005-010838-8084b01
2013,nn3,bidaskhl_21d,2.862885594367981e-06,20261005-010838-8084b01
2013,nn3,ret_3_1,2.3424625396728516e-05,20261005-010838-8084b01
2013,nn3,ret_9_1,2.235174179077149e-07,20261005-010838-8084b01
2013,nn3,ret_12_7,7.323920726776123e-06,20261005-010838-8084b01
2013,nn3,corr_1260d,1.2448057532310486e-05,20261005-010838-8084b01
2013,nn3,rmax5_21d,-4.787184298038483e-05,20261005-010838-8084b01
2013,nn3,rmax5_rvol_21d,4.301406443119049e-05,20261005-010838-8084b01
2013,nn3,ni_be,1.0505318641662598e-05,20261005-010838-8084b01
2013,nn3,ocf_at,7.450580596923828e-06,20261005-010838-8084b01
2013,nn3,ocf_at_chg1,-5.675479769706726e-06,20261005-010838-8084b01
2013,nn3,mispricing_perf,-6.418675184249878e-06,20261005-010838-8084b01
2013,nn3,mispricing_mgmt,1.0486692190170288e-06,20261005-010838-8084b01
2013,nn3,qmj,2.950429916381836e-05,20261005-010838-8084b01
2013,nn3,qmj_prof,-4.33996319770813e-07,20261005-010838-8084b01
2013,nn3,qmj_growth,-7.80448317527771e-07,20261005-010838-8084b01
2013,nn3,qmj_safety,-2.86102294921875e-06,20261005-010838-8084b01
2015,nn3,niq_su,-1.0132789611816406e-06,20261005-010838-8084b01
2015,nn3,ret_6_1,-3.8035213947296143e-06,20261005-010838-8084b01
2015,nn3,ret_12_1,1.810118556022644e-05,20261005-010838-8084b01
2015,nn3,saleq_su,9.96515154838562e-06,20261005-010838-8084b01
2015,nn3,tax_gr1a,3.829598426818848e-06,20261005-010838-8084b01
2015,nn3,ni_inc8q,-1.3597309589385986e-06,20261005-010838-8084b01
2015,nn3,prc_highprc_252d,6.647780537605286e-05,20261005-010838-8084b01
2015,nn3,resff3_6_1,-8.665025234222412e-06,20261005-010838-8084b01
2015,nn3,resff3_12_1,1.6763806343078611e-06,20261005-010838-8084b01
2015,nn3,be_me,-4.2323023080825806e-05,20261005-010838-8084b01
2015,nn3,debt_me,-3.259629011154175e-06,20261005-010838-8084b01
2015,nn3,at_me,-2.9437243938446045e-05,20261005-010838-8084b01
2015,nn3,ret_60_12,-1.5351921319961548e-05,20261005-010838-8084b01
2015,nn3,ni_me,5.234032869338989e-06,20261005-010838-8084b01
2015,nn3,fcf_me,1.3746321201324465e-06,20261005-010838-8084b01
2015,nn3,div12m_me,-3.5688281059265137e-06,20261005-010838-8084b01
2015,nn3,eqpo_me,-6.563961505889893e-06,20261005-010838-8084b01
2015,nn3,eqnpo_me,-4.470348358154297e-06,20261005-010838-8084b01
2015,nn3,sale_gr3,9.313225746154784e-07,20261005-010838-8084b01
2015,nn3,sale_gr1,-4.67151403427124e-06,20261005-010838-8084b01
2015,nn3,ebitda_mev,4.447996616363525e-06,20261005-010838-8084b01
2015,nn3,sale_me,-4.460662603378296e-05,20261005-010838-8084b01
2015,nn3,ocf_me,-7.715076208114624e-06,20261005-010838-8084b01
2015,nn3,ival_me,1.166015863418579e-06,20261005-010838-8084b01
2015,nn3,bev_mev,-1.4822930097579956e-05,20261005-010838-8084b01
2015,nn3,netdebt_me,2.619624137878418e-05,20261005-010838-8084b01
2015,nn3,eq_dur,-2.127140760421753e-06,20261005-010838-8084b01
2015,nn3,capex_abn,1.0654330253601074e-06,20261005-010838-8084b01
2015,nn3,at_gr1,2.0988285541534424e-05,20261005-010838-8084b01
2015,nn3,ppeinv_gr1a,-4.652887582778931e-06,20261005-010838-8084b01
2015,nn3,noa_at,1.301988959312439e-05,20261005-010838-8084b01
2015,nn3,noa_gr1a,2.551823854446411e-06,20261005-010838-8084b01
2015,nn3,lnoa_gr1a,-2.291053533554077e-06,20261005-010838-8084b01
2015,nn3,capx_gr1,-2.272427082061768e-07,20261005-010838-8084b01
2015,nn3,capx_gr2,-5.4836273193359375e-06,20261005-010838-8084b01
2015,nn3,capx_gr3,1.5869736671447754e-06,20261005-010838-8084b01
2015,nn3,chcsho_12m,2.142041921615601e-05,20261005-010838-8084b01
2015,nn3,eqnpo_12m,-1.3690441846847534e-05,20261005-010838-8084b01
2015,nn3,debt_gr3,-4.209578037261963e-07,20261005-010838-8084b01
2015,nn3,inv_gr1,2.2202730178833008e-06,20261005-010838-8084b01
2015,nn3,inv_gr1a,-3.5353004932403564e-06,20261005-010838-8084b01
2015,nn3,oaccruals_at,-1.4826655387878418e-06,20261005-010838-8084b01
2015,nn3,taccruals_at,-1.564621925354004e-06,20261005-010838-8084b01
2015,nn3,cowc_gr1a,1.8514692783355713e-06,20261005-010838-8084b01
2015,nn3,coa_gr1a,-2.51084566116333e-06,20261005-010838-8084b01
2015,nn3,col_gr1a,1.5869736671447754e-06,20261005-010838-8084b01
2015,nn3,nncoa_gr1a,0.0,20261005-010838-8084b01
2015,nn3,ncoa_gr1a,-1.38208270072937e-06,20261005-010838-8084b01
2015,nn3,ncol_gr1a,3.855675458908081e-06,20261005-010838-8084b01
2015,nn3,nfna_gr1a,1.30385160446167e-07,20261005-010838-8084b01
2015,nn3,sti_gr1a,-1.0319054126739502e-06,20261005-010838-8084b01
2015,nn3,lti_gr1a,-7.37607479095459e-07,20261005-010838-8084b01
2015,nn3,fnl_gr1a,-1.9222497940063477e-06,20261005-010838-8084b01
2015,nn3,be_gr1a,-3.8743019104003906e-07,20261005-010838-8084b01
2015,nn3,oaccruals_ni,-4.127621650695801e-06,20261005-010838-8084b01
2015,nn3,taccruals_ni,3.0025839805603027e-06,20261005-010838-8084b01
2015,nn3,netis_at,-1.3671815395355225e-06,20261005-010838-8084b01
2015,nn3,eqnetis_at,2.8759241104125977e-06,20261005-010838-8084b01
2015,nn3,dbnetis_at,7.040798664093018e-07,20261005-010838-8084b01
2015,nn3,niq_be,1.234188675880432e-05,20261005-010838-8084b01
2015,nn3,niq_be_chg1,4.887580871582031e-06,20261005-010838-8084b01
2015,nn3,niq_at,1.4901161193847656e-05,20261005-010838-8084b01
2015,nn3,niq_at_chg1,2.436339855194092e-06,20261005-010838-8084b01
2015,nn3,ebit_bev,-1.4778226613998411e-05,20261005-010838-8084b01
2015,nn3,ebit_sale,7.711350917816162e-06,20261005-010838-8084b01
2015,nn3,sale_bev,-2.592802047729492e-06,20261005-010838-8084b01
2015,nn3,at_turnover,1.7061829566955566e-06,20261005-010838-8084b01
2015,nn3,gp_at,-3.125518560409546e-06,20261005-010838-8084b01
2015,nn3,gp_atl1,-1.385807991027832e-06,20261005-010838-8084b01
2015,nn3,ope_be,-1.5906989574432373e-06,20261005-010838-8084b01
2015,nn3,ope_bel1,-1.1138617992401123e-06,20261005-010838-8084b01
2015,nn3,op_at,1.6376376152038574e-05,20261005-010838-8084b01
2015,nn3,op_atl1,1.027435064315796e-05,20261005-010838-8084b01
2015,nn3,cop_at,-6.679445505142212e-06,20261005-010838-8084b01
2015,nn3,cop_atl1,-4.6603381633758545e-06,20261005-010838-8084b01
2015,nn3,f_score,-2.78279185295105e-06,20261005-010838-8084b01
2015,nn3,o_score,-7.878988981246948e-06,20261005-010838-8084b01
2015,nn3,z_score,9.71183180809021e-06,20261005-010838-8084b01
2015,nn3,pi_nix,-6.444752216339111e-07,20261005-010838-8084b01
2015,nn3,at_be,8.966773748397827e-06,20261005-010838-8084b01
2015,nn3,saleq_gr1,8.72090458869934e-06,20261005-010838-8084b01
2015,nn3,rd_me,2.193450927734375e-05,20261005-010838-8084b01
2015,nn3,rd_sale,-4.231929779052734e-06,20261005-010838-8084b01
2015,nn3,opex_at,6.809830665588379e-06,20261005-010838-8084b01
2015,nn3,emp_gr1,5.781650543212891e-06,20261005-010838-8084b01
2015,nn3,rd5_at,-3.166496753692627e-06,20261005-010838-8084b01
2015,nn3,age,-3.244727849960327e-06,20261005-010838-8084b01
2015,nn3,dsale_dinv,-1.1809170246124268e-06,20261005-010838-8084b01
2015,nn3,dsale_drec,2.7567148208618164e-07,20261005-010838-8084b01
2015,nn3,dgp_dsale,2.6188790798187256e-06,20261005-010838-8084b01
2015,nn3,dsale_dsga,4.731118679046631e-07,20261005-010838-8084b01
2015,nn3,sale_emp_gr1,-2.123415470123291e-07,20261005-010838-8084b01
2015,nn3,tangibility,-3.688037395477295e-07,20261005-010838-8084b01
2015,nn3,kz_index,-1.0170042514801024e-05,20261005-010838-8084b01
2015,nn3,ocfq_saleq_std,-1.9818544387817383e-06,20261005-010838-8084b01
2015,nn3,cash_at,2.4031847715377808e-05,20261005-010838-8084b01
2015,nn3,ni_ar1,-1.564621925354004e-06,20261005-010838-8084b01
2015,nn3,ni_ivol,-4.459172487258911e-06,20261005-010838-8084b01
2015,nn3,earnings_variability,-1.5869736671447754e-06,20261005-010838-8084b01
2015,nn3,aliq_at,6.22868537902832e-06,20261005-010838-8084b01
2015,nn3,aliq_mat,5.535781383514404e-05,20261005-010838-8084b01
2015,nn3,seas_1_1an,3.649666905403137e-05,20261005-010838-8084b01
2015,nn3,seas_1_1na,-5.992129445075989e-05,20261005-010838-8084b01
2015,nn3,seas_2_5an,2.973899245262146e-05,20261005-010838-8084b01
2015,nn3,seas_2_5na,3.032386302947998e-06,20261005-010838-8084b01
2015,nn3,seas_6_10an,-1.9744038581848145e-06,20261005-010838-8084b01
2015,nn3,seas_6_10na,4.5746564865112305e-06,20261005-010838-8084b01
2015,nn3,seas_11_15an,3.285706043243408e-06,20261005-010838-8084b01
2015,nn3,seas_11_15na,8.344650268554688e-07,20261005-010838-8084b01
2015,nn3,seas_16_20an,-4.328787326812744e-06,20261005-010838-8084b01
2015,nn3,seas_16_20na,1.4528632164001465e-07,20261005-010838-8084b01
2015,nn3,market_equity,-4.3392181396484375e-05,20261005-010838-8084b01
2015,nn3,ivol_ff3_21d,-8.072704076766968e-06,20261005-010838-8084b01
2015,nn3,ivol_capm_252d,5.6393444538116455e-05,20261005-010838-8084b01
2015,nn3,ivol_capm_21d,-9.413808584213257e-06,20261005-010838-8084b01
2015,nn3,ivol_hxz4_21d,0.0001011043787002,20261005-010838-8084b01
2015,nn3,rvol_21d,-1.6357749700546265e-05,20261005-010838-8084b01
2015,nn3,beta_60m,-1.2394040822982788e-05,20261005-010838-8084b01
2015,nn3,betabab_1260d,-8.899718523025513e-06,20261005-010838-8084b01
2015,nn3,beta_dimson_21d,-7.487833499908447e-07,20261005-010838-8084b01
2015,nn3,turnover_126d,8.331611752510071e-05,20261005-010838-8084b01
2015,nn3,turnover_var_126d,-2.119317650794983e-05,20261005-010838-8084b01
2015,nn3,dolvol_126d,-4.112720489501953e-06,20261005-010838-8084b01
2015,nn3,dolvol_var_126d,2.932921051979065e-05,20261005-010838-8084b01
2015,nn3,prc,-7.485970854759216e-05,20261005-010838-8084b01
2015,nn3,ami_126d,-1.1976808309555054e-05,20261005-010838-8084b01
2015,nn3,zero_trades_21d,0.0004054829478263,20261005-010838-8084b01
2015,nn3,zero_trades_126d,4.477798938751221e-06,20261005-010838-8084b01
2015,nn3,zero_trades_252d,-1.173466444015503e-05,20261005-010838-8084b01
2015,nn3,rmax1_21d,8.590519428253174e-06,20261005-010838-8084b01
2015,nn3,rskew_21d,9.350478649139404e-07,20261005-010838-8084b01
2015,nn3,iskew_capm_21d,1.862645149230957e-08,20261005-010838-8084b01
2015,nn3,iskew_ff3_21d,3.632158041000366e-06,20261005-010838-8084b01
2015,nn3,iskew_hxz4_21d,3.691762685775757e-06,20261005-010838-8084b01
2015,nn3,coskew_21d,-1.218169927597046e-06,20261005-010838-8084b01
2015,nn3,ret_1_0,-3.222376108169556e-05,20261005-010838-8084b01
2015,nn3,betadown_252d,-5.140900611877441e-07,20261005-010838-8084b01
2015,nn3,bidaskhl_21d,-3.8661062717437744e-05,20261005-010838-8084b01
2015,nn3,ret_3_1,-2.716854214668274e-05,20261005-010838-8084b01
2015,nn3,ret_9_1,-1.3746321201324465e-06,20261005-010838-8084b01
2015,nn3,ret_12_7,2.004578709602356e-05,20261005-010838-8084b01
2015,nn3,corr_1260d,-1.323595643043518e-05,20261005-010838-8084b01
2015,nn3,rmax5_21d,2.8289854526519775e-05,20261005-010838-8084b01
2015,nn3,rmax5_rvol_21d,4.355981945991516e-05,20261005-010838-8084b01
2015,nn3,ni_be,-7.081776857376099e-06,20261005-010838-8084b01
2015,nn3,ocf_at,2.205371856689453e-06,20261005-010838-8084b01
2015,nn3,ocf_at_chg1,4.369765520095825e-06,20261005-010838-8084b01
2015,nn3,mispricing_perf,1.0214745998382568e-05,20261005-010838-8084b01
2015,nn3,mispricing_mgmt,2.4586915969848633e-07,20261005-010838-8084b01
2015,nn3,qmj,-1.2986361980438232e-05,20261005-010838-8084b01
2015,nn3,qmj_prof,-2.5406479835510254e-06,20261005-010838-8084b01
2015,nn3,qmj_growth,9.980052709579468e-06,20261005-010838-8084b01
2015,nn3,qmj_safety,2.617761492729187e-05,20261005-010838-8084b01
2017,nn3,niq_su,-8.23289155960083e-07,20261005-010838-8084b01
2017,nn3,ret_6_1,-1.0136514902114868e-05,20261005-010838-8084b01
2017,nn3,ret_12_1,9.354203939437866e-06,20261005-010838-8084b01
2017,nn3,saleq_su,8.206814527511597e-06,20261005-010838-8084b01
2017,nn3,tax_gr1a,5.638226866722107e-06,20261005-010838-8084b01
2017,nn3,ni_inc8q,4.144385457038879e-06,20261005-010838-8084b01
2017,nn3,prc_highprc_252d,6.880611181259155e-06,20261005-010838-8084b01
2017,nn3,resff3_6_1,-2.0582228899002075e-06,20261005-010838-8084b01
2017,nn3,resff3_12_1,-6.515532732009888e-06,20261005-010838-8084b01
2017,nn3,be_me,1.2656673789024351e-05,20261005-010838-8084b01
2017,nn3,debt_me,2.9634684324264526e-06,20261005-010838-8084b01
2017,nn3,at_me,-4.366040229797363e-06,20261005-010838-8084b01
2017,nn3,ret_60_12,-5.466863512992859e-06,20261005-010838-8084b01
2017,nn3,ni_me,3.205612301826477e-06,20261005-010838-8084b01
2017,nn3,fcf_me,-2.8926879167556763e-06,20261005-010838-8084b01
2017,nn3,div12m_me,1.4416873455047607e-06,20261005-010838-8084b01
2017,nn3,eqpo_me,1.5832483768463137e-06,20261005-010838-8084b01
2017,nn3,eqnpo_me,-2.6654452085494995e-06,20261005-010838-8084b01
2017,nn3,sale_gr3,3.8333237171173096e-06,20261005-010838-8084b01
2017,nn3,sale_gr1,-6.884336471557617e-06,20261005-010838-8084b01
2017,nn3,ebitda_mev,1.6167759895324707e-06,20261005-010838-8084b01
2017,nn3,sale_me,-2.086348831653595e-05,20261005-010838-8084b01
2017,nn3,ocf_me,-1.105666160583496e-05,20261005-010838-8084b01
2017,nn3,ival_me,-1.821666955947876e-06,20261005-010838-8084b01
2017,nn3,bev_mev,-3.471970558166504e-06,20261005-010838-8084b01
2017,nn3,netdebt_me,2.275407314300537e-05,20261005-010838-8084b01
2017,nn3,eq_dur,6.895512342453003e-06,20261005-010838-8084b01
2017,nn3,capex_abn,-1.9334256649017334e-06,20261005-010838-8084b01
2017,nn3,at_gr1,9.151175618171692e-06,20261005-010838-8084b01
2017,nn3,ppeinv_gr1a,-2.436339855194092e-06,20261005-010838-8084b01
2017,nn3,noa_at,5.513429641723633e-06,20261005-010838-8084b01
2017,nn3,noa_gr1a,1.1902302503585815e-06,20261005-010838-8084b01
2017,nn3,lnoa_gr1a,-2.3953616619110107e-06,20261005-010838-8084b01
2017,nn3,capx_gr1,-2.427026629447937e-06,20261005-010838-8084b01
2017,nn3,capx_gr2,-1.4901161193847656e-08,20261005-010838-8084b01
2017,nn3,capx_gr3,2.810731530189514e-06,20261005-010838-8084b01
2017,nn3,chcsho_12m,1.2198463082313538e-05,20261005-010838-8084b01
2017,nn3,eqnpo_12m,-6.018206477165222e-06,20261005-010838-8084b01
2017,nn3,debt_gr3,1.1622905731201172e-06,20261005-010838-8084b01
2017,nn3,inv_gr1,3.539025783538819e-07,20261005-010838-8084b01
2017,nn3,inv_gr1a,-3.123655915260315e-06,20261005-010838-8084b01
2017,nn3,oaccruals_at,-6.724148988723755e-07,20261005-010838-8084b01
2017,nn3,taccruals_at,3.2689422369003296e-06,20261005-010838-8084b01
2017,nn3,cowc_gr1a,-1.214444637298584e-06,20261005-010838-8084b01
2017,nn3,coa_gr1a,-5.934387445449829e-06,20261005-010838-8084b01
2017,nn3,col_gr1a,2.387911081314087e-06,20261005-010838-8084b01
2017,nn3,nncoa_gr1a,-1.695007085800171e-06,20261005-010838-8084b01
2017,nn3,ncoa_gr1a,-1.998618245124817e-06,20261005-010838-8084b01
2017,nn3,ncol_gr1a,2.041459083557129e-06,20261005-010838-8084b01
2017,nn3,nfna_gr1a,-7.970258593559265e-06,20261005-010838-8084b01
2017,nn3,sti_gr1a,-1.9837170839309692e-06,20261005-010838-8084b01
2017,nn3,lti_gr1a,-3.091990947723389e-07,20261005-010838-8084b01
2017,nn3,fnl_gr1a,2.6281923055648804e-06,20261005-010838-8084b01
2017,nn3,be_gr1a,-3.0137598514556885e-06,20261005-010838-8084b01
2017,nn3,oaccruals_ni,2.896413207054138e-06,20261005-010838-8084b01
2017,nn3,taccruals_ni,2.518296241760254e-06,20261005-010838-8084b01
2017,nn3,netis_at,-8.009374141693115e-08,20261005-010838-8084b01
2017,nn3,eqnetis_at,-1.136213541030884e-07,20261005-010838-8084b01
2017,nn3,dbnetis_at,-3.241002559661865e-07,20261005-010838-8084b01
2017,nn3,niq_be,-3.706663846969605e-06,20261005-010838-8084b01
2017,nn3,niq_be_chg1,5.699694156646729e-07,20261005-010838-8084b01
2017,nn3,niq_at,1.6745179891586304e-06,20261005-010838-8084b01
2017,nn3,niq_at_chg1,6.817281246185303e-07,20261005-010838-8084b01
2017,nn3,ebit_bev,3.874301910400391e-06,20261005-010838-8084b01
2017,nn3,ebit_sale,-8.987262845039368e-06,20261005-010838-8084b01
2017,nn3,sale_bev,-6.817281246185303e-07,20261005-010838-8084b01
2017,nn3,at_turnover,5.81890344619751e-06,20261005-010838-8084b01
2017,nn3,gp_at,3.2223761081695557e-07,20261005-010838-8084b01
2017,nn3,gp_atl1,3.822147846221924e-06,20261005-010838-8084b01
2017,nn3,ope_be,5.941838026046753e-07,20261005-010838-8084b01
2017,nn3,ope_bel1,3.4011900424957275e-06,20261005-010838-8084b01
2017,nn3,op_at,5.2228569984436035e-06,20261005-010838-8084b01
2017,nn3,op_atl1,-3.32854688167572e-06,20261005-010838-8084b01
2017,nn3,cop_at,-2.7865171432495117e-06,20261005-010838-8084b01
2017,nn3,cop_atl1,7.599592208862305e-07,20261005-010838-8084b01
2017,nn3,f_score,6.258487701416016e-07,20261005-010838-8084b01
2017,nn3,o_score,4.488974809646607e-07,20261005-010838-8084b01
2017,nn3,z_score,4.3548643589019775e-06,20261005-010838-8084b01
2017,nn3,pi_nix,3.725290298461914e-09,20261005-010838-8084b01
2017,nn3,at_be,1.3511627912521362e-05,20261005-010838-8084b01
2017,nn3,saleq_gr1,1.7033889889717102e-05,20261005-010838-8084b01
2017,nn3,rd_me,2.2141262888908383e-05,20261005-010838-8084b01
2017,nn3,rd_sale,1.1630356311798096e-05,20261005-010838-8084b01
2017,nn3,opex_at,8.093193173408508e-06,20261005-010838-8084b01
2017,nn3,emp_gr1,5.68293035030365e-06,20261005-010838-8084b01
2017,nn3,rd5_at,7.450580596923828e-09,20261005-010838-8084b01
2017,nn3,age,5.509704351425171e-06,20261005-010838-8084b01
2017,nn3,dsale_dinv,4.116445779800415e-07,20261005-010838-8084b01
2017,nn3,dsale_drec,2.473592758178711e-06,20261005-010838-8084b01
2017,nn3,dgp_dsale,-1.396983861923218e-07,20261005-010838-8084b01
2017,nn3,dsale_dsga,1.6745179891586304e-06,20261005-010838-8084b01
2017,nn3,sale_emp_gr1,-1.3206154108047483e-06,20261005-010838-8084b01
2017,nn3,tangibility,1.0166317224502563e-05,20261005-010838-8084b01
2017,nn3,kz_index,-1.1473894119262695e-06,20261005-010838-8084b01
2017,nn3,ocfq_saleq_std,6.627291440963745e-06,20261005-010838-8084b01
2017,nn3,cash_at,4.608184099197388e-05,20261005-010838-8084b01
2017,nn3,ni_ar1,-1.0617077350616456e-07,20261005-010838-8084b01
2017,nn3,ni_ivol,4.3977051973342896e-06,20261005-010838-8084b01
2017,nn3,earnings_variability,1.9706785678863525e-06,20261005-010838-8084b01
2017,nn3,aliq_at,2.1979212760925293e-07,20261005-010838-8084b01
2017,nn3,aliq_mat,1.2634322047233582e-05,20261005-010838-8084b01
2017,nn3,seas_1_1an,-1.0358169674873352e-05,20261005-010838-8084b01
2017,nn3,seas_1_1na,-4.230067133903503e-06,20261005-010838-8084b01
2017,nn3,seas_2_5an,1.2857839465141296e-05,20261005-010838-8084b01
2017,nn3,seas_2_5na,3.56137752532959e-06,20261005-010838-8084b01
2017,nn3,seas_6_10an,-5.029141902923584e-07,20261005-010838-8084b01
2017,nn3,seas_6_10na,-5.649402737617493e-06,20261005-010838-8084b01
2017,nn3,seas_11_15an,3.2223761081695557e-07,20261005-010838-8084b01
2017,nn3,seas_11_15na,2.037733793258667e-06,20261005-010838-8084b01
2017,nn3,seas_16_20an,2.123415470123291e-07,20261005-010838-8084b01
2017,nn3,seas_16_20na,1.695007085800171e-07,20261005-010838-8084b01
2017,nn3,market_equity,-1.5366822481155396e-05,20261005-010838-8084b01
2017,nn3,ivol_ff3_21d,8.370727300643921e-06,20261005-010838-8084b01
2017,nn3,ivol_capm_252d,-9.3802809715271e-06,20261005-010838-8084b01
2017,nn3,ivol_capm_21d,6.237998604774475e-06,20261005-010838-8084b01
2017,nn3,ivol_hxz4_21d,2.2368505597114563e-05,20261005-010838-8084b01
2017,nn3,rvol_21d,1.9239261746406555e-05,20261005-010838-8084b01
2017,nn3,beta_60m,4.477798938751221e-06,20261005-010838-8084b01
2017,nn3,betabab_1260d,-4.850327968597412e-06,20261005-010838-8084b01
2017,nn3,beta_dimson_21d,-1.2703239917755127e-06,20261005-010838-8084b01
2017,nn3,turnover_126d,3.737211227416992e-05,20261005-010838-8084b01
2017,nn3,turnover_var_126d,2.1336600184440613e-05,20261005-010838-8084b01
2017,nn3,dolvol_126d,-3.907829523086548e-06,20261005-010838-8084b01
2017,nn3,dolvol_var_126d,2.3875385522842407e-05,20261005-010838-8084b01
2017,nn3,prc,-1.7976388335227966e-05,20261005-010838-8084b01
2017,nn3,ami_126d,-4.677101969718933e-06,20261005-010838-8084b01
2017,nn3,zero_trades_21d,0.0002421233803033,20261005-010838-8084b01
2017,nn3,zero_trades_126d,3.664195537567139e-05,20261005-010838-8084b01
2017,nn3,zero_trades_252d,2.5857239961624146e-05,20261005-010838-8084b01
2017,nn3,rmax1_21d,-3.6992132663726807e-06,20261005-010838-8084b01
2017,nn3,rskew_21d,-2.119690179824829e-06,20261005-010838-8084b01
2017,nn3,iskew_capm_21d,5.755573511123657e-07,20261005-010838-8084b01
2017,nn3,iskew_ff3_21d,6.109476089477539e-06,20261005-010838-8084b01
2017,nn3,iskew_hxz4_21d,3.56137752532959e-06,20261005-010838-8084b01
2017,nn3,coskew_21d,3.827735781669617e-06,20261005-010838-8084b01
2017,nn3,ret_1_0,3.4712255001068115e-05,20261005-010838-8084b01
2017,nn3,betadown_252d,-2.8889626264572144e-06,20261005-010838-8084b01
2017,nn3,bidaskhl_21d,-2.6891008019447327e-05,20261005-010838-8084b01
2017,nn3,ret_3_1,9.855255484580994e-06,20261005-010838-8084b01
2017,nn3,ret_9_1,-1.5808269381523132e-05,20261005-010838-8084b01
2017,nn3,ret_12_7,2.294778823852539e-06,20261005-010838-8084b01
2017,nn3,corr_1260d,-3.373250365257263e-06,20261005-010838-8084b01
2017,nn3,rmax5_21d,-9.16607677936554e-06,20261005-010838-8084b01
2017,nn3,rmax5_rvol_21d,-2.125650644302368e-05,20261005-010838-8084b01
2017,nn3,ni_be,1.6521662473678589e-06,20261005-010838-8084b01
2017,nn3,ocf_at,-1.9278377294540405e-06,20261005-010838-8084b01
2017,nn3,ocf_at_chg1,-1.4510005712509155e-06,20261005-010838-8084b01
2017,nn3,mispricing_perf,-1.7192214727401731e-06,20261005-010838-8084b01
2017,nn3,mispricing_mgmt,-1.695007085800171e-07,20261005-010838-8084b01
2017,nn3,qmj,6.401911377906799e-06,20261005-010838-8084b01
2017,nn3,qmj_prof,2.117827534675598e-06,20261005-010838-8084b01
2017,nn3,qmj_growth,1.6670674085617063e-06,20261005-010838-8084b01
2017,nn3,qmj_safety,1.5150755643844604e-05,20261005-010838-8084b01
2019,nn3,niq_su,-2.7418136596679688e-06,20261005-010838-8084b01
2019,nn3,ret_6_1,-6.660819053649902e-06,20261005-010838-8084b01
2019,nn3,ret_12_1,-4.883855581283569e-06,20261005-010838-8084b01
2019,nn3,saleq_su,-1.7993152141571045e-06,20261005-010838-8084b01
2019,nn3,tax_gr1a,-2.1457672119140625e-06,20261005-010838-8084b01
2019,nn3,ni_inc8q,2.1383166313171387e-06,20261005-010838-8084b01
2019,nn3,prc_highprc_252d,-4.046782851219177e-05,20261005-010838-8084b01
2019,nn3,resff3_6_1,7.264316082000732e-06,20261005-010838-8084b01
2019,nn3,resff3_12_1,-2.498924732208252e-05,20261005-010838-8084b01
2019,nn3,be_me,2.5998800992965695e-05,20261005-010838-8084b01
2019,nn3,debt_me,4.194676876068115e-06,20261005-010838-8084b01
2019,nn3,at_me,1.444295048713684e-05,20261005-010838-8084b01
2019,nn3,ret_60_12,-1.471489667892456e-06,20261005-010838-8084b01
2019,nn3,ni_me,-8.32974910736084e-06,20261005-010838-8084b01
2019,nn3,fcf_me,-6.064772605895996e-06,20261005-010838-8084b01
2019,nn3,div12m_me,1.2654811143875122e-05,20261005-010838-8084b01
2019,nn3,eqpo_me,7.975846529006958e-06,20261005-010838-8084b01
2019,nn3,eqnpo_me,-1.825392246246338e-06,20261005-010838-8084b01
2019,nn3,sale_gr3,3.0025839805603027e-06,20261005-010838-8084b01
2019,nn3,sale_gr1,8.586794137954712e-06,20261005-010838-8084b01
2019,nn3,ebitda_mev,-2.68593430519104e-05,20261005-010838-8084b01
2019,nn3,sale_me,-3.0938535928726196e-05,20261005-010838-8084b01
2019,nn3,ocf_me,-2.8114765882492065e-05,20261005-010838-8084b01
2019,nn3,ival_me,-1.7546117305755615e-06,20261005-010838-8084b01
2019,nn3,bev_mev,-5.904585123062134e-06,20261005-010838-8084b01
2019,nn3,netdebt_me,1.689046621322632e-05,20261005-010838-8084b01
2019,nn3,eq_dur,4.678964614868164e-06,20261005-010838-8084b01
2019,nn3,capex_abn,-2.644956111907959e-07,20261005-010838-8084b01
2019,nn3,at_gr1,9.723007678985596e-07,20261005-010838-8084b01
2019,nn3,ppeinv_gr1a,-3.7401914596557617e-06,20261005-010838-8084b01
2019,nn3,noa_at,3.3076852560043335e-05,20261005-010838-8084b01
2019,nn3,noa_gr1a,-1.3597309589385986e-06,20261005-010838-8084b01
2019,nn3,lnoa_gr1a,-3.8743019104003906e-07,20261005-010838-8084b01
2019,nn3,capx_gr1,4.4405460357666016e-06,20261005-010838-8084b01
2019,nn3,capx_gr2,7.450580596923828e-09,20261005-010838-8084b01
2019,nn3,capx_gr3,-1.1436641216278076e-06,20261005-010838-8084b01
2019,nn3,chcsho_12m,-1.7628073692321777e-05,20261005-010838-8084b01
2019,nn3,eqnpo_12m,2.909451723098755e-05,20261005-010838-8084b01
2019,nn3,debt_gr3,-1.3299286365509031e-06,20261005-010838-8084b01
2019,nn3,inv_gr1,4.3958425521850586e-07,20261005-010838-8084b01
2019,nn3,inv_gr1a,-3.214925527572632e-06,20261005-010838-8084b01
2019,nn3,oaccruals_at,-5.46872615814209e-06,20261005-010838-8084b01
2019,nn3,taccruals_at,-9.648501873016355e-07,20261005-010838-8084b01
2019,nn3,cowc_gr1a,-2.60770320892334e-08,20261005-010838-8084b01
2019,nn3,coa_gr1a,2.5443732738494873e-06,20261005-010838-8084b01
2019,nn3,col_gr1a,-2.723187208175659e-06,20261005-010838-8084b01
2019,nn3,nncoa_gr1a,9.94652509689331e-07,20261005-010838-8084b01
2019,nn3,ncoa_gr1a,1.2889504432678225e-06,20261005-010838-8084b01
2019,nn3,ncol_gr1a,-1.2926757335662842e-06,20261005-010838-8084b01
2019,nn3,nfna_gr1a,1.3746321201324465e-06,20261005-010838-8084b01
2019,nn3,sti_gr1a,-1.0505318641662598e-06,20261005-010838-8084b01
2019,nn3,lti_gr1a,3.352761268615723e-07,20261005-010838-8084b01
2019,nn3,fnl_gr1a,-3.501772880554199e-07,20261005-010838-8084b01
2019,nn3,be_gr1a,4.317611455917358e-06,20261005-010838-8084b01
2019,nn3,oaccruals_ni,-8.940696716308594e-07,20261005-010838-8084b01
2019,nn3,taccruals_ni,5.7034194469451904e-06,20261005-010838-8084b01
2019,nn3,netis_at,1.3075768947601318e-06,20261005-010838-8084b01
2019,nn3,eqnetis_at,-8.184462785720825e-06,20261005-010838-8084b01
2019,nn3,dbnetis_at,2.689659595489502e-06,20261005-010838-8084b01
2019,nn3,niq_be,-1.4156103134155273e-07,20261005-010838-8084b01
2019,nn3,niq_be_chg1,-1.3560056686401367e-06,20261005-010838-8084b01
2019,nn3,niq_at,-1.9274652004241943e-05,20261005-010838-8084b01
2019,nn3,niq_at_chg1,-5.401670932769775e-07,20261005-010838-8084b01
2019,nn3,ebit_bev,1.936405897140503e-05,20261005-010838-8084b01
2019,nn3,ebit_sale,-1.1574476957321169e-05,20261005-010838-8084b01
2019,nn3,sale_bev,-1.9706785678863525e-06,20261005-010838-8084b01
2019,nn3,at_turnover,6.891787052154541e-06,20261005-010838-8084b01
2019,nn3,gp_at,9.22754406929016e-06,20261005-010838-8084b01
2019,nn3,gp_atl1,7.849186658859253e-06,20261005-010838-8084b01
2019,nn3,ope_be,1.5944242477416992e-05,20261005-010838-8084b01
2019,nn3,ope_bel1,5.431473255157471e-06,20261005-010838-8084b01
2019,nn3,op_at,-4.017725586891174e-05,20261005-010838-8084b01
2019,nn3,op_atl1,-1.4841556549072266e-05,20261005-010838-8084b01
2019,nn3,cop_at,-1.0162591934204102e-05,20261005-010838-8084b01
2019,nn3,cop_atl1,5.3979456424713135e-06,20261005-010838-8084b01
2019,nn3,f_score,6.642192602157593e-06,20261005-010838-8084b01
2019,nn3,o_score,3.701448440551758e-05,20261005-010838-8084b01
2019,nn3,z_score,-6.515532732009888e-06,20261005-010838-8084b01
2019,nn3,pi_nix,7.227063179016113e-07,20261005-010838-8084b01
2019,nn3,at_be,2.2660940885543823e-05,20261005-010838-8084b01
2019,nn3,saleq_gr1,9.424984455108644e-06,20261005-010838-8084b01
2019,nn3,rd_me,8.724257349967957e-05,20261005-010838-8084b01
2019,nn3,rd_sale,1.3999640941619871e-05,20261005-010838-8084b01
2019,nn3,opex_at,-3.725290298461914e-06,20261005-010838-8084b01
2019,nn3,emp_gr1,5.729496479034424e-06,20261005-010838-8084b01
2019,nn3,rd5_at,3.378838300704956e-06,20261005-010838-8084b01
2019,nn3,age,8.065253496170044e-06,20261005-010838-8084b01
2019,nn3,dsale_dinv,-4.805624485015869e-07,20261005-010838-8084b01
2019,nn3,dsale_drec,3.799796104431152e-06,20261005-010838-8084b01
2019,nn3,dgp_dsale,-5.986541509628296e-06,20261005-010838-8084b01
2019,nn3,dsale_dsga,-6.742775440216064e-07,20261005-010838-8084b01
2019,nn3,sale_emp_gr1,1.2740492820739746e-06,20261005-010838-8084b01
2019,nn3,tangibility,2.0913779735565186e-05,20261005-010838-8084b01
2019,nn3,kz_index,-1.385807991027832e-06,20261005-010838-8084b01
2019,nn3,ocfq_saleq_std,4.2244791984558105e-06,20261005-010838-8084b01
2019,nn3,cash_at,5.0086528062820435e-05,20261005-010838-8084b01
2019,nn3,ni_ar1,7.078051567077638e-08,20261005-010838-8084b01
2019,nn3,ni_ivol,8.367002010345459e-06,20261005-010838-8084b01
2019,nn3,earnings_variability,4.7013163566589355e-06,20261005-010838-8084b01
2019,nn3,aliq_at,5.3532421588897705e-06,20261005-010838-8084b01
2019,nn3,aliq_mat,2.6483088731765747e-05,20261005-010838-8084b01
2019,nn3,seas_1_1an,-1.989305019378662e-05,20261005-010838-8084b01
2019,nn3,seas_1_1na,5.2347779273986816e-05,20261005-010838-8084b01
2019,nn3,seas_2_5an,3.3490359783172607e-06,20261005-010838-8084b01
2019,nn3,seas_2_5na,-3.2633543014526367e-06,20261005-010838-8084b01
2019,nn3,seas_6_10an,1.1567026376724243e-05,20261005-010838-8084b01
2019,nn3,seas_6_10na,2.291053533554077e-06,20261005-010838-8084b01
2019,nn3,seas_11_15an,-1.2628734111785889e-06,20261005-010838-8084b01
2019,nn3,seas_11_15na,2.8721988201141357e-06,20261005-010838-8084b01
2019,nn3,seas_16_20an,9.637326002120972e-06,20261005-010838-8084b01
2019,nn3,seas_16_20na,-3.241002559661865e-07,20261005-010838-8084b01
2019,nn3,market_equity,1.95428729057312e-05,20261005-010838-8084b01
2019,nn3,ivol_ff3_21d,7.782131433486938e-06,20261005-010838-8084b01
2019,nn3,ivol_capm_252d,-4.0337443351745605e-05,20261005-010838-8084b01
2019,nn3,ivol_capm_21d,-1.5418976545333862e-05,20261005-010838-8084b01
2019,nn3,ivol_hxz4_21d,-5.552172660827637e-05,20261005-010838-8084b01
2019,nn3,rvol_21d,2.6270747184753415e-05,20261005-010838-8084b01
2019,nn3,beta_60m,9.402632713317873e-06,20261005-010838-8084b01
2019,nn3,betabab_1260d,7.588416337966919e-06,20261005-010838-8084b01
2019,nn3,beta_dimson_21d,3.0025839805603027e-06,20261005-010838-8084b01
2019,nn3,turnover_126d,2.9765069484710693e-05,20261005-010838-8084b01
2019,nn3,turnover_var_126d,4.447251558303833e-05,20261005-010838-8084b01
2019,nn3,dolvol_126d,3.4086406230926514e-06,20261005-010838-8084b01
2019,nn3,dolvol_var_126d,-3.207474946975708e-06,20261005-010838-8084b01
2019,nn3,prc,4.678592085838318e-05,20261005-010838-8084b01
2019,nn3,ami_126d,9.685754776000977e-06,20261005-010838-8084b01
2019,nn3,zero_trades_21d,0.0003467574715614,20261005-010838-8084b01
2019,nn3,zero_trades_126d,1.0035932064056396e-05,20261005-010838-8084b01
2019,nn3,zero_trades_252d,-2.7045607566833496e-06,20261005-010838-8084b01
2019,nn3,rmax1_21d,-1.2405216693878174e-05,20261005-010838-8084b01
2019,nn3,rskew_21d,3.8035213947296143e-06,20261005-010838-8084b01
2019,nn3,iskew_capm_21d,-1.866370439529419e-06,20261005-010838-8084b01
2019,nn3,iskew_ff3_21d,9.39890742301941e-06,20261005-010838-8084b01
2019,nn3,iskew_hxz4_21d,2.7455389499664307e-06,20261005-010838-8084b01
2019,nn3,coskew_21d,1.2293457984924316e-06,20261005-010838-8084b01
2019,nn3,ret_1_0,2.99699604511261e-05,20261005-010838-8084b01
2019,nn3,betadown_252d,-1.5310943126678469e-06,20261005-010838-8084b01
2019,nn3,bidaskhl_21d,-2.0153820514678955e-06,20261005-010838-8084b01
2019,nn3,ret_3_1,3.756210207939148e-05,20261005-010838-8084b01
2019,nn3,ret_9_1,-2.2057443857192993e-05,20261005-010838-8084b01
2019,nn3,ret_12_7,-5.036592483520508e-06,20261005-010838-8084b01
2019,nn3,corr_1260d,-1.3299286365509031e-06,20261005-010838-8084b01
2019,nn3,rmax5_21d,-4.230812191963196e-05,20261005-010838-8084b01
2019,nn3,rmax5_rvol_21d,-7.886439561843872e-06,20261005-010838-8084b01
2019,nn3,ni_be,4.291534423828125e-06,20261005-010838-8084b01
2019,nn3,ocf_at,5.252659320831299e-07,20261005-010838-8084b01
2019,nn3,ocf_at_chg1,9.156763553619385e-06,20261005-010838-8084b01
2019,nn3,mispricing_perf,-1.0363757610321043e-05,20261005-010838-8084b01
2019,nn3,mispricing_mgmt,2.119690179824829e-06,20261005-010838-8084b01
2019,nn3,qmj,8.825212717056274e-06,20261005-010838-8084b01
2019,nn3,qmj_prof,-3.919005393981934e-06,20261005-010838-8084b01
2019,nn3,qmj_growth,2.808868885040283e-06,20261005-010838-8084b01
2019,nn3,qmj_safety,-7.614493370056152e-06,20261005-010838-8084b01
2021,nn3,niq_su,2.0489096641540527e-06,20261005-010838-8084b01
2021,nn3,ret_6_1,1.8738210201263428e-06,20261005-010838-8084b01
2021,nn3,ret_12_1,4.8317015171051025e-06,20261005-010838-8084b01
2021,nn3,saleq_su,-3.2261013984680176e-06,20261005-010838-8084b01
2021,nn3,tax_gr1a,9.462237358093262e-07,20261005-010838-8084b01
2021,nn3,ni_inc8q,4.693865776062012e-07,20261005-010838-8084b01
2021,nn3,prc_highprc_252d,-1.788139343261719e-07,20261005-010838-8084b01
2021,nn3,resff3_6_1,4.6603381633758545e-06,20261005-010838-8084b01
2021,nn3,resff3_12_1,3.427639603614807e-05,20261005-010838-8084b01
2021,nn3,be_me,3.120303153991699e-05,20261005-010838-8084b01
2021,nn3,debt_me,-5.6996941566467285e-06,20261005-010838-8084b01
2021,nn3,at_me,4.139915108680725e-05,20261005-010838-8084b01
2021,nn3,ret_60_12,7.88271427154541e-06,20261005-010838-8084b01
2021,nn3,ni_me,6.258487701416016e-06,20261005-010838-8084b01
2021,nn3,fcf_me,4.708766937255859e-06,20261005-010838-8084b01
2021,nn3,div12m_me,2.4188309907913208e-05,20261005-010838-8084b01
2021,nn3,eqpo_me,-3.255903720855713e-06,20261005-010838-8084b01
2021,nn3,eqnpo_me,2.942979335784912e-07,20261005-010838-8084b01
2021,nn3,sale_gr3,-7.458031177520752e-06,20261005-010838-8084b01
2021,nn3,sale_gr1,7.271766662597656e-06,20261005-010838-8084b01
2021,nn3,ebitda_mev,3.345310688018799e-06,20261005-010838-8084b01
2021,nn3,sale_me,6.559118628501892e-05,20261005-010838-8084b01
2021,nn3,ocf_me,9.078532457351685e-06,20261005-010838-8084b01
2021,nn3,ival_me,-3.6992132663726807e-06,20261005-010838-8084b01
2021,nn3,bev_mev,8.225440979003906e-06,20261005-010838-8084b01
2021,nn3,netdebt_me,-1.2628734111785889e-05,20261005-010838-8084b01
2021,nn3,eq_dur,1.3299286365509032e-05,20261005-010838-8084b01
2021,nn3,capex_abn,5.811452865600586e-07,20261005-010838-8084b01
2021,nn3,at_gr1,-1.4133751392364502e-05,20261005-010838-8084b01
2021,nn3,ppeinv_gr1a,-1.6093254089355469e-06,20261005-010838-8084b01
2021,nn3,noa_at,-4.135072231292725e-06,20261005-010838-8084b01
2021,nn3,noa_gr1a,-2.4400651454925537e-06,20261005-010838-8084b01
2021,nn3,lnoa_gr1a,1.4081597328186035e-06,20261005-010838-8084b01
2021,nn3,capx_gr1,4.779547452926636e-06,20261005-010838-8084b01
2021,nn3,capx_gr2,1.7844140529632568e-06,20261005-010838-8084b01
2021,nn3,capx_gr3,-2.678483724594116e-06,20261005-010838-8084b01
2021,nn3,chcsho_12m,9.890645742416382e-06,20261005-010838-8084b01
2021,nn3,eqnpo_12m,4.045665264129639e-06,20261005-010838-8084b01
2021,nn3,debt_gr3,2.2873282432556152e-06,20261005-010838-8084b01
2021,nn3,inv_gr1,1.6205012798309326e-06,20261005-010838-8084b01
2021,nn3,inv_gr1a,1.0322779417037964e-05,20261005-010838-8084b01
2021,nn3,oaccruals_at,-5.885958671569824e-06,20261005-010838-8084b01
2021,nn3,taccruals_at,5.811452865600586e-06,20261005-010838-8084b01
2021,nn3,cowc_gr1a,3.501772880554199e-07,20261005-010838-8084b01
2021,nn3,coa_gr1a,2.980232238769531e-07,20261005-010838-8084b01
2021,nn3,col_gr1a,-3.978610038757324e-06,20261005-010838-8084b01
2021,nn3,nncoa_gr1a,-1.55717134475708e-06,20261005-010838-8084b01
2021,nn3,ncoa_gr1a,2.5406479835510254e-06,20261005-010838-8084b01
2021,nn3,ncol_gr1a,-3.539025783538819e-07,20261005-010838-8084b01
2021,nn3,nfna_gr1a,9.57399606704712e-07,20261005-010838-8084b01
2021,nn3,sti_gr1a,2.3618340492248535e-06,20261005-010838-8084b01
2021,nn3,lti_gr1a,-6.668269634246826e-07,20261005-010838-8084b01
2021,nn3,fnl_gr1a,1.1548399925231934e-06,20261005-010838-8084b01
2021,nn3,be_gr1a,3.2745301723480225e-05,20261005-010838-8084b01
2021,nn3,oaccruals_ni,5.554407835006714e-06,20261005-010838-8084b01
2021,nn3,taccruals_ni,4.984438419342041e-06,20261005-010838-8084b01
2021,nn3,netis_at,-1.7434358596801758e-06,20261005-010838-8084b01
2021,nn3,eqnetis_at,4.708766937255859e-06,20261005-010838-8084b01
2021,nn3,dbnetis_at,1.1846423149108889e-06,20261005-010838-8084b01
2021,nn3,niq_be,1.2211501598358154e-05,20261005-010838-8084b01
2021,nn3,niq_be_chg1,1.9185245037078857e-06,20261005-010838-8084b01
2021,nn3,niq_at,1.1343508958816528e-05,20261005-010838-8084b01
2021,nn3,niq_at_chg1,-2.4959444999694824e-07,20261005-010838-8084b01
2021,nn3,ebit_bev,5.3122639656066895e-06,20261005-010838-8084b01
2021,nn3,ebit_sale,-1.173466444015503e-06,20261005-010838-8084b01
2021,nn3,sale_bev,9.08970832824707e-07,20261005-010838-8084b01
2021,nn3,at_turnover,1.2628734111785889e-06,20261005-010838-8084b01
2021,nn3,gp_at,2.8014183044433594e-06,20261005-010838-8084b01
2021,nn3,gp_atl1,1.3746321201324465e-06,20261005-010838-8084b01
2021,nn3,ope_be,-1.2218952178955078e-06,20261005-010838-8084b01
2021,nn3,ope_bel1,3.214925527572632e-06,20261005-010838-8084b01
2021,nn3,op_at,-2.1904706954956055e-05,20261005-010838-8084b01
2021,nn3,op_atl1,9.57399606704712e-07,20261005-010838-8084b01
2021,nn3,cop_at,3.203749656677246e-06,20261005-010838-8084b01
2021,nn3,cop_atl1,-1.3187527656555176e-06,20261005-010838-8084b01
2021,nn3,f_score,5.666166543960571e-06,20261005-010838-8084b01
2021,nn3,o_score,8.169561624526978e-06,20261005-010838-8084b01
2021,nn3,z_score,1.0766088962554932e-05,20261005-010838-8084b01
2021,nn3,pi_nix,8.158385753631592e-07,20261005-010838-8084b01
2021,nn3,at_be,-2.136826515197754e-05,20261005-010838-8084b01
2021,nn3,saleq_gr1,-3.0025839805603027e-05,20261005-010838-8084b01
2021,nn3,rd_me,-4.123896360397339e-06,20261005-010838-8084b01
2021,nn3,rd_sale,-2.570450305938721e-07,20261005-010838-8084b01
2021,nn3,opex_at,-4.608184099197388e-06,20261005-010838-8084b01
2021,nn3,emp_gr1,-4.194676876068115e-06,20261005-010838-8084b01
2021,nn3,rd5_at,4.958361387252808e-06,20261005-010838-8084b01
2021,nn3,age,-6.288290023803711e-06,20261005-010838-8084b01
2021,nn3,dsale_dinv,-2.4959444999694824e-07,20261005-010838-8084b01
2021,nn3,dsale_drec,8.046627044677734e-07,20261005-010838-8084b01
2021,nn3,dgp_dsale,-1.8998980522155762e-07,20261005-010838-8084b01
2021,nn3,dsale_dsga,-2.1494925022125244e-06,20261005-010838-8084b01
2021,nn3,sale_emp_gr1,-1.0058283805847169e-07,20261005-010838-8084b01
2021,nn3,tangibility,2.767890691757202e-06,20261005-010838-8084b01
2021,nn3,kz_index,7.912516593933105e-06,20261005-010838-8084b01
2021,nn3,ocfq_saleq_std,7.547438144683838e-06,20261005-010838-8084b01
2021,nn3,cash_at,-3.417208790779114e-05,20261005-010838-8084b01
2021,nn3,ni_ar1,5.885958671569824e-07,20261005-010838-8084b01
2021,nn3,ni_ivol,-2.7418136596679688e-06,20261005-010838-8084b01
2021,nn3,earnings_variability,1.55717134475708e-06,20261005-010838-8084b01
2021,nn3,aliq_at,-7.148832082748413e-06,20261005-010838-8084b01
2021,nn3,aliq_mat,4.779547452926636e-06,20261005-010838-8084b01
2021,nn3,seas_1_1an,-3.427267074584961e-06,20261005-010838-8084b01
2021,nn3,seas_1_1na,6.3478946685791016e-06,20261005-010838-8084b01
2021,nn3,seas_2_5an,1.0076910257339478e-05,20261005-010838-8084b01
2021,nn3,seas_2_5na,-8.195638656616212e-08,20261005-010838-8084b01
2021,nn3,seas_6_10an,1.788884401321411e-05,20261005-010838-8084b01
2021,nn3,seas_6_10na,4.071742296218872e-06,20261005-010838-8084b01
2021,nn3,seas_11_15an,5.640089511871338e-06,20261005-010838-8084b01
2021,nn3,seas_11_15na,3.1851232051849365e-06,20261005-010838-8084b01
2021,nn3,seas_16_20an,7.119029760360718e-06,20261005-010838-8084b01
2021,nn3,seas_16_20na,1.3783574104309082e-07,20261005-010838-8084b01
2021,nn3,market_equity,-3.2611191272735596e-05,20261005-010838-8084b01
2021,nn3,ivol_ff3_21d,-2.1867454051971436e-06,20261005-010838-8084b01
2021,nn3,ivol_capm_252d,-1.0486692190170288e-05,20261005-010838-8084b01
2021,nn3,ivol_capm_21d,-3.0919909477233887e-06,20261005-010838-8084b01
2021,nn3,ivol_hxz4_21d,-3.859028220176697e-05,20261005-010838-8084b01
2021,nn3,rvol_21d,-6.83218240737915e-06,20261005-010838-8084b01
2021,nn3,beta_60m,4.247203469276428e-05,20261005-010838-8084b01
2021,nn3,betabab_1260d,-4.652887582778931e-06,20261005-010838-8084b01
2021,nn3,beta_dimson_21d,-2.4437904357910156e-06,20261005-010838-8084b01
2021,nn3,turnover_126d,-3.2417476177215576e-05,20261005-010838-8084b01
2021,nn3,turnover_var_126d,2.860650420188904e-05,20261005-010838-8084b01
2021,nn3,dolvol_126d,2.421438694000244e-07,20261005-010838-8084b01
2021,nn3,dolvol_var_126d,7.275491952896118e-06,20261005-010838-8084b01
2021,nn3,prc,3.930181264877319e-06,20261005-010838-8084b01
2021,nn3,ami_126d,1.3671815395355225e-06,20261005-010838-8084b01
2021,nn3,zero_trades_21d,0.0002013780176639,20261005-010838-8084b01
2021,nn3,zero_trades_126d,9.04873013496399e-06,20261005-010838-8084b01
2021,nn3,zero_trades_252d,8.475035429000854e-06,20261005-010838-8084b01
2021,nn3,rmax1_21d,-1.4316290616989136e-05,20261005-010838-8084b01
2021,nn3,rskew_21d,-2.905726432800293e-07,20261005-010838-8084b01
2021,nn3,iskew_capm_21d,1.959502696990967e-06,20261005-010838-8084b01
2021,nn3,iskew_ff3_21d,1.9297003746032715e-06,20261005-010838-8084b01
2021,nn3,iskew_hxz4_21d,-1.1101365089416504e-06,20261005-010838-8084b01
2021,nn3,coskew_21d,-7.275491952896118e-06,20261005-010838-8084b01
2021,nn3,ret_1_0,1.2289732694625854e-05,20261005-010838-8084b01
2021,nn3,betadown_252d,5.561858415603638e-06,20261005-010838-8084b01
2021,nn3,bidaskhl_21d,1.1771917343139648e-06,20261005-010838-8084b01
2021,nn3,ret_3_1,5.517154932022095e-06,20261005-010838-8084b01
2021,nn3,ret_9_1,2.214685082435608e-05,20261005-010838-8084b01
2021,nn3,ret_12_7,-1.323595643043518e-05,20261005-010838-8084b01
2021,nn3,corr_1260d,-4.451721906661987e-06,20261005-010838-8084b01
2021,nn3,rmax5_21d,-2.834200859069824e-05,20261005-010838-8084b01
2021,nn3,rmax5_rvol_21d,-1.354515552520752e-05,20261005-010838-8084b01
2021,nn3,ni_be,5.3979456424713135e-06,20261005-010838-8084b01
2021,nn3,ocf_at,-1.426786184310913e-06,20261005-010838-8084b01
2021,nn3,ocf_at_chg1,-2.9690563678741455e-06,20261005-010838-8084b01
2021,nn3,mispricing_perf,7.290393114089966e-06,20261005-010838-8084b01
2021,nn3,mispricing_mgmt,1.0505318641662598e-06,20261005-010838-8084b01
2021,nn3,qmj,7.875263690948486e-06,20261005-010838-8084b01
2021,nn3,qmj_prof,3.6731362342834473e-06,20261005-010838-8084b01
2021,nn3,qmj_growth,-5.904585123062134e-06,20261005-010838-8084b01
2021,nn3,qmj_safety,-1.430511474609375e-06,20261005-010838-8084b01
2023,nn3,niq_su,-6.854534149169922e-07,20261005-010838-8084b01
2023,nn3,ret_6_1,7.897615432739258e-07,20261005-010838-8084b01
2023,nn3,ret_12_1,-2.355128526687622e-05,20261005-010838-8084b01
2023,nn3,saleq_su,4.142522811889648e-06,20261005-010838-8084b01
2023,nn3,tax_gr1a,-2.51084566116333e-06,20261005-010838-8084b01
2023,nn3,ni_inc8q,8.046627044677734e-07,20261005-010838-8084b01
2023,nn3,prc_highprc_252d,8.709728717803955e-06,20261005-010838-8084b01
2023,nn3,resff3_6_1,3.777444362640381e-06,20261005-010838-8084b01
2023,nn3,resff3_12_1,1.5050172805786133e-05,20261005-010838-8084b01
2023,nn3,be_me,9.457767009735107e-05,20261005-010838-8084b01
2023,nn3,debt_me,8.717179298400879e-07,20261005-010838-8084b01
2023,nn3,at_me,5.0574541091918945e-05,20261005-010838-8084b01
2023,nn3,ret_60_12,2.339482307434082e-06,20261005-010838-8084b01
2023,nn3,ni_me,-5.945563316345215e-06,20261005-010838-8084b01
2023,nn3,fcf_me,-2.130866050720215e-06,20261005-010838-8084b01
2023,nn3,div12m_me,2.7194619178771973e-06,20261005-010838-8084b01
2023,nn3,eqpo_me,3.553926944732666e-06,20261005-010838-8084b01
2023,nn3,eqnpo_me,2.3692846298217773e-06,20261005-010838-8084b01
2023,nn3,sale_gr3,4.969537258148193e-06,20261005-010838-8084b01
2023,nn3,sale_gr1,-7.964670658111572e-06,20261005-010838-8084b01
2023,nn3,ebitda_mev,4.947185516357422e-06,20261005-010838-8084b01
2023,nn3,sale_me,1.0415911674499512e-05,20261005-010838-8084b01
2023,nn3,ocf_me,6.549060344696045e-06,20261005-010838-8084b01
2023,nn3,ival_me,3.069639205932617e-06,20261005-010838-8084b01
2023,nn3,bev_mev,-2.7567148208618164e-07,20261005-010838-8084b01
2023,nn3,netdebt_me,2.2582709789276123e-05,20261005-010838-8084b01
2023,nn3,eq_dur,3.576278686523438e-07,20261005-010838-8084b01
2023,nn3,capex_abn,-1.4156103134155271e-06,20261005-010838-8084b01
2023,nn3,at_gr1,-4.112720489501953e-06,20261005-010838-8084b01
2023,nn3,ppeinv_gr1a,-1.7210841178894043e-06,20261005-010838-8084b01
2023,nn3,noa_at,-1.646578311920166e-06,20261005-010838-8084b01
2023,nn3,noa_gr1a,2.898275852203369e-06,20261005-010838-8084b01
2023,nn3,lnoa_gr1a,4.693865776062012e-07,20261005-010838-8084b01
2023,nn3,capx_gr1,-3.1888484954833984e-06,20261005-010838-8084b01
2023,nn3,capx_gr2,-8.165836334228516e-06,20261005-010838-8084b01
2023,nn3,capx_gr3,-7.003545761108398e-07,20261005-010838-8084b01
2023,nn3,chcsho_12m,5.677342414855957e-06,20261005-010838-8084b01
2023,nn3,eqnpo_12m,6.780028343200684e-07,20261005-010838-8084b01
2023,nn3,debt_gr3,5.885958671569824e-07,20261005-010838-8084b01
2023,nn3,inv_gr1,3.501772880554199e-07,20261005-010838-8084b01
2023,nn3,inv_gr1a,1.430511474609375e-06,20261005-010838-8084b01
2023,nn3,oaccruals_at,-1.899898052215576e-06,20261005-010838-8084b01
2023,nn3,taccruals_at,-3.516674041748047e-06,20261005-010838-8084b01
2023,nn3,cowc_gr1a,1.6391277313232425e-07,20261005-010838-8084b01
2023,nn3,coa_gr1a,2.4437904357910156e-06,20261005-010838-8084b01
2023,nn3,col_gr1a,1.3709068298339844e-06,20261005-010838-8084b01
2023,nn3,nncoa_gr1a,2.160668373107911e-07,20261005-010838-8084b01
2023,nn3,ncoa_gr1a,-4.023313522338867e-07,20261005-010838-8084b01
2023,nn3,ncol_gr1a,2.831220626831055e-07,20261005-010838-8084b01
2023,nn3,nfna_gr1a,1.3783574104309082e-06,20261005-010838-8084b01
2023,nn3,sti_gr1a,-1.7210841178894043e-06,20261005-010838-8084b01
2023,nn3,lti_gr1a,1.55717134475708e-06,20261005-010838-8084b01
2023,nn3,fnl_gr1a,-1.914799213409424e-06,20261005-010838-8084b01
2023,nn3,be_gr1a,1.446157693862915e-05,20261005-010838-8084b01
2023,nn3,oaccruals_ni,-1.214444637298584e-06,20261005-010838-8084b01
2023,nn3,taccruals_ni,-7.078051567077637e-07,20261005-010838-8084b01
2023,nn3,netis_at,6.705522537231445e-08,20261005-010838-8084b01
2023,nn3,eqnetis_at,-3.1441450119018555e-06,20261005-010838-8084b01
2023,nn3,dbnetis_at,5.21540641784668e-08,20261005-010838-8084b01
2023,nn3,niq_be,1.7434358596801758e-06,20261005-010838-8084b01
2023,nn3,niq_be_chg1,-1.96695327758789e-06,20261005-010838-8084b01
2023,nn3,niq_at,-5.185604095458984e-06,20261005-010838-8084b01
2023,nn3,niq_at_chg1,-3.203749656677246e-06,20261005-010838-8084b01
2023,nn3,ebit_bev,9.812414646148682e-06,20261005-010838-8084b01
2023,nn3,ebit_sale,-1.3485550880432129e-06,20261005-010838-8084b01
2023,nn3,sale_bev,-4.3213367462158203e-07,20261005-010838-8084b01
2023,nn3,at_turnover,-2.3096799850463867e-06,20261005-010838-8084b01
2023,nn3,gp_at,3.643333911895752e-06,20261005-010838-8084b01
2023,nn3,gp_atl1,9.238719940185548e-07,20261005-010838-8084b01
2023,nn3,ope_be,1.2852251529693604e-05,20261005-010838-8084b01
2023,nn3,ope_bel1,1.2665987014770508e-06,20261005-010838-8084b01
2023,nn3,op_at,1.043081283569336e-05,20261005-010838-8084b01
2023,nn3,op_atl1,6.645917892456055e-06,20261005-010838-8084b01
2023,nn3,cop_at,7.107853889465332e-06,20261005-010838-8084b01
2023,nn3,cop_atl1,1.8849968910217283e-06,20261005-010838-8084b01
2023,nn3,f_score,1.9371509552001953e-07,20261005-010838-8084b01
2023,nn3,o_score,4.664063453674316e-06,20261005-010838-8084b01
2023,nn3,z_score,-6.556510925292969e-07,20261005-010838-8084b01
2023,nn3,pi_nix,-1.6838312149047852e-06,20261005-010838-8084b01
2023,nn3,at_be,1.4372169971466064e-05,20261005-010838-8084b01
2023,nn3,saleq_gr1,1.373887062072754e-05,20261005-010838-8084b01
2023,nn3,rd_me,4.298239946365357e-05,20261005-010838-8084b01
2023,nn3,rd_sale,9.611248970031738e-07,20261005-010838-8084b01
2023,nn3,opex_at,4.3138861656188965e-06,20261005-010838-8084b01
2023,nn3,emp_gr1,3.7029385566711426e-06,20261005-010838-8084b01
2023,nn3,rd5_at,6.705522537231445e-07,20261005-010838-8084b01
2023,nn3,age,-8.866190910339355e-06,20261005-010838-8084b01
2023,nn3,dsale_dinv,-1.4901161193847656e-06,20261005-010838-8084b01
2023,nn3,dsale_drec,8.121132850646973e-07,20261005-010838-8084b01
2023,nn3,dgp_dsale,-2.384185791015625e-06,20261005-010838-8084b01
2023,nn3,dsale_dsga,-1.862645149230957e-07,20261005-010838-8084b01
2023,nn3,sale_emp_gr1,1.5124678611755371e-06,20261005-010838-8084b01
2023,nn3,tangibility,1.4342367649078367e-05,20261005-010838-8084b01
2023,nn3,kz_index,-2.0638108253479004e-06,20261005-010838-8084b01
2023,nn3,ocfq_saleq_std,6.161630153656006e-06,20261005-010838-8084b01
2023,nn3,cash_at,3.894418478012085e-05,20261005-010838-8084b01
2023,nn3,ni_ar1,1.4901161193847656e-08,20261005-010838-8084b01
2023,nn3,ni_ivol,1.1920928955078125e-07,20261005-010838-8084b01
2023,nn3,earnings_variability,-1.8030405044555664e-06,20261005-010838-8084b01
2023,nn3,aliq_at,2.5331974029541016e-06,20261005-010838-8084b01
2023,nn3,aliq_mat,-2.3543834686279297e-06,20261005-010838-8084b01
2023,nn3,seas_1_1an,-1.971423625946045e-05,20261005-010838-8084b01
2023,nn3,seas_1_1na,3.1381845474243164e-05,20261005-010838-8084b01
2023,nn3,seas_2_5an,1.901388168334961e-05,20261005-010838-8084b01
2023,nn3,seas_2_5na,6.854534149169922e-07,20261005-010838-8084b01
2023,nn3,seas_6_10an,7.271766662597656e-06,20261005-010838-8084b01
2023,nn3,seas_6_10na,1.6093254089355469e-06,20261005-010838-8084b01
2023,nn3,seas_11_15an,1.1235475540161133e-05,20261005-010838-8084b01
2023,nn3,seas_11_15na,3.352761268615723e-07,20261005-010838-8084b01
2023,nn3,seas_16_20an,1.475214958190918e-06,20261005-010838-8084b01
2023,nn3,seas_16_20na,-3.501772880554199e-07,20261005-010838-8084b01
2023,nn3,market_equity,7.304549217224121e-05,20261005-010838-8084b01
2023,nn3,ivol_ff3_21d,-5.804002285003662e-06,20261005-010838-8084b01
2023,nn3,ivol_capm_252d,-8.210539817810059e-06,20261005-010838-8084b01
2023,nn3,ivol_capm_21d,-2.823770046234131e-06,20261005-010838-8084b01
2023,nn3,ivol_hxz4_21d,5.091726779937744e-05,20261005-010838-8084b01
2023,nn3,rvol_21d,4.4405460357666016e-05,20261005-010838-8084b01
2023,nn3,beta_60m,-5.804002285003662e-06,20261005-010838-8084b01
2023,nn3,betabab_1260d,5.416572093963623e-06,20261005-010838-8084b01
2023,nn3,beta_dimson_21d,9.08970832824707e-07,20261005-010838-8084b01
2023,nn3,turnover_126d,0.0001224428415298,20261005-010838-8084b01
2023,nn3,turnover_var_126d,-1.4834105968475342e-05,20261005-010838-8084b01
2023,nn3,dolvol_126d,2.942979335784912e-06,20261005-010838-8084b01
2023,nn3,dolvol_var_126d,-1.0401010513305664e-05,20261005-010838-8084b01
2023,nn3,prc,0.0001056864857673,20261005-010838-8084b01
2023,nn3,ami_126d,3.933906555175781e-06,20261005-010838-8084b01
2023,nn3,zero_trades_21d,0.0001839473843574,20261005-010838-8084b01
2023,nn3,zero_trades_126d,7.349997758865356e-05,20261005-010838-8084b01
2023,nn3,zero_trades_252d,3.6075711250305176e-05,20261005-010838-8084b01
2023,nn3,rmax1_21d,3.665685653686523e-06,20261005-010838-8084b01
2023,nn3,rskew_21d,-9.98377799987793e-07,20261005-010838-8084b01
2023,nn3,iskew_capm_21d,3.501772880554199e-07,20261005-010838-8084b01
2023,nn3,iskew_ff3_21d,-5.379319190979004e-06,20261005-010838-8084b01
2023,nn3,iskew_hxz4_21d,-3.501772880554199e-07,20261005-010838-8084b01
2023,nn3,coskew_21d,-1.564621925354004e-07,20261005-010838-8084b01
2023,nn3,ret_1_0,7.762014865875244e-05,20261005-010838-8084b01
2023,nn3,betadown_252d,2.9206275939941406e-06,20261005-010838-8084b01
2023,nn3,bidaskhl_21d,6.622076034545898e-05,20261005-010838-8084b01
2023,nn3,ret_3_1,4.715472459793091e-05,20261005-010838-8084b01
2023,nn3,ret_9_1,-2.4065375328063965e-06,20261005-010838-8084b01
2023,nn3,ret_12_7,-5.185604095458984e-06,20261005-010838-8084b01
2023,nn3,corr_1260d,3.1441450119018555e-06,20261005-010838-8084b01
2023,nn3,rmax5_21d,1.4610588550567629e-05,20261005-010838-8084b01
2023,nn3,rmax5_rvol_21d,2.3387372493743896e-05,20261005-010838-8084b01
2023,nn3,ni_be,5.2228569984436035e-06,20261005-010838-8084b01
2023,nn3,ocf_at,3.0174851417541504e-06,20261005-010838-8084b01
2023,nn3,ocf_at_chg1,-8.58306884765625e-06,20261005-010838-8084b01
2023,nn3,mispricing_perf,-1.817941665649414e-06,20261005-010838-8084b01
2023,nn3,mispricing_mgmt,5.364418029785156e-07,20261005-010838-8084b01
2023,nn3,qmj,1.9073486328125e-06,20261005-010838-8084b01
2023,nn3,qmj_prof,-1.1622905731201172e-06,20261005-010838-8084b01
2023,nn3,qmj_growth,2.034008502960205e-06,20261005-010838-8084b01
2023,nn3,qmj_safety,-9.007751941680908e-06,20261005-010838-8084b01
1995,gbrt,niq_su,3.7904828786849976e-06,20261005-010838-8084b01
1995,gbrt,ret_6_1,1.9945204257965088e-05,20261005-010838-8084b01
1995,gbrt,ret_12_1,3.997236490249634e-06,20261005-010838-8084b01
1995,gbrt,saleq_su,4.023313522338867e-07,20261005-010838-8084b01
1995,gbrt,tax_gr1a,-4.097819328308106e-07,20261005-010838-8084b01
1995,gbrt,ni_inc8q,-2.0209699869155884e-06,20261005-010838-8084b01
1995,gbrt,prc_highprc_252d,1.3412907719612122e-05,20261005-010838-8084b01
1995,gbrt,resff3_6_1,1.6391277313232425e-07,20261005-010838-8084b01
1995,gbrt,resff3_12_1,-6.891787052154541e-07,20261005-010838-8084b01
1995,gbrt,be_me,1.985020935535431e-05,20261005-010838-8084b01
1995,gbrt,debt_me,5.21540641784668e-08,20261005-010838-8084b01
1995,gbrt,at_me,8.363276720046997e-07,20261005-010838-8084b01
1995,gbrt,ret_60_12,2.0489096641540527e-08,20261005-010838-8084b01
1995,gbrt,ni_me,-1.4280900359153748e-05,20261005-010838-8084b01
1995,gbrt,fcf_me,-1.5366822481155396e-06,20261005-010838-8084b01
1995,gbrt,div12m_me,-1.010112464427948e-05,20261005-010838-8084b01
1995,gbrt,eqpo_me,-2.738088369369507e-07,20261005-010838-8084b01
1995,gbrt,eqnpo_me,-9.521842002868652e-06,20261005-010838-8084b01
1995,gbrt,sale_gr3,4.33996319770813e-07,20261005-010838-8084b01
1995,gbrt,sale_gr1,-6.239861249923706e-07,20261005-010838-8084b01
1995,gbrt,ebitda_mev,-1.1064112186431885e-05,20261005-010838-8084b01
1995,gbrt,sale_me,-1.1771917343139648e-06,20261005-010838-8084b01
1995,gbrt,ocf_me,-5.422160029411316e-06,20261005-010838-8084b01
1995,gbrt,ival_me,-5.587935447692871e-09,20261005-010838-8084b01
1995,gbrt,bev_mev,-1.816079020500183e-06,20261005-010838-8084b01
1995,gbrt,netdebt_me,5.941838026046753e-07,20261005-010838-8084b01
1995,gbrt,eq_dur,-1.301988959312439e-06,20261005-010838-8084b01
1995,gbrt,capex_abn,-6.407499313354492e-07,20261005-010838-8084b01
1995,gbrt,at_gr1,6.612390279769897e-07,20261005-010838-8084b01
1995,gbrt,ppeinv_gr1a,-7.078051567077638e-08,20261005-010838-8084b01
1995,gbrt,noa_at,2.738088369369507e-06,20261005-010838-8084b01
1995,gbrt,noa_gr1a,3.166496753692627e-08,20261005-010838-8084b01
1995,gbrt,lnoa_gr1a,-2.4400651454925537e-07,20261005-010838-8084b01
1995,gbrt,capx_gr1,2.421438694000244e-08,20261005-010838-8084b01
1995,gbrt,capx_gr2,-1.8440186977386477e-07,20261005-010838-8084b01
1995,gbrt,capx_gr3,0.0,20261005-010838-8084b01
1995,gbrt,chcsho_12m,-3.7688761949539185e-05,20261005-010838-8084b01
1995,gbrt,eqnpo_12m,-1.3288110494613647e-05,20261005-010838-8084b01
1995,gbrt,debt_gr3,2.3655593395233154e-07,20261005-010838-8084b01
1995,gbrt,inv_gr1,-1.473352313041687e-06,20261005-010838-8084b01
1995,gbrt,inv_gr1a,-7.487833499908447e-07,20261005-010838-8084b01
1995,gbrt,oaccruals_at,0.0,20261005-010838-8084b01
1995,gbrt,taccruals_at,-4.153698682785034e-07,20261005-010838-8084b01
1995,gbrt,cowc_gr1a,-1.8440186977386477e-07,20261005-010838-8084b01
1995,gbrt,coa_gr1a,1.3783574104309082e-07,20261005-010838-8084b01
1995,gbrt,col_gr1a,-9.257346391677856e-07,20261005-010838-8084b01
1995,gbrt,nncoa_gr1a,0.0,20261005-010838-8084b01
1995,gbrt,ncoa_gr1a,-3.3527612686157227e-08,20261005-010838-8084b01
1995,gbrt,ncol_gr1a,-4.4703483581542975e-08,20261005-010838-8084b01
1995,gbrt,nfna_gr1a,-8.23289155960083e-07,20261005-010838-8084b01
1995,gbrt,sti_gr1a,-4.135817289352417e-05,20261005-010838-8084b01
1995,gbrt,lti_gr1a,1.0250136256217957e-05,20261005-010838-8084b01
1995,gbrt,fnl_gr1a,2.1792948246002197e-07,20261005-010838-8084b01
1995,gbrt,be_gr1a,0.0,20261005-010838-8084b01
1995,gbrt,oaccruals_ni,-5.476176738739014e-07,20261005-010838-8084b01
1995,gbrt,taccruals_ni,0.0,20261005-010838-8084b01
1995,gbrt,netis_at,-9.685754776000977e-08,20261005-010838-8084b01
1995,gbrt,eqnetis_at,-1.786462962627411e-05,20261005-010838-8084b01
1995,gbrt,dbnetis_at,1.32247805595398e-07,20261005-010838-8084b01
1995,gbrt,niq_be,-9.242445230484009e-06,20261005-010838-8084b01
1995,gbrt,niq_be_chg1,9.5367431640625e-07,20261005-010838-8084b01
1995,gbrt,niq_at,-4.014000296592712e-06,20261005-010838-8084b01
1995,gbrt,niq_at_chg1,-9.667128324508667e-07,20261005-010838-8084b01
1995,gbrt,ebit_bev,3.203749656677246e-07,20261005-010838-8084b01
1995,gbrt,ebit_sale,-3.91155481338501e-06,20261005-010838-8084b01
1995,gbrt,sale_bev,-5.4016709327697754e-08,20261005-010838-8084b01
1995,gbrt,at_turnover,-6.612390279769897e-07,20261005-010838-8084b01
1995,gbrt,gp_at,1.857057213783264e-06,20261005-010838-8084b01
1995,gbrt,gp_atl1,1.1473894119262695e-06,20261005-010838-8084b01
1995,gbrt,ope_be,9.331852197647096e-07,20261005-010838-8084b01
1995,gbrt,ope_bel1,-1.7527490854263306e-06,20261005-010838-8084b01
1995,gbrt,op_at,6.314367055892944e-07,20261005-010838-8084b01
1995,gbrt,op_atl1,-2.7567148208618164e-07,20261005-010838-8084b01
1995,gbrt,cop_at,-1.0542571544647217e-06,20261005-010838-8084b01
1995,gbrt,cop_atl1,-1.4156103134155273e-07,20261005-010838-8084b01
1995,gbrt,f_score,-3.166496753692627e-06,20261005-010838-8084b01
1995,gbrt,o_score,-2.3748725652694702e-06,20261005-010838-8084b01
1995,gbrt,z_score,-9.76771116256714e-06,20261005-010838-8084b01
1995,gbrt,pi_nix,0.0,20261005-010838-8084b01
1995,gbrt,at_be,-1.0337680578231812e-06,20261005-010838-8084b01
1995,gbrt,saleq_gr1,3.539025783538819e-07,20261005-010838-8084b01
1995,gbrt,rd_me,3.976374864578247e-05,20261005-010838-8084b01
1995,gbrt,rd_sale,2.1204352378845215e-05,20261005-010838-8084b01
1995,gbrt,opex_at,-3.818422555923462e-07,20261005-010838-8084b01
1995,gbrt,emp_gr1,-1.136213541030884e-07,20261005-010838-8084b01
1995,gbrt,rd5_at,2.1066516637802124e-06,20261005-010838-8084b01
1995,gbrt,age,2.1763145923614505e-05,20261005-010838-8084b01
1995,gbrt,dsale_dinv,6.593763828277588e-07,20261005-010838-8084b01
1995,gbrt,dsale_drec,0.0,20261005-010838-8084b01
1995,gbrt,dgp_dsale,0.0,20261005-010838-8084b01
1995,gbrt,dsale_dsga,-7.450580596923828e-08,20261005-010838-8084b01
1995,gbrt,sale_emp_gr1,-4.4703483581542975e-08,20261005-010838-8084b01
1995,gbrt,tangibility,3.818422555923462e-07,20261005-010838-8084b01
1995,gbrt,kz_index,-4.675239324569702e-07,20261005-010838-8084b01
1995,gbrt,ocfq_saleq_std,0.0,20261005-010838-8084b01
1995,gbrt,cash_at,1.1317431926727297e-05,20261005-010838-8084b01
1995,gbrt,ni_ar1,0.0,20261005-010838-8084b01
1995,gbrt,ni_ivol,-8.568167686462402e-08,20261005-010838-8084b01
1995,gbrt,earnings_variability,0.0,20261005-010838-8084b01
1995,gbrt,aliq_at,7.525086402893066e-07,20261005-010838-8084b01
1995,gbrt,aliq_mat,-1.601874828338623e-06,20261005-010838-8084b01
1995,gbrt,seas_1_1an,-6.970018148422241e-06,20261005-010838-8084b01
1995,gbrt,seas_1_1na,3.995373845100403e-05,20261005-010838-8084b01
1995,gbrt,seas_2_5an,3.725290298461914e-09,20261005-010838-8084b01
1995,gbrt,seas_2_5na,4.4330954551696777e-07,20261005-010838-8084b01
1995,gbrt,seas_6_10an,-8.344650268554688e-07,20261005-010838-8084b01
1995,gbrt,seas_6_10na,9.816139936447144e-07,20261005-010838-8084b01
1995,gbrt,seas_11_15an,1.601874828338623e-07,20261005-010838-8084b01
1995,gbrt,seas_11_15na,0.0,20261005-010838-8084b01
1995,gbrt,seas_16_20an,0.0,20261005-010838-8084b01
1995,gbrt,seas_16_20na,0.0,20261005-010838-8084b01
1995,gbrt,market_equity,5.808472633361816e-05,20261005-010838-8084b01
1995,gbrt,ivol_ff3_21d,-3.300607204437256e-06,20261005-010838-8084b01
1995,gbrt,ivol_capm_252d,-3.840774297714233e-06,20261005-010838-8084b01
1995,gbrt,ivol_capm_21d,3.855675458908081e-07,20261005-010838-8084b01
1995,gbrt,ivol_hxz4_21d,-8.00006091594696e-06,20261005-010838-8084b01
1995,gbrt,rvol_21d,-5.476176738739014e-06,20261005-010838-8084b01
1995,gbrt,beta_60m,0.0,20261005-010838-8084b01
1995,gbrt,betabab_1260d,-6.50063157081604e-07,20261005-010838-8084b01
1995,gbrt,beta_dimson_21d,8.009374141693115e-08,20261005-010838-8084b01
1995,gbrt,turnover_126d,3.732740879058838e-06,20261005-010838-8084b01
1995,gbrt,turnover_var_126d,1.0244548320770264e-06,20261005-010838-8084b01
1995,gbrt,dolvol_126d,1.1136755347251892e-05,20261005-010838-8084b01
1995,gbrt,dolvol_var_126d,-1.6763806343078613e-07,20261005-010838-8084b01
1995,gbrt,prc,0.0001426134258508,20261005-010838-8084b01
1995,gbrt,ami_126d,1.270882785320282e-05,20261005-010838-8084b01
1995,gbrt,zero_trades_21d,-2.2854655981063843e-06,20261005-010838-8084b01
1995,gbrt,zero_trades_126d,9.136274456977844e-06,20261005-010838-8084b01
1995,gbrt,zero_trades_252d,4.742294549942017e-06,20261005-010838-8084b01
1995,gbrt,rmax1_21d,-3.0994415283203125e-06,20261005-010838-8084b01
1995,gbrt,rskew_21d,4.675239324569702e-07,20261005-010838-8084b01
1995,gbrt,iskew_capm_21d,3.334134817123413e-07,20261005-010838-8084b01
1995,gbrt,iskew_ff3_21d,4.488974809646607e-07,20261005-010838-8084b01
1995,gbrt,iskew_hxz4_21d,6.314367055892944e-07,20261005-010838-8084b01
1995,gbrt,coskew_21d,2.346932888031006e-07,20261005-010838-8084b01
1995,gbrt,ret_1_0,0.0003118142485618,20261005-010838-8084b01
1995,gbrt,betadown_252d,-9.08970832824707e-07,20261005-010838-8084b01
1995,gbrt,bidaskhl_21d,8.475035429000854e-06,20261005-010838-8084b01
1995,gbrt,ret_3_1,2.473779022693634e-05,20261005-010838-8084b01
1995,gbrt,ret_9_1,7.912516593933105e-06,20261005-010838-8084b01
1995,gbrt,ret_12_7,-9.61311161518097e-06,20261005-010838-8084b01
1995,gbrt,corr_1260d,-1.30385160446167e-08,20261005-010838-8084b01
1995,gbrt,rmax5_21d,-1.759640872478485e-05,20261005-010838-8084b01
1995,gbrt,rmax5_rvol_21d,-2.4400651454925537e-07,20261005-010838-8084b01
1995,gbrt,ni_be,-9.685754776000977e-08,20261005-010838-8084b01
1995,gbrt,ocf_at,-7.569789886474609e-06,20261005-010838-8084b01
1995,gbrt,ocf_at_chg1,1.4901161193847656e-08,20261005-010838-8084b01
1995,gbrt,mispricing_perf,-1.222267746925354e-05,20261005-010838-8084b01
1995,gbrt,mispricing_mgmt,1.862645149230957e-07,20261005-010838-8084b01
1995,gbrt,qmj,0.0,20261005-010838-8084b01
1995,gbrt,qmj_prof,3.166496753692627e-07,20261005-010838-8084b01
1995,gbrt,qmj_growth,0.0,20261005-010838-8084b01
1995,gbrt,qmj_safety,-7.171183824539185e-07,20261005-010838-8084b01
1997,gbrt,niq_su,9.08970832824707e-07,20261005-010838-8084b01
1997,gbrt,ret_6_1,1.064687967300415e-05,20261005-010838-8084b01
1997,gbrt,ret_12_1,2.096220850944519e-05,20261005-010838-8084b01
1997,gbrt,saleq_su,0.0,20261005-010838-8084b01
1997,gbrt,tax_gr1a,0.0,20261005-010838-8084b01
1997,gbrt,ni_inc8q,6.6086649894714355e-06,20261005-010838-8084b01
1997,gbrt,prc_highprc_252d,4.7907233238220215e-06,20261005-010838-8084b01
1997,gbrt,resff3_6_1,4.0978193283081055e-08,20261005-010838-8084b01
1997,gbrt,resff3_12_1,4.0084123611450195e-06,20261005-010838-8084b01
1997,gbrt,be_me,1.730397343635559e-05,20261005-010838-8084b01
1997,gbrt,debt_me,0.0,20261005-010838-8084b01
1997,gbrt,at_me,0.0,20261005-010838-8084b01
1997,gbrt,ret_60_12,0.0,20261005-010838-8084b01
1997,gbrt,ni_me,8.217990398406982e-06,20261005-010838-8084b01
1997,gbrt,fcf_me,0.0,20261005-010838-8084b01
1997,gbrt,div12m_me,5.003064870834351e-06,20261005-010838-8084b01
1997,gbrt,eqpo_me,-1.1138617992401123e-06,20261005-010838-8084b01
1997,gbrt,eqnpo_me,3.0100345611572266e-06,20261005-010838-8084b01
1997,gbrt,sale_gr3,0.0,20261005-010838-8084b01
1997,gbrt,sale_gr1,0.0,20261005-010838-8084b01
1997,gbrt,ebitda_mev,7.826834917068481e-06,20261005-010838-8084b01
1997,gbrt,sale_me,6.444752216339111e-07,20261005-010838-8084b01
1997,gbrt,ocf_me,2.644956111907959e-06,20261005-010838-8084b01
1997,gbrt,ival_me,0.0,20261005-010838-8084b01
1997,gbrt,bev_mev,-5.699694156646729e-07,20261005-010838-8084b01
1997,gbrt,netdebt_me,7.860362529754639e-07,20261005-010838-8084b01
1997,gbrt,eq_dur,2.808868885040283e-06,20261005-010838-8084b01
1997,gbrt,capex_abn,0.0,20261005-010838-8084b01
1997,gbrt,at_gr1,0.0,20261005-010838-8084b01
1997,gbrt,ppeinv_gr1a,0.0,20261005-010838-8084b01
1997,gbrt,noa_at,-4.060566425323487e-07,20261005-010838-8084b01
1997,gbrt,noa_gr1a,0.0,20261005-010838-8084b01
1997,gbrt,lnoa_gr1a,0.0,20261005-010838-8084b01
1997,gbrt,capx_gr1,0.0,20261005-010838-8084b01
1997,gbrt,capx_gr2,0.0,20261005-010838-8084b01
1997,gbrt,capx_gr3,0.0,20261005-010838-8084b01
1997,gbrt,chcsho_12m,5.062669515609741e-06,20261005-010838-8084b01
1997,gbrt,eqnpo_12m,3.166496753692627e-06,20261005-010838-8084b01
1997,gbrt,debt_gr3,0.0,20261005-010838-8084b01
1997,gbrt,inv_gr1,-2.6151537895202637e-06,20261005-010838-8084b01
1997,gbrt,inv_gr1a,-2.0042061805725098e-06,20261005-010838-8084b01
1997,gbrt,oaccruals_at,0.0,20261005-010838-8084b01
1997,gbrt,taccruals_at,0.0,20261005-010838-8084b01
1997,gbrt,cowc_gr1a,0.0,20261005-010838-8084b01
1997,gbrt,coa_gr1a,0.0,20261005-010838-8084b01
1997,gbrt,col_gr1a,0.0,20261005-010838-8084b01
1997,gbrt,nncoa_gr1a,0.0,20261005-010838-8084b01
1997,gbrt,ncoa_gr1a,0.0,20261005-010838-8084b01
1997,gbrt,ncol_gr1a,0.0,20261005-010838-8084b01
1997,gbrt,nfna_gr1a,0.0,20261005-010838-8084b01
1997,gbrt,sti_gr1a,2.9802322387695312e-08,20261005-010838-8084b01
1997,gbrt,lti_gr1a,-0.0001372247934341,20261005-010838-8084b01
1997,gbrt,fnl_gr1a,0.0,20261005-010838-8084b01
1997,gbrt,be_gr1a,0.0,20261005-010838-8084b01
1997,gbrt,oaccruals_ni,0.0,20261005-010838-8084b01
1997,gbrt,taccruals_ni,0.0,20261005-010838-8084b01
1997,gbrt,netis_at,0.0,20261005-010838-8084b01
1997,gbrt,eqnetis_at,-4.76837158203125e-07,20261005-010838-8084b01
1997,gbrt,dbnetis_at,1.084059476852417e-06,20261005-010838-8084b01
1997,gbrt,niq_be,1.0486692190170288e-05,20261005-010838-8084b01
1997,gbrt,niq_be_chg1,1.2665987014770508e-06,20261005-010838-8084b01
1997,gbrt,niq_at,1.002475619316101e-05,20261005-010838-8084b01
1997,gbrt,niq_at_chg1,2.693384885787964e-06,20261005-010838-8084b01
1997,gbrt,ebit_bev,0.0,20261005-010838-8084b01
1997,gbrt,ebit_sale,6.277114152908325e-06,20261005-010838-8084b01
1997,gbrt,sale_bev,0.0,20261005-010838-8084b01
1997,gbrt,at_turnover,0.0,20261005-010838-8084b01
1997,gbrt,gp_at,0.0,20261005-010838-8084b01
1997,gbrt,gp_atl1,0.0,20261005-010838-8084b01
1997,gbrt,ope_be,0.0,20261005-010838-8084b01
1997,gbrt,ope_bel1,0.0,20261005-010838-8084b01
1997,gbrt,op_at,3.3527612686157227e-06,20261005-010838-8084b01
1997,gbrt,op_atl1,0.0,20261005-010838-8084b01
1997,gbrt,cop_at,1.5012919902801514e-06,20261005-010838-8084b01
1997,gbrt,cop_atl1,1.3075768947601318e-06,20261005-010838-8084b01
1997,gbrt,f_score,-9.313225746154785e-08,20261005-010838-8084b01
1997,gbrt,o_score,0.0,20261005-010838-8084b01
1997,gbrt,z_score,2.995133399963379e-06,20261005-010838-8084b01
1997,gbrt,pi_nix,0.0,20261005-010838-8084b01
1997,gbrt,at_be,0.0,20261005-010838-8084b01
1997,gbrt,saleq_gr1,2.902001142501831e-06,20261005-010838-8084b01
1997,gbrt,rd_me,3.986060619354248e-07,20261005-010838-8084b01
1997,gbrt,rd_sale,-1.800432801246643e-05,20261005-010838-8084b01
1997,gbrt,opex_at,0.0,20261005-010838-8084b01
1997,gbrt,emp_gr1,0.0,20261005-010838-8084b01
1997,gbrt,rd5_at,0.0,20261005-010838-8084b01
1997,gbrt,age,4.682689905166626e-06,20261005-010838-8084b01
1997,gbrt,dsale_dinv,0.0,20261005-010838-8084b01
1997,gbrt,dsale_drec,0.0,20261005-010838-8084b01
1997,gbrt,dgp_dsale,0.0,20261005-010838-8084b01
1997,gbrt,dsale_dsga,0.0,20261005-010838-8084b01
1997,gbrt,sale_emp_gr1,0.0,20261005-010838-8084b01
1997,gbrt,tangibility,0.0,20261005-010838-8084b01
1997,gbrt,kz_index,0.0,20261005-010838-8084b01
1997,gbrt,ocfq_saleq_std,0.0,20261005-010838-8084b01
1997,gbrt,cash_at,1.0915100574493408e-06,20261005-010838-8084b01
1997,gbrt,ni_ar1,0.0,20261005-010838-8084b01
1997,gbrt,ni_ivol,0.0,20261005-010838-8084b01
1997,gbrt,earnings_variability,0.0,20261005-010838-8084b01
1997,gbrt,aliq_at,0.0,20261005-010838-8084b01
1997,gbrt,aliq_mat,0.0,20261005-010838-8084b01
1997,gbrt,seas_1_1an,1.0933727025985718e-05,20261005-010838-8084b01
1997,gbrt,seas_1_1na,-2.7157366275787354e-06,20261005-010838-8084b01
1997,gbrt,seas_2_5an,9.462237358093262e-06,20261005-010838-8084b01
1997,gbrt,seas_2_5na,0.0,20261005-010838-8084b01
1997,gbrt,seas_6_10an,3.613531589508057e-07,20261005-010838-8084b01
1997,gbrt,seas_6_10na,2.7194619178771973e-07,20261005-010838-8084b01
1997,gbrt,seas_11_15an,0.0,20261005-010838-8084b01
1997,gbrt,seas_11_15na,0.0,20261005-010838-8084b01
1997,gbrt,seas_16_20an,0.0,20261005-010838-8084b01
1997,gbrt,seas_16_20na,0.0,20261005-010838-8084b01
1997,gbrt,market_equity,7.741153240203857e-06,20261005-010838-8084b01
1997,gbrt,ivol_ff3_21d,-8.195638656616211e-07,20261005-010838-8084b01
1997,gbrt,ivol_capm_252d,5.774199962615967e-06,20261005-010838-8084b01
1997,gbrt,ivol_capm_21d,0.0,20261005-010838-8084b01
1997,gbrt,ivol_hxz4_21d,6.42240047454834e-05,20261005-010838-8084b01
1997,gbrt,rvol_21d,0.0,20261005-010838-8084b01
1997,gbrt,beta_60m,0.0,20261005-010838-8084b01
1997,gbrt,betabab_1260d,0.0,20261005-010838-8084b01
1997,gbrt,beta_dimson_21d,0.0,20261005-010838-8084b01
1997,gbrt,turnover_126d,1.8365681171417236e-06,20261005-010838-8084b01
1997,gbrt,turnover_var_126d,1.4565885066986084e-06,20261005-010838-8084b01
1997,gbrt,dolvol_126d,2.2873282432556152e-06,20261005-010838-8084b01
1997,gbrt,dolvol_var_126d,0.0,20261005-010838-8084b01
1997,gbrt,prc,1.1146068572998049e-05,20261005-010838-8084b01
1997,gbrt,ami_126d,-1.2293457984924316e-07,20261005-010838-8084b01
1997,gbrt,zero_trades_21d,-4.500150680541992e-06,20261005-010838-8084b01
1997,gbrt,zero_trades_126d,3.810971975326538e-06,20261005-010838-8084b01
1997,gbrt,zero_trades_252d,3.1888484954833984e-06,20261005-010838-8084b01
1997,gbrt,rmax1_21d,0.0,20261005-010838-8084b01
1997,gbrt,rskew_21d,0.0,20261005-010838-8084b01
1997,gbrt,iskew_capm_21d,0.0,20261005-010838-8084b01
1997,gbrt,iskew_ff3_21d,0.0,20261005-010838-8084b01
1997,gbrt,iskew_hxz4_21d,0.0,20261005-010838-8084b01
1997,gbrt,coskew_21d,0.0,20261005-010838-8084b01
1997,gbrt,ret_1_0,0.0001112297177314,20261005-010838-8084b01
1997,gbrt,betadown_252d,0.0,20261005-010838-8084b01
1997,gbrt,bidaskhl_21d,0.0,20261005-010838-8084b01
1997,gbrt,ret_3_1,2.4586915969848633e-06,20261005-010838-8084b01
1997,gbrt,ret_9_1,4.7013163566589355e-06,20261005-010838-8084b01
1997,gbrt,ret_12_7,7.506459951400757e-06,20261005-010838-8084b01
1997,gbrt,corr_1260d,2.980232238769531e-07,20261005-010838-8084b01
1997,gbrt,rmax5_21d,7.219612598419189e-06,20261005-010838-8084b01
1997,gbrt,rmax5_rvol_21d,0.0,20261005-010838-8084b01
1997,gbrt,ni_be,0.0,20261005-010838-8084b01
1997,gbrt,ocf_at,5.606561899185181e-06,20261005-010838-8084b01
1997,gbrt,ocf_at_chg1,0.0,20261005-010838-8084b01
1997,gbrt,mispricing_perf,7.834285497665405e-06,20261005-010838-8084b01
1997,gbrt,mispricing_mgmt,0.0,20261005-010838-8084b01
1997,gbrt,qmj,0.0,20261005-010838-8084b01
1997,gbrt,qmj_prof,0.0,20261005-010838-8084b01
1997,gbrt,qmj_growth,0.0,20261005-010838-8084b01
1997,gbrt,qmj_safety,0.0,20261005-010838-8084b01
1999,gbrt,niq_su,0.0,20261005-010838-8084b01
1999,gbrt,ret_6_1,1.3083219528198242e-05,20261005-010838-8084b01
1999,gbrt,ret_12_1,4.038214683532715e-06,20261005-010838-8084b01
1999,gbrt,saleq_su,0.0,20261005-010838-8084b01
1999,gbrt,tax_gr1a,1.5124678611755371e-06,20261005-010838-8084b01
1999,gbrt,ni_inc8q,-3.851950168609619e-06,20261005-010838-8084b01
1999,gbrt,prc_highprc_252d,2.014636993408203e-05,20261005-010838-8084b01
1999,gbrt,resff3_6_1,1.6838312149047852e-06,20261005-010838-8084b01
1999,gbrt,resff3_12_1,8.828938007354736e-06,20261005-010838-8084b01
1999,gbrt,be_me,2.311915159225464e-05,20261005-010838-8084b01
1999,gbrt,debt_me,2.309679985046387e-07,20261005-010838-8084b01
1999,gbrt,at_me,3.0472874641418457e-06,20261005-010838-8084b01
1999,gbrt,ret_60_12,2.7567148208618164e-07,20261005-010838-8084b01
1999,gbrt,ni_me,-2.656877040863037e-05,20261005-010838-8084b01
1999,gbrt,fcf_me,-4.246830940246582e-07,20261005-010838-8084b01
1999,gbrt,div12m_me,-2.5741755962371823e-05,20261005-010838-8084b01
1999,gbrt,eqpo_me,-7.390975952148437e-06,20261005-010838-8084b01
1999,gbrt,eqnpo_me,-1.1824071407318115e-05,20261005-010838-8084b01
1999,gbrt,sale_gr3,9.685754776000977e-08,20261005-010838-8084b01
1999,gbrt,sale_gr1,0.0,20261005-010838-8084b01
1999,gbrt,ebitda_mev,-3.873556852340698e-05,20261005-010838-8084b01
1999,gbrt,sale_me,-2.2351741790771484e-08,20261005-010838-8084b01
1999,gbrt,ocf_me,-2.2180378437042236e-05,20261005-010838-8084b01
1999,gbrt,ival_me,-7.897615432739258e-07,20261005-010838-8084b01
1999,gbrt,bev_mev,4.351139068603516e-06,20261005-010838-8084b01
1999,gbrt,netdebt_me,5.379319190979004e-06,20261005-010838-8084b01
1999,gbrt,eq_dur,-1.979619264602661e-05,20261005-010838-8084b01
1999,gbrt,capex_abn,0.0,20261005-010838-8084b01
1999,gbrt,at_gr1,0.0,20261005-010838-8084b01
1999,gbrt,ppeinv_gr1a,0.0,20261005-010838-8084b01
1999,gbrt,noa_at,4.097819328308106e-07,20261005-010838-8084b01
1999,gbrt,noa_gr1a,0.0,20261005-010838-8084b01
1999,gbrt,lnoa_gr1a,6.48200511932373e-07,20261005-010838-8084b01
1999,gbrt,capx_gr1,1.6391277313232422e-06,20261005-010838-8084b01
1999,gbrt,capx_gr2,0.0,20261005-010838-8084b01
1999,gbrt,capx_gr3,0.0,20261005-010838-8084b01
1999,gbrt,chcsho_12m,-3.1560659408569336e-05,20261005-010838-8084b01
1999,gbrt,eqnpo_12m,-1.1660158634185793e-05,20261005-010838-8084b01
1999,gbrt,debt_gr3,3.8743019104003906e-07,20261005-010838-8084b01
1999,gbrt,inv_gr1,0.0,20261005-010838-8084b01
1999,gbrt,inv_gr1a,2.2277235984802246e-06,20261005-010838-8084b01
1999,gbrt,oaccruals_at,0.0,20261005-010838-8084b01
1999,gbrt,taccruals_at,0.0,20261005-010838-8084b01
1999,gbrt,cowc_gr1a,0.0,20261005-010838-8084b01
1999,gbrt,coa_gr1a,2.086162567138672e-07,20261005-010838-8084b01
1999,gbrt,col_gr1a,0.0,20261005-010838-8084b01
1999,gbrt,nncoa_gr1a,3.278255462646485e-07,20261005-010838-8084b01
1999,gbrt,ncoa_gr1a,0.0,20261005-010838-8084b01
1999,gbrt,ncol_gr1a,0.0,20261005-010838-8084b01
1999,gbrt,nfna_gr1a,0.0,20261005-010838-8084b01
1999,gbrt,sti_gr1a,-7.450580596923828e-07,20261005-010838-8084b01
1999,gbrt,lti_gr1a,1.598149538040161e-05,20261005-010838-8084b01
1999,gbrt,fnl_gr1a,3.725290298461914e-08,20261005-010838-8084b01
1999,gbrt,be_gr1a,0.0,20261005-010838-8084b01
1999,gbrt,oaccruals_ni,0.0,20261005-010838-8084b01
1999,gbrt,taccruals_ni,0.0,20261005-010838-8084b01
1999,gbrt,netis_at,-2.7865171432495117e-06,20261005-010838-8084b01
1999,gbrt,eqnetis_at,-2.0638108253479004e-06,20261005-010838-8084b01
1999,gbrt,dbnetis_at,0.0,20261005-010838-8084b01
1999,gbrt,niq_be,-5.1662325859069824e-05,20261005-010838-8084b01
1999,gbrt,niq_be_chg1,-2.235174179077149e-07,20261005-010838-8084b01
1999,gbrt,niq_at,-2.084672451019287e-05,20261005-010838-8084b01
1999,gbrt,niq_at_chg1,-1.4826655387878418e-05,20261005-010838-8084b01
1999,gbrt,ebit_bev,-1.2218952178955078e-06,20261005-010838-8084b01
1999,gbrt,ebit_sale,-5.9157609939575195e-06,20261005-010838-8084b01
1999,gbrt,sale_bev,-4.246830940246582e-07,20261005-010838-8084b01
1999,gbrt,at_turnover,0.0,20261005-010838-8084b01
1999,gbrt,gp_at,0.0,20261005-010838-8084b01
1999,gbrt,gp_atl1,1.4156103134155273e-07,20261005-010838-8084b01
1999,gbrt,ope_be,0.0,20261005-010838-8084b01
1999,gbrt,ope_bel1,-1.862645149230957e-07,20261005-010838-8084b01
1999,gbrt,op_at,-1.2658536434173584e-05,20261005-010838-8084b01
1999,gbrt,op_atl1,0.0,20261005-010838-8084b01
1999,gbrt,cop_at,-6.809830665588379e-06,20261005-010838-8084b01
1999,gbrt,cop_atl1,-3.2186508178710938e-06,20261005-010838-8084b01
1999,gbrt,f_score,-1.3329088687896729e-05,20261005-010838-8084b01
1999,gbrt,o_score,2.2351741790771484e-08,20261005-010838-8084b01
1999,gbrt,z_score,-3.4421682357788086e-06,20261005-010838-8084b01
1999,gbrt,pi_nix,0.0,20261005-010838-8084b01
1999,gbrt,at_be,2.086162567138672e-07,20261005-010838-8084b01
1999,gbrt,saleq_gr1,-3.4794211387634277e-06,20261005-010838-8084b01
1999,gbrt,rd_me,5.852431058883667e-05,20261005-010838-8084b01
1999,gbrt,rd_sale,1.3887882232666016e-05,20261005-010838-8084b01
1999,gbrt,opex_at,0.0,20261005-010838-8084b01
1999,gbrt,emp_gr1,3.948807716369629e-07,20261005-010838-8084b01
1999,gbrt,rd5_at,0.0,20261005-010838-8084b01
1999,gbrt,age,2.8252601623535156e-05,20261005-010838-8084b01
1999,gbrt,dsale_dinv,-1.1175870895385742e-06,20261005-010838-8084b01
1999,gbrt,dsale_drec,3.352761268615723e-07,20261005-010838-8084b01
1999,gbrt,dgp_dsale,0.0,20261005-010838-8084b01
1999,gbrt,dsale_dsga,0.0,20261005-010838-8084b01
1999,gbrt,sale_emp_gr1,0.0,20261005-010838-8084b01
1999,gbrt,tangibility,4.000961780548096e-06,20261005-010838-8084b01
1999,gbrt,kz_index,-1.1473894119262695e-06,20261005-010838-8084b01
1999,gbrt,ocfq_saleq_std,9.760260581970217e-07,20261005-010838-8084b01
1999,gbrt,cash_at,1.2606382369995115e-05,20261005-010838-8084b01
1999,gbrt,ni_ar1,0.0,20261005-010838-8084b01
1999,gbrt,ni_ivol,-2.682209014892578e-07,20261005-010838-8084b01
1999,gbrt,earnings_variability,0.0,20261005-010838-8084b01
1999,gbrt,aliq_at,2.235174179077149e-07,20261005-010838-8084b01
1999,gbrt,aliq_mat,-1.3783574104309082e-06,20261005-010838-8084b01
1999,gbrt,seas_1_1an,1.6689300537109375e-06,20261005-010838-8084b01
1999,gbrt,seas_1_1na,1.9066035747528076e-05,20261005-010838-8084b01
1999,gbrt,seas_2_5an,-9.63360071182251e-06,20261005-010838-8084b01
1999,gbrt,seas_2_5na,0.0,20261005-010838-8084b01
1999,gbrt,seas_6_10an,4.097819328308106e-07,20261005-010838-8084b01
1999,gbrt,seas_6_10na,0.0,20261005-010838-8084b01
1999,gbrt,seas_11_15an,0.0,20261005-010838-8084b01
1999,gbrt,seas_11_15na,0.0,20261005-010838-8084b01
1999,gbrt,seas_16_20an,0.0,20261005-010838-8084b01
1999,gbrt,seas_16_20na,0.0,20261005-010838-8084b01
1999,gbrt,market_equity,8.146464824676514e-05,20261005-010838-8084b01
1999,gbrt,ivol_ff3_21d,-1.6391277313232422e-06,20261005-010838-8084b01
1999,gbrt,ivol_capm_252d,-1.5877187252044678e-05,20261005-010838-8084b01
1999,gbrt,ivol_capm_21d,1.773238182067871e-06,20261005-010838-8084b01
1999,gbrt,ivol_hxz4_21d,-0.0001054927706718,20261005-010838-8084b01
1999,gbrt,rvol_21d,-6.429851055145264e-06,20261005-010838-8084b01
1999,gbrt,beta_60m,0.0,20261005-010838-8084b01
1999,gbrt,betabab_1260d,5.185604095458984e-06,20261005-010838-8084b01
1999,gbrt,beta_dimson_21d,0.0,20261005-010838-8084b01
1999,gbrt,turnover_126d,-4.92483377456665e-06,20261005-010838-8084b01
1999,gbrt,turnover_var_126d,3.3676624298095703e-06,20261005-010838-8084b01
1999,gbrt,dolvol_126d,1.765042543411255e-05,20261005-010838-8084b01
1999,gbrt,dolvol_var_126d,5.960464477539065e-08,20261005-010838-8084b01
1999,gbrt,prc,0.000200405716896,20261005-010838-8084b01
1999,gbrt,ami_126d,4.909932613372803e-06,20261005-010838-8084b01
1999,gbrt,zero_trades_21d,2.2716820240020752e-05,20261005-010838-8084b01
1999,gbrt,zero_trades_126d,2.160668373107911e-07,20261005-010838-8084b01
1999,gbrt,zero_trades_252d,-1.1332333087921144e-05,20261005-010838-8084b01
1999,gbrt,rmax1_21d,-1.2032687664031982e-05,20261005-010838-8084b01
1999,gbrt,rskew_21d,0.0,20261005-010838-8084b01
1999,gbrt,iskew_capm_21d,0.0,20261005-010838-8084b01
1999,gbrt,iskew_ff3_21d,-6.556510925292969e-07,20261005-010838-8084b01
1999,gbrt,iskew_hxz4_21d,0.0,20261005-010838-8084b01
1999,gbrt,coskew_21d,0.0,20261005-010838-8084b01
1999,gbrt,ret_1_0,0.0002784952521324,20261005-010838-8084b01
1999,gbrt,betadown_252d,0.0,20261005-010838-8084b01
1999,gbrt,bidaskhl_21d,8.03917646408081e-06,20261005-010838-8084b01
1999,gbrt,ret_3_1,1.2427568435668944e-05,20261005-010838-8084b01
1999,gbrt,ret_9_1,1.341104507446289e-05,20261005-010838-8084b01
1999,gbrt,ret_12_7,-1.239776611328125e-05,20261005-010838-8084b01
1999,gbrt,corr_1260d,0.0,20261005-010838-8084b01
1999,gbrt,rmax5_21d,-2.2195279598236084e-05,20261005-010838-8084b01
1999,gbrt,rmax5_rvol_21d,-2.056360244750977e-06,20261005-010838-8084b01
1999,gbrt,ni_be,0.0,20261005-010838-8084b01
1999,gbrt,ocf_at,-2.1286308765411377e-05,20261005-010838-8084b01
1999,gbrt,ocf_at_chg1,4.097819328308106e-07,20261005-010838-8084b01
1999,gbrt,mispricing_perf,-3.4593045711517334e-05,20261005-010838-8084b01
1999,gbrt,mispricing_mgmt,8.195638656616211e-07,20261005-010838-8084b01
1999,gbrt,qmj,0.0,20261005-010838-8084b01
1999,gbrt,qmj_prof,-1.3187527656555176e-06,20261005-010838-8084b01
1999,gbrt,qmj_growth,0.0,20261005-010838-8084b01
1999,gbrt,qmj_safety,-5.289912223815918e-07,20261005-010838-8084b01
2001,gbrt,niq_su,-1.8924474716186523e-06,20261005-010838-8084b01
2001,gbrt,ret_6_1,4.783272743225098e-06,20261005-010838-8084b01
2001,gbrt,ret_12_1,-1.1533498764038086e-05,20261005-010838-8084b01
2001,gbrt,saleq_su,0.0,20261005-010838-8084b01
2001,gbrt,tax_gr1a,3.278255462646485e-07,20261005-010838-8084b01
2001,gbrt,ni_inc8q,-0.0001132488250732,20261005-010838-8084b01
2001,gbrt,prc_highprc_252d,2.86102294921875e-06,20261005-010838-8084b01
2001,gbrt,resff3_6_1,0.0,20261005-010838-8084b01
2001,gbrt,resff3_12_1,3.05473804473877e-07,20261005-010838-8084b01
2001,gbrt,be_me,0.0001453310251235,20261005-010838-8084b01
2001,gbrt,debt_me,0.0,20261005-010838-8084b01
2001,gbrt,at_me,-1.5124678611755371e-06,20261005-010838-8084b01
2001,gbrt,ret_60_12,3.7401914596557617e-06,20261005-010838-8084b01
2001,gbrt,ni_me,3.725290298461914e-08,20261005-010838-8084b01
2001,gbrt,fcf_me,0.0,20261005-010838-8084b01
2001,gbrt,div12m_me,0.0,20261005-010838-8084b01
2001,gbrt,eqpo_me,6.2659382820129395e-06,20261005-010838-8084b01
2001,gbrt,eqnpo_me,-1.996755599975586e-06,20261005-010838-8084b01
2001,gbrt,sale_gr3,0.0,20261005-010838-8084b01
2001,gbrt,sale_gr1,0.0,20261005-010838-8084b01
2001,gbrt,ebitda_mev,1.899898052215576e-06,20261005-010838-8084b01
2001,gbrt,sale_me,9.82731580734253e-06,20261005-010838-8084b01
2001,gbrt,ocf_me,1.475214958190918e-06,20261005-010838-8084b01
2001,gbrt,ival_me,4.842877388000488e-07,20261005-010838-8084b01
2001,gbrt,bev_mev,1.4707446098327637e-05,20261005-010838-8084b01
2001,gbrt,netdebt_me,2.205371856689453e-05,20261005-010838-8084b01
2001,gbrt,eq_dur,2.8014183044433594e-06,20261005-010838-8084b01
2001,gbrt,capex_abn,0.0,20261005-010838-8084b01
2001,gbrt,at_gr1,0.0,20261005-010838-8084b01
2001,gbrt,ppeinv_gr1a,8.046627044677734e-07,20261005-010838-8084b01
2001,gbrt,noa_at,1.0728836059570312e-06,20261005-010838-8084b01
2001,gbrt,noa_gr1a,0.0,20261005-010838-8084b01
2001,gbrt,lnoa_gr1a,0.0,20261005-010838-8084b01
2001,gbrt,capx_gr1,0.0,20261005-010838-8084b01
2001,gbrt,capx_gr2,0.0,20261005-010838-8084b01
2001,gbrt,capx_gr3,0.0,20261005-010838-8084b01
2001,gbrt,chcsho_12m,-2.6747584342956543e-06,20261005-010838-8084b01
2001,gbrt,eqnpo_12m,1.1175870895385745e-07,20261005-010838-8084b01
2001,gbrt,debt_gr3,2.071261405944824e-06,20261005-010838-8084b01
2001,gbrt,inv_gr1,0.0,20261005-010838-8084b01
2001,gbrt,inv_gr1a,1.0184943675994871e-05,20261005-010838-8084b01
2001,gbrt,oaccruals_at,0.0,20261005-010838-8084b01
2001,gbrt,taccruals_at,0.0,20261005-010838-8084b01
2001,gbrt,cowc_gr1a,0.0,20261005-010838-8084b01
2001,gbrt,coa_gr1a,-1.0058283805847168e-06,20261005-010838-8084b01
2001,gbrt,col_gr1a,0.0,20261005-010838-8084b01
2001,gbrt,nncoa_gr1a,0.0,20261005-010838-8084b01
2001,gbrt,ncoa_gr1a,0.0,20261005-010838-8084b01
2001,gbrt,ncol_gr1a,0.0,20261005-010838-8084b01
2001,gbrt,nfna_gr1a,5.21540641784668e-07,20261005-010838-8084b01
2001,gbrt,sti_gr1a,4.842877388000488e-07,20261005-010838-8084b01
2001,gbrt,lti_gr1a,-5.6996941566467285e-06,20261005-010838-8084b01
2001,gbrt,fnl_gr1a,1.7434358596801758e-06,20261005-010838-8084b01
2001,gbrt,be_gr1a,0.0,20261005-010838-8084b01
2001,gbrt,oaccruals_ni,0.0,20261005-010838-8084b01
2001,gbrt,taccruals_ni,0.0,20261005-010838-8084b01
2001,gbrt,netis_at,-6.854534149169922e-07,20261005-010838-8084b01
2001,gbrt,eqnetis_at,-3.352761268615723e-07,20261005-010838-8084b01
2001,gbrt,dbnetis_at,0.0,20261005-010838-8084b01
2001,gbrt,niq_be,2.205371856689453e-06,20261005-010838-8084b01
2001,gbrt,niq_be_chg1,1.4528632164001465e-06,20261005-010838-8084b01
2001,gbrt,niq_at,1.4901161193847656e-07,20261005-010838-8084b01
2001,gbrt,niq_at_chg1,-4.3138861656188965e-06,20261005-010838-8084b01
2001,gbrt,ebit_bev,0.0,20261005-010838-8084b01
2001,gbrt,ebit_sale,3.576278686523438e-07,20261005-010838-8084b01
2001,gbrt,sale_bev,-8.195638656616212e-08,20261005-010838-8084b01
2001,gbrt,at_turnover,0.0,20261005-010838-8084b01
2001,gbrt,gp_at,1.7657876014709473e-06,20261005-010838-8084b01
2001,gbrt,gp_atl1,1.3113021850585938e-06,20261005-010838-8084b01
2001,gbrt,ope_be,5.811452865600586e-07,20261005-010838-8084b01
2001,gbrt,ope_bel1,-1.341104507446289e-07,20261005-010838-8084b01
2001,gbrt,op_at,8.195638656616212e-08,20261005-010838-8084b01
2001,gbrt,op_atl1,-3.5762786865234375e-06,20261005-010838-8084b01
2001,gbrt,cop_at,2.0265579223632812e-06,20261005-010838-8084b01
2001,gbrt,cop_atl1,-7.82310962677002e-07,20261005-010838-8084b01
2001,gbrt,f_score,0.0,20261005-010838-8084b01
2001,gbrt,o_score,0.0,20261005-010838-8084b01
2001,gbrt,z_score,-8.419156074523926e-07,20261005-010838-8084b01
2001,gbrt,pi_nix,0.0,20261005-010838-8084b01
2001,gbrt,at_be,0.0,20261005-010838-8084b01
2001,gbrt,saleq_gr1,-3.7401914596557617e-06,20261005-010838-8084b01
2001,gbrt,rd_me,0.000152587890625,20261005-010838-8084b01
2001,gbrt,rd_sale,1.370161771774292e-05,20261005-010838-8084b01
2001,gbrt,opex_at,0.0,20261005-010838-8084b01
2001,gbrt,emp_gr1,0.0,20261005-010838-8084b01
2001,gbrt,rd5_at,0.0,20261005-010838-8084b01
2001,gbrt,age,1.8849968910217283e-06,20261005-010838-8084b01
2001,gbrt,dsale_dinv,2.831220626831055e-07,20261005-010838-8084b01
2001,gbrt,dsale_drec,0.0,20261005-010838-8084b01
2001,gbrt,dgp_dsale,0.0,20261005-010838-8084b01
2001,gbrt,dsale_dsga,0.0,20261005-010838-8084b01
2001,gbrt,sale_emp_gr1,0.0,20261005-010838-8084b01
2001,gbrt,tangibility,0.0,20261005-010838-8084b01
2001,gbrt,kz_index,-2.235174179077149e-07,20261005-010838-8084b01
2001,gbrt,ocfq_saleq_std,0.0,20261005-010838-8084b01
2001,gbrt,cash_at,1.7099082469940186e-05,20261005-010838-8084b01
2001,gbrt,ni_ar1,0.0,20261005-010838-8084b01
2001,gbrt,ni_ivol,0.0,20261005-010838-8084b01
2001,gbrt,earnings_variability,0.0,20261005-010838-8084b01
2001,gbrt,aliq_at,0.0,20261005-010838-8084b01
2001,gbrt,aliq_mat,-9.685754776000977e-07,20261005-010838-8084b01
2001,gbrt,seas_1_1an,-2.339482307434082e-06,20261005-010838-8084b01
2001,gbrt,seas_1_1na,0.0001353174448013,20261005-010838-8084b01
2001,gbrt,seas_2_5an,3.1828880310058594e-05,20261005-010838-8084b01
2001,gbrt,seas_2_5na,5.587935447692871e-07,20261005-010838-8084b01
2001,gbrt,seas_6_10an,9.98377799987793e-07,20261005-010838-8084b01
2001,gbrt,seas_6_10na,0.0,20261005-010838-8084b01
2001,gbrt,seas_11_15an,0.0,20261005-010838-8084b01
2001,gbrt,seas_11_15na,0.0,20261005-010838-8084b01
2001,gbrt,seas_16_20an,0.0,20261005-010838-8084b01
2001,gbrt,seas_16_20na,0.0,20261005-010838-8084b01
2001,gbrt,market_equity,7.418543100357056e-05,20261005-010838-8084b01
2001,gbrt,ivol_ff3_21d,1.393258571624756e-06,20261005-010838-8084b01
2001,gbrt,ivol_capm_252d,-5.513429641723633e-07,20261005-010838-8084b01
2001,gbrt,ivol_capm_21d,2.8014183044433594e-06,20261005-010838-8084b01
2001,gbrt,ivol_hxz4_21d,-2.2232532501220703e-05,20261005-010838-8084b01
2001,gbrt,rvol_21d,2.905726432800293e-06,20261005-010838-8084b01
2001,gbrt,beta_60m,0.0,20261005-010838-8084b01
2001,gbrt,betabab_1260d,0.0,20261005-010838-8084b01
2001,gbrt,beta_dimson_21d,0.0,20261005-010838-8084b01
2001,gbrt,turnover_126d,8.73953104019165e-06,20261005-010838-8084b01
2001,gbrt,turnover_var_126d,0.0,20261005-010838-8084b01
2001,gbrt,dolvol_126d,2.446770668029785e-05,20261005-010838-8084b01
2001,gbrt,dolvol_var_126d,0.0,20261005-010838-8084b01
2001,gbrt,prc,0.0002943202853202,20261005-010838-8084b01
2001,gbrt,ami_126d,1.0229647159576416e-05,20261005-010838-8084b01
2001,gbrt,zero_trades_21d,8.352100849151611e-06,20261005-010838-8084b01
2001,gbrt,zero_trades_126d,-1.3619661331176758e-05,20261005-010838-8084b01
2001,gbrt,zero_trades_252d,-3.591179847717285e-06,20261005-010838-8084b01
2001,gbrt,rmax1_21d,-4.693865776062012e-07,20261005-010838-8084b01
2001,gbrt,rskew_21d,8.121132850646973e-07,20261005-010838-8084b01
2001,gbrt,iskew_capm_21d,1.564621925354004e-06,20261005-010838-8084b01
2001,gbrt,iskew_ff3_21d,0.0,20261005-010838-8084b01
2001,gbrt,iskew_hxz4_21d,0.0,20261005-010838-8084b01
2001,gbrt,coskew_21d,0.0,20261005-010838-8084b01
2001,gbrt,ret_1_0,0.0005666241049766,20261005-010838-8084b01
2001,gbrt,betadown_252d,0.0,20261005-010838-8084b01
2001,gbrt,bidaskhl_21d,9.0673565864563e-06,20261005-010838-8084b01
2001,gbrt,ret_3_1,3.65525484085083e-05,20261005-010838-8084b01
2001,gbrt,ret_9_1,2.4437904357910156e-06,20261005-010838-8084b01
2001,gbrt,ret_12_7,-1.7583370208740234e-05,20261005-010838-8084b01
2001,gbrt,corr_1260d,0.0,20261005-010838-8084b01
2001,gbrt,rmax5_21d,-8.419156074523926e-07,20261005-010838-8084b01
2001,gbrt,rmax5_rvol_21d,2.592802047729492e-06,20261005-010838-8084b01
2001,gbrt,ni_be,0.0,20261005-010838-8084b01
2001,gbrt,ocf_at,-2.6598572731018062e-06,20261005-010838-8084b01
2001,gbrt,ocf_at_chg1,0.0,20261005-010838-8084b01
2001,gbrt,mispricing_perf,4.842877388000488e-07,20261005-010838-8084b01
2001,gbrt,mispricing_mgmt,0.0,20261005-010838-8084b01
2001,gbrt,qmj,0.0,20261005-010838-8084b01
2001,gbrt,qmj_prof,0.0,20261005-010838-8084b01
2001,gbrt,qmj_growth,0.0,20261005-010838-8084b01
2001,gbrt,qmj_safety,0.0,20261005-010838-8084b01
2003,gbrt,niq_su,9.819865226745604e-06,20261005-010838-8084b01
2003,gbrt,ret_6_1,-1.7970800399780273e-05,20261005-010838-8084b01
2003,gbrt,ret_12_1,-2.384185791015625e-05,20261005-010838-8084b01
2003,gbrt,saleq_su,5.140900611877441e-07,20261005-010838-8084b01
2003,gbrt,tax_gr1a,-9.685754776000977e-07,20261005-010838-8084b01
2003,gbrt,ni_inc8q,-6.159022450447083e-05,20261005-010838-8084b01
2003,gbrt,prc_highprc_252d,-1.961737871170044e-05,20261005-010838-8084b01
2003,gbrt,resff3_6_1,-4.958361387252808e-06,20261005-010838-8084b01
2003,gbrt,resff3_12_1,2.261251211166382e-06,20261005-010838-8084b01
2003,gbrt,be_me,4.190206527709961e-05,20261005-010838-8084b01
2003,gbrt,debt_me,-2.272427082061768e-07,20261005-010838-8084b01
2003,gbrt,at_me,-2.6337802410125732e-06,20261005-010838-8084b01
2003,gbrt,ret_60_12,9.201467037200928e-07,20261005-010838-8084b01
2003,gbrt,ni_me,-3.067776560783386e-05,20261005-010838-8084b01
2003,gbrt,fcf_me,1.4044344425201416e-06,20261005-010838-8084b01
2003,gbrt,div12m_me,-7.759779691696167e-06,20261005-010838-8084b01
2003,gbrt,eqpo_me,2.8718262910842896e-05,20261005-010838-8084b01
2003,gbrt,eqnpo_me,-8.121132850646973e-06,20261005-010838-8084b01
2003,gbrt,sale_gr3,1.023709774017334e-05,20261005-010838-8084b01
2003,gbrt,sale_gr1,0.0,20261005-010838-8084b01
2003,gbrt,ebitda_mev,-2.5607645511627197e-05,20261005-010838-8084b01
2003,gbrt,sale_me,9.775161743164062e-06,20261005-010838-8084b01
2003,gbrt,ocf_me,-1.1902302503585815e-05,20261005-010838-8084b01
2003,gbrt,ival_me,-1.825392246246338e-07,20261005-010838-8084b01
2003,gbrt,bev_mev,-1.0795891284942629e-05,20261005-010838-8084b01
2003,gbrt,netdebt_me,2.1237879991531372e-05,20261005-010838-8084b01
2003,gbrt,eq_dur,-3.7178397178649902e-06,20261005-010838-8084b01
2003,gbrt,capex_abn,1.0386109352111816e-05,20261005-010838-8084b01
2003,gbrt,at_gr1,5.8710575103759766e-06,20261005-010838-8084b01
2003,gbrt,ppeinv_gr1a,5.960464477539065e-08,20261005-010838-8084b01
2003,gbrt,noa_at,1.559033989906311e-05,20261005-010838-8084b01
2003,gbrt,noa_gr1a,0.0,20261005-010838-8084b01
2003,gbrt,lnoa_gr1a,0.0,20261005-010838-8084b01
2003,gbrt,capx_gr1,2.60770320892334e-08,20261005-010838-8084b01
2003,gbrt,capx_gr2,9.685754776000977e-07,20261005-010838-8084b01
2003,gbrt,capx_gr3,0.0,20261005-010838-8084b01
2003,gbrt,chcsho_12m,-3.83034348487854e-05,20261005-010838-8084b01
2003,gbrt,eqnpo_12m,-3.07522714138031e-05,20261005-010838-8084b01
2003,gbrt,debt_gr3,0.0,20261005-010838-8084b01
2003,gbrt,inv_gr1,0.0,20261005-010838-8084b01
2003,gbrt,inv_gr1a,2.8908252716064453e-06,20261005-010838-8084b01
2003,gbrt,oaccruals_at,-3.203749656677246e-07,20261005-010838-8084b01
2003,gbrt,taccruals_at,-9.726732969284058e-06,20261005-010838-8084b01
2003,gbrt,cowc_gr1a,6.109476089477539e-07,20261005-010838-8084b01
2003,gbrt,coa_gr1a,2.4959444999694824e-07,20261005-010838-8084b01
2003,gbrt,col_gr1a,2.7902424335479736e-06,20261005-010838-8084b01
2003,gbrt,nncoa_gr1a,1.564621925354004e-07,20261005-010838-8084b01
2003,gbrt,ncoa_gr1a,5.323439836502075e-06,20261005-010838-8084b01
2003,gbrt,ncol_gr1a,0.0,20261005-010838-8084b01
2003,gbrt,nfna_gr1a,-3.0249357223510742e-06,20261005-010838-8084b01
2003,gbrt,sti_gr1a,-3.203749656677246e-07,20261005-010838-8084b01
2003,gbrt,lti_gr1a,-4.4502317905426025e-05,20261005-010838-8084b01
2003,gbrt,fnl_gr1a,-1.4491379261016846e-06,20261005-010838-8084b01
2003,gbrt,be_gr1a,2.4259090423583984e-05,20261005-010838-8084b01
2003,gbrt,oaccruals_ni,0.0,20261005-010838-8084b01
2003,gbrt,taccruals_ni,6.51925802230835e-07,20261005-010838-8084b01
2003,gbrt,netis_at,-1.5851110219955444e-05,20261005-010838-8084b01
2003,gbrt,eqnetis_at,-8.568167686462402e-06,20261005-010838-8084b01
2003,gbrt,dbnetis_at,-1.2852251529693604e-06,20261005-010838-8084b01
2003,gbrt,niq_be,-2.54996120929718e-05,20261005-010838-8084b01
2003,gbrt,niq_be_chg1,2.8312206268310547e-06,20261005-010838-8084b01
2003,gbrt,niq_at,-2.676993608474731e-05,20261005-010838-8084b01
2003,gbrt,niq_at_chg1,3.550201654434204e-06,20261005-010838-8084b01
2003,gbrt,ebit_bev,1.5292316675186157e-05,20261005-010838-8084b01
2003,gbrt,ebit_sale,-2.4475157260894775e-06,20261005-010838-8084b01
2003,gbrt,sale_bev,-4.842877388000488e-08,20261005-010838-8084b01
2003,gbrt,at_turnover,-3.05473804473877e-07,20261005-010838-8084b01
2003,gbrt,gp_at,-5.960464477539065e-08,20261005-010838-8084b01
2003,gbrt,gp_atl1,2.5480985641479492e-06,20261005-010838-8084b01
2003,gbrt,ope_be,-8.307397365570068e-07,20261005-010838-8084b01
2003,gbrt,ope_bel1,-3.91155481338501e-07,20261005-010838-8084b01
2003,gbrt,op_at,-1.1321157217025757e-05,20261005-010838-8084b01
2003,gbrt,op_atl1,1.4640390872955322e-06,20261005-010838-8084b01
2003,gbrt,cop_at,7.994472980499268e-06,20261005-010838-8084b01
2003,gbrt,cop_atl1,-4.4889748096466064e-06,20261005-010838-8084b01
2003,gbrt,f_score,3.166496753692627e-07,20261005-010838-8084b01
2003,gbrt,o_score,-7.82310962677002e-07,20261005-010838-8084b01
2003,gbrt,z_score,-2.637505531311035e-06,20261005-010838-8084b01
2003,gbrt,pi_nix,-5.923211574554443e-07,20261005-010838-8084b01
2003,gbrt,at_be,9.611248970031738e-07,20261005-010838-8084b01
2003,gbrt,saleq_gr1,-1.6402453184127808e-05,20261005-010838-8084b01
2003,gbrt,rd_me,0.0001749470829963,20261005-010838-8084b01
2003,gbrt,rd_sale,4.683062434196472e-05,20261005-010838-8084b01
2003,gbrt,opex_at,0.0,20261005-010838-8084b01
2003,gbrt,emp_gr1,8.456408977508545e-07,20261005-010838-8084b01
2003,gbrt,rd5_at,1.5906989574432373e-06,20261005-010838-8084b01
2003,gbrt,age,6.152316927909851e-05,20261005-010838-8084b01
2003,gbrt,dsale_dinv,1.3150274753570557e-06,20261005-010838-8084b01
2003,gbrt,dsale_drec,0.0,20261005-010838-8084b01
2003,gbrt,dgp_dsale,0.0,20261005-010838-8084b01
2003,gbrt,dsale_dsga,0.0,20261005-010838-8084b01
2003,gbrt,sale_emp_gr1,4.470348358154297e-07,20261005-010838-8084b01
2003,gbrt,tangibility,6.899237632751465e-06,20261005-010838-8084b01
2003,gbrt,kz_index,-1.132488250732422e-06,20261005-010838-8084b01
2003,gbrt,ocfq_saleq_std,1.3299286365509031e-06,20261005-010838-8084b01
2003,gbrt,cash_at,4.79184091091156e-05,20261005-010838-8084b01
2003,gbrt,ni_ar1,1.0281801223754885e-06,20261005-010838-8084b01
2003,gbrt,ni_ivol,0.0,20261005-010838-8084b01
2003,gbrt,earnings_variability,0.0,20261005-010838-8084b01
2003,gbrt,aliq_at,2.5331974029541016e-07,20261005-010838-8084b01
2003,gbrt,aliq_mat,-5.431473255157471e-06,20261005-010838-8084b01
2003,gbrt,seas_1_1an,-3.3214688301086426e-05,20261005-010838-8084b01
2003,gbrt,seas_1_1na,6.590783596038818e-05,20261005-010838-8084b01
2003,gbrt,seas_2_5an,-1.4044344425201416e-05,20261005-010838-8084b01
2003,gbrt,seas_2_5na,3.986060619354248e-07,20261005-010838-8084b01
2003,gbrt,seas_6_10an,4.4852495193481445e-06,20261005-010838-8084b01
2003,gbrt,seas_6_10na,0.0,20261005-010838-8084b01
2003,gbrt,seas_11_15an,1.4565885066986084e-06,20261005-010838-8084b01
2003,gbrt,seas_11_15na,0.0,20261005-010838-8084b01
2003,gbrt,seas_16_20an,0.0,20261005-010838-8084b01
2003,gbrt,seas_16_20na,0.0,20261005-010838-8084b01
2003,gbrt,market_equity,7.919967174530029e-05,20261005-010838-8084b01
2003,gbrt,ivol_ff3_21d,5.949288606643677e-06,20261005-010838-8084b01
2003,gbrt,ivol_capm_252d,-1.6130506992340088e-05,20261005-010838-8084b01
2003,gbrt,ivol_capm_21d,5.442649126052856e-06,20261005-010838-8084b01
2003,gbrt,ivol_hxz4_21d,-9.271129965782166e-05,20261005-010838-8084b01
2003,gbrt,rvol_21d,-1.914799213409424e-06,20261005-010838-8084b01
2003,gbrt,beta_60m,0.0,20261005-010838-8084b01
2003,gbrt,betabab_1260d,-3.159046173095703e-06,20261005-010838-8084b01
2003,gbrt,beta_dimson_21d,5.178153514862061e-07,20261005-010838-8084b01
2003,gbrt,turnover_126d,2.2001564502716064e-05,20261005-010838-8084b01
2003,gbrt,turnover_var_126d,6.794929504394531e-06,20261005-010838-8084b01
2003,gbrt,dolvol_126d,2.115592360496521e-05,20261005-010838-8084b01
2003,gbrt,dolvol_var_126d,2.6561319828033447e-06,20261005-010838-8084b01
2003,gbrt,prc,0.0001120418310165,20261005-010838-8084b01
2003,gbrt,ami_126d,2.4706125259399417e-05,20261005-010838-8084b01
2003,gbrt,zero_trades_21d,-3.75695526599884e-05,20261005-010838-8084b01
2003,gbrt,zero_trades_126d,-4.578009247779846e-05,20261005-010838-8084b01
2003,gbrt,zero_trades_252d,2.5480985641479492e-05,20261005-010838-8084b01
2003,gbrt,rmax1_21d,1.0952353477478027e-06,20261005-010838-8084b01
2003,gbrt,rskew_21d,1.385807991027832e-06,20261005-010838-8084b01
2003,gbrt,iskew_capm_21d,1.5534460544586182e-06,20261005-010838-8084b01
2003,gbrt,iskew_ff3_21d,2.5331974029541016e-07,20261005-010838-8084b01
2003,gbrt,iskew_hxz4_21d,3.4123659133911133e-06,20261005-010838-8084b01
2003,gbrt,coskew_21d,0.0,20261005-010838-8084b01
2003,gbrt,ret_1_0,8.794665336608887e-05,20261005-010838-8084b01
2003,gbrt,betadown_252d,-1.4044344425201416e-06,20261005-010838-8084b01
2003,gbrt,bidaskhl_21d,2.4225562810897827e-05,20261005-010838-8084b01
2003,gbrt,ret_3_1,3.127753734588623e-05,20261005-010838-8084b01
2003,gbrt,ret_9_1,2.0425766706466675e-05,20261005-010838-8084b01
2003,gbrt,ret_12_7,-4.9915164709091187e-05,20261005-010838-8084b01
2003,gbrt,corr_1260d,0.0,20261005-010838-8084b01
2003,gbrt,rmax5_21d,-4.652887582778931e-05,20261005-010838-8084b01
2003,gbrt,rmax5_rvol_21d,-2.09026038646698e-05,20261005-010838-8084b01
2003,gbrt,ni_be,6.109476089477539e-07,20261005-010838-8084b01
2003,gbrt,ocf_at,-1.2215226888656616e-05,20261005-010838-8084b01
2003,gbrt,ocf_at_chg1,-5.029141902923584e-07,20261005-010838-8084b01
2003,gbrt,mispricing_perf,-3.979727625846863e-05,20261005-010838-8084b01
2003,gbrt,mispricing_mgmt,-1.788139343261719e-07,20261005-010838-8084b01
2003,gbrt,qmj,0.0,20261005-010838-8084b01
2003,gbrt,qmj_prof,-2.6561319828033447e-06,20261005-010838-8084b01
2003,gbrt,qmj_growth,-1.0579824447631836e-06,20261005-010838-8084b01
2003,gbrt,qmj_safety,-7.946044206619263e-06,20261005-010838-8084b01
2005,gbrt,niq_su,6.202608346939087e-07,20261005-010838-8084b01
2005,gbrt,ret_6_1,-3.345310688018799e-06,20261005-010838-8084b01
2005,gbrt,ret_12_1,1.8874183297157288e-05,20261005-010838-8084b01
2005,gbrt,saleq_su,-1.3597309589385986e-07,20261005-010838-8084b01
2005,gbrt,tax_gr1a,1.1995434761047363e-06,20261005-010838-8084b01
2005,gbrt,ni_inc8q,7.953494787216187e-07,20261005-010838-8084b01
2005,gbrt,prc_highprc_252d,1.360289752483368e-05,20261005-010838-8084b01
2005,gbrt,resff3_6_1,-1.1548399925231934e-06,20261005-010838-8084b01
2005,gbrt,resff3_12_1,2.035871148109436e-06,20261005-010838-8084b01
2005,gbrt,be_me,-1.3988465070724487e-05,20261005-010838-8084b01
2005,gbrt,debt_me,-9.872019290924072e-08,20261005-010838-8084b01
2005,gbrt,at_me,2.652406692504883e-06,20261005-010838-8084b01
2005,gbrt,ret_60_12,-1.5795230865478516e-06,20261005-010838-8084b01
2005,gbrt,ni_me,6.662681698799133e-06,20261005-010838-8084b01
2005,gbrt,fcf_me,4.971399903297424e-06,20261005-010838-8084b01
2005,gbrt,div12m_me,4.716217517852783e-06,20261005-010838-8084b01
2005,gbrt,eqpo_me,-8.234940469264984e-05,20261005-010838-8084b01
2005,gbrt,eqnpo_me,2.5685876607894897e-06,20261005-010838-8084b01
2005,gbrt,sale_gr3,-1.1790543794631958e-06,20261005-010838-8084b01
2005,gbrt,sale_gr1,0.0,20261005-010838-8084b01
2005,gbrt,ebitda_mev,1.087971031665802e-05,20261005-010838-8084b01
2005,gbrt,sale_me,1.0989606380462646e-06,20261005-010838-8084b01
2005,gbrt,ocf_me,7.009133696556091e-06,20261005-010838-8084b01
2005,gbrt,ival_me,-1.0747462511062622e-06,20261005-010838-8084b01
2005,gbrt,bev_mev,-6.357207894325256e-06,20261005-010838-8084b01
2005,gbrt,netdebt_me,-1.2217089533805847e-05,20261005-010838-8084b01
2005,gbrt,eq_dur,2.7902424335479736e-06,20261005-010838-8084b01
2005,gbrt,capex_abn,-1.4491379261016846e-06,20261005-010838-8084b01
2005,gbrt,at_gr1,-2.812594175338745e-07,20261005-010838-8084b01
2005,gbrt,ppeinv_gr1a,-1.30385160446167e-08,20261005-010838-8084b01
2005,gbrt,noa_at,-4.753470420837402e-06,20261005-010838-8084b01
2005,gbrt,noa_gr1a,0.0,20261005-010838-8084b01
2005,gbrt,lnoa_gr1a,0.0,20261005-010838-8084b01
2005,gbrt,capx_gr1,0.0,20261005-010838-8084b01
2005,gbrt,capx_gr2,0.0,20261005-010838-8084b01
2005,gbrt,capx_gr3,8.977949619293213e-07,20261005-010838-8084b01
2005,gbrt,chcsho_12m,1.2753531336784364e-05,20261005-010838-8084b01
2005,gbrt,eqnpo_12m,1.068226993083954e-05,20261005-010838-8084b01
2005,gbrt,debt_gr3,-2.7567148208618164e-07,20261005-010838-8084b01
2005,gbrt,inv_gr1,4.842877388000488e-08,20261005-010838-8084b01
2005,gbrt,inv_gr1a,-6.891787052154541e-06,20261005-010838-8084b01
2005,gbrt,oaccruals_at,7.990747690200806e-07,20261005-010838-8084b01
2005,gbrt,taccruals_at,4.78699803352356e-07,20261005-010838-8084b01
2005,gbrt,cowc_gr1a,-2.0489096641540527e-08,20261005-010838-8084b01
2005,gbrt,coa_gr1a,-1.3075768947601318e-06,20261005-010838-8084b01
2005,gbrt,col_gr1a,-1.3317912817001345e-06,20261005-010838-8084b01
2005,gbrt,nncoa_gr1a,6.09084963798523e-07,20261005-010838-8084b01
2005,gbrt,ncoa_gr1a,1.7136335372924805e-07,20261005-010838-8084b01
2005,gbrt,ncol_gr1a,-7.80448317527771e-07,20261005-010838-8084b01
2005,gbrt,nfna_gr1a,1.7508864402771e-07,20261005-010838-8084b01
2005,gbrt,sti_gr1a,-1.0313466191291807e-05,20261005-010838-8084b01
2005,gbrt,lti_gr1a,1.790374517440796e-05,20261005-010838-8084b01
2005,gbrt,fnl_gr1a,1.8086284399032593e-06,20261005-010838-8084b01
2005,gbrt,be_gr1a,-9.201467037200928e-06,20261005-010838-8084b01
2005,gbrt,oaccruals_ni,0.0,20261005-010838-8084b01
2005,gbrt,taccruals_ni,-2.272427082061768e-07,20261005-010838-8084b01
2005,gbrt,netis_at,3.555789589881897e-06,20261005-010838-8084b01
2005,gbrt,eqnetis_at,-6.444752216339111e-07,20261005-010838-8084b01
2005,gbrt,dbnetis_at,4.917383193969727e-07,20261005-010838-8084b01
2005,gbrt,niq_be,1.6046687960624695e-05,20261005-010838-8084b01
2005,gbrt,niq_be_chg1,1.8887221813201904e-06,20261005-010838-8084b01
2005,gbrt,niq_at,-3.766268491744995e-06,20261005-010838-8084b01
2005,gbrt,niq_at_chg1,1.2032687664031982e-06,20261005-010838-8084b01
2005,gbrt,ebit_bev,-2.264976501464844e-06,20261005-010838-8084b01
2005,gbrt,ebit_sale,1.1976808309555054e-06,20261005-010838-8084b01
2005,gbrt,sale_bev,-1.7173588275909424e-06,20261005-010838-8084b01
2005,gbrt,at_turnover,0.0,20261005-010838-8084b01
2005,gbrt,gp_at,-1.173466444015503e-06,20261005-010838-8084b01
2005,gbrt,gp_atl1,-4.842877388000488e-08,20261005-010838-8084b01
2005,gbrt,ope_be,1.216307282447815e-06,20261005-010838-8084b01
2005,gbrt,ope_bel1,3.4086406230926514e-07,20261005-010838-8084b01
2005,gbrt,op_at,3.4775584936141968e-06,20261005-010838-8084b01
2005,gbrt,op_atl1,2.0265579223632812e-06,20261005-010838-8084b01
2005,gbrt,cop_at,6.880611181259155e-06,20261005-010838-8084b01
2005,gbrt,cop_atl1,1.434236764907837e-07,20261005-010838-8084b01
2005,gbrt,f_score,0.0,20261005-010838-8084b01
2005,gbrt,o_score,3.0174851417541504e-07,20261005-010838-8084b01
2005,gbrt,z_score,2.1830201148986816e-06,20261005-010838-8084b01
2005,gbrt,pi_nix,0.0,20261005-010838-8084b01
2005,gbrt,at_be,-1.4156103134155273e-07,20261005-010838-8084b01
2005,gbrt,saleq_gr1,5.995854735374451e-06,20261005-010838-8084b01
2005,gbrt,rd_me,-5.182996392250061e-05,20261005-010838-8084b01
2005,gbrt,rd_sale,-1.8812716007232666e-07,20261005-010838-8084b01
2005,gbrt,opex_at,0.0,20261005-010838-8084b01
2005,gbrt,emp_gr1,3.4458935260772705e-07,20261005-010838-8084b01
2005,gbrt,rd5_at,-2.1345913410186768e-06,20261005-010838-8084b01
2005,gbrt,age,1.8971040844917297e-05,20261005-010838-8084b01
2005,gbrt,dsale_dinv,-3.632158041000366e-07,20261005-010838-8084b01
2005,gbrt,dsale_drec,0.0,20261005-010838-8084b01
2005,gbrt,dgp_dsale,-5.0291419029235846e-08,20261005-010838-8084b01
2005,gbrt,dsale_dsga,0.0,20261005-010838-8084b01
2005,gbrt,sale_emp_gr1,5.587935447692871e-07,20261005-010838-8084b01
2005,gbrt,tangibility,1.30385160446167e-07,20261005-010838-8084b01
2005,gbrt,kz_index,4.284083843231201e-08,20261005-010838-8084b01
2005,gbrt,ocfq_saleq_std,-8.400529623031616e-07,20261005-010838-8084b01
2005,gbrt,cash_at,-4.284083843231201e-08,20261005-010838-8084b01
2005,gbrt,ni_ar1,-6.51925802230835e-08,20261005-010838-8084b01
2005,gbrt,ni_ivol,0.0,20261005-010838-8084b01
2005,gbrt,earnings_variability,1.6391277313232425e-07,20261005-010838-8084b01
2005,gbrt,aliq_at,1.3783574104309082e-07,20261005-010838-8084b01
2005,gbrt,aliq_mat,-1.6205012798309326e-07,20261005-010838-8084b01
2005,gbrt,seas_1_1an,-4.656612873077393e-06,20261005-010838-8084b01
2005,gbrt,seas_1_1na,-5.2189454436302185e-05,20261005-010838-8084b01
2005,gbrt,seas_2_5an,1.3969838619232178e-06,20261005-010838-8084b01
2005,gbrt,seas_2_5na,-3.0249357223510742e-06,20261005-010838-8084b01
2005,gbrt,seas_6_10an,1.560896635055542e-06,20261005-010838-8084b01
2005,gbrt,seas_6_10na,0.0,20261005-010838-8084b01
2005,gbrt,seas_11_15an,4.284083843231201e-08,20261005-010838-8084b01
2005,gbrt,seas_11_15na,0.0,20261005-010838-8084b01
2005,gbrt,seas_16_20an,0.0,20261005-010838-8084b01
2005,gbrt,seas_16_20na,0.0,20261005-010838-8084b01
2005,gbrt,market_equity,-4.778429865837097e-05,20261005-010838-8084b01
2005,gbrt,ivol_ff3_21d,3.935769200325012e-06,20261005-010838-8084b01
2005,gbrt,ivol_capm_252d,4.772096872329712e-06,20261005-010838-8084b01
2005,gbrt,ivol_capm_21d,6.299465894699097e-06,20261005-010838-8084b01
2005,gbrt,ivol_hxz4_21d,2.6630237698554993e-05,20261005-010838-8084b01
2005,gbrt,rvol_21d,-9.704381227493286e-07,20261005-010838-8084b01
2005,gbrt,beta_60m,7.82310962677002e-08,20261005-010838-8084b01
2005,gbrt,betabab_1260d,-5.997717380523682e-07,20261005-010838-8084b01
2005,gbrt,beta_dimson_21d,2.998858690261841e-07,20261005-010838-8084b01
2005,gbrt,turnover_126d,2.927519381046295e-05,20261005-010838-8084b01
2005,gbrt,turnover_var_126d,-3.073364496231079e-06,20261005-010838-8084b01
2005,gbrt,dolvol_126d,-1.543387770652771e-05,20261005-010838-8084b01
2005,gbrt,dolvol_var_126d,-1.173466444015503e-06,20261005-010838-8084b01
2005,gbrt,prc,-9.0891495347023e-05,20261005-010838-8084b01
2005,gbrt,ami_126d,-9.0915709733963e-06,20261005-010838-8084b01
2005,gbrt,zero_trades_21d,6.400421261787415e-05,20261005-010838-8084b01
2005,gbrt,zero_trades_126d,1.7680227756500244e-05,20261005-010838-8084b01
2005,gbrt,zero_trades_252d,1.1486932635307312e-05,20261005-010838-8084b01
2005,gbrt,rmax1_21d,3.501772880554199e-07,20261005-010838-8084b01
2005,gbrt,rskew_21d,2.3096799850463867e-06,20261005-010838-8084b01
2005,gbrt,iskew_capm_21d,2.436339855194092e-06,20261005-010838-8084b01
2005,gbrt,iskew_ff3_21d,0.0,20261005-010838-8084b01
2005,gbrt,iskew_hxz4_21d,2.5276094675064087e-06,20261005-010838-8084b01
2005,gbrt,coskew_21d,-7.636845111846925e-08,20261005-010838-8084b01
2005,gbrt,ret_1_0,-6.910227239131927e-05,20261005-010838-8084b01
2005,gbrt,betadown_252d,1.689419150352478e-06,20261005-010838-8084b01
2005,gbrt,bidaskhl_21d,-1.5849247574806213e-05,20261005-010838-8084b01
2005,gbrt,ret_3_1,-9.406358003616332e-07,20261005-010838-8084b01
2005,gbrt,ret_9_1,-4.144385457038879e-06,20261005-010838-8084b01
2005,gbrt,ret_12_7,8.963048458099365e-06,20261005-010838-8084b01
2005,gbrt,corr_1260d,0.0,20261005-010838-8084b01
2005,gbrt,rmax5_21d,8.605420589447021e-07,20261005-010838-8084b01
2005,gbrt,rmax5_rvol_21d,-1.560896635055542e-06,20261005-010838-8084b01
2005,gbrt,ni_be,1.7043203115463257e-06,20261005-010838-8084b01
2005,gbrt,ocf_at,1.601874828338623e-06,20261005-010838-8084b01
2005,gbrt,ocf_at_chg1,-6.202608346939087e-07,20261005-010838-8084b01
2005,gbrt,mispricing_perf,1.484900712966919e-05,20261005-010838-8084b01
2005,gbrt,mispricing_mgmt,0.0,20261005-010838-8084b01
2005,gbrt,qmj,6.332993507385254e-08,20261005-010838-8084b01
2005,gbrt,qmj_prof,6.109476089477539e-07,20261005-010838-8084b01
2005,gbrt,qmj_growth,3.557652235031128e-07,20261005-010838-8084b01
2005,gbrt,qmj_safety,4.254281520843506e-06,20261005-010838-8084b01
2007,gbrt,niq_su,1.7993152141571045e-06,20261005-010838-8084b01
2007,gbrt,ret_6_1,-3.822147846221924e-06,20261005-010838-8084b01
2007,gbrt,ret_12_1,1.0322779417037964e-05,20261005-010838-8084b01
2007,gbrt,saleq_su,5.21540641784668e-08,20261005-010838-8084b01
2007,gbrt,tax_gr1a,1.6279518604278564e-06,20261005-010838-8084b01
2007,gbrt,ni_inc8q,9.49576497077942e-06,20261005-010838-8084b01
2007,gbrt,prc_highprc_252d,1.1058524250984192e-05,20261005-010838-8084b01
2007,gbrt,resff3_6_1,-2.9243528842926025e-07,20261005-010838-8084b01
2007,gbrt,resff3_12_1,3.296881914138794e-07,20261005-010838-8084b01
2007,gbrt,be_me,-3.750622272491455e-05,20261005-010838-8084b01
2007,gbrt,debt_me,0.0,20261005-010838-8084b01
2007,gbrt,at_me,-7.595866918563843e-06,20261005-010838-8084b01
2007,gbrt,ret_60_12,-5.532056093215942e-07,20261005-010838-8084b01
2007,gbrt,ni_me,8.989125490188599e-06,20261005-010838-8084b01
2007,gbrt,fcf_me,5.923211574554443e-07,20261005-010838-8084b01
2007,gbrt,div12m_me,-0.0001745671033859,20261005-010838-8084b01
2007,gbrt,eqpo_me,3.069266676902771e-05,20261005-010838-8084b01
2007,gbrt,eqnpo_me,1.5534460544586182e-06,20261005-010838-8084b01
2007,gbrt,sale_gr3,2.980232238769531e-07,20261005-010838-8084b01
2007,gbrt,sale_gr1,1.2293457984924316e-07,20261005-010838-8084b01
2007,gbrt,ebitda_mev,3.46451997756958e-06,20261005-010838-8084b01
2007,gbrt,sale_me,3.1851232051849365e-07,20261005-010838-8084b01
2007,gbrt,ocf_me,1.043081283569336e-07,20261005-010838-8084b01
2007,gbrt,ival_me,-9.872019290924072e-08,20261005-010838-8084b01
2007,gbrt,bev_mev,-1.5519559383392334e-05,20261005-010838-8084b01
2007,gbrt,netdebt_me,-1.2250617146492004e-05,20261005-010838-8084b01
2007,gbrt,eq_dur,4.712492227554322e-07,20261005-010838-8084b01
2007,gbrt,capex_abn,0.0,20261005-010838-8084b01
2007,gbrt,at_gr1,0.0,20261005-010838-8084b01
2007,gbrt,ppeinv_gr1a,-1.154839992523195e-07,20261005-010838-8084b01
2007,gbrt,noa_at,-6.0033053159713745e-06,20261005-010838-8084b01
2007,gbrt,noa_gr1a,-1.0281801223754885e-06,20261005-010838-8084b01
2007,gbrt,lnoa_gr1a,0.0,20261005-010838-8084b01
2007,gbrt,capx_gr1,0.0,20261005-010838-8084b01
2007,gbrt,capx_gr2,0.0,20261005-010838-8084b01
2007,gbrt,capx_gr3,1.0319054126739502e-06,20261005-010838-8084b01
2007,gbrt,chcsho_12m,1.0482966899871826e-05,20261005-010838-8084b01
2007,gbrt,eqnpo_12m,2.9318034648895264e-05,20261005-010838-8084b01
2007,gbrt,debt_gr3,1.169741153717041e-06,20261005-010838-8084b01
2007,gbrt,inv_gr1,-1.471489667892456e-07,20261005-010838-8084b01
2007,gbrt,inv_gr1a,6.5248459577560425e-06,20261005-010838-8084b01
2007,gbrt,oaccruals_at,2.62632966041565e-07,20261005-010838-8084b01
2007,gbrt,taccruals_at,0.0,20261005-010838-8084b01
2007,gbrt,cowc_gr1a,1.393258571624756e-06,20261005-010838-8084b01
2007,gbrt,coa_gr1a,1.477077603340149e-06,20261005-010838-8084b01
2007,gbrt,col_gr1a,2.5331974029541016e-07,20261005-010838-8084b01
2007,gbrt,nncoa_gr1a,-1.4156103134155273e-07,20261005-010838-8084b01
2007,gbrt,ncoa_gr1a,-8.586794137954712e-07,20261005-010838-8084b01
2007,gbrt,ncol_gr1a,0.0,20261005-010838-8084b01
2007,gbrt,nfna_gr1a,2.328306436538697e-07,20261005-010838-8084b01
2007,gbrt,sti_gr1a,2.1848827600479126e-06,20261005-010838-8084b01
2007,gbrt,lti_gr1a,1.481175422668457e-05,20261005-010838-8084b01
2007,gbrt,fnl_gr1a,5.140900611877441e-07,20261005-010838-8084b01
2007,gbrt,be_gr1a,-1.8812716007232666e-07,20261005-010838-8084b01
2007,gbrt,oaccruals_ni,0.0,20261005-010838-8084b01
2007,gbrt,taccruals_ni,0.0,20261005-010838-8084b01
2007,gbrt,netis_at,-1.823529601097107e-06,20261005-010838-8084b01
2007,gbrt,eqnetis_at,-1.0766088962554932e-06,20261005-010838-8084b01
2007,gbrt,dbnetis_at,7.450580596923828e-09,20261005-010838-8084b01
2007,gbrt,niq_be,9.819865226745604e-06,20261005-010838-8084b01
2007,gbrt,niq_be_chg1,2.5797635316848755e-06,20261005-010838-8084b01
2007,gbrt,niq_at,-8.642673492431641e-07,20261005-010838-8084b01
2007,gbrt,niq_at_chg1,-7.767230272293091e-07,20261005-010838-8084b01
2007,gbrt,ebit_bev,-4.470348358154297e-07,20261005-010838-8084b01
2007,gbrt,ebit_sale,-1.214444637298584e-06,20261005-010838-8084b01
2007,gbrt,sale_bev,-2.3655593395233154e-07,20261005-010838-8084b01
2007,gbrt,at_turnover,2.421438694000244e-08,20261005-010838-8084b01
2007,gbrt,gp_at,9.406358003616332e-07,20261005-010838-8084b01
2007,gbrt,gp_atl1,2.011656761169434e-07,20261005-010838-8084b01
2007,gbrt,ope_be,-3.4458935260772705e-07,20261005-010838-8084b01
2007,gbrt,ope_bel1,-3.371387720108032e-07,20261005-010838-8084b01
2007,gbrt,op_at,2.4493783712387085e-06,20261005-010838-8084b01
2007,gbrt,op_atl1,-3.594905138015747e-07,20261005-010838-8084b01
2007,gbrt,cop_at,3.3918768167495728e-06,20261005-010838-8084b01
2007,gbrt,cop_atl1,-1.2926757335662842e-06,20261005-010838-8084b01
2007,gbrt,f_score,0.0,20261005-010838-8084b01
2007,gbrt,o_score,7.953494787216187e-07,20261005-010838-8084b01
2007,gbrt,z_score,5.029141902923584e-07,20261005-010838-8084b01
2007,gbrt,pi_nix,0.0,20261005-010838-8084b01
2007,gbrt,at_be,-1.9371509552001953e-07,20261005-010838-8084b01
2007,gbrt,saleq_gr1,4.9620866775512695e-06,20261005-010838-8084b01
2007,gbrt,rd_me,-4.4323503971099854e-05,20261005-010838-8084b01
2007,gbrt,rd_sale,-5.7443976402282715e-06,20261005-010838-8084b01
2007,gbrt,opex_at,5.5879354476928724e-08,20261005-010838-8084b01
2007,gbrt,emp_gr1,-6.332993507385254e-08,20261005-010838-8084b01
2007,gbrt,rd5_at,0.0,20261005-010838-8084b01
2007,gbrt,age,6.290152668952942e-06,20261005-010838-8084b01
2007,gbrt,dsale_dinv,4.544854164123535e-07,20261005-010838-8084b01
2007,gbrt,dsale_drec,0.0,20261005-010838-8084b01
2007,gbrt,dgp_dsale,-1.5124678611755371e-06,20261005-010838-8084b01
2007,gbrt,dsale_dsga,0.0,20261005-010838-8084b01
2007,gbrt,sale_emp_gr1,-4.991888999938965e-07,20261005-010838-8084b01
2007,gbrt,tangibility,-1.3802200555801392e-06,20261005-010838-8084b01
2007,gbrt,kz_index,1.1604279279708862e-06,20261005-010838-8084b01
2007,gbrt,ocfq_saleq_std,0.0,20261005-010838-8084b01
2007,gbrt,cash_at,3.2298266887664795e-06,20261005-010838-8084b01
2007,gbrt,ni_ar1,3.203749656677246e-07,20261005-010838-8084b01
2007,gbrt,ni_ivol,0.0,20261005-010838-8084b01
2007,gbrt,earnings_variability,0.0,20261005-010838-8084b01
2007,gbrt,aliq_at,0.0,20261005-010838-8084b01
2007,gbrt,aliq_mat,4.78699803352356e-07,20261005-010838-8084b01
2007,gbrt,seas_1_1an,-2.210959792137146e-06,20261005-010838-8084b01
2007,gbrt,seas_1_1na,-2.050586044788361e-05,20261005-010838-8084b01
2007,gbrt,seas_2_5an,8.139759302139282e-07,20261005-010838-8084b01
2007,gbrt,seas_2_5na,-6.379559636116028e-06,20261005-010838-8084b01
2007,gbrt,seas_6_10an,7.916241884231567e-07,20261005-010838-8084b01
2007,gbrt,seas_6_10na,0.0,20261005-010838-8084b01
2007,gbrt,seas_11_15an,6.593763828277588e-07,20261005-010838-8084b01
2007,gbrt,seas_11_15na,0.0,20261005-010838-8084b01
2007,gbrt,seas_16_20an,0.0,20261005-010838-8084b01
2007,gbrt,seas_16_20na,0.0,20261005-010838-8084b01
2007,gbrt,market_equity,-4.155747592449188e-05,20261005-010838-8084b01
2007,gbrt,ivol_ff3_21d,3.706663846969605e-07,20261005-010838-8084b01
2007,gbrt,ivol_capm_252d,4.004687070846558e-06,20261005-010838-8084b01
2007,gbrt,ivol_capm_21d,3.460794687271118e-06,20261005-010838-8084b01
2007,gbrt,ivol_hxz4_21d,3.85381281375885e-06,20261005-010838-8084b01
2007,gbrt,rvol_21d,6.07222318649292e-07,20261005-010838-8084b01
2007,gbrt,beta_60m,0.0,20261005-010838-8084b01
2007,gbrt,betabab_1260d,-8.326023817062378e-07,20261005-010838-8084b01
2007,gbrt,beta_dimson_21d,-1.2796372175216677e-06,20261005-010838-8084b01
2007,gbrt,turnover_126d,1.1688098311424255e-05,20261005-010838-8084b01
2007,gbrt,turnover_var_126d,4.33996319770813e-07,20261005-010838-8084b01
2007,gbrt,dolvol_126d,-1.309625804424286e-05,20261005-010838-8084b01
2007,gbrt,dolvol_var_126d,-1.9185245037078857e-07,20261005-010838-8084b01
2007,gbrt,prc,-4.301406443119049e-05,20261005-010838-8084b01
2007,gbrt,ami_126d,-1.354888081550598e-05,20261005-010838-8084b01
2007,gbrt,zero_trades_21d,5.081482231616974e-05,20261005-010838-8084b01
2007,gbrt,zero_trades_126d,6.12996518611908e-06,20261005-010838-8084b01
2007,gbrt,zero_trades_252d,6.746500730514526e-06,20261005-010838-8084b01
2007,gbrt,rmax1_21d,-1.1436641216278076e-06,20261005-010838-8084b01
2007,gbrt,rskew_21d,-3.818422555923462e-07,20261005-010838-8084b01
2007,gbrt,iskew_capm_21d,1.8700957298278809e-06,20261005-010838-8084b01
2007,gbrt,iskew_ff3_21d,2.0097941160202022e-06,20261005-010838-8084b01
2007,gbrt,iskew_hxz4_21d,2.0209699869155884e-06,20261005-010838-8084b01
2007,gbrt,coskew_21d,0.0,20261005-010838-8084b01
2007,gbrt,ret_1_0,-5.73229044675827e-05,20261005-010838-8084b01
2007,gbrt,betadown_252d,-6.146728992462158e-08,20261005-010838-8084b01
2007,gbrt,bidaskhl_21d,-4.4330954551696777e-07,20261005-010838-8084b01
2007,gbrt,ret_3_1,-1.6236677765846252e-05,20261005-010838-8084b01
2007,gbrt,ret_9_1,4.0065497159957886e-06,20261005-010838-8084b01
2007,gbrt,ret_12_7,4.228204488754273e-07,20261005-010838-8084b01
2007,gbrt,corr_1260d,0.0,20261005-010838-8084b01
2007,gbrt,rmax5_21d,-1.8421560525894165e-06,20261005-010838-8084b01
2007,gbrt,rmax5_rvol_21d,-2.7120113372802734e-06,20261005-010838-8084b01
2007,gbrt,ni_be,0.0,20261005-010838-8084b01
2007,gbrt,ocf_at,-2.905726432800293e-07,20261005-010838-8084b01
2007,gbrt,ocf_at_chg1,1.8961727619171145e-06,20261005-010838-8084b01
2007,gbrt,mispricing_perf,2.350658178329468e-06,20261005-010838-8084b01
2007,gbrt,mispricing_mgmt,-1.780688762664795e-06,20261005-010838-8084b01
2007,gbrt,qmj,0.0,20261005-010838-8084b01
2007,gbrt,qmj_prof,-3.203749656677246e-07,20261005-010838-8084b01
2007,gbrt,qmj_growth,0.0,20261005-010838-8084b01
2007,gbrt,qmj_safety,1.132488250732422e-06,20261005-010838-8084b01
2009,gbrt,niq_su,0.0,20261005-010838-8084b01
2009,gbrt,ret_6_1,-1.609325408935547e-05,20261005-010838-8084b01
2009,gbrt,ret_12_1,-9.810924530029296e-05,20261005-010838-8084b01
2009,gbrt,saleq_su,0.0,20261005-010838-8084b01
2009,gbrt,tax_gr1a,0.0,20261005-010838-8084b01
2009,gbrt,ni_inc8q,0.0,20261005-010838-8084b01
2009,gbrt,prc_highprc_252d,-3.4421682357788086e-06,20261005-010838-8084b01
2009,gbrt,resff3_6_1,0.0,20261005-010838-8084b01
2009,gbrt,resff3_12_1,-4.197657108306885e-05,20261005-010838-8084b01
2009,gbrt,be_me,0.0001347959041595,20261005-010838-8084b01
2009,gbrt,debt_me,0.0,20261005-010838-8084b01
2009,gbrt,at_me,4.187226295471191e-06,20261005-010838-8084b01
2009,gbrt,ret_60_12,0.0,20261005-010838-8084b01
2009,gbrt,ni_me,-5.498528480529785e-06,20261005-010838-8084b01
2009,gbrt,fcf_me,0.0,20261005-010838-8084b01
2009,gbrt,div12m_me,9.40859317779541e-05,20261005-010838-8084b01
2009,gbrt,eqpo_me,1.5795230865478516e-06,20261005-010838-8084b01
2009,gbrt,eqnpo_me,0.0,20261005-010838-8084b01
2009,gbrt,sale_gr3,0.0,20261005-010838-8084b01
2009,gbrt,sale_gr1,0.0,20261005-010838-8084b01
2009,gbrt,ebitda_mev,7.301568984985352e-07,20261005-010838-8084b01
2009,gbrt,sale_me,0.0,20261005-010838-8084b01
2009,gbrt,ocf_me,-1.4603137969970703e-06,20261005-010838-8084b01
2009,gbrt,ival_me,0.0,20261005-010838-8084b01
2009,gbrt,bev_mev,5.304813385009766e-06,20261005-010838-8084b01
2009,gbrt,netdebt_me,7.420778274536133e-06,20261005-010838-8084b01
2009,gbrt,eq_dur,0.0,20261005-010838-8084b01
2009,gbrt,capex_abn,0.0,20261005-010838-8084b01
2009,gbrt,at_gr1,1.3560056686401367e-06,20261005-010838-8084b01
2009,gbrt,ppeinv_gr1a,-1.1622905731201172e-06,20261005-010838-8084b01
2009,gbrt,noa_at,-1.2516975402832031e-06,20261005-010838-8084b01
2009,gbrt,noa_gr1a,-2.562999725341797e-06,20261005-010838-8084b01
2009,gbrt,lnoa_gr1a,0.0,20261005-010838-8084b01
2009,gbrt,capx_gr1,0.0,20261005-010838-8084b01
2009,gbrt,capx_gr2,0.0,20261005-010838-8084b01
2009,gbrt,capx_gr3,0.0,20261005-010838-8084b01
2009,gbrt,chcsho_12m,-3.585219383239746e-05,20261005-010838-8084b01
2009,gbrt,eqnpo_12m,-2.707540988922119e-05,20261005-010838-8084b01
2009,gbrt,debt_gr3,0.0,20261005-010838-8084b01
2009,gbrt,inv_gr1,0.0,20261005-010838-8084b01
2009,gbrt,inv_gr1a,0.0,20261005-010838-8084b01
2009,gbrt,oaccruals_at,0.0,20261005-010838-8084b01
2009,gbrt,taccruals_at,0.0,20261005-010838-8084b01
2009,gbrt,cowc_gr1a,0.0,20261005-010838-8084b01
2009,gbrt,coa_gr1a,-1.043081283569336e-07,20261005-010838-8084b01
2009,gbrt,col_gr1a,0.0,20261005-010838-8084b01
2009,gbrt,nncoa_gr1a,0.0,20261005-010838-8084b01
2009,gbrt,ncoa_gr1a,0.0,20261005-010838-8084b01
2009,gbrt,ncol_gr1a,0.0,20261005-010838-8084b01
2009,gbrt,nfna_gr1a,0.0,20261005-010838-8084b01
2009,gbrt,sti_gr1a,1.3262033462524414e-06,20261005-010838-8084b01
2009,gbrt,lti_gr1a,-2.047419548034668e-05,20261005-010838-8084b01
2009,gbrt,fnl_gr1a,0.0,20261005-010838-8084b01
2009,gbrt,be_gr1a,0.0,20261005-010838-8084b01
2009,gbrt,oaccruals_ni,0.0,20261005-010838-8084b01
2009,gbrt,taccruals_ni,0.0,20261005-010838-8084b01
2009,gbrt,netis_at,-3.665685653686523e-06,20261005-010838-8084b01
2009,gbrt,eqnetis_at,-1.996755599975586e-06,20261005-010838-8084b01
2009,gbrt,dbnetis_at,0.0,20261005-010838-8084b01
2009,gbrt,niq_be,-2.38269567489624e-05,20261005-010838-8084b01
2009,gbrt,niq_be_chg1,0.0,20261005-010838-8084b01
2009,gbrt,niq_at,-9.104609489440918e-06,20261005-010838-8084b01
2009,gbrt,niq_at_chg1,0.0,20261005-010838-8084b01
2009,gbrt,ebit_bev,0.0,20261005-010838-8084b01
2009,gbrt,ebit_sale,0.0,20261005-010838-8084b01
2009,gbrt,sale_bev,0.0,20261005-010838-8084b01
2009,gbrt,at_turnover,0.0,20261005-010838-8084b01
2009,gbrt,gp_at,-1.341104507446289e-07,20261005-010838-8084b01
2009,gbrt,gp_atl1,0.0,20261005-010838-8084b01
2009,gbrt,ope_be,0.0,20261005-010838-8084b01
2009,gbrt,ope_bel1,0.0,20261005-010838-8084b01
2009,gbrt,op_at,-1.4603137969970703e-06,20261005-010838-8084b01
2009,gbrt,op_atl1,2.9802322387695312e-08,20261005-010838-8084b01
2009,gbrt,cop_at,3.680586814880371e-06,20261005-010838-8084b01
2009,gbrt,cop_atl1,1.5497207641601562e-06,20261005-010838-8084b01
2009,gbrt,f_score,0.0,20261005-010838-8084b01
2009,gbrt,o_score,0.0,20261005-010838-8084b01
2009,gbrt,z_score,0.0,20261005-010838-8084b01
2009,gbrt,pi_nix,0.0,20261005-010838-8084b01
2009,gbrt,at_be,0.0,20261005-010838-8084b01
2009,gbrt,saleq_gr1,0.0,20261005-010838-8084b01
2009,gbrt,rd_me,0.0001385360956192,20261005-010838-8084b01
2009,gbrt,rd_sale,0.0,20261005-010838-8084b01
2009,gbrt,opex_at,0.0,20261005-010838-8084b01
2009,gbrt,emp_gr1,0.0,20261005-010838-8084b01
2009,gbrt,rd5_at,4.5299530029296875e-06,20261005-010838-8084b01
2009,gbrt,age,-3.129243850708008e-07,20261005-010838-8084b01
2009,gbrt,dsale_dinv,0.0,20261005-010838-8084b01
2009,gbrt,dsale_drec,0.0,20261005-010838-8084b01
2009,gbrt,dgp_dsale,0.0,20261005-010838-8084b01
2009,gbrt,dsale_dsga,1.4901161193847656e-08,20261005-010838-8084b01
2009,gbrt,sale_emp_gr1,0.0,20261005-010838-8084b01
2009,gbrt,tangibility,3.129243850708008e-06,20261005-010838-8084b01
2009,gbrt,kz_index,0.0,20261005-010838-8084b01
2009,gbrt,ocfq_saleq_std,0.0,20261005-010838-8084b01
2009,gbrt,cash_at,-1.1622905731201172e-06,20261005-010838-8084b01
2009,gbrt,ni_ar1,0.0,20261005-010838-8084b01
2009,gbrt,ni_ivol,0.0,20261005-010838-8084b01
2009,gbrt,earnings_variability,0.0,20261005-010838-8084b01
2009,gbrt,aliq_at,0.0,20261005-010838-8084b01
2009,gbrt,aliq_mat,0.0,20261005-010838-8084b01
2009,gbrt,seas_1_1an,-2.7000904083251953e-05,20261005-010838-8084b01
2009,gbrt,seas_1_1na,1.4543533325195312e-05,20261005-010838-8084b01
2009,gbrt,seas_2_5an,-1.1265277862548828e-05,20261005-010838-8084b01
2009,gbrt,seas_2_5na,0.0,20261005-010838-8084b01
2009,gbrt,seas_6_10an,0.0,20261005-010838-8084b01
2009,gbrt,seas_6_10na,0.0,20261005-010838-8084b01
2009,gbrt,seas_11_15an,0.0,20261005-010838-8084b01
2009,gbrt,seas_11_15na,0.0,20261005-010838-8084b01
2009,gbrt,seas_16_20an,0.0,20261005-010838-8084b01
2009,gbrt,seas_16_20na,0.0,20261005-010838-8084b01
2009,gbrt,market_equity,0.0002150833606719,20261005-010838-8084b01
2009,gbrt,ivol_ff3_21d,-1.430511474609375e-06,20261005-010838-8084b01
2009,gbrt,ivol_capm_252d,-1.385807991027832e-06,20261005-010838-8084b01
2009,gbrt,ivol_capm_21d,-5.945563316345215e-06,20261005-010838-8084b01
2009,gbrt,ivol_hxz4_21d,-3.816187381744385e-05,20261005-010838-8084b01
2009,gbrt,rvol_21d,-3.576278686523438e-07,20261005-010838-8084b01
2009,gbrt,beta_60m,0.0,20261005-010838-8084b01
2009,gbrt,betabab_1260d,0.0,20261005-010838-8084b01
2009,gbrt,beta_dimson_21d,0.0,20261005-010838-8084b01
2009,gbrt,turnover_126d,7.0035457611083984e-06,20261005-010838-8084b01
2009,gbrt,turnover_var_126d,0.0,20261005-010838-8084b01
2009,gbrt,dolvol_126d,8.626282215118408e-05,20261005-010838-8084b01
2009,gbrt,dolvol_var_126d,6.139278411865234e-06,20261005-010838-8084b01
2009,gbrt,prc,0.0001625418663024,20261005-010838-8084b01
2009,gbrt,ami_126d,1.4424324035644531e-05,20261005-010838-8084b01
2009,gbrt,zero_trades_21d,-9.685754776000977e-07,20261005-010838-8084b01
2009,gbrt,zero_trades_126d,4.0531158447265625e-06,20261005-010838-8084b01
2009,gbrt,zero_trades_252d,1.5467405319213867e-05,20261005-010838-8084b01
2009,gbrt,rmax1_21d,-1.3068318367004396e-05,20261005-010838-8084b01
2009,gbrt,rskew_21d,0.0,20261005-010838-8084b01
2009,gbrt,iskew_capm_21d,0.0,20261005-010838-8084b01
2009,gbrt,iskew_ff3_21d,0.0,20261005-010838-8084b01
2009,gbrt,iskew_hxz4_21d,0.0,20261005-010838-8084b01
2009,gbrt,coskew_21d,0.0,20261005-010838-8084b01
2009,gbrt,ret_1_0,0.0003587901592254,20261005-010838-8084b01
2009,gbrt,betadown_252d,0.0,20261005-010838-8084b01
2009,gbrt,bidaskhl_21d,5.334615707397461e-06,20261005-010838-8084b01
2009,gbrt,ret_3_1,7.227063179016113e-06,20261005-010838-8084b01
2009,gbrt,ret_9_1,-3.40193510055542e-05,20261005-010838-8084b01
2009,gbrt,ret_12_7,-7.584691047668457e-06,20261005-010838-8084b01
2009,gbrt,corr_1260d,0.0,20261005-010838-8084b01
2009,gbrt,rmax5_21d,-2.0757317543029785e-05,20261005-010838-8084b01
2009,gbrt,rmax5_rvol_21d,-1.043081283569336e-07,20261005-010838-8084b01
2009,gbrt,ni_be,0.0,20261005-010838-8084b01
2009,gbrt,ocf_at,0.0,20261005-010838-8084b01
2009,gbrt,ocf_at_chg1,0.0,20261005-010838-8084b01
2009,gbrt,mispricing_perf,-2.893805503845215e-05,20261005-010838-8084b01
2009,gbrt,mispricing_mgmt,5.424022674560547e-06,20261005-010838-8084b01
2009,gbrt,qmj,0.0,20261005-010838-8084b01
2009,gbrt,qmj_prof,0.0,20261005-010838-8084b01
2009,gbrt,qmj_growth,0.0,20261005-010838-8084b01
2009,gbrt,qmj_safety,0.0,20261005-010838-8084b01
2011,gbrt,niq_su,0.0,20261005-010838-8084b01
2011,gbrt,ret_6_1,1.0265037417411804e-05,20261005-010838-8084b01
2011,gbrt,ret_12_1,1.3587996363639832e-05,20261005-010838-8084b01
2011,gbrt,saleq_su,0.0,20261005-010838-8084b01
2011,gbrt,tax_gr1a,1.4528632164001465e-07,20261005-010838-8084b01
2011,gbrt,ni_inc8q,0.0,20261005-010838-8084b01
2011,gbrt,prc_highprc_252d,1.4880672097206116e-05,20261005-010838-8084b01
2011,gbrt,resff3_6_1,-7.227063179016113e-07,20261005-010838-8084b01
2011,gbrt,resff3_12_1,6.966292858123779e-07,20261005-010838-8084b01
2011,gbrt,be_me,-7.4356794357299805e-06,20261005-010838-8084b01
2011,gbrt,debt_me,1.6577541828155518e-06,20261005-010838-8084b01
2011,gbrt,at_me,0.0,20261005-010838-8084b01
2011,gbrt,ret_60_12,0.0,20261005-010838-8084b01
2011,gbrt,ni_me,-1.4938414096832275e-06,20261005-010838-8084b01
2011,gbrt,fcf_me,0.0,20261005-010838-8084b01
2011,gbrt,div12m_me,-3.563053905963898e-05,20261005-010838-8084b01
2011,gbrt,eqpo_me,-1.8905848264694216e-06,20261005-010838-8084b01
2011,gbrt,eqnpo_me,0.0,20261005-010838-8084b01
2011,gbrt,sale_gr3,0.0,20261005-010838-8084b01
2011,gbrt,sale_gr1,0.0,20261005-010838-8084b01
2011,gbrt,ebitda_mev,-9.778887033462524e-07,20261005-010838-8084b01
2011,gbrt,sale_me,0.0,20261005-010838-8084b01
2011,gbrt,ocf_me,1.6223639249801636e-06,20261005-010838-8084b01
2011,gbrt,ival_me,0.0,20261005-010838-8084b01
2011,gbrt,bev_mev,5.729496479034424e-06,20261005-010838-8084b01
2011,gbrt,netdebt_me,-4.015862941741943e-06,20261005-010838-8084b01
2011,gbrt,eq_dur,0.0,20261005-010838-8084b01
2011,gbrt,capex_abn,0.0,20261005-010838-8084b01
2011,gbrt,at_gr1,0.0,20261005-010838-8084b01
2011,gbrt,ppeinv_gr1a,3.034248948097229e-06,20261005-010838-8084b01
2011,gbrt,noa_at,3.870576620101929e-06,20261005-010838-8084b01
2011,gbrt,noa_gr1a,5.62518835067749e-07,20261005-010838-8084b01
2011,gbrt,lnoa_gr1a,0.0,20261005-010838-8084b01
2011,gbrt,capx_gr1,0.0,20261005-010838-8084b01
2011,gbrt,capx_gr2,0.0,20261005-010838-8084b01
2011,gbrt,capx_gr3,0.0,20261005-010838-8084b01
2011,gbrt,chcsho_12m,3.304146230220795e-05,20261005-010838-8084b01
2011,gbrt,eqnpo_12m,1.824833452701569e-05,20261005-010838-8084b01
2011,gbrt,debt_gr3,0.0,20261005-010838-8084b01
2011,gbrt,inv_gr1,0.0,20261005-010838-8084b01
2011,gbrt,inv_gr1a,0.0,20261005-010838-8084b01
2011,gbrt,oaccruals_at,0.0,20261005-010838-8084b01
2011,gbrt,taccruals_at,0.0,20261005-010838-8084b01
2011,gbrt,cowc_gr1a,0.0,20261005-010838-8084b01
2011,gbrt,coa_gr1a,-4.842877388000488e-08,20261005-010838-8084b01
2011,gbrt,col_gr1a,0.0,20261005-010838-8084b01
2011,gbrt,nncoa_gr1a,0.0,20261005-010838-8084b01
2011,gbrt,ncoa_gr1a,0.0,20261005-010838-8084b01
2011,gbrt,ncol_gr1a,0.0,20261005-010838-8084b01
2011,gbrt,nfna_gr1a,0.0,20261005-010838-8084b01
2011,gbrt,sti_gr1a,2.1122395992279053e-06,20261005-010838-8084b01
2011,gbrt,lti_gr1a,1.857057213783264e-06,20261005-010838-8084b01
2011,gbrt,fnl_gr1a,0.0,20261005-010838-8084b01
2011,gbrt,be_gr1a,0.0,20261005-010838-8084b01
2011,gbrt,oaccruals_ni,0.0,20261005-010838-8084b01
2011,gbrt,taccruals_ni,0.0,20261005-010838-8084b01
2011,gbrt,netis_at,3.8351863622665405e-06,20261005-010838-8084b01
2011,gbrt,eqnetis_at,4.0121376514434814e-06,20261005-010838-8084b01
2011,gbrt,dbnetis_at,0.0,20261005-010838-8084b01
2011,gbrt,niq_be,3.850087523460388e-06,20261005-010838-8084b01
2011,gbrt,niq_be_chg1,0.0,20261005-010838-8084b01
2011,gbrt,niq_at,6.316229701042175e-06,20261005-010838-8084b01
2011,gbrt,niq_at_chg1,6.798654794692993e-07,20261005-010838-8084b01
2011,gbrt,ebit_bev,0.0,20261005-010838-8084b01
2011,gbrt,ebit_sale,1.1175870895385742e-08,20261005-010838-8084b01
2011,gbrt,sale_bev,0.0,20261005-010838-8084b01
2011,gbrt,at_turnover,0.0,20261005-010838-8084b01
2011,gbrt,gp_at,0.0,20261005-010838-8084b01
2011,gbrt,gp_atl1,0.0,20261005-010838-8084b01
2011,gbrt,ope_be,0.0,20261005-010838-8084b01
2011,gbrt,ope_bel1,0.0,20261005-010838-8084b01
2011,gbrt,op_at,5.029141902923584e-06,20261005-010838-8084b01
2011,gbrt,op_atl1,0.0,20261005-010838-8084b01
2011,gbrt,cop_at,6.562098860740662e-06,20261005-010838-8084b01
2011,gbrt,cop_atl1,0.0,20261005-010838-8084b01
2011,gbrt,f_score,0.0,20261005-010838-8084b01
2011,gbrt,o_score,0.0,20261005-010838-8084b01
2011,gbrt,z_score,0.0,20261005-010838-8084b01
2011,gbrt,pi_nix,0.0,20261005-010838-8084b01
2011,gbrt,at_be,0.0,20261005-010838-8084b01
2011,gbrt,saleq_gr1,0.0,20261005-010838-8084b01
2011,gbrt,rd_me,-2.6669353246688843e-05,20261005-010838-8084b01
2011,gbrt,rd_sale,0.0,20261005-010838-8084b01
2011,gbrt,opex_at,0.0,20261005-010838-8084b01
2011,gbrt,emp_gr1,0.0,20261005-010838-8084b01
2011,gbrt,rd5_at,-4.842877388000488e-07,20261005-010838-8084b01
2011,gbrt,age,-5.606561899185181e-07,20261005-010838-8084b01
2011,gbrt,dsale_dinv,0.0,20261005-010838-8084b01
2011,gbrt,dsale_drec,0.0,20261005-010838-8084b01
2011,gbrt,dgp_dsale,0.0,20261005-010838-8084b01
2011,gbrt,dsale_dsga,0.0,20261005-010838-8084b01
2011,gbrt,sale_emp_gr1,0.0,20261005-010838-8084b01
2011,gbrt,tangibility,-1.6167759895324707e-06,20261005-010838-8084b01
2011,gbrt,kz_index,0.0,20261005-010838-8084b01
2011,gbrt,ocfq_saleq_std,0.0,20261005-010838-8084b01
2011,gbrt,cash_at,0.0,20261005-010838-8084b01
2011,gbrt,ni_ar1,0.0,20261005-010838-8084b01
2011,gbrt,ni_ivol,0.0,20261005-010838-8084b01
2011,gbrt,earnings_variability,0.0,20261005-010838-8084b01
2011,gbrt,aliq_at,0.0,20261005-010838-8084b01
2011,gbrt,aliq_mat,0.0,20261005-010838-8084b01
2011,gbrt,seas_1_1an,8.314847946166992e-06,20261005-010838-8084b01
2011,gbrt,seas_1_1na,-7.256865501403809e-06,20261005-010838-8084b01
2011,gbrt,seas_2_5an,1.6067177057266235e-05,20261005-010838-8084b01
2011,gbrt,seas_2_5na,-4.731118679046631e-07,20261005-010838-8084b01
2011,gbrt,seas_6_10an,0.0,20261005-010838-8084b01
2011,gbrt,seas_6_10na,0.0,20261005-010838-8084b01
2011,gbrt,seas_11_15an,0.0,20261005-010838-8084b01
2011,gbrt,seas_11_15na,0.0,20261005-010838-8084b01
2011,gbrt,seas_16_20an,0.0,20261005-010838-8084b01
2011,gbrt,seas_16_20na,0.0,20261005-010838-8084b01
2011,gbrt,market_equity,-4.630535840988159e-06,20261005-010838-8084b01
2011,gbrt,ivol_ff3_21d,0.0,20261005-010838-8084b01
2011,gbrt,ivol_capm_252d,3.794208168983459e-06,20261005-010838-8084b01
2011,gbrt,ivol_capm_21d,5.999580025672913e-06,20261005-010838-8084b01
2011,gbrt,ivol_hxz4_21d,4.4208019971847534e-05,20261005-010838-8084b01
2011,gbrt,rvol_21d,0.0,20261005-010838-8084b01
2011,gbrt,beta_60m,0.0,20261005-010838-8084b01
2011,gbrt,betabab_1260d,0.0,20261005-010838-8084b01
2011,gbrt,beta_dimson_21d,0.0,20261005-010838-8084b01
2011,gbrt,turnover_126d,1.2412667274475098e-05,20261005-010838-8084b01
2011,gbrt,turnover_var_126d,0.0,20261005-010838-8084b01
2011,gbrt,dolvol_126d,6.873160600662231e-07,20261005-010838-8084b01
2011,gbrt,dolvol_var_126d,-2.425163984298706e-06,20261005-010838-8084b01
2011,gbrt,prc,-1.7208978533744812e-05,20261005-010838-8084b01
2011,gbrt,ami_126d,9.937211871147156e-06,20261005-010838-8084b01
2011,gbrt,zero_trades_21d,1.0617077350616456e-07,20261005-010838-8084b01
2011,gbrt,zero_trades_126d,9.313225746154784e-09,20261005-010838-8084b01
2011,gbrt,zero_trades_252d,7.469207048416138e-07,20261005-010838-8084b01
2011,gbrt,rmax1_21d,6.994232535362244e-06,20261005-010838-8084b01
2011,gbrt,rskew_21d,0.0,20261005-010838-8084b01
2011,gbrt,iskew_capm_21d,0.0,20261005-010838-8084b01
2011,gbrt,iskew_ff3_21d,0.0,20261005-010838-8084b01
2011,gbrt,iskew_hxz4_21d,0.0,20261005-010838-8084b01
2011,gbrt,coskew_21d,0.0,20261005-010838-8084b01
2011,gbrt,ret_1_0,1.9202008843421936e-05,20261005-010838-8084b01
2011,gbrt,betadown_252d,0.0,20261005-010838-8084b01
2011,gbrt,bidaskhl_21d,0.0,20261005-010838-8084b01
2011,gbrt,ret_3_1,1.257285475730896e-06,20261005-010838-8084b01
2011,gbrt,ret_9_1,1.8402934074401855e-06,20261005-010838-8084b01
2011,gbrt,ret_12_7,4.971399903297424e-06,20261005-010838-8084b01
2011,gbrt,corr_1260d,0.0,20261005-010838-8084b01
2011,gbrt,rmax5_21d,2.366676926612854e-05,20261005-010838-8084b01
2011,gbrt,rmax5_rvol_21d,3.4458935260772705e-07,20261005-010838-8084b01
2011,gbrt,ni_be,0.0,20261005-010838-8084b01
2011,gbrt,ocf_at,6.731599569320679e-06,20261005-010838-8084b01
2011,gbrt,ocf_at_chg1,0.0,20261005-010838-8084b01
2011,gbrt,mispricing_perf,2.409517765045166e-05,20261005-010838-8084b01
2011,gbrt,mispricing_mgmt,3.42540442943573e-06,20261005-010838-8084b01
2011,gbrt,qmj,0.0,20261005-010838-8084b01
2011,gbrt,qmj_prof,0.0,20261005-010838-8084b01
2011,gbrt,qmj_growth,0.0,20261005-010838-8084b01
2011,gbrt,qmj_safety,6.873160600662231e-07,20261005-010838-8084b01
2013,gbrt,niq_su,0.0,20261005-010838-8084b01
2013,gbrt,ret_6_1,1.3671815395355225e-06,20261005-010838-8084b01
2013,gbrt,ret_12_1,1.17570161819458e-05,20261005-010838-8084b01
2013,gbrt,saleq_su,0.0,20261005-010838-8084b01
2013,gbrt,tax_gr1a,0.0,20261005-010838-8084b01
2013,gbrt,ni_inc8q,1.0766088962554932e-06,20261005-010838-8084b01
2013,gbrt,prc_highprc_252d,1.4416873455047607e-06,20261005-010838-8084b01
2013,gbrt,resff3_6_1,0.0,20261005-010838-8084b01
2013,gbrt,resff3_12_1,1.6111880540847778e-06,20261005-010838-8084b01
2013,gbrt,be_me,1.4763325452804564e-05,20261005-010838-8084b01
2013,gbrt,debt_me,0.0,20261005-010838-8084b01
2013,gbrt,at_me,0.0,20261005-010838-8084b01
2013,gbrt,ret_60_12,0.0,20261005-010838-8084b01
2013,gbrt,ni_me,-1.8514692783355713e-06,20261005-010838-8084b01
2013,gbrt,fcf_me,0.0,20261005-010838-8084b01
2013,gbrt,div12m_me,-1.5273690223693848e-05,20261005-010838-8084b01
2013,gbrt,eqpo_me,1.4547258615493774e-06,20261005-010838-8084b01
2013,gbrt,eqnpo_me,0.0,20261005-010838-8084b01
2013,gbrt,sale_gr3,0.0,20261005-010838-8084b01
2013,gbrt,sale_gr1,0.0,20261005-010838-8084b01
2013,gbrt,ebitda_mev,-3.60049307346344e-06,20261005-010838-8084b01
2013,gbrt,sale_me,0.0,20261005-010838-8084b01
2013,gbrt,ocf_me,2.648681402206421e-06,20261005-010838-8084b01
2013,gbrt,ival_me,0.0,20261005-010838-8084b01
2013,gbrt,bev_mev,1.084059476852417e-06,20261005-010838-8084b01
2013,gbrt,netdebt_me,1.903250813484192e-05,20261005-010838-8084b01
2013,gbrt,eq_dur,-1.7099082469940186e-06,20261005-010838-8084b01
2013,gbrt,capex_abn,0.0,20261005-010838-8084b01
2013,gbrt,at_gr1,0.0,20261005-010838-8084b01
2013,gbrt,ppeinv_gr1a,1.2665987014770508e-07,20261005-010838-8084b01
2013,gbrt,noa_at,5.694106221199036e-06,20261005-010838-8084b01
2013,gbrt,noa_gr1a,-1.255422830581665e-06,20261005-010838-8084b01
2013,gbrt,lnoa_gr1a,0.0,20261005-010838-8084b01
2013,gbrt,capx_gr1,0.0,20261005-010838-8084b01
2013,gbrt,capx_gr2,-4.684552550315857e-06,20261005-010838-8084b01
2013,gbrt,capx_gr3,0.0,20261005-010838-8084b01
2013,gbrt,chcsho_12m,-2.2565945982933044e-05,20261005-010838-8084b01
2013,gbrt,eqnpo_12m,-1.4316290616989136e-05,20261005-010838-8084b01
2013,gbrt,debt_gr3,0.0,20261005-010838-8084b01
2013,gbrt,inv_gr1,0.0,20261005-010838-8084b01
2013,gbrt,inv_gr1a,4.3213367462158203e-07,20261005-010838-8084b01
2013,gbrt,oaccruals_at,0.0,20261005-010838-8084b01
2013,gbrt,taccruals_at,0.0,20261005-010838-8084b01
2013,gbrt,cowc_gr1a,0.0,20261005-010838-8084b01
2013,gbrt,coa_gr1a,0.0,20261005-010838-8084b01
2013,gbrt,col_gr1a,-1.2665987014770508e-07,20261005-010838-8084b01
2013,gbrt,nncoa_gr1a,0.0,20261005-010838-8084b01
2013,gbrt,ncoa_gr1a,0.0,20261005-010838-8084b01
2013,gbrt,ncol_gr1a,0.0,20261005-010838-8084b01
2013,gbrt,nfna_gr1a,0.0,20261005-010838-8084b01
2013,gbrt,sti_gr1a,1.2032687664031982e-06,20261005-010838-8084b01
2013,gbrt,lti_gr1a,8.977949619293213e-07,20261005-010838-8084b01
2013,gbrt,fnl_gr1a,1.788139343261719e-07,20261005-010838-8084b01
2013,gbrt,be_gr1a,0.0,20261005-010838-8084b01
2013,gbrt,oaccruals_ni,0.0,20261005-010838-8084b01
2013,gbrt,taccruals_ni,0.0,20261005-010838-8084b01
2013,gbrt,netis_at,-3.4980475902557373e-06,20261005-010838-8084b01
2013,gbrt,eqnetis_at,0.0,20261005-010838-8084b01
2013,gbrt,dbnetis_at,0.0,20261005-010838-8084b01
2013,gbrt,niq_be,-1.1809170246124268e-06,20261005-010838-8084b01
2013,gbrt,niq_be_chg1,0.0,20261005-010838-8084b01
2013,gbrt,niq_at,2.376735210418701e-06,20261005-010838-8084b01
2013,gbrt,niq_at_chg1,1.560896635055542e-06,20261005-010838-8084b01
2013,gbrt,ebit_bev,0.0,20261005-010838-8084b01
2013,gbrt,ebit_sale,0.0,20261005-010838-8084b01
2013,gbrt,sale_bev,0.0,20261005-010838-8084b01
2013,gbrt,at_turnover,0.0,20261005-010838-8084b01
2013,gbrt,gp_at,0.0,20261005-010838-8084b01
2013,gbrt,gp_atl1,0.0,20261005-010838-8084b01
2013,gbrt,ope_be,0.0,20261005-010838-8084b01
2013,gbrt,ope_bel1,0.0,20261005-010838-8084b01
2013,gbrt,op_at,0.0,20261005-010838-8084b01
2013,gbrt,op_atl1,-6.854534149169922e-07,20261005-010838-8084b01
2013,gbrt,cop_at,1.5441328287124634e-06,20261005-010838-8084b01
2013,gbrt,cop_atl1,0.0,20261005-010838-8084b01
2013,gbrt,f_score,0.0,20261005-010838-8084b01
2013,gbrt,o_score,0.0,20261005-010838-8084b01
2013,gbrt,z_score,0.0,20261005-010838-8084b01
2013,gbrt,pi_nix,0.0,20261005-010838-8084b01
2013,gbrt,at_be,0.0,20261005-010838-8084b01
2013,gbrt,saleq_gr1,0.0,20261005-010838-8084b01
2013,gbrt,rd_me,7.199496030807495e-05,20261005-010838-8084b01
2013,gbrt,rd_sale,0.0,20261005-010838-8084b01
2013,gbrt,opex_at,0.0,20261005-010838-8084b01
2013,gbrt,emp_gr1,0.0,20261005-010838-8084b01
2013,gbrt,rd5_at,7.210299372673035e-06,20261005-010838-8084b01
2013,gbrt,age,-3.2819807529449463e-06,20261005-010838-8084b01
2013,gbrt,dsale_dinv,0.0,20261005-010838-8084b01
2013,gbrt,dsale_drec,0.0,20261005-010838-8084b01
2013,gbrt,dgp_dsale,0.0,20261005-010838-8084b01
2013,gbrt,dsale_dsga,0.0,20261005-010838-8084b01
2013,gbrt,sale_emp_gr1,0.0,20261005-010838-8084b01
2013,gbrt,tangibility,0.0,20261005-010838-8084b01
2013,gbrt,kz_index,8.046627044677734e-07,20261005-010838-8084b01
2013,gbrt,ocfq_saleq_std,0.0,20261005-010838-8084b01
2013,gbrt,cash_at,5.25452196598053e-06,20261005-010838-8084b01
2013,gbrt,ni_ar1,0.0,20261005-010838-8084b01
2013,gbrt,ni_ivol,0.0,20261005-010838-8084b01
2013,gbrt,earnings_variability,0.0,20261005-010838-8084b01
2013,gbrt,aliq_at,0.0,20261005-010838-8084b01
2013,gbrt,aliq_mat,-6.109476089477539e-07,20261005-010838-8084b01
2013,gbrt,seas_1_1an,-3.60049307346344e-06,20261005-010838-8084b01
2013,gbrt,seas_1_1na,1.959502696990967e-06,20261005-010838-8084b01
2013,gbrt,seas_2_5an,5.774199962615967e-06,20261005-010838-8084b01
2013,gbrt,seas_2_5na,0.0,20261005-010838-8084b01
2013,gbrt,seas_6_10an,0.0,20261005-010838-8084b01
2013,gbrt,seas_6_10na,0.0,20261005-010838-8084b01
2013,gbrt,seas_11_15an,0.0,20261005-010838-8084b01
2013,gbrt,seas_11_15na,0.0,20261005-010838-8084b01
2013,gbrt,seas_16_20an,0.0,20261005-010838-8084b01
2013,gbrt,seas_16_20na,0.0,20261005-010838-8084b01
2013,gbrt,market_equity,4.306994378566742e-05,20261005-010838-8084b01
2013,gbrt,ivol_ff3_21d,1.2312084436416626e-06,20261005-010838-8084b01
2013,gbrt,ivol_capm_252d,-3.214925527572632e-06,20261005-010838-8084b01
2013,gbrt,ivol_capm_21d,2.264976501464844e-06,20261005-010838-8084b01
2013,gbrt,ivol_hxz4_21d,4.954636096954346e-06,20261005-010838-8084b01
2013,gbrt,rvol_21d,-1.8440186977386477e-07,20261005-010838-8084b01
2013,gbrt,beta_60m,0.0,20261005-010838-8084b01
2013,gbrt,betabab_1260d,0.0,20261005-010838-8084b01
2013,gbrt,beta_dimson_21d,0.0,20261005-010838-8084b01
2013,gbrt,turnover_126d,1.016072928905487e-05,20261005-010838-8084b01
2013,gbrt,turnover_var_126d,0.0,20261005-010838-8084b01
2013,gbrt,dolvol_126d,1.9373372197151184e-05,20261005-010838-8084b01
2013,gbrt,dolvol_var_126d,-2.514570951461792e-07,20261005-010838-8084b01
2013,gbrt,prc,4.791282117366791e-05,20261005-010838-8084b01
2013,gbrt,ami_126d,5.321577191352844e-06,20261005-010838-8084b01
2013,gbrt,zero_trades_21d,2.209097146987915e-06,20261005-010838-8084b01
2013,gbrt,zero_trades_126d,-3.1851232051849365e-07,20261005-010838-8084b01
2013,gbrt,zero_trades_252d,-1.0933727025985718e-06,20261005-010838-8084b01
2013,gbrt,rmax1_21d,-5.6438148021698e-07,20261005-010838-8084b01
2013,gbrt,rskew_21d,0.0,20261005-010838-8084b01
2013,gbrt,iskew_capm_21d,0.0,20261005-010838-8084b01
2013,gbrt,iskew_ff3_21d,0.0,20261005-010838-8084b01
2013,gbrt,iskew_hxz4_21d,0.0,20261005-010838-8084b01
2013,gbrt,coskew_21d,0.0,20261005-010838-8084b01
2013,gbrt,ret_1_0,8.285418152809143e-05,20261005-010838-8084b01
2013,gbrt,betadown_252d,0.0,20261005-010838-8084b01
2013,gbrt,bidaskhl_21d,6.07222318649292e-07,20261005-010838-8084b01
2013,gbrt,ret_3_1,1.2703239917755127e-06,20261005-010838-8084b01
2013,gbrt,ret_9_1,1.218169927597046e-06,20261005-010838-8084b01
2013,gbrt,ret_12_7,-4.246830940246582e-07,20261005-010838-8084b01
2013,gbrt,corr_1260d,0.0,20261005-010838-8084b01
2013,gbrt,rmax5_21d,-5.597248673439026e-06,20261005-010838-8084b01
2013,gbrt,rmax5_rvol_21d,3.91155481338501e-08,20261005-010838-8084b01
2013,gbrt,ni_be,0.0,20261005-010838-8084b01
2013,gbrt,ocf_at,0.0,20261005-010838-8084b01
2013,gbrt,ocf_at_chg1,0.0,20261005-010838-8084b01
2013,gbrt,mispricing_perf,2.205371856689453e-06,20261005-010838-8084b01
2013,gbrt,mispricing_mgmt,1.989305019378662e-06,20261005-010838-8084b01
2013,gbrt,qmj,0.0,20261005-010838-8084b01
2013,gbrt,qmj_prof,0.0,20261005-010838-8084b01
2013,gbrt,qmj_growth,0.0,20261005-010838-8084b01
2013,gbrt,qmj_safety,0.0,20261005-010838-8084b01
2015,gbrt,niq_su,0.0,20261005-010838-8084b01
2015,gbrt,ret_6_1,3.915280103683472e-06,20261005-010838-8084b01
2015,gbrt,ret_12_1,1.524016261100769e-05,20261005-010838-8084b01
2015,gbrt,saleq_su,0.0,20261005-010838-8084b01
2015,gbrt,tax_gr1a,0.0,20261005-010838-8084b01
2015,gbrt,ni_inc8q,0.0,20261005-010838-8084b01
2015,gbrt,prc_highprc_252d,0.0,20261005-010838-8084b01
2015,gbrt,resff3_6_1,0.0,20261005-010838-8084b01
2015,gbrt,resff3_12_1,4.842877388000488e-06,20261005-010838-8084b01
2015,gbrt,be_me,-2.562999725341797e-06,20261005-010838-8084b01
2015,gbrt,debt_me,0.0,20261005-010838-8084b01
2015,gbrt,at_me,0.0,20261005-010838-8084b01
2015,gbrt,ret_60_12,0.0,20261005-010838-8084b01
2015,gbrt,ni_me,-4.3213367462158203e-07,20261005-010838-8084b01
2015,gbrt,fcf_me,0.0,20261005-010838-8084b01
2015,gbrt,div12m_me,-1.4640390872955322e-06,20261005-010838-8084b01
2015,gbrt,eqpo_me,-2.9802322387695312e-08,20261005-010838-8084b01
2015,gbrt,eqnpo_me,0.0,20261005-010838-8084b01
2015,gbrt,sale_gr3,0.0,20261005-010838-8084b01
2015,gbrt,sale_gr1,0.0,20261005-010838-8084b01
2015,gbrt,ebitda_mev,-1.4193356037139893e-06,20261005-010838-8084b01
2015,gbrt,sale_me,0.0,20261005-010838-8084b01
2015,gbrt,ocf_me,-1.695007085800171e-06,20261005-010838-8084b01
2015,gbrt,ival_me,0.0,20261005-010838-8084b01
2015,gbrt,bev_mev,-3.576278686523438e-07,20261005-010838-8084b01
2015,gbrt,netdebt_me,5.7220458984375e-06,20261005-010838-8084b01
2015,gbrt,eq_dur,0.0,20261005-010838-8084b01
2015,gbrt,capex_abn,0.0,20261005-010838-8084b01
2015,gbrt,at_gr1,0.0,20261005-010838-8084b01
2015,gbrt,ppeinv_gr1a,1.4826655387878418e-06,20261005-010838-8084b01
2015,gbrt,noa_at,0.0,20261005-010838-8084b01
2015,gbrt,noa_gr1a,0.0,20261005-010838-8084b01
2015,gbrt,lnoa_gr1a,0.0,20261005-010838-8084b01
2015,gbrt,capx_gr1,0.0,20261005-010838-8084b01
2015,gbrt,capx_gr2,0.0,20261005-010838-8084b01
2015,gbrt,capx_gr3,0.0,20261005-010838-8084b01
2015,gbrt,chcsho_12m,1.0620802640914915e-05,20261005-010838-8084b01
2015,gbrt,eqnpo_12m,7.487833499908447e-06,20261005-010838-8084b01
2015,gbrt,debt_gr3,0.0,20261005-010838-8084b01
2015,gbrt,inv_gr1,0.0,20261005-010838-8084b01
2015,gbrt,inv_gr1a,0.0,20261005-010838-8084b01
2015,gbrt,oaccruals_at,0.0,20261005-010838-8084b01
2015,gbrt,taccruals_at,0.0,20261005-010838-8084b01
2015,gbrt,cowc_gr1a,0.0,20261005-010838-8084b01
2015,gbrt,coa_gr1a,0.0,20261005-010838-8084b01
2015,gbrt,col_gr1a,0.0,20261005-010838-8084b01
2015,gbrt,nncoa_gr1a,0.0,20261005-010838-8084b01
2015,gbrt,ncoa_gr1a,-1.341104507446289e-07,20261005-010838-8084b01
2015,gbrt,ncol_gr1a,0.0,20261005-010838-8084b01
2015,gbrt,nfna_gr1a,0.0,20261005-010838-8084b01
2015,gbrt,sti_gr1a,0.0,20261005-010838-8084b01
2015,gbrt,lti_gr1a,-8.270144462585449e-07,20261005-010838-8084b01
2015,gbrt,fnl_gr1a,0.0,20261005-010838-8084b01
2015,gbrt,be_gr1a,0.0,20261005-010838-8084b01
2015,gbrt,oaccruals_ni,0.0,20261005-010838-8084b01
2015,gbrt,taccruals_ni,0.0,20261005-010838-8084b01
2015,gbrt,netis_at,2.123415470123291e-07,20261005-010838-8084b01
2015,gbrt,eqnetis_at,0.0,20261005-010838-8084b01
2015,gbrt,dbnetis_at,0.0,20261005-010838-8084b01
2015,gbrt,niq_be,0.0,20261005-010838-8084b01
2015,gbrt,niq_be_chg1,0.0,20261005-010838-8084b01
2015,gbrt,niq_at,0.0,20261005-010838-8084b01
2015,gbrt,niq_at_chg1,0.0,20261005-010838-8084b01
2015,gbrt,ebit_bev,0.0,20261005-010838-8084b01
2015,gbrt,ebit_sale,0.0,20261005-010838-8084b01
2015,gbrt,sale_bev,0.0,20261005-010838-8084b01
2015,gbrt,at_turnover,0.0,20261005-010838-8084b01
2015,gbrt,gp_at,0.0,20261005-010838-8084b01
2015,gbrt,gp_atl1,0.0,20261005-010838-8084b01
2015,gbrt,ope_be,0.0,20261005-010838-8084b01
2015,gbrt,ope_bel1,0.0,20261005-010838-8084b01
2015,gbrt,op_at,0.0,20261005-010838-8084b01
2015,gbrt,op_atl1,0.0,20261005-010838-8084b01
2015,gbrt,cop_at,-6.742775440216064e-07,20261005-010838-8084b01
2015,gbrt,cop_atl1,0.0,20261005-010838-8084b01
2015,gbrt,f_score,0.0,20261005-010838-8084b01
2015,gbrt,o_score,0.0,20261005-010838-8084b01
2015,gbrt,z_score,0.0,20261005-010838-8084b01
2015,gbrt,pi_nix,0.0,20261005-010838-8084b01
2015,gbrt,at_be,0.0,20261005-010838-8084b01
2015,gbrt,saleq_gr1,0.0,20261005-010838-8084b01
2015,gbrt,rd_me,6.407499313354492e-06,20261005-010838-8084b01
2015,gbrt,rd_sale,0.0,20261005-010838-8084b01
2015,gbrt,opex_at,0.0,20261005-010838-8084b01
2015,gbrt,emp_gr1,0.0,20261005-010838-8084b01
2015,gbrt,rd5_at,1.1175870895385742e-08,20261005-010838-8084b01
2015,gbrt,age,0.0,20261005-010838-8084b01
2015,gbrt,dsale_dinv,0.0,20261005-010838-8084b01
2015,gbrt,dsale_drec,0.0,20261005-010838-8084b01
2015,gbrt,dgp_dsale,0.0,20261005-010838-8084b01
2015,gbrt,dsale_dsga,0.0,20261005-010838-8084b01
2015,gbrt,sale_emp_gr1,0.0,20261005-010838-8084b01
2015,gbrt,tangibility,0.0,20261005-010838-8084b01
2015,gbrt,kz_index,0.0,20261005-010838-8084b01
2015,gbrt,ocfq_saleq_std,0.0,20261005-010838-8084b01
2015,gbrt,cash_at,0.0,20261005-010838-8084b01
2015,gbrt,ni_ar1,0.0,20261005-010838-8084b01
2015,gbrt,ni_ivol,0.0,20261005-010838-8084b01
2015,gbrt,earnings_variability,0.0,20261005-010838-8084b01
2015,gbrt,aliq_at,0.0,20261005-010838-8084b01
2015,gbrt,aliq_mat,0.0,20261005-010838-8084b01
2015,gbrt,seas_1_1an,0.0,20261005-010838-8084b01
2015,gbrt,seas_1_1na,6.332993507385254e-08,20261005-010838-8084b01
2015,gbrt,seas_2_5an,8.977949619293213e-07,20261005-010838-8084b01
2015,gbrt,seas_2_5na,0.0,20261005-010838-8084b01
2015,gbrt,seas_6_10an,0.0,20261005-010838-8084b01
2015,gbrt,seas_6_10na,0.0,20261005-010838-8084b01
2015,gbrt,seas_11_15an,0.0,20261005-010838-8084b01
2015,gbrt,seas_11_15na,0.0,20261005-010838-8084b01
2015,gbrt,seas_16_20an,0.0,20261005-010838-8084b01
2015,gbrt,seas_16_20na,0.0,20261005-010838-8084b01
2015,gbrt,market_equity,4.291534423828125e-06,20261005-010838-8084b01
2015,gbrt,ivol_ff3_21d,-7.450580596923828e-09,20261005-010838-8084b01
2015,gbrt,ivol_capm_252d,0.0,20261005-010838-8084b01
2015,gbrt,ivol_capm_21d,0.0,20261005-010838-8084b01
2015,gbrt,ivol_hxz4_21d,6.671994924545288e-06,20261005-010838-8084b01
2015,gbrt,rvol_21d,0.0,20261005-010838-8084b01
2015,gbrt,beta_60m,0.0,20261005-010838-8084b01
2015,gbrt,betabab_1260d,0.0,20261005-010838-8084b01
2015,gbrt,beta_dimson_21d,0.0,20261005-010838-8084b01
2015,gbrt,turnover_126d,7.402151823043823e-06,20261005-010838-8084b01
2015,gbrt,turnover_var_126d,0.0,20261005-010838-8084b01
2015,gbrt,dolvol_126d,-8.381903171539307e-07,20261005-010838-8084b01
2015,gbrt,dolvol_var_126d,-1.0728836059570312e-06,20261005-010838-8084b01
2015,gbrt,prc,-1.4256685972213743e-05,20261005-010838-8084b01
2015,gbrt,ami_126d,3.166496753692627e-07,20261005-010838-8084b01
2015,gbrt,zero_trades_21d,-1.2293457984924316e-07,20261005-010838-8084b01
2015,gbrt,zero_trades_126d,1.3299286365509031e-06,20261005-010838-8084b01
2015,gbrt,zero_trades_252d,7.152557373046875e-07,20261005-010838-8084b01
2015,gbrt,rmax1_21d,2.51084566116333e-06,20261005-010838-8084b01
2015,gbrt,rskew_21d,0.0,20261005-010838-8084b01
2015,gbrt,iskew_capm_21d,0.0,20261005-010838-8084b01
2015,gbrt,iskew_ff3_21d,0.0,20261005-010838-8084b01
2015,gbrt,iskew_hxz4_21d,0.0,20261005-010838-8084b01
2015,gbrt,coskew_21d,0.0,20261005-010838-8084b01
2015,gbrt,ret_1_0,5.479902029037476e-06,20261005-010838-8084b01
2015,gbrt,betadown_252d,0.0,20261005-010838-8084b01
2015,gbrt,bidaskhl_21d,0.0,20261005-010838-8084b01
2015,gbrt,ret_3_1,0.0,20261005-010838-8084b01
2015,gbrt,ret_9_1,6.48200511932373e-07,20261005-010838-8084b01
2015,gbrt,ret_12_7,0.0,20261005-010838-8084b01
2015,gbrt,corr_1260d,0.0,20261005-010838-8084b01
2015,gbrt,rmax5_21d,1.737847924232483e-05,20261005-010838-8084b01
2015,gbrt,rmax5_rvol_21d,3.91155481338501e-07,20261005-010838-8084b01
2015,gbrt,ni_be,0.0,20261005-010838-8084b01
2015,gbrt,ocf_at,5.103647708892822e-07,20261005-010838-8084b01
2015,gbrt,ocf_at_chg1,0.0,20261005-010838-8084b01
2015,gbrt,mispricing_perf,1.2744218111038208e-05,20261005-010838-8084b01
2015,gbrt,mispricing_mgmt,3.3527612686157227e-08,20261005-010838-8084b01
2015,gbrt,qmj,0.0,20261005-010838-8084b01
2015,gbrt,qmj_prof,4.284083843231201e-07,20261005-010838-8084b01
2015,gbrt,qmj_growth,0.0,20261005-010838-8084b01
2015,gbrt,qmj_safety,0.0,20261005-010838-8084b01
2017,gbrt,niq_su,2.5331974029541016e-07,20261005-010838-8084b01
2017,gbrt,ret_6_1,-6.426125764846802e-07,20261005-010838-8084b01
2017,gbrt,ret_12_1,1.8961727619171145e-06,20261005-010838-8084b01
2017,gbrt,saleq_su,0.0,20261005-010838-8084b01
2017,gbrt,tax_gr1a,1.514330506324768e-06,20261005-010838-8084b01
2017,gbrt,ni_inc8q,-9.369105100631714e-07,20261005-010838-8084b01
2017,gbrt,prc_highprc_252d,-6.724148988723755e-06,20261005-010838-8084b01
2017,gbrt,resff3_6_1,0.0,20261005-010838-8084b01
2017,gbrt,resff3_12_1,-4.004687070846558e-06,20261005-010838-8084b01
2017,gbrt,be_me,1.3463199138641356e-05,20261005-010838-8084b01
2017,gbrt,debt_me,4.37907874584198e-06,20261005-010838-8084b01
2017,gbrt,at_me,2.6319175958633423e-06,20261005-010838-8084b01
2017,gbrt,ret_60_12,7.82310962677002e-08,20261005-010838-8084b01
2017,gbrt,ni_me,1.730397343635559e-06,20261005-010838-8084b01
2017,gbrt,fcf_me,1.4901161193847656e-08,20261005-010838-8084b01
2017,gbrt,div12m_me,-1.1444091796875e-05,20261005-010838-8084b01
2017,gbrt,eqpo_me,-1.6609206795692444e-05,20261005-010838-8084b01
2017,gbrt,eqnpo_me,0.0,20261005-010838-8084b01
2017,gbrt,sale_gr3,0.0,20261005-010838-8084b01
2017,gbrt,sale_gr1,0.0,20261005-010838-8084b01
2017,gbrt,ebitda_mev,-2.95788049697876e-06,20261005-010838-8084b01
2017,gbrt,sale_me,5.010515451431274e-07,20261005-010838-8084b01
2017,gbrt,ocf_me,-7.51204788684845e-06,20261005-010838-8084b01
2017,gbrt,ival_me,0.0,20261005-010838-8084b01
2017,gbrt,bev_mev,-1.5031546354293823e-06,20261005-010838-8084b01
2017,gbrt,netdebt_me,1.887604594230652e-05,20261005-010838-8084b01
2017,gbrt,eq_dur,-8.102506399154663e-07,20261005-010838-8084b01
2017,gbrt,capex_abn,0.0,20261005-010838-8084b01
2017,gbrt,at_gr1,0.0,20261005-010838-8084b01
2017,gbrt,ppeinv_gr1a,4.284083843231201e-08,20261005-010838-8084b01
2017,gbrt,noa_at,6.742775440216064e-07,20261005-010838-8084b01
2017,gbrt,noa_gr1a,8.791685104370117e-07,20261005-010838-8084b01
2017,gbrt,lnoa_gr1a,0.0,20261005-010838-8084b01
2017,gbrt,capx_gr1,0.0,20261005-010838-8084b01
2017,gbrt,capx_gr2,0.0,20261005-010838-8084b01
2017,gbrt,capx_gr3,0.0,20261005-010838-8084b01
2017,gbrt,chcsho_12m,-8.784234523773193e-06,20261005-010838-8084b01
2017,gbrt,eqnpo_12m,-8.981674909591675e-06,20261005-010838-8084b01
2017,gbrt,debt_gr3,0.0,20261005-010838-8084b01
2017,gbrt,inv_gr1,0.0,20261005-010838-8084b01
2017,gbrt,inv_gr1a,5.830079317092896e-07,20261005-010838-8084b01
2017,gbrt,oaccruals_at,0.0,20261005-010838-8084b01
2017,gbrt,taccruals_at,0.0,20261005-010838-8084b01
2017,gbrt,cowc_gr1a,0.0,20261005-010838-8084b01
2017,gbrt,coa_gr1a,0.0,20261005-010838-8084b01
2017,gbrt,col_gr1a,-2.980232238769531e-07,20261005-010838-8084b01
2017,gbrt,nncoa_gr1a,0.0,20261005-010838-8084b01
2017,gbrt,ncoa_gr1a,0.0,20261005-010838-8084b01
2017,gbrt,ncol_gr1a,0.0,20261005-010838-8084b01
2017,gbrt,nfna_gr1a,0.0,20261005-010838-8084b01
2017,gbrt,sti_gr1a,3.2223761081695557e-07,20261005-010838-8084b01
2017,gbrt,lti_gr1a,-6.593763828277588e-07,20261005-010838-8084b01
2017,gbrt,fnl_gr1a,-2.5853514671325684e-06,20261005-010838-8084b01
2017,gbrt,be_gr1a,0.0,20261005-010838-8084b01
2017,gbrt,oaccruals_ni,1.9744038581848145e-07,20261005-010838-8084b01
2017,gbrt,taccruals_ni,0.0,20261005-010838-8084b01
2017,gbrt,netis_at,-6.4801424741744995e-06,20261005-010838-8084b01
2017,gbrt,eqnetis_at,5.085021257400513e-07,20261005-010838-8084b01
2017,gbrt,dbnetis_at,1.0803341865539553e-07,20261005-010838-8084b01
2017,gbrt,niq_be,-2.350658178329468e-06,20261005-010838-8084b01
2017,gbrt,niq_be_chg1,2.123415470123291e-07,20261005-010838-8084b01
2017,gbrt,niq_at,-5.539506673812866e-06,20261005-010838-8084b01
2017,gbrt,niq_at_chg1,-6.332993507385254e-07,20261005-010838-8084b01
2017,gbrt,ebit_bev,0.0,20261005-010838-8084b01
2017,gbrt,ebit_sale,-5.047768354415894e-07,20261005-010838-8084b01
2017,gbrt,sale_bev,0.0,20261005-010838-8084b01
2017,gbrt,at_turnover,0.0,20261005-010838-8084b01
2017,gbrt,gp_at,-3.5390257835388184e-08,20261005-010838-8084b01
2017,gbrt,gp_atl1,0.0,20261005-010838-8084b01
2017,gbrt,ope_be,1.434236764907837e-07,20261005-010838-8084b01
2017,gbrt,ope_bel1,0.0,20261005-010838-8084b01
2017,gbrt,op_at,-4.794448614120483e-06,20261005-010838-8084b01
2017,gbrt,op_atl1,-7.022172212600708e-07,20261005-010838-8084b01
2017,gbrt,cop_at,-2.5331974029541016e-06,20261005-010838-8084b01
2017,gbrt,cop_atl1,-2.62632966041565e-07,20261005-010838-8084b01
2017,gbrt,f_score,0.0,20261005-010838-8084b01
2017,gbrt,o_score,0.0,20261005-010838-8084b01
2017,gbrt,z_score,0.0,20261005-010838-8084b01
2017,gbrt,pi_nix,0.0,20261005-010838-8084b01
2017,gbrt,at_be,6.891787052154541e-08,20261005-010838-8084b01
2017,gbrt,saleq_gr1,6.09084963798523e-07,20261005-010838-8084b01
2017,gbrt,rd_me,5.206465721130371e-05,20261005-010838-8084b01
2017,gbrt,rd_sale,4.712492227554322e-07,20261005-010838-8084b01
2017,gbrt,opex_at,0.0,20261005-010838-8084b01
2017,gbrt,emp_gr1,0.0,20261005-010838-8084b01
2017,gbrt,rd5_at,1.5087425708770752e-07,20261005-010838-8084b01
2017,gbrt,age,4.306435585021973e-06,20261005-010838-8084b01
2017,gbrt,dsale_dinv,0.0,20261005-010838-8084b01
2017,gbrt,dsale_drec,0.0,20261005-010838-8084b01
2017,gbrt,dgp_dsale,0.0,20261005-010838-8084b01
2017,gbrt,dsale_dsga,0.0,20261005-010838-8084b01
2017,gbrt,sale_emp_gr1,0.0,20261005-010838-8084b01
2017,gbrt,tangibility,8.810311555862427e-07,20261005-010838-8084b01
2017,gbrt,kz_index,1.0803341865539553e-07,20261005-010838-8084b01
2017,gbrt,ocfq_saleq_std,0.0,20261005-010838-8084b01
2017,gbrt,cash_at,2.6766210794448853e-06,20261005-010838-8084b01
2017,gbrt,ni_ar1,0.0,20261005-010838-8084b01
2017,gbrt,ni_ivol,0.0,20261005-010838-8084b01
2017,gbrt,earnings_variability,0.0,20261005-010838-8084b01
2017,gbrt,aliq_at,0.0,20261005-010838-8084b01
2017,gbrt,aliq_mat,1.3224780559539797e-06,20261005-010838-8084b01
2017,gbrt,seas_1_1an,-4.034489393234253e-06,20261005-010838-8084b01
2017,gbrt,seas_1_1na,3.378838300704956e-06,20261005-010838-8084b01
2017,gbrt,seas_2_5an,1.4118850231170654e-06,20261005-010838-8084b01
2017,gbrt,seas_2_5na,0.0,20261005-010838-8084b01
2017,gbrt,seas_6_10an,6.891787052154541e-08,20261005-010838-8084b01
2017,gbrt,seas_6_10na,0.0,20261005-010838-8084b01
2017,gbrt,seas_11_15an,0.0,20261005-010838-8084b01
2017,gbrt,seas_11_15na,0.0,20261005-010838-8084b01
2017,gbrt,seas_16_20an,0.0,20261005-010838-8084b01
2017,gbrt,seas_16_20na,0.0,20261005-010838-8084b01
2017,gbrt,market_equity,1.0175630450248718e-05,20261005-010838-8084b01
2017,gbrt,ivol_ff3_21d,1.0766088962554932e-06,20261005-010838-8084b01
2017,gbrt,ivol_capm_252d,1.123175024986267e-06,20261005-010838-8084b01
2017,gbrt,ivol_capm_21d,3.725290298461914e-07,20261005-010838-8084b01
2017,gbrt,ivol_hxz4_21d,-4.170462489128113e-06,20261005-010838-8084b01
2017,gbrt,rvol_21d,1.1138617992401123e-06,20261005-010838-8084b01
2017,gbrt,beta_60m,-7.7858567237854e-07,20261005-010838-8084b01
2017,gbrt,betabab_1260d,0.0,20261005-010838-8084b01
2017,gbrt,beta_dimson_21d,0.0,20261005-010838-8084b01
2017,gbrt,turnover_126d,1.0952353477478027e-05,20261005-010838-8084b01
2017,gbrt,turnover_var_126d,1.0486692190170288e-06,20261005-010838-8084b01
2017,gbrt,dolvol_126d,-3.1348317861557007e-06,20261005-010838-8084b01
2017,gbrt,dolvol_var_126d,7.152557373046875e-07,20261005-010838-8084b01
2017,gbrt,prc,1.358240842819214e-05,20261005-010838-8084b01
2017,gbrt,ami_126d,1.6763806343078613e-07,20261005-010838-8084b01
2017,gbrt,zero_trades_21d,-5.21540641784668e-08,20261005-010838-8084b01
2017,gbrt,zero_trades_126d,-2.644956111907959e-07,20261005-010838-8084b01
2017,gbrt,zero_trades_252d,3.725290298461914e-07,20261005-010838-8084b01
2017,gbrt,rmax1_21d,-3.216788172721863e-06,20261005-010838-8084b01
2017,gbrt,rskew_21d,6.146728992462158e-08,20261005-010838-8084b01
2017,gbrt,iskew_capm_21d,0.0,20261005-010838-8084b01
2017,gbrt,iskew_ff3_21d,2.682209014892578e-07,20261005-010838-8084b01
2017,gbrt,iskew_hxz4_21d,0.0,20261005-010838-8084b01
2017,gbrt,coskew_21d,0.0,20261005-010838-8084b01
2017,gbrt,ret_1_0,7.407739758491516e-06,20261005-010838-8084b01
2017,gbrt,betadown_252d,0.0,20261005-010838-8084b01
2017,gbrt,bidaskhl_21d,-4.544854164123535e-07,20261005-010838-8084b01
2017,gbrt,ret_3_1,2.166256308555603e-06,20261005-010838-8084b01
2017,gbrt,ret_9_1,-2.346932888031006e-07,20261005-010838-8084b01
2017,gbrt,ret_12_7,1.2218952178955078e-06,20261005-010838-8084b01
2017,gbrt,corr_1260d,-1.3988465070724487e-06,20261005-010838-8084b01
2017,gbrt,rmax5_21d,-3.4831464290618896e-06,20261005-010838-8084b01
2017,gbrt,rmax5_rvol_21d,4.041939973831177e-07,20261005-010838-8084b01
2017,gbrt,ni_be,0.0,20261005-010838-8084b01
2017,gbrt,ocf_at,0.0,20261005-010838-8084b01
2017,gbrt,ocf_at_chg1,0.0,20261005-010838-8084b01
2017,gbrt,mispricing_perf,-7.927417755126953e-06,20261005-010838-8084b01
2017,gbrt,mispricing_mgmt,-1.7471611499786377e-06,20261005-010838-8084b01
2017,gbrt,qmj,0.0,20261005-010838-8084b01
2017,gbrt,qmj_prof,2.123415470123291e-07,20261005-010838-8084b01
2017,gbrt,qmj_growth,0.0,20261005-010838-8084b01
2017,gbrt,qmj_safety,2.849847078323364e-07,20261005-010838-8084b01
2019,gbrt,niq_su,0.0,20261005-010838-8084b01
2019,gbrt,ret_6_1,7.040798664093018e-07,20261005-010838-8084b01
2019,gbrt,ret_12_1,3.63960862159729e-06,20261005-010838-8084b01
2019,gbrt,saleq_su,0.0,20261005-010838-8084b01
2019,gbrt,tax_gr1a,0.0,20261005-010838-8084b01
2019,gbrt,ni_inc8q,0.0,20261005-010838-8084b01
2019,gbrt,prc_highprc_252d,-8.381903171539307e-07,20261005-010838-8084b01
2019,gbrt,resff3_6_1,0.0,20261005-010838-8084b01
2019,gbrt,resff3_12_1,-1.1000782251358032e-05,20261005-010838-8084b01
2019,gbrt,be_me,4.734843969345093e-06,20261005-010838-8084b01
2019,gbrt,debt_me,-2.086162567138672e-07,20261005-010838-8084b01
2019,gbrt,at_me,3.3527612686157227e-08,20261005-010838-8084b01
2019,gbrt,ret_60_12,0.0,20261005-010838-8084b01
2019,gbrt,ni_me,0.0,20261005-010838-8084b01
2019,gbrt,fcf_me,0.0,20261005-010838-8084b01
2019,gbrt,div12m_me,-1.2405216693878174e-06,20261005-010838-8084b01
2019,gbrt,eqpo_me,-9.316951036453249e-06,20261005-010838-8084b01
2019,gbrt,eqnpo_me,0.0,20261005-010838-8084b01
2019,gbrt,sale_gr3,0.0,20261005-010838-8084b01
2019,gbrt,sale_gr1,0.0,20261005-010838-8084b01
2019,gbrt,ebitda_mev,-8.102506399154663e-06,20261005-010838-8084b01
2019,gbrt,sale_me,0.0,20261005-010838-8084b01
2019,gbrt,ocf_me,-8.046627044677734e-07,20261005-010838-8084b01
2019,gbrt,ival_me,0.0,20261005-010838-8084b01
2019,gbrt,bev_mev,-1.132488250732422e-06,20261005-010838-8084b01
2019,gbrt,netdebt_me,3.341585397720337e-06,20261005-010838-8084b01
2019,gbrt,eq_dur,0.0,20261005-010838-8084b01
2019,gbrt,capex_abn,0.0,20261005-010838-8084b01
2019,gbrt,at_gr1,-4.3958425521850586e-07,20261005-010838-8084b01
2019,gbrt,ppeinv_gr1a,0.0,20261005-010838-8084b01
2019,gbrt,noa_at,0.0,20261005-010838-8084b01
2019,gbrt,noa_gr1a,4.880130290985107e-07,20261005-010838-8084b01
2019,gbrt,lnoa_gr1a,0.0,20261005-010838-8084b01
2019,gbrt,capx_gr1,0.0,20261005-010838-8084b01
2019,gbrt,capx_gr2,0.0,20261005-010838-8084b01
2019,gbrt,capx_gr3,0.0,20261005-010838-8084b01
2019,gbrt,chcsho_12m,-8.191913366317749e-06,20261005-010838-8084b01
2019,gbrt,eqnpo_12m,-4.019588232040405e-06,20261005-010838-8084b01
2019,gbrt,debt_gr3,0.0,20261005-010838-8084b01
2019,gbrt,inv_gr1,0.0,20261005-010838-8084b01
2019,gbrt,inv_gr1a,0.0,20261005-010838-8084b01
2019,gbrt,oaccruals_at,0.0,20261005-010838-8084b01
2019,gbrt,taccruals_at,0.0,20261005-010838-8084b01
2019,gbrt,cowc_gr1a,0.0,20261005-010838-8084b01
2019,gbrt,coa_gr1a,0.0,20261005-010838-8084b01
2019,gbrt,col_gr1a,0.0,20261005-010838-8084b01
2019,gbrt,nncoa_gr1a,6.51925802230835e-07,20261005-010838-8084b01
2019,gbrt,ncoa_gr1a,0.0,20261005-010838-8084b01
2019,gbrt,ncol_gr1a,0.0,20261005-010838-8084b01
2019,gbrt,nfna_gr1a,0.0,20261005-010838-8084b01
2019,gbrt,sti_gr1a,0.0,20261005-010838-8084b01
2019,gbrt,lti_gr1a,2.041459083557129e-06,20261005-010838-8084b01
2019,gbrt,fnl_gr1a,0.0,20261005-010838-8084b01
2019,gbrt,be_gr1a,0.0,20261005-010838-8084b01
2019,gbrt,oaccruals_ni,0.0,20261005-010838-8084b01
2019,gbrt,taccruals_ni,0.0,20261005-010838-8084b01
2019,gbrt,netis_at,0.0,20261005-010838-8084b01
2019,gbrt,eqnetis_at,-9.648501873016355e-07,20261005-010838-8084b01
2019,gbrt,dbnetis_at,0.0,20261005-010838-8084b01
2019,gbrt,niq_be,0.0,20261005-010838-8084b01
2019,gbrt,niq_be_chg1,0.0,20261005-010838-8084b01
2019,gbrt,niq_at,4.731118679046631e-07,20261005-010838-8084b01
2019,gbrt,niq_at_chg1,0.0,20261005-010838-8084b01
2019,gbrt,ebit_bev,0.0,20261005-010838-8084b01
2019,gbrt,ebit_sale,0.0,20261005-010838-8084b01
2019,gbrt,sale_bev,0.0,20261005-010838-8084b01
2019,gbrt,at_turnover,0.0,20261005-010838-8084b01
2019,gbrt,gp_at,0.0,20261005-010838-8084b01
2019,gbrt,gp_atl1,0.0,20261005-010838-8084b01
2019,gbrt,ope_be,0.0,20261005-010838-8084b01
2019,gbrt,ope_bel1,0.0,20261005-010838-8084b01
2019,gbrt,op_at,0.0,20261005-010838-8084b01
2019,gbrt,op_atl1,0.0,20261005-010838-8084b01
2019,gbrt,cop_at,-6.664544343948364e-06,20261005-010838-8084b01
2019,gbrt,cop_atl1,1.6763806343078613e-07,20261005-010838-8084b01
2019,gbrt,f_score,0.0,20261005-010838-8084b01
2019,gbrt,o_score,0.0,20261005-010838-8084b01
2019,gbrt,z_score,0.0,20261005-010838-8084b01
2019,gbrt,pi_nix,0.0,20261005-010838-8084b01
2019,gbrt,at_be,0.0,20261005-010838-8084b01
2019,gbrt,saleq_gr1,0.0,20261005-010838-8084b01
2019,gbrt,rd_me,1.5933066606521606e-05,20261005-010838-8084b01
2019,gbrt,rd_sale,-1.9371509552001953e-07,20261005-010838-8084b01
2019,gbrt,opex_at,0.0,20261005-010838-8084b01
2019,gbrt,emp_gr1,0.0,20261005-010838-8084b01
2019,gbrt,rd5_at,2.011656761169434e-07,20261005-010838-8084b01
2019,gbrt,age,-3.3527612686157227e-08,20261005-010838-8084b01
2019,gbrt,dsale_dinv,0.0,20261005-010838-8084b01
2019,gbrt,dsale_drec,0.0,20261005-010838-8084b01
2019,gbrt,dgp_dsale,0.0,20261005-010838-8084b01
2019,gbrt,dsale_dsga,0.0,20261005-010838-8084b01
2019,gbrt,sale_emp_gr1,0.0,20261005-010838-8084b01
2019,gbrt,tangibility,0.0,20261005-010838-8084b01
2019,gbrt,kz_index,0.0,20261005-010838-8084b01
2019,gbrt,ocfq_saleq_std,5.62518835067749e-07,20261005-010838-8084b01
2019,gbrt,cash_at,0.0,20261005-010838-8084b01
2019,gbrt,ni_ar1,0.0,20261005-010838-8084b01
2019,gbrt,ni_ivol,0.0,20261005-010838-8084b01
2019,gbrt,earnings_variability,0.0,20261005-010838-8084b01
2019,gbrt,aliq_at,0.0,20261005-010838-8084b01
2019,gbrt,aliq_mat,0.0,20261005-010838-8084b01
2019,gbrt,seas_1_1an,-6.556510925292969e-07,20261005-010838-8084b01
2019,gbrt,seas_1_1na,9.387731552124024e-07,20261005-010838-8084b01
2019,gbrt,seas_2_5an,-6.183981895446777e-07,20261005-010838-8084b01
2019,gbrt,seas_2_5na,0.0,20261005-010838-8084b01
2019,gbrt,seas_6_10an,0.0,20261005-010838-8084b01
2019,gbrt,seas_6_10na,0.0,20261005-010838-8084b01
2019,gbrt,seas_11_15an,0.0,20261005-010838-8084b01
2019,gbrt,seas_11_15na,0.0,20261005-010838-8084b01
2019,gbrt,seas_16_20an,0.0,20261005-010838-8084b01
2019,gbrt,seas_16_20na,0.0,20261005-010838-8084b01
2019,gbrt,market_equity,1.0415911674499512e-05,20261005-010838-8084b01
2019,gbrt,ivol_ff3_21d,0.0,20261005-010838-8084b01
2019,gbrt,ivol_capm_252d,4.693865776062012e-07,20261005-010838-8084b01
2019,gbrt,ivol_capm_21d,-2.3543834686279297e-06,20261005-010838-8084b01
2019,gbrt,ivol_hxz4_21d,-5.513429641723633e-07,20261005-010838-8084b01
2019,gbrt,rvol_21d,-3.762543201446533e-07,20261005-010838-8084b01
2019,gbrt,beta_60m,0.0,20261005-010838-8084b01
2019,gbrt,betabab_1260d,0.0,20261005-010838-8084b01
2019,gbrt,beta_dimson_21d,0.0,20261005-010838-8084b01
2019,gbrt,turnover_126d,3.028661012649536e-06,20261005-010838-8084b01
2019,gbrt,turnover_var_126d,0.0,20261005-010838-8084b01
2019,gbrt,dolvol_126d,6.921589374542236e-06,20261005-010838-8084b01
2019,gbrt,dolvol_var_126d,0.0,20261005-010838-8084b01
2019,gbrt,prc,4.805624485015869e-07,20261005-010838-8084b01
2019,gbrt,ami_126d,7.7858567237854e-07,20261005-010838-8084b01
2019,gbrt,zero_trades_21d,1.527369022369385e-07,20261005-010838-8084b01
2019,gbrt,zero_trades_126d,7.078051567077637e-07,20261005-010838-8084b01
2019,gbrt,zero_trades_252d,1.5720725059509275e-06,20261005-010838-8084b01
2019,gbrt,rmax1_21d,-2.1792948246002197e-06,20261005-010838-8084b01
2019,gbrt,rskew_21d,0.0,20261005-010838-8084b01
2019,gbrt,iskew_capm_21d,0.0,20261005-010838-8084b01
2019,gbrt,iskew_ff3_21d,0.0,20261005-010838-8084b01
2019,gbrt,iskew_hxz4_21d,0.0,20261005-010838-8084b01
2019,gbrt,coskew_21d,0.0,20261005-010838-8084b01
2019,gbrt,ret_1_0,2.2474676370620728e-05,20261005-010838-8084b01
2019,gbrt,betadown_252d,0.0,20261005-010838-8084b01
2019,gbrt,bidaskhl_21d,0.0,20261005-010838-8084b01
2019,gbrt,ret_3_1,0.0,20261005-010838-8084b01
2019,gbrt,ret_9_1,1.564621925354004e-07,20261005-010838-8084b01
2019,gbrt,ret_12_7,2.048909664154053e-07,20261005-010838-8084b01
2019,gbrt,corr_1260d,0.0,20261005-010838-8084b01
2019,gbrt,rmax5_21d,-1.989305019378662e-06,20261005-010838-8084b01
2019,gbrt,rmax5_rvol_21d,2.793967723846436e-07,20261005-010838-8084b01
2019,gbrt,ni_be,0.0,20261005-010838-8084b01
2019,gbrt,ocf_at,0.0,20261005-010838-8084b01
2019,gbrt,ocf_at_chg1,0.0,20261005-010838-8084b01
2019,gbrt,mispricing_perf,4.9211084842681885e-06,20261005-010838-8084b01
2019,gbrt,mispricing_mgmt,0.0,20261005-010838-8084b01
2019,gbrt,qmj,0.0,20261005-010838-8084b01
2019,gbrt,qmj_prof,-1.6689300537109375e-06,20261005-010838-8084b01
2019,gbrt,qmj_growth,0.0,20261005-010838-8084b01
2019,gbrt,qmj_safety,0.0,20261005-010838-8084b01
2021,gbrt,niq_su,0.0,20261005-010838-8084b01
2021,gbrt,ret_6_1,0.0,20261005-010838-8084b01
2021,gbrt,ret_12_1,9.268522262573242e-06,20261005-010838-8084b01
2021,gbrt,saleq_su,0.0,20261005-010838-8084b01
2021,gbrt,tax_gr1a,0.0,20261005-010838-8084b01
2021,gbrt,ni_inc8q,0.0,20261005-010838-8084b01
2021,gbrt,prc_highprc_252d,5.036592483520508e-06,20261005-010838-8084b01
2021,gbrt,resff3_6_1,0.0,20261005-010838-8084b01
2021,gbrt,resff3_12_1,2.863258123397827e-05,20261005-010838-8084b01
2021,gbrt,be_me,6.817281246185303e-06,20261005-010838-8084b01
2021,gbrt,debt_me,0.0,20261005-010838-8084b01
2021,gbrt,at_me,0.0,20261005-010838-8084b01
2021,gbrt,ret_60_12,0.0,20261005-010838-8084b01
2021,gbrt,ni_me,0.0,20261005-010838-8084b01
2021,gbrt,fcf_me,0.0,20261005-010838-8084b01
2021,gbrt,div12m_me,-9.248033165931702e-05,20261005-010838-8084b01
2021,gbrt,eqpo_me,0.0,20261005-010838-8084b01
2021,gbrt,eqnpo_me,0.0,20261005-010838-8084b01
2021,gbrt,sale_gr3,0.0,20261005-010838-8084b01
2021,gbrt,sale_gr1,0.0,20261005-010838-8084b01
2021,gbrt,ebitda_mev,1.8425285816192627e-05,20261005-010838-8084b01
2021,gbrt,sale_me,0.0,20261005-010838-8084b01
2021,gbrt,ocf_me,2.6009976863861084e-05,20261005-010838-8084b01
2021,gbrt,ival_me,0.0,20261005-010838-8084b01
2021,gbrt,bev_mev,0.0,20261005-010838-8084b01
2021,gbrt,netdebt_me,-9.462237358093262e-07,20261005-010838-8084b01
2021,gbrt,eq_dur,0.0,20261005-010838-8084b01
2021,gbrt,capex_abn,0.0,20261005-010838-8084b01
2021,gbrt,at_gr1,0.0,20261005-010838-8084b01
2021,gbrt,ppeinv_gr1a,0.0,20261005-010838-8084b01
2021,gbrt,noa_at,0.0,20261005-010838-8084b01
2021,gbrt,noa_gr1a,8.493661880493164e-07,20261005-010838-8084b01
2021,gbrt,lnoa_gr1a,0.0,20261005-010838-8084b01
2021,gbrt,capx_gr1,0.0,20261005-010838-8084b01
2021,gbrt,capx_gr2,0.0,20261005-010838-8084b01
2021,gbrt,capx_gr3,0.0,20261005-010838-8084b01
2021,gbrt,chcsho_12m,1.0952353477478027e-05,20261005-010838-8084b01
2021,gbrt,eqnpo_12m,-9.015202522277832e-07,20261005-010838-8084b01
2021,gbrt,debt_gr3,0.0,20261005-010838-8084b01
2021,gbrt,inv_gr1,0.0,20261005-010838-8084b01
2021,gbrt,inv_gr1a,0.0,20261005-010838-8084b01
2021,gbrt,oaccruals_at,0.0,20261005-010838-8084b01
2021,gbrt,taccruals_at,0.0,20261005-010838-8084b01
2021,gbrt,cowc_gr1a,0.0,20261005-010838-8084b01
2021,gbrt,coa_gr1a,0.0,20261005-010838-8084b01
2021,gbrt,col_gr1a,0.0,20261005-010838-8084b01
2021,gbrt,nncoa_gr1a,-8.195638656616211e-07,20261005-010838-8084b01
2021,gbrt,ncoa_gr1a,2.302229404449463e-06,20261005-010838-8084b01
2021,gbrt,ncol_gr1a,0.0,20261005-010838-8084b01
2021,gbrt,nfna_gr1a,0.0,20261005-010838-8084b01
2021,gbrt,sti_gr1a,0.0,20261005-010838-8084b01
2021,gbrt,lti_gr1a,0.0,20261005-010838-8084b01
2021,gbrt,fnl_gr1a,0.0,20261005-010838-8084b01
2021,gbrt,be_gr1a,0.0,20261005-010838-8084b01
2021,gbrt,oaccruals_ni,0.0,20261005-010838-8084b01
2021,gbrt,taccruals_ni,0.0,20261005-010838-8084b01
2021,gbrt,netis_at,0.0,20261005-010838-8084b01
2021,gbrt,eqnetis_at,0.0,20261005-010838-8084b01
2021,gbrt,dbnetis_at,0.0,20261005-010838-8084b01
2021,gbrt,niq_be,5.029141902923584e-07,20261005-010838-8084b01
2021,gbrt,niq_be_chg1,0.0,20261005-010838-8084b01
2021,gbrt,niq_at,0.0,20261005-010838-8084b01
2021,gbrt,niq_at_chg1,0.0,20261005-010838-8084b01
2021,gbrt,ebit_bev,0.0,20261005-010838-8084b01
2021,gbrt,ebit_sale,0.0,20261005-010838-8084b01
2021,gbrt,sale_bev,0.0,20261005-010838-8084b01
2021,gbrt,at_turnover,0.0,20261005-010838-8084b01
2021,gbrt,gp_at,0.0,20261005-010838-8084b01
2021,gbrt,gp_atl1,0.0,20261005-010838-8084b01
2021,gbrt,ope_be,0.0,20261005-010838-8084b01
2021,gbrt,ope_bel1,0.0,20261005-010838-8084b01
2021,gbrt,op_at,1.1846423149108889e-06,20261005-010838-8084b01
2021,gbrt,op_atl1,1.862645149230957e-07,20261005-010838-8084b01
2021,gbrt,cop_at,7.53253698348999e-06,20261005-010838-8084b01
2021,gbrt,cop_atl1,0.0,20261005-010838-8084b01
2021,gbrt,f_score,0.0,20261005-010838-8084b01
2021,gbrt,o_score,0.0,20261005-010838-8084b01
2021,gbrt,z_score,0.0,20261005-010838-8084b01
2021,gbrt,pi_nix,0.0,20261005-010838-8084b01
2021,gbrt,at_be,0.0,20261005-010838-8084b01
2021,gbrt,saleq_gr1,0.0,20261005-010838-8084b01
2021,gbrt,rd_me,-6.936490535736084e-06,20261005-010838-8084b01
2021,gbrt,rd_sale,-1.3671815395355225e-06,20261005-010838-8084b01
2021,gbrt,opex_at,0.0,20261005-010838-8084b01
2021,gbrt,emp_gr1,0.0,20261005-010838-8084b01
2021,gbrt,rd5_at,0.0,20261005-010838-8084b01
2021,gbrt,age,-6.221234798431396e-07,20261005-010838-8084b01
2021,gbrt,dsale_dinv,0.0,20261005-010838-8084b01
2021,gbrt,dsale_drec,0.0,20261005-010838-8084b01
2021,gbrt,dgp_dsale,0.0,20261005-010838-8084b01
2021,gbrt,dsale_dsga,0.0,20261005-010838-8084b01
2021,gbrt,sale_emp_gr1,0.0,20261005-010838-8084b01
2021,gbrt,tangibility,0.0,20261005-010838-8084b01
2021,gbrt,kz_index,0.0,20261005-010838-8084b01
2021,gbrt,ocfq_saleq_std,0.0,20261005-010838-8084b01
2021,gbrt,cash_at,0.0,20261005-010838-8084b01
2021,gbrt,ni_ar1,0.0,20261005-010838-8084b01
2021,gbrt,ni_ivol,0.0,20261005-010838-8084b01
2021,gbrt,earnings_variability,0.0,20261005-010838-8084b01
2021,gbrt,aliq_at,0.0,20261005-010838-8084b01
2021,gbrt,aliq_mat,0.0,20261005-010838-8084b01
2021,gbrt,seas_1_1an,-3.986060619354248e-07,20261005-010838-8084b01
2021,gbrt,seas_1_1na,0.0,20261005-010838-8084b01
2021,gbrt,seas_2_5an,0.0,20261005-010838-8084b01
2021,gbrt,seas_2_5na,0.0,20261005-010838-8084b01
2021,gbrt,seas_6_10an,0.0,20261005-010838-8084b01
2021,gbrt,seas_6_10na,0.0,20261005-010838-8084b01
2021,gbrt,seas_11_15an,0.0,20261005-010838-8084b01
2021,gbrt,seas_11_15na,0.0,20261005-010838-8084b01
2021,gbrt,seas_16_20an,0.0,20261005-010838-8084b01
2021,gbrt,seas_16_20na,0.0,20261005-010838-8084b01
2021,gbrt,market_equity,2.1532177925109863e-05,20261005-010838-8084b01
2021,gbrt,ivol_ff3_21d,3.241002559661865e-07,20261005-010838-8084b01
2021,gbrt,ivol_capm_252d,-1.4901161193847656e-08,20261005-010838-8084b01
2021,gbrt,ivol_capm_21d,4.060566425323487e-07,20261005-010838-8084b01
2021,gbrt,ivol_hxz4_21d,-1.1138617992401123e-06,20261005-010838-8084b01
2021,gbrt,rvol_21d,0.0,20261005-010838-8084b01
2021,gbrt,beta_60m,0.0,20261005-010838-8084b01
2021,gbrt,betabab_1260d,0.0,20261005-010838-8084b01
2021,gbrt,beta_dimson_21d,0.0,20261005-010838-8084b01
2021,gbrt,turnover_126d,-9.86829400062561e-06,20261005-010838-8084b01
2021,gbrt,turnover_var_126d,0.0,20261005-010838-8084b01
2021,gbrt,dolvol_126d,-2.644956111907959e-06,20261005-010838-8084b01
2021,gbrt,dolvol_var_126d,0.0,20261005-010838-8084b01
2021,gbrt,prc,2.4139881134033203e-06,20261005-010838-8084b01
2021,gbrt,ami_126d,6.444752216339111e-07,20261005-010838-8084b01
2021,gbrt,zero_trades_21d,-1.516193151473999e-06,20261005-010838-8084b01
2021,gbrt,zero_trades_126d,-4.172325134277344e-07,20261005-010838-8084b01
2021,gbrt,zero_trades_252d,-1.862645149230957e-07,20261005-010838-8084b01
2021,gbrt,rmax1_21d,5.152076482772827e-06,20261005-010838-8084b01
2021,gbrt,rskew_21d,0.0,20261005-010838-8084b01
2021,gbrt,iskew_capm_21d,0.0,20261005-010838-8084b01
2021,gbrt,iskew_ff3_21d,0.0,20261005-010838-8084b01
2021,gbrt,iskew_hxz4_21d,0.0,20261005-010838-8084b01
2021,gbrt,coskew_21d,0.0,20261005-010838-8084b01
2021,gbrt,ret_1_0,-3.0882656574249268e-06,20261005-010838-8084b01
2021,gbrt,betadown_252d,0.0,20261005-010838-8084b01
2021,gbrt,bidaskhl_21d,0.0,20261005-010838-8084b01
2021,gbrt,ret_3_1,0.0,20261005-010838-8084b01
2021,gbrt,ret_9_1,2.995133399963379e-06,20261005-010838-8084b01
2021,gbrt,ret_12_7,-6.146728992462158e-07,20261005-010838-8084b01
2021,gbrt,corr_1260d,0.0,20261005-010838-8084b01
2021,gbrt,rmax5_21d,1.0233372449874878e-05,20261005-010838-8084b01
2021,gbrt,rmax5_rvol_21d,5.364418029785156e-07,20261005-010838-8084b01
2021,gbrt,ni_be,0.0,20261005-010838-8084b01
2021,gbrt,ocf_at,0.0,20261005-010838-8084b01
2021,gbrt,ocf_at_chg1,0.0,20261005-010838-8084b01
2021,gbrt,mispricing_perf,1.0825693607330322e-05,20261005-010838-8084b01
2021,gbrt,mispricing_mgmt,-2.123415470123291e-07,20261005-010838-8084b01
2021,gbrt,qmj,0.0,20261005-010838-8084b01
2021,gbrt,qmj_prof,0.0,20261005-010838-8084b01
2021,gbrt,qmj_growth,0.0,20261005-010838-8084b01
2021,gbrt,qmj_safety,0.0,20261005-010838-8084b01
2023,gbrt,niq_su,0.0,20261005-010838-8084b01
2023,gbrt,ret_6_1,-1.125037670135498e-06,20261005-010838-8084b01
2023,gbrt,ret_12_1,7.003545761108398e-07,20261005-010838-8084b01
2023,gbrt,saleq_su,0.0,20261005-010838-8084b01
2023,gbrt,tax_gr1a,0.0,20261005-010838-8084b01
2023,gbrt,ni_inc8q,0.0,20261005-010838-8084b01
2023,gbrt,prc_highprc_252d,4.447996616363525e-06,20261005-010838-8084b01
2023,gbrt,resff3_6_1,0.0,20261005-010838-8084b01
2023,gbrt,resff3_12_1,1.3284385204315186e-05,20261005-010838-8084b01
2023,gbrt,be_me,5.801767110824585e-05,20261005-010838-8084b01
2023,gbrt,debt_me,-1.1920928955078125e-06,20261005-010838-8084b01
2023,gbrt,at_me,-1.2218952178955078e-06,20261005-010838-8084b01
2023,gbrt,ret_60_12,0.0,20261005-010838-8084b01
2023,gbrt,ni_me,6.407499313354492e-07,20261005-010838-8084b01
2023,gbrt,fcf_me,2.60770320892334e-06,20261005-010838-8084b01
2023,gbrt,div12m_me,7.224082946777344e-05,20261005-010838-8084b01
2023,gbrt,eqpo_me,2.016127109527588e-05,20261005-010838-8084b01
2023,gbrt,eqnpo_me,-3.352761268615723e-07,20261005-010838-8084b01
2023,gbrt,sale_gr3,0.0,20261005-010838-8084b01
2023,gbrt,sale_gr1,0.0,20261005-010838-8084b01
2023,gbrt,ebitda_mev,2.8759241104125977e-06,20261005-010838-8084b01
2023,gbrt,sale_me,2.2798776626586914e-06,20261005-010838-8084b01
2023,gbrt,ocf_me,3.3602118492126465e-06,20261005-010838-8084b01
2023,gbrt,ival_me,0.0,20261005-010838-8084b01
2023,gbrt,bev_mev,9.387731552124024e-07,20261005-010838-8084b01
2023,gbrt,netdebt_me,-3.113597631454468e-05,20261005-010838-8084b01
2023,gbrt,eq_dur,0.0,20261005-010838-8084b01
2023,gbrt,capex_abn,0.0,20261005-010838-8084b01
2023,gbrt,at_gr1,0.0,20261005-010838-8084b01
2023,gbrt,ppeinv_gr1a,-1.2069940567016602e-06,20261005-010838-8084b01
2023,gbrt,noa_at,-5.885958671569824e-06,20261005-010838-8084b01
2023,gbrt,noa_gr1a,0.0,20261005-010838-8084b01
2023,gbrt,lnoa_gr1a,0.0,20261005-010838-8084b01
2023,gbrt,capx_gr1,0.0,20261005-010838-8084b01
2023,gbrt,capx_gr2,0.0,20261005-010838-8084b01
2023,gbrt,capx_gr3,0.0,20261005-010838-8084b01
2023,gbrt,chcsho_12m,3.95849347114563e-05,20261005-010838-8084b01
2023,gbrt,eqnpo_12m,6.1318278312683105e-06,20261005-010838-8084b01
2023,gbrt,debt_gr3,0.0,20261005-010838-8084b01
2023,gbrt,inv_gr1,0.0,20261005-010838-8084b01
2023,gbrt,inv_gr1a,3.3274292945861816e-05,20261005-010838-8084b01
2023,gbrt,oaccruals_at,0.0,20261005-010838-8084b01
2023,gbrt,taccruals_at,0.0,20261005-010838-8084b01
2023,gbrt,cowc_gr1a,0.0,20261005-010838-8084b01
2023,gbrt,coa_gr1a,0.0,20261005-010838-8084b01
2023,gbrt,col_gr1a,1.0505318641662598e-06,20261005-010838-8084b01
2023,gbrt,nncoa_gr1a,0.0,20261005-010838-8084b01
2023,gbrt,ncoa_gr1a,-9.462237358093262e-07,20261005-010838-8084b01
2023,gbrt,ncol_gr1a,0.0,20261005-010838-8084b01
2023,gbrt,nfna_gr1a,0.0,20261005-010838-8084b01
2023,gbrt,sti_gr1a,0.0,20261005-010838-8084b01
2023,gbrt,lti_gr1a,-1.3299286365509032e-05,20261005-010838-8084b01
2023,gbrt,fnl_gr1a,6.631016731262207e-07,20261005-010838-8084b01
2023,gbrt,be_gr1a,0.0,20261005-010838-8084b01
2023,gbrt,oaccruals_ni,0.0,20261005-010838-8084b01
2023,gbrt,taccruals_ni,0.0,20261005-010838-8084b01
2023,gbrt,netis_at,0.0,20261005-010838-8084b01
2023,gbrt,eqnetis_at,0.0,20261005-010838-8084b01
2023,gbrt,dbnetis_at,0.0,20261005-010838-8084b01
2023,gbrt,niq_be,1.9058585166931152e-05,20261005-010838-8084b01
2023,gbrt,niq_be_chg1,0.0,20261005-010838-8084b01
2023,gbrt,niq_at,1.3634562492370603e-06,20261005-010838-8084b01
2023,gbrt,niq_at_chg1,4.470348358154297e-07,20261005-010838-8084b01
2023,gbrt,ebit_bev,0.0,20261005-010838-8084b01
2023,gbrt,ebit_sale,0.0,20261005-010838-8084b01
2023,gbrt,sale_bev,-4.544854164123535e-07,20261005-010838-8084b01
2023,gbrt,at_turnover,0.0,20261005-010838-8084b01
2023,gbrt,gp_at,0.0,20261005-010838-8084b01
2023,gbrt,gp_atl1,0.0,20261005-010838-8084b01
2023,gbrt,ope_be,2.905726432800293e-07,20261005-010838-8084b01
2023,gbrt,ope_bel1,0.0,20261005-010838-8084b01
2023,gbrt,op_at,6.817281246185303e-06,20261005-010838-8084b01
2023,gbrt,op_atl1,0.0,20261005-010838-8084b01
2023,gbrt,cop_at,2.0794570446014404e-05,20261005-010838-8084b01
2023,gbrt,cop_atl1,0.0,20261005-010838-8084b01
2023,gbrt,f_score,0.0,20261005-010838-8084b01
2023,gbrt,o_score,0.0,20261005-010838-8084b01
2023,gbrt,z_score,0.0,20261005-010838-8084b01
2023,gbrt,pi_nix,0.0,20261005-010838-8084b01
2023,gbrt,at_be,-1.4901161193847656e-08,20261005-010838-8084b01
2023,gbrt,saleq_gr1,1.4007091522216797e-06,20261005-010838-8084b01
2023,gbrt,rd_me,2.734363079071045e-06,20261005-010838-8084b01
2023,gbrt,rd_sale,0.0,20261005-010838-8084b01
2023,gbrt,opex_at,0.0,20261005-010838-8084b01
2023,gbrt,emp_gr1,0.0,20261005-010838-8084b01
2023,gbrt,rd5_at,0.0,20261005-010838-8084b01
2023,gbrt,age,-1.1548399925231934e-06,20261005-010838-8084b01
2023,gbrt,dsale_dinv,0.0,20261005-010838-8084b01
2023,gbrt,dsale_drec,0.0,20261005-010838-8084b01
2023,gbrt,dgp_dsale,0.0,20261005-010838-8084b01
2023,gbrt,dsale_dsga,0.0,20261005-010838-8084b01
2023,gbrt,sale_emp_gr1,0.0,20261005-010838-8084b01
2023,gbrt,tangibility,8.940696716308594e-07,20261005-010838-8084b01
2023,gbrt,kz_index,1.9073486328125e-06,20261005-010838-8084b01
2023,gbrt,ocfq_saleq_std,0.0,20261005-010838-8084b01
2023,gbrt,cash_at,0.0,20261005-010838-8084b01
2023,gbrt,ni_ar1,0.0,20261005-010838-8084b01
2023,gbrt,ni_ivol,0.0,20261005-010838-8084b01
2023,gbrt,earnings_variability,0.0,20261005-010838-8084b01
2023,gbrt,aliq_at,0.0,20261005-010838-8084b01
2023,gbrt,aliq_mat,0.0,20261005-010838-8084b01
2023,gbrt,seas_1_1an,-2.294778823852539e-06,20261005-010838-8084b01
2023,gbrt,seas_1_1na,-2.428889274597168e-06,20261005-010838-8084b01
2023,gbrt,seas_2_5an,1.084059476852417e-05,20261005-010838-8084b01
2023,gbrt,seas_2_5na,0.0,20261005-010838-8084b01
2023,gbrt,seas_6_10an,1.862645149230957e-07,20261005-010838-8084b01
2023,gbrt,seas_6_10na,0.0,20261005-010838-8084b01
2023,gbrt,seas_11_15an,0.0,20261005-010838-8084b01
2023,gbrt,seas_11_15na,0.0,20261005-010838-8084b01
2023,gbrt,seas_16_20an,0.0,20261005-010838-8084b01
2023,gbrt,seas_16_20na,0.0,20261005-010838-8084b01
2023,gbrt,market_equity,3.248453140258789e-06,20261005-010838-8084b01
2023,gbrt,ivol_ff3_21d,1.3560056686401367e-06,20261005-010838-8084b01
2023,gbrt,ivol_capm_252d,9.18656587600708e-06,20261005-010838-8084b01
2023,gbrt,ivol_capm_21d,1.208484172821045e-05,20261005-010838-8084b01
2023,gbrt,ivol_hxz4_21d,6.201118230819702e-05,20261005-010838-8084b01
2023,gbrt,rvol_21d,0.0,20261005-010838-8084b01
2023,gbrt,beta_60m,0.0,20261005-010838-8084b01
2023,gbrt,betabab_1260d,0.0,20261005-010838-8084b01
2023,gbrt,beta_dimson_21d,0.0,20261005-010838-8084b01
2023,gbrt,turnover_126d,8.637458086013794e-05,20261005-010838-8084b01
2023,gbrt,turnover_var_126d,-1.877546310424805e-06,20261005-010838-8084b01
2023,gbrt,dolvol_126d,2.562999725341797e-06,20261005-010838-8084b01
2023,gbrt,dolvol_var_126d,-3.591179847717285e-06,20261005-010838-8084b01
2023,gbrt,prc,-1.1101365089416504e-05,20261005-010838-8084b01
2023,gbrt,ami_126d,5.200505256652832e-06,20261005-010838-8084b01
2023,gbrt,zero_trades_21d,2.4005770683288578e-05,20261005-010838-8084b01
2023,gbrt,zero_trades_126d,1.7039477825164795e-05,20261005-010838-8084b01
2023,gbrt,zero_trades_252d,1.9297003746032715e-06,20261005-010838-8084b01
2023,gbrt,rmax1_21d,1.6167759895324707e-06,20261005-010838-8084b01
2023,gbrt,rskew_21d,0.0,20261005-010838-8084b01
2023,gbrt,iskew_capm_21d,0.0,20261005-010838-8084b01
2023,gbrt,iskew_ff3_21d,0.0,20261005-010838-8084b01
2023,gbrt,iskew_hxz4_21d,0.0,20261005-010838-8084b01
2023,gbrt,coskew_21d,0.0,20261005-010838-8084b01
2023,gbrt,ret_1_0,5.379319190979004e-05,20261005-010838-8084b01
2023,gbrt,betadown_252d,0.0,20261005-010838-8084b01
2023,gbrt,bidaskhl_21d,6.07222318649292e-06,20261005-010838-8084b01
2023,gbrt,ret_3_1,4.2244791984558105e-06,20261005-010838-8084b01
2023,gbrt,ret_9_1,3.7401914596557617e-06,20261005-010838-8084b01
2023,gbrt,ret_12_7,3.203749656677246e-06,20261005-010838-8084b01
2023,gbrt,corr_1260d,0.0,20261005-010838-8084b01
2023,gbrt,rmax5_21d,6.783008575439453e-05,20261005-010838-8084b01
2023,gbrt,rmax5_rvol_21d,-8.940696716308596e-08,20261005-010838-8084b01
2023,gbrt,ni_be,4.649162292480469e-06,20261005-010838-8084b01
2023,gbrt,ocf_at,5.0067901611328125e-06,20261005-010838-8084b01
2023,gbrt,ocf_at_chg1,0.0,20261005-010838-8084b01
2023,gbrt,mispricing_perf,1.1630356311798096e-05,20261005-010838-8084b01
2023,gbrt,mispricing_mgmt,5.0067901611328125e-06,20261005-010838-8084b01
2023,gbrt,qmj,0.0,20261005-010838-8084b01
2023,gbrt,qmj_prof,0.0,20261005-010838-8084b01
2023,gbrt,qmj_growth,0.0,20261005-010838-8084b01
2023,gbrt,qmj_safety,0.0,20261005-010838-8084b01
1995,huber,niq_su,-1.6391277313232425e-07,20261005-010838-8084b01
1995,huber,ret_6_1,9.736046195030212e-06,20261005-010838-8084b01
1995,huber,ret_12_1,4.144012928009033e-05,20261005-010838-8084b01
1995,huber,saleq_su,1.136213541030884e-07,20261005-010838-8084b01
1995,huber,tax_gr1a,2.993270754814148e-06,20261005-010838-8084b01
1995,huber,ni_inc8q,4.073604941368103e-06,20261005-010838-8084b01
1995,huber,prc_highprc_252d,2.594105899333954e-05,20261005-010838-8084b01
1995,huber,resff3_6_1,-1.823529601097107e-06,20261005-010838-8084b01
1995,huber,resff3_12_1,6.705522537231445e-08,20261005-010838-8084b01
1995,huber,be_me,1.089833676815033e-05,20261005-010838-8084b01
1995,huber,debt_me,3.053247928619385e-05,20261005-010838-8084b01
1995,huber,at_me,3.334134817123413e-07,20261005-010838-8084b01
1995,huber,ret_60_12,1.245364546775818e-05,20261005-010838-8084b01
1995,huber,ni_me,1.5914440155029297e-05,20261005-010838-8084b01
1995,huber,fcf_me,-1.046806573867798e-06,20261005-010838-8084b01
1995,huber,div12m_me,-4.231929779052734e-06,20261005-010838-8084b01
1995,huber,eqpo_me,4.811212420463562e-06,20261005-010838-8084b01
1995,huber,eqnpo_me,-6.5267086029052734e-06,20261005-010838-8084b01
1995,huber,sale_gr3,-4.6566128730773926e-08,20261005-010838-8084b01
1995,huber,sale_gr1,2.5797635316848755e-06,20261005-010838-8084b01
1995,huber,ebitda_mev,2.1105632185935978e-05,20261005-010838-8084b01
1995,huber,sale_me,-3.0035153031349186e-05,20261005-010838-8084b01
1995,huber,ocf_me,-1.4077872037887572e-05,20261005-010838-8084b01
1995,huber,ival_me,-1.2461096048355105e-06,20261005-010838-8084b01
1995,huber,bev_mev,-5.237758159637451e-06,20261005-010838-8084b01
1995,huber,netdebt_me,1.56499445438385e-05,20261005-010838-8084b01
1995,huber,eq_dur,-3.844499588012695e-06,20261005-010838-8084b01
1995,huber,capex_abn,-1.5795230865478516e-06,20261005-010838-8084b01
1995,huber,at_gr1,-2.0116567611694336e-06,20261005-010838-8084b01
1995,huber,ppeinv_gr1a,7.232651114463806e-06,20261005-010838-8084b01
1995,huber,noa_at,3.048032522201538e-05,20261005-010838-8084b01
1995,huber,noa_gr1a,-9.96515154838562e-06,20261005-010838-8084b01
1995,huber,lnoa_gr1a,1.4621764421463013e-06,20261005-010838-8084b01
1995,huber,capx_gr1,2.251937985420227e-06,20261005-010838-8084b01
1995,huber,capx_gr2,1.8514692783355713e-06,20261005-010838-8084b01
1995,huber,capx_gr3,-8.568167686462402e-08,20261005-010838-8084b01
1995,huber,chcsho_12m,-7.506459951400757e-07,20261005-010838-8084b01
1995,huber,eqnpo_12m,1.3772398233413696e-05,20261005-010838-8084b01
1995,huber,debt_gr3,3.777444362640381e-06,20261005-010838-8084b01
1995,huber,inv_gr1,2.466142177581787e-06,20261005-010838-8084b01
1995,huber,inv_gr1a,1.5273690223693848e-06,20261005-010838-8084b01
1995,huber,oaccruals_at,3.19555401802063e-05,20261005-010838-8084b01
1995,huber,taccruals_at,2.328306436538697e-07,20261005-010838-8084b01
1995,huber,cowc_gr1a,-2.652406692504883e-06,20261005-010838-8084b01
1995,huber,coa_gr1a,1.0235235095024107e-05,20261005-010838-8084b01
1995,huber,col_gr1a,2.812594175338745e-07,20261005-010838-8084b01
1995,huber,nncoa_gr1a,6.055459380149841e-06,20261005-010838-8084b01
1995,huber,ncoa_gr1a,-6.213784217834473e-06,20261005-010838-8084b01
1995,huber,ncol_gr1a,-2.421438694000244e-08,20261005-010838-8084b01
1995,huber,nfna_gr1a,1.0542571544647217e-06,20261005-010838-8084b01
1995,huber,sti_gr1a,-8.568167686462402e-08,20261005-010838-8084b01
1995,huber,lti_gr1a,3.520399332046509e-07,20261005-010838-8084b01
1995,huber,fnl_gr1a,6.452202796936035e-06,20261005-010838-8084b01
1995,huber,be_gr1a,1.0890886187553406e-05,20261005-010838-8084b01
1995,huber,oaccruals_ni,4.06801700592041e-06,20261005-010838-8084b01
1995,huber,taccruals_ni,1.8067657947540283e-06,20261005-010838-8084b01
1995,huber,netis_at,5.5879354476928724e-08,20261005-010838-8084b01
1995,huber,eqnetis_at,-8.493661880493164e-06,20261005-010838-8084b01
1995,huber,dbnetis_at,-6.016343832015991e-07,20261005-010838-8084b01
1995,huber,niq_be,-6.5583735704422e-06,20261005-010838-8084b01
1995,huber,niq_be_chg1,-2.0675361156463626e-07,20261005-010838-8084b01
1995,huber,niq_at,-3.0454248189926147e-06,20261005-010838-8084b01
1995,huber,niq_at_chg1,4.325062036514282e-06,20261005-010838-8084b01
1995,huber,ebit_bev,2.7276575565338135e-05,20261005-010838-8084b01
1995,huber,ebit_sale,-1.4957040548324585e-06,20261005-010838-8084b01
1995,huber,sale_bev,-3.5390257835388184e-08,20261005-010838-8084b01
1995,huber,at_turnover,1.0436400771141052e-05,20261005-010838-8084b01
1995,huber,gp_at,-7.76536762714386e-06,20261005-010838-8084b01
1995,huber,gp_atl1,1.5946105122566223e-05,20261005-010838-8084b01
1995,huber,ope_be,-3.727152943611145e-06,20261005-010838-8084b01
1995,huber,ope_bel1,-1.4379620552062988e-06,20261005-010838-8084b01
1995,huber,op_at,-2.6617199182510376e-06,20261005-010838-8084b01
1995,huber,op_atl1,-5.155801773071289e-06,20261005-010838-8084b01
1995,huber,cop_at,4.846416413784027e-05,20261005-010838-8084b01
1995,huber,cop_atl1,8.386373519897461e-05,20261005-010838-8084b01
1995,huber,f_score,1.51805579662323e-06,20261005-010838-8084b01
1995,huber,o_score,1.7445534467697144e-05,20261005-010838-8084b01
1995,huber,z_score,-4.284083843231201e-07,20261005-010838-8084b01
1995,huber,pi_nix,4.4330954551696777e-07,20261005-010838-8084b01
1995,huber,at_be,3.213062882423401e-06,20261005-010838-8084b01
1995,huber,saleq_gr1,9.950250387191772e-06,20261005-010838-8084b01
1995,huber,rd_me,2.8535723686218265e-05,20261005-010838-8084b01
1995,huber,rd_sale,4.986301064491272e-06,20261005-010838-8084b01
1995,huber,opex_at,2.5257468223571777e-06,20261005-010838-8084b01
1995,huber,emp_gr1,9.51811671257019e-07,20261005-010838-8084b01
1995,huber,rd5_at,-4.537403583526611e-06,20261005-010838-8084b01
1995,huber,age,-5.146488547325134e-06,20261005-010838-8084b01
1995,huber,dsale_dinv,3.2633543014526367e-06,20261005-010838-8084b01
1995,huber,dsale_drec,-2.114102244377136e-06,20261005-010838-8084b01
1995,huber,dgp_dsale,2.793967723846436e-07,20261005-010838-8084b01
1995,huber,dsale_dsga,1.2665987014770508e-07,20261005-010838-8084b01
1995,huber,sale_emp_gr1,9.909272193908691e-07,20261005-010838-8084b01
1995,huber,tangibility,-5.237758159637451e-06,20261005-010838-8084b01
1995,huber,kz_index,-2.868473529815674e-07,20261005-010838-8084b01
1995,huber,ocfq_saleq_std,-2.427026629447937e-06,20261005-010838-8084b01
1995,huber,cash_at,2.4020671844482425e-05,20261005-010838-8084b01
1995,huber,ni_ar1,-1.30385160446167e-08,20261005-010838-8084b01
1995,huber,ni_ivol,1.7043203115463257e-06,20261005-010838-8084b01
1995,huber,earnings_variability,-4.149973392486572e-06,20261005-010838-8084b01
1995,huber,aliq_at,7.282942533493042e-07,20261005-010838-8084b01
1995,huber,aliq_mat,8.966773748397827e-06,20261005-010838-8084b01
1995,huber,seas_1_1an,-3.4514814615249634e-06,20261005-010838-8084b01
1995,huber,seas_1_1na,2.457015216350555e-05,20261005-010838-8084b01
1995,huber,seas_2_5an,8.46758484840393e-06,20261005-010838-8084b01
1995,huber,seas_2_5na,5.07943332195282e-06,20261005-010838-8084b01
1995,huber,seas_6_10an,1.6577541828155518e-06,20261005-010838-8084b01
1995,huber,seas_6_10na,2.0582228899002075e-06,20261005-010838-8084b01
1995,huber,seas_11_15an,2.29664146900177e-06,20261005-010838-8084b01
1995,huber,seas_11_15na,5.587935447692871e-09,20261005-010838-8084b01
1995,huber,seas_16_20an,7.115304470062256e-07,20261005-010838-8084b01
1995,huber,seas_16_20na,1.1920928955078125e-07,20261005-010838-8084b01
1995,huber,market_equity,5.111284554004669e-05,20261005-010838-8084b01
1995,huber,ivol_ff3_21d,3.545917570590973e-05,20261005-010838-8084b01
1995,huber,ivol_capm_252d,-1.3871118426322935e-05,20261005-010838-8084b01
1995,huber,ivol_capm_21d,8.67992639541626e-07,20261005-010838-8084b01
1995,huber,ivol_hxz4_21d,2.157688140869141e-05,20261005-010838-8084b01
1995,huber,rvol_21d,6.96871429681778e-05,20261005-010838-8084b01
1995,huber,beta_60m,1.9297003746032715e-06,20261005-010838-8084b01
1995,huber,betabab_1260d,6.513670086860657e-06,20261005-010838-8084b01
1995,huber,beta_dimson_21d,9.648501873016355e-07,20261005-010838-8084b01
1995,huber,turnover_126d,2.9120594263076786e-05,20261005-010838-8084b01
1995,huber,turnover_var_126d,0.0002085994929075,20261005-010838-8084b01
1995,huber,dolvol_126d,5.062669515609741e-06,20261005-010838-8084b01
1995,huber,dolvol_var_126d,0.0001761224120855,20261005-010838-8084b01
1995,huber,prc,-2.341344952583313e-06,20261005-010838-8084b01
1995,huber,ami_126d,2.490915358066559e-05,20261005-010838-8084b01
1995,huber,zero_trades_21d,0.0002343393862247,20261005-010838-8084b01
1995,huber,zero_trades_126d,6.131082773208618e-05,20261005-010838-8084b01
1995,huber,zero_trades_252d,3.1776726245880127e-06,20261005-010838-8084b01
1995,huber,rmax1_21d,-8.443370461463928e-06,20261005-010838-8084b01
1995,huber,rskew_21d,8.145347237586975e-06,20261005-010838-8084b01
1995,huber,iskew_capm_21d,1.296401023864746e-06,20261005-010838-8084b01
1995,huber,iskew_ff3_21d,2.896413207054138e-06,20261005-010838-8084b01
1995,huber,iskew_hxz4_21d,1.430511474609375e-06,20261005-010838-8084b01
1995,huber,coskew_21d,1.3560056686401367e-06,20261005-010838-8084b01
1995,huber,ret_1_0,5.677156150341034e-05,20261005-010838-8084b01
1995,huber,betadown_252d,1.3057142496109009e-06,20261005-010838-8084b01
1995,huber,bidaskhl_21d,1.524202525615692e-05,20261005-010838-8084b01
1995,huber,ret_3_1,9.5367431640625e-07,20261005-010838-8084b01
1995,huber,ret_9_1,1.1488795280456545e-05,20261005-010838-8084b01
1995,huber,ret_12_7,2.7194619178771973e-06,20261005-010838-8084b01
1995,huber,corr_1260d,3.576278686523438e-07,20261005-010838-8084b01
1995,huber,rmax5_21d,6.584450602531433e-06,20261005-010838-8084b01
1995,huber,rmax5_rvol_21d,1.037493348121643e-06,20261005-010838-8084b01
1995,huber,ni_be,-1.074187457561493e-05,20261005-010838-8084b01
1995,huber,ocf_at,2.5413930416107174e-05,20261005-010838-8084b01
1995,huber,ocf_at_chg1,3.3527612686157227e-08,20261005-010838-8084b01
1995,huber,mispricing_perf,5.448237061500549e-06,20261005-010838-8084b01
1995,huber,mispricing_mgmt,-5.085021257400513e-06,20261005-010838-8084b01
1995,huber,qmj,2.7511268854141235e-06,20261005-010838-8084b01
1995,huber,qmj_prof,8.475035429000854e-06,20261005-010838-8084b01
1995,huber,qmj_growth,4.755333065986633e-06,20261005-010838-8084b01
1995,huber,qmj_safety,3.986060619354248e-07,20261005-010838-8084b01
1997,huber,niq_su,7.450580596923828e-09,20261005-010838-8084b01
1997,huber,ret_6_1,6.191432476043701e-06,20261005-010838-8084b01
1997,huber,ret_12_1,7.245317101478577e-05,20261005-010838-8084b01
1997,huber,saleq_su,3.05473804473877e-07,20261005-010838-8084b01
1997,huber,tax_gr1a,-4.0978193283081055e-08,20261005-010838-8084b01
1997,huber,ni_inc8q,-5.990266799926758e-06,20261005-010838-8084b01
1997,huber,prc_highprc_252d,7.622316479682922e-05,20261005-010838-8084b01
1997,huber,resff3_6_1,-1.4975666999816897e-06,20261005-010838-8084b01
1997,huber,resff3_12_1,1.0654330253601074e-06,20261005-010838-8084b01
1997,huber,be_me,6.676465272903442e-05,20261005-010838-8084b01
1997,huber,debt_me,-8.963048458099365e-06,20261005-010838-8084b01
1997,huber,at_me,4.842877388000488e-07,20261005-010838-8084b01
1997,huber,ret_60_12,-1.9222497940063477e-06,20261005-010838-8084b01
1997,huber,ni_me,-1.15223228931427e-05,20261005-010838-8084b01
1997,huber,fcf_me,6.370246410369873e-07,20261005-010838-8084b01
1997,huber,div12m_me,9.998679161071776e-06,20261005-010838-8084b01
1997,huber,eqpo_me,-2.1494925022125244e-06,20261005-010838-8084b01
1997,huber,eqnpo_me,4.0531158447265625e-06,20261005-010838-8084b01
1997,huber,sale_gr3,5.848705768585205e-07,20261005-010838-8084b01
1997,huber,sale_gr1,-9.685754776000977e-07,20261005-010838-8084b01
1997,huber,ebitda_mev,-1.027435064315796e-05,20261005-010838-8084b01
1997,huber,sale_me,4.1078776121139526e-05,20261005-010838-8084b01
1997,huber,ocf_me,3.410130739212036e-05,20261005-010838-8084b01
1997,huber,ival_me,1.0244548320770264e-06,20261005-010838-8084b01
1997,huber,bev_mev,1.7702579498291016e-05,20261005-010838-8084b01
1997,huber,netdebt_me,-4.775822162628174e-06,20261005-010838-8084b01
1997,huber,eq_dur,2.596527338027954e-06,20261005-010838-8084b01
1997,huber,capex_abn,-3.46451997756958e-07,20261005-010838-8084b01
1997,huber,at_gr1,3.0659139156341553e-06,20261005-010838-8084b01
1997,huber,ppeinv_gr1a,3.904104232788086e-06,20261005-010838-8084b01
1997,huber,noa_at,9.585171937942503e-06,20261005-010838-8084b01
1997,huber,noa_gr1a,2.1591782569885257e-05,20261005-010838-8084b01
1997,huber,lnoa_gr1a,1.7210841178894043e-06,20261005-010838-8084b01
1997,huber,capx_gr1,7.227063179016113e-07,20261005-010838-8084b01
1997,huber,capx_gr2,3.077089786529541e-06,20261005-010838-8084b01
1997,huber,capx_gr3,1.341104507446289e-07,20261005-010838-8084b01
1997,huber,chcsho_12m,1.4826655387878418e-05,20261005-010838-8084b01
1997,huber,eqnpo_12m,-7.461756467819214e-06,20261005-010838-8084b01
1997,huber,debt_gr3,-5.21540641784668e-08,20261005-010838-8084b01
1997,huber,inv_gr1,2.4959444999694824e-07,20261005-010838-8084b01
1997,huber,inv_gr1a,5.774199962615967e-07,20261005-010838-8084b01
1997,huber,oaccruals_at,1.7199665307998657e-05,20261005-010838-8084b01
1997,huber,taccruals_at,-1.0170042514801023e-06,20261005-010838-8084b01
1997,huber,cowc_gr1a,-1.4528632164001465e-07,20261005-010838-8084b01
1997,huber,coa_gr1a,7.227063179016113e-07,20261005-010838-8084b01
1997,huber,col_gr1a,-5.960464477539065e-08,20261005-010838-8084b01
1997,huber,nncoa_gr1a,6.0498714447021484e-06,20261005-010838-8084b01
1997,huber,ncoa_gr1a,-1.5720725059509275e-06,20261005-010838-8084b01
1997,huber,ncol_gr1a,5.5879354476928724e-08,20261005-010838-8084b01
1997,huber,nfna_gr1a,1.4901161193847656e-07,20261005-010838-8084b01
1997,huber,sti_gr1a,-3.129243850708008e-07,20261005-010838-8084b01
1997,huber,lti_gr1a,-2.384185791015625e-07,20261005-010838-8084b01
1997,huber,fnl_gr1a,1.385807991027832e-06,20261005-010838-8084b01
1997,huber,be_gr1a,5.502253770828247e-06,20261005-010838-8084b01
1997,huber,oaccruals_ni,2.8908252716064453e-06,20261005-010838-8084b01
1997,huber,taccruals_ni,4.582107067108155e-07,20261005-010838-8084b01
1997,huber,netis_at,-7.338821887969971e-07,20261005-010838-8084b01
1997,huber,eqnetis_at,7.718801498413086e-06,20261005-010838-8084b01
1997,huber,dbnetis_at,0.0,20261005-010838-8084b01
1997,huber,niq_be,3.770366311073303e-05,20261005-010838-8084b01
1997,huber,niq_be_chg1,4.3585896492004395e-07,20261005-010838-8084b01
1997,huber,niq_at,3.296881914138794e-06,20261005-010838-8084b01
1997,huber,niq_at_chg1,7.830560207366943e-06,20261005-010838-8084b01
1997,huber,ebit_bev,-1.3601034879684448e-05,20261005-010838-8084b01
1997,huber,ebit_sale,3.4246593713760376e-05,20261005-010838-8084b01
1997,huber,sale_bev,1.9222497940063477e-06,20261005-010838-8084b01
1997,huber,at_turnover,3.959983587265015e-06,20261005-010838-8084b01
1997,huber,gp_at,7.081776857376099e-06,20261005-010838-8084b01
1997,huber,gp_atl1,6.847083568572998e-06,20261005-010838-8084b01
1997,huber,ope_be,5.5283308029174805e-06,20261005-010838-8084b01
1997,huber,ope_bel1,1.4901161193847656e-06,20261005-010838-8084b01
1997,huber,op_at,1.1615455150604248e-05,20261005-010838-8084b01
1997,huber,op_atl1,5.1371753215789795e-06,20261005-010838-8084b01
1997,huber,cop_at,1.597777009010315e-05,20261005-010838-8084b01
1997,huber,cop_atl1,3.156810998916626e-05,20261005-010838-8084b01
1997,huber,f_score,-2.816319465637207e-06,20261005-010838-8084b01
1997,huber,o_score,-6.992369890213013e-06,20261005-010838-8084b01
1997,huber,z_score,-7.450580596923828e-09,20261005-010838-8084b01
1997,huber,pi_nix,-7.450580596923828e-09,20261005-010838-8084b01
1997,huber,at_be,-9.097158908843994e-06,20261005-010838-8084b01
1997,huber,saleq_gr1,5.241483449935913e-06,20261005-010838-8084b01
1997,huber,rd_me,1.30385160446167e-06,20261005-010838-8084b01
1997,huber,rd_sale,-8.381903171539307e-07,20261005-010838-8084b01
1997,huber,opex_at,1.0915100574493408e-06,20261005-010838-8084b01
1997,huber,emp_gr1,4.544854164123535e-07,20261005-010838-8084b01
1997,huber,rd5_at,1.825392246246338e-06,20261005-010838-8084b01
1997,huber,age,6.92903995513916e-06,20261005-010838-8084b01
1997,huber,dsale_dinv,3.509223461151123e-06,20261005-010838-8084b01
1997,huber,dsale_drec,-1.046806573867798e-06,20261005-010838-8084b01
1997,huber,dgp_dsale,2.603977918624878e-06,20261005-010838-8084b01
1997,huber,dsale_dsga,8.903443813323975e-07,20261005-010838-8084b01
1997,huber,sale_emp_gr1,8.568167686462402e-07,20261005-010838-8084b01
1997,huber,tangibility,9.238719940185548e-07,20261005-010838-8084b01
1997,huber,kz_index,-2.566725015640259e-06,20261005-010838-8084b01
1997,huber,ocfq_saleq_std,2.551823854446411e-06,20261005-010838-8084b01
1997,huber,cash_at,-3.471970558166504e-06,20261005-010838-8084b01
1997,huber,ni_ar1,-2.123415470123291e-07,20261005-010838-8084b01
1997,huber,ni_ivol,-2.376735210418701e-06,20261005-010838-8084b01
1997,huber,earnings_variability,3.2372772693634033e-06,20261005-010838-8084b01
1997,huber,aliq_at,6.295740604400635e-07,20261005-010838-8084b01
1997,huber,aliq_mat,-1.9334256649017334e-06,20261005-010838-8084b01
1997,huber,seas_1_1an,6.7390501499176025e-06,20261005-010838-8084b01
1997,huber,seas_1_1na,1.8473714590072632e-05,20261005-010838-8084b01
1997,huber,seas_2_5an,2.5540590286254883e-05,20261005-010838-8084b01
1997,huber,seas_2_5na,1.1920928955078125e-06,20261005-010838-8084b01
1997,huber,seas_6_10an,2.130866050720215e-06,20261005-010838-8084b01
1997,huber,seas_6_10na,4.097819328308106e-07,20261005-010838-8084b01
1997,huber,seas_11_15an,1.2703239917755127e-06,20261005-010838-8084b01
1997,huber,seas_11_15na,4.209578037261963e-07,20261005-010838-8084b01
1997,huber,seas_16_20an,1.7434358596801758e-06,20261005-010838-8084b01
1997,huber,seas_16_20na,-1.788139343261719e-07,20261005-010838-8084b01
1997,huber,market_equity,9.492039680480955e-06,20261005-010838-8084b01
1997,huber,ivol_ff3_21d,-1.5325844287872314e-05,20261005-010838-8084b01
1997,huber,ivol_capm_252d,4.199892282485962e-05,20261005-010838-8084b01
1997,huber,ivol_capm_21d,1.811981201171875e-05,20261005-010838-8084b01
1997,huber,ivol_hxz4_21d,0.0001439973711967,20261005-010838-8084b01
1997,huber,rvol_21d,-1.642480492591858e-05,20261005-010838-8084b01
1997,huber,beta_60m,-1.1846423149108889e-06,20261005-010838-8084b01
1997,huber,betabab_1260d,-3.1925737857818604e-06,20261005-010838-8084b01
1997,huber,beta_dimson_21d,-1.5981495380401611e-06,20261005-010838-8084b01
1997,huber,turnover_126d,8.074939250946045e-05,20261005-010838-8084b01
1997,huber,turnover_var_126d,0.0001653768122196,20261005-010838-8084b01
1997,huber,dolvol_126d,1.3634562492370604e-05,20261005-010838-8084b01
1997,huber,dolvol_var_126d,0.0001183040440082,20261005-010838-8084b01
1997,huber,prc,6.6943466663360596e-06,20261005-010838-8084b01
1997,huber,ami_126d,6.426125764846802e-06,20261005-010838-8084b01
1997,huber,zero_trades_21d,0.0001280270516872,20261005-010838-8084b01
1997,huber,zero_trades_126d,8.750706911087036e-05,20261005-010838-8084b01
1997,huber,zero_trades_252d,1.315400004386902e-05,20261005-010838-8084b01
1997,huber,rmax1_21d,2.3439526557922363e-05,20261005-010838-8084b01
1997,huber,rskew_21d,-1.169741153717041e-06,20261005-010838-8084b01
1997,huber,iskew_capm_21d,-1.4901161193847656e-08,20261005-010838-8084b01
1997,huber,iskew_ff3_21d,9.797513484954834e-07,20261005-010838-8084b01
1997,huber,iskew_hxz4_21d,8.195638656616212e-08,20261005-010838-8084b01
1997,huber,coskew_21d,5.21540641784668e-08,20261005-010838-8084b01
1997,huber,ret_1_0,3.673881292343139e-05,20261005-010838-8084b01
1997,huber,betadown_252d,-1.7620623111724854e-06,20261005-010838-8084b01
1997,huber,bidaskhl_21d,-8.17328691482544e-06,20261005-010838-8084b01
1997,huber,ret_3_1,8.828938007354736e-07,20261005-010838-8084b01
1997,huber,ret_9_1,2.1968036890029907e-05,20261005-010838-8084b01
1997,huber,ret_12_7,2.022460103034973e-05,20261005-010838-8084b01
1997,huber,corr_1260d,1.0579824447631836e-06,20261005-010838-8084b01
1997,huber,rmax5_21d,-4.336237907409668e-06,20261005-010838-8084b01
1997,huber,rmax5_rvol_21d,1.1108815670013428e-05,20261005-010838-8084b01
1997,huber,ni_be,2.930685877799988e-05,20261005-010838-8084b01
1997,huber,ocf_at,-2.454966306686402e-06,20261005-010838-8084b01
1997,huber,ocf_at_chg1,3.650784492492676e-07,20261005-010838-8084b01
1997,huber,mispricing_perf,-1.0654330253601074e-06,20261005-010838-8084b01
1997,huber,mispricing_mgmt,-1.300126314163208e-06,20261005-010838-8084b01
1997,huber,qmj,2.60770320892334e-07,20261005-010838-8084b01
1997,huber,qmj_prof,-2.6710331439971924e-06,20261005-010838-8084b01
1997,huber,qmj_growth,2.898275852203369e-06,20261005-010838-8084b01
1997,huber,qmj_safety,9.49949026107788e-07,20261005-010838-8084b01
1999,huber,niq_su,3.725290298461914e-07,20261005-010838-8084b01
1999,huber,ret_6_1,5.029141902923584e-06,20261005-010838-8084b01
1999,huber,ret_12_1,2.6382505893707275e-05,20261005-010838-8084b01
1999,huber,saleq_su,-2.1383166313171387e-06,20261005-010838-8084b01
1999,huber,tax_gr1a,9.92417335510254e-06,20261005-010838-8084b01
1999,huber,ni_inc8q,1.3150274753570557e-05,20261005-010838-8084b01
1999,huber,prc_highprc_252d,-4.2378902435302734e-05,20261005-010838-8084b01
1999,huber,resff3_6_1,-7.674098014831543e-07,20261005-010838-8084b01
1999,huber,resff3_12_1,6.355345249176025e-06,20261005-010838-8084b01
1999,huber,be_me,-5.681812763214111e-05,20261005-010838-8084b01
1999,huber,debt_me,2.956390380859375e-05,20261005-010838-8084b01
1999,huber,at_me,8.568167686462402e-07,20261005-010838-8084b01
1999,huber,ret_60_12,4.770606756210327e-05,20261005-010838-8084b01
1999,huber,ni_me,3.0547380447387695e-05,20261005-010838-8084b01
1999,huber,fcf_me,-5.3122639656066895e-06,20261005-010838-8084b01
1999,huber,div12m_me,-2.1301209926605225e-05,20261005-010838-8084b01
1999,huber,eqpo_me,1.989305019378662e-05,20261005-010838-8084b01
1999,huber,eqnpo_me,-1.630932092666626e-05,20261005-010838-8084b01
1999,huber,sale_gr3,-7.972121238708496e-07,20261005-010838-8084b01
1999,huber,sale_gr1,9.171664714813232e-06,20261005-010838-8084b01
1999,huber,ebitda_mev,5.6430697441101074e-05,20261005-010838-8084b01
1999,huber,sale_me,-7.937103509902954e-05,20261005-010838-8084b01
1999,huber,ocf_me,-6.23166561126709e-05,20261005-010838-8084b01
1999,huber,ival_me,-2.51084566116333e-06,20261005-010838-8084b01
1999,huber,bev_mev,-4.297494888305664e-05,20261005-010838-8084b01
1999,huber,netdebt_me,5.720555782318115e-05,20261005-010838-8084b01
1999,huber,eq_dur,-1.379847526550293e-05,20261005-010838-8084b01
1999,huber,capex_abn,-2.8386712074279785e-06,20261005-010838-8084b01
1999,huber,at_gr1,-1.4878809452056885e-05,20261005-010838-8084b01
1999,huber,ppeinv_gr1a,6.146728992462158e-06,20261005-010838-8084b01
1999,huber,noa_at,7.371604442596436e-05,20261005-010838-8084b01
1999,huber,noa_gr1a,-3.283470869064331e-05,20261005-010838-8084b01
1999,huber,lnoa_gr1a,2.428889274597168e-06,20261005-010838-8084b01
1999,huber,capx_gr1,5.7443976402282715e-06,20261005-010838-8084b01
1999,huber,capx_gr2,5.193054676055908e-06,20261005-010838-8084b01
1999,huber,capx_gr3,-4.917383193969727e-07,20261005-010838-8084b01
1999,huber,chcsho_12m,-2.8930604457855225e-05,20261005-010838-8084b01
1999,huber,eqnpo_12m,4.573911428451538e-05,20261005-010838-8084b01
1999,huber,debt_gr3,9.901821613311768e-06,20261005-010838-8084b01
1999,huber,inv_gr1,1.8328428268432615e-06,20261005-010838-8084b01
1999,huber,inv_gr1a,8.27014446258545e-06,20261005-010838-8084b01
1999,huber,oaccruals_at,7.210671901702881e-05,20261005-010838-8084b01
1999,huber,taccruals_at,1.1421740055084229e-05,20261005-010838-8084b01
1999,huber,cowc_gr1a,-1.259148120880127e-06,20261005-010838-8084b01
1999,huber,coa_gr1a,1.914054155349731e-05,20261005-010838-8084b01
1999,huber,col_gr1a,6.705522537231445e-08,20261005-010838-8084b01
1999,huber,nncoa_gr1a,1.0967254638671877e-05,20261005-010838-8084b01
1999,huber,ncoa_gr1a,-4.626810550689697e-06,20261005-010838-8084b01
1999,huber,ncol_gr1a,-1.1622905731201172e-06,20261005-010838-8084b01
1999,huber,nfna_gr1a,1.0132789611816406e-06,20261005-010838-8084b01
1999,huber,sti_gr1a,3.427267074584961e-07,20261005-010838-8084b01
1999,huber,lti_gr1a,1.996755599975586e-06,20261005-010838-8084b01
1999,huber,fnl_gr1a,9.685754776000977e-06,20261005-010838-8084b01
1999,huber,be_gr1a,3.0644237995147705e-05,20261005-010838-8084b01
1999,huber,oaccruals_ni,2.4586915969848633e-07,20261005-010838-8084b01
1999,huber,taccruals_ni,7.502734661102295e-06,20261005-010838-8084b01
1999,huber,netis_at,3.0547380447387695e-06,20261005-010838-8084b01
1999,huber,eqnetis_at,-3.166496753692627e-05,20261005-010838-8084b01
1999,huber,dbnetis_at,-2.011656761169434e-07,20261005-010838-8084b01
1999,huber,niq_be,-9.04574990272522e-05,20261005-010838-8084b01
1999,huber,niq_be_chg1,-2.4810433387756348e-06,20261005-010838-8084b01
1999,huber,niq_at,-2.7820467948913578e-05,20261005-010838-8084b01
1999,huber,niq_at_chg1,-9.901821613311768e-06,20261005-010838-8084b01
1999,huber,ebit_bev,8.46758484840393e-05,20261005-010838-8084b01
1999,huber,ebit_sale,-8.267909288406372e-05,20261005-010838-8084b01
1999,huber,sale_bev,-3.0994415283203125e-06,20261005-010838-8084b01
1999,huber,at_turnover,1.1168420314788818e-05,20261005-010838-8084b01
1999,huber,gp_at,1.5869736671447754e-06,20261005-010838-8084b01
1999,huber,gp_atl1,6.556510925292969e-07,20261005-010838-8084b01
1999,huber,ope_be,-2.1055340766906735e-05,20261005-010838-8084b01
1999,huber,ope_bel1,-1.3150274753570557e-05,20261005-010838-8084b01
1999,huber,op_at,-5.07161021232605e-05,20261005-010838-8084b01
1999,huber,op_atl1,-2.3767352104187012e-05,20261005-010838-8084b01
1999,huber,cop_at,1.5713274478912354e-05,20261005-010838-8084b01
1999,huber,cop_atl1,-1.755356788635254e-05,20261005-010838-8084b01
1999,huber,f_score,9.328126907348633e-06,20261005-010838-8084b01
1999,huber,o_score,8.103996515274048e-05,20261005-010838-8084b01
1999,huber,z_score,6.705522537231445e-08,20261005-010838-8084b01
1999,huber,pi_nix,2.235174179077149e-07,20261005-010838-8084b01
1999,huber,at_be,4.006922245025635e-05,20261005-010838-8084b01
1999,huber,saleq_gr1,2.6747584342956543e-06,20261005-010838-8084b01
1999,huber,rd_me,4.653632640838623e-05,20261005-010838-8084b01
1999,huber,rd_sale,1.96993350982666e-05,20261005-010838-8084b01
1999,huber,opex_at,-2.16066837310791e-06,20261005-010838-8084b01
1999,huber,emp_gr1,-1.163780689239502e-05,20261005-010838-8084b01
1999,huber,rd5_at,-1.6160309314727783e-05,20261005-010838-8084b01
1999,huber,age,-2.732127904891968e-05,20261005-010838-8084b01
1999,huber,dsale_dinv,7.525086402893066e-07,20261005-010838-8084b01
1999,huber,dsale_drec,-1.3709068298339844e-06,20261005-010838-8084b01
1999,huber,dgp_dsale,-5.6549906730651855e-06,20261005-010838-8084b01
1999,huber,dsale_dsga,-2.5853514671325684e-06,20261005-010838-8084b01
1999,huber,sale_emp_gr1,2.2798776626586914e-06,20261005-010838-8084b01
1999,huber,tangibility,-3.8817524909973145e-06,20261005-010838-8084b01
1999,huber,kz_index,1.132488250732422e-06,20261005-010838-8084b01
1999,huber,ocfq_saleq_std,-4.567205905914307e-06,20261005-010838-8084b01
1999,huber,cash_at,6.21303915977478e-05,20261005-010838-8084b01
1999,huber,ni_ar1,0.0,20261005-010838-8084b01
1999,huber,ni_ivol,1.7590820789337158e-05,20261005-010838-8084b01
1999,huber,earnings_variability,-1.2852251529693604e-05,20261005-010838-8084b01
1999,huber,aliq_at,2.5704503059387207e-06,20261005-010838-8084b01
1999,huber,aliq_mat,2.668052911758423e-05,20261005-010838-8084b01
1999,huber,seas_1_1an,5.498528480529785e-06,20261005-010838-8084b01
1999,huber,seas_1_1na,-1.1228024959564207e-05,20261005-010838-8084b01
1999,huber,seas_2_5an,9.708106517791748e-06,20261005-010838-8084b01
1999,huber,seas_2_5na,-2.1383166313171387e-06,20261005-010838-8084b01
1999,huber,seas_6_10an,3.2186508178710938e-06,20261005-010838-8084b01
1999,huber,seas_6_10na,-8.58306884765625e-06,20261005-010838-8084b01
1999,huber,seas_11_15an,2.384185791015625e-07,20261005-010838-8084b01
1999,huber,seas_11_15na,-6.109476089477539e-07,20261005-010838-8084b01
1999,huber,seas_16_20an,8.419156074523926e-07,20261005-010838-8084b01
1999,huber,seas_16_20na,2.235174179077149e-07,20261005-010838-8084b01
1999,huber,market_equity,5.6840479373931885e-05,20261005-010838-8084b01
1999,huber,ivol_ff3_21d,0.000217467546463,20261005-010838-8084b01
1999,huber,ivol_capm_252d,-0.0001300498843193,20261005-010838-8084b01
1999,huber,ivol_capm_21d,-3.6500394344329834e-05,20261005-010838-8084b01
1999,huber,ivol_hxz4_21d,-0.000246837735176,20261005-010838-8084b01
1999,huber,rvol_21d,0.0001538693904876,20261005-010838-8084b01
1999,huber,beta_60m,2.86102294921875e-05,20261005-010838-8084b01
1999,huber,betabab_1260d,1.0363757610321043e-05,20261005-010838-8084b01
1999,huber,beta_dimson_21d,6.586313247680664e-06,20261005-010838-8084b01
1999,huber,turnover_126d,-0.0001088082790374,20261005-010838-8084b01
1999,huber,turnover_var_126d,0.0001256838440895,20261005-010838-8084b01
1999,huber,dolvol_126d,2.1457672119140625e-06,20261005-010838-8084b01
1999,huber,dolvol_var_126d,7.961690425872803e-05,20261005-010838-8084b01
1999,huber,prc,-5.662441253662109e-07,20261005-010838-8084b01
1999,huber,ami_126d,2.0906329154968265e-05,20261005-010838-8084b01
1999,huber,zero_trades_21d,0.0005350708961486,20261005-010838-8084b01
1999,huber,zero_trades_126d,-9.141117334365843e-05,20261005-010838-8084b01
1999,huber,zero_trades_252d,-3.0159950256347656e-05,20261005-010838-8084b01
1999,huber,rmax1_21d,-9.82135534286499e-05,20261005-010838-8084b01
1999,huber,rskew_21d,1.4491379261016846e-05,20261005-010838-8084b01
1999,huber,iskew_capm_21d,-1.8328428268432615e-06,20261005-010838-8084b01
1999,huber,iskew_ff3_21d,9.991228580474854e-06,20261005-010838-8084b01
1999,huber,iskew_hxz4_21d,3.7476420402526855e-06,20261005-010838-8084b01
1999,huber,coskew_21d,-1.2889504432678225e-06,20261005-010838-8084b01
1999,huber,ret_1_0,2.6710331439971924e-05,20261005-010838-8084b01
1999,huber,betadown_252d,2.747774124145508e-05,20261005-010838-8084b01
1999,huber,bidaskhl_21d,5.268305540084839e-05,20261005-010838-8084b01
1999,huber,ret_3_1,-3.4794211387634277e-06,20261005-010838-8084b01
1999,huber,ret_9_1,4.157423973083496e-06,20261005-010838-8084b01
1999,huber,ret_12_7,1.1175870895385745e-07,20261005-010838-8084b01
1999,huber,corr_1260d,3.628432750701904e-06,20261005-010838-8084b01
1999,huber,rmax5_21d,2.326071262359619e-05,20261005-010838-8084b01
1999,huber,rmax5_rvol_21d,-8.516013622283936e-06,20261005-010838-8084b01
1999,huber,ni_be,-6.317347288131714e-05,20261005-010838-8084b01
1999,huber,ocf_at,3.441423177719116e-05,20261005-010838-8084b01
1999,huber,ocf_at_chg1,-1.1175870895385745e-07,20261005-010838-8084b01
1999,huber,mispricing_perf,-1.798570156097412e-05,20261005-010838-8084b01
1999,huber,mispricing_mgmt,-1.3783574104309082e-06,20261005-010838-8084b01
1999,huber,qmj,3.300607204437256e-05,20261005-010838-8084b01
1999,huber,qmj_prof,-5.364418029785156e-07,20261005-010838-8084b01
1999,huber,qmj_growth,-5.662441253662109e-07,20261005-010838-8084b01
1999,huber,qmj_safety,-1.5579164028167725e-05,20261005-010838-8084b01
2001,huber,niq_su,8.717179298400879e-07,20261005-010838-8084b01
2001,huber,ret_6_1,-1.411139965057373e-05,20261005-010838-8084b01
2001,huber,ret_12_1,-6.762146949768066e-05,20261005-010838-8084b01
2001,huber,saleq_su,-8.27014446258545e-06,20261005-010838-8084b01
2001,huber,tax_gr1a,6.251037120819092e-06,20261005-010838-8084b01
2001,huber,ni_inc8q,6.601214408874512e-06,20261005-010838-8084b01
2001,huber,prc_highprc_252d,-7.956475019454956e-05,20261005-010838-8084b01
2001,huber,resff3_6_1,2.7194619178771973e-06,20261005-010838-8084b01
2001,huber,resff3_12_1,-2.332031726837158e-06,20261005-010838-8084b01
2001,huber,be_me,0.0001782700419425,20261005-010838-8084b01
2001,huber,debt_me,-2.562999725341797e-06,20261005-010838-8084b01
2001,huber,at_me,2.203136682510376e-05,20261005-010838-8084b01
2001,huber,ret_60_12,2.7373433113098145e-05,20261005-010838-8084b01
2001,huber,ni_me,8.828938007354736e-06,20261005-010838-8084b01
2001,huber,fcf_me,-1.2218952178955078e-06,20261005-010838-8084b01
2001,huber,div12m_me,-9.864568710327148e-06,20261005-010838-8084b01
2001,huber,eqpo_me,-2.264976501464844e-06,20261005-010838-8084b01
2001,huber,eqnpo_me,-3.509223461151123e-06,20261005-010838-8084b01
2001,huber,sale_gr3,2.0936131477355957e-06,20261005-010838-8084b01
2001,huber,sale_gr1,8.143484592437744e-06,20261005-010838-8084b01
2001,huber,ebitda_mev,-3.4049153327941895e-06,20261005-010838-8084b01
2001,huber,sale_me,8.594989776611328e-05,20261005-010838-8084b01
2001,huber,ocf_me,1.4975666999816897e-06,20261005-010838-8084b01
2001,huber,ival_me,7.070600986480713e-06,20261005-010838-8084b01
2001,huber,bev_mev,4.842132329940796e-05,20261005-010838-8084b01
2001,huber,netdebt_me,2.3812055587768555e-05,20261005-010838-8084b01
2001,huber,eq_dur,1.1175870895385742e-06,20261005-010838-8084b01
2001,huber,capex_abn,-1.296401023864746e-06,20261005-010838-8084b01
2001,huber,at_gr1,-1.00061297416687e-05,20261005-010838-8084b01
2001,huber,ppeinv_gr1a,2.3692846298217773e-06,20261005-010838-8084b01
2001,huber,noa_at,2.6747584342956543e-05,20261005-010838-8084b01
2001,huber,noa_gr1a,-4.425644874572754e-06,20261005-010838-8084b01
2001,huber,lnoa_gr1a,3.948807716369629e-07,20261005-010838-8084b01
2001,huber,capx_gr1,2.1085143089294434e-06,20261005-010838-8084b01
2001,huber,capx_gr2,-5.140900611877441e-07,20261005-010838-8084b01
2001,huber,capx_gr3,-7.450580596923828e-08,20261005-010838-8084b01
2001,huber,chcsho_12m,-1.1548399925231934e-06,20261005-010838-8084b01
2001,huber,eqnpo_12m,6.1765313148498535e-06,20261005-010838-8084b01
2001,huber,debt_gr3,3.1739473342895508e-06,20261005-010838-8084b01
2001,huber,inv_gr1,-1.341104507446289e-07,20261005-010838-8084b01
2001,huber,inv_gr1a,4.433095455169678e-06,20261005-010838-8084b01
2001,huber,oaccruals_at,2.8565526008605957e-05,20261005-010838-8084b01
2001,huber,taccruals_at,-2.3543834686279297e-06,20261005-010838-8084b01
2001,huber,cowc_gr1a,1.4901161193847656e-08,20261005-010838-8084b01
2001,huber,coa_gr1a,1.609325408935547e-05,20261005-010838-8084b01
2001,huber,col_gr1a,-1.6689300537109375e-06,20261005-010838-8084b01
2001,huber,nncoa_gr1a,1.4476478099822998e-05,20261005-010838-8084b01
2001,huber,ncoa_gr1a,-2.3543834686279297e-06,20261005-010838-8084b01
2001,huber,ncol_gr1a,-1.3783574104309082e-06,20261005-010838-8084b01
2001,huber,nfna_gr1a,2.808868885040283e-06,20261005-010838-8084b01
2001,huber,sti_gr1a,-3.8743019104003906e-07,20261005-010838-8084b01
2001,huber,lti_gr1a,2.7045607566833496e-06,20261005-010838-8084b01
2001,huber,fnl_gr1a,1.2561678886413574e-05,20261005-010838-8084b01
2001,huber,be_gr1a,1.773238182067871e-05,20261005-010838-8084b01
2001,huber,oaccruals_ni,4.9620866775512695e-06,20261005-010838-8084b01
2001,huber,taccruals_ni,4.86522912979126e-06,20261005-010838-8084b01
2001,huber,netis_at,4.4703483581542975e-08,20261005-010838-8084b01
2001,huber,eqnetis_at,-4.26173210144043e-06,20261005-010838-8084b01
2001,huber,dbnetis_at,-1.6242265701293943e-06,20261005-010838-8084b01
2001,huber,niq_be,-1.2859702110290527e-05,20261005-010838-8084b01
2001,huber,niq_be_chg1,-8.195638656616211e-07,20261005-010838-8084b01
2001,huber,niq_at,-7.934868335723877e-06,20261005-010838-8084b01
2001,huber,niq_at_chg1,-6.429851055145264e-06,20261005-010838-8084b01
2001,huber,ebit_bev,1.7940998077392578e-05,20261005-010838-8084b01
2001,huber,ebit_sale,-1.1615455150604248e-05,20261005-010838-8084b01
2001,huber,sale_bev,6.183981895446777e-07,20261005-010838-8084b01
2001,huber,at_turnover,-1.2293457984924316e-05,20261005-010838-8084b01
2001,huber,gp_at,8.240342140197754e-06,20261005-010838-8084b01
2001,huber,gp_atl1,-1.8700957298278809e-06,20261005-010838-8084b01
2001,huber,ope_be,-3.1813979148864746e-06,20261005-010838-8084b01
2001,huber,ope_bel1,-8.344650268554688e-07,20261005-010838-8084b01
2001,huber,op_at,-4.32133674621582e-06,20261005-010838-8084b01
2001,huber,op_atl1,-9.387731552124024e-07,20261005-010838-8084b01
2001,huber,cop_at,7.152557373046875e-07,20261005-010838-8084b01
2001,huber,cop_atl1,-6.340444087982178e-06,20261005-010838-8084b01
2001,huber,f_score,4.8354268074035645e-06,20261005-010838-8084b01
2001,huber,o_score,5.050748586654663e-05,20261005-010838-8084b01
2001,huber,z_score,5.066394805908203e-07,20261005-010838-8084b01
2001,huber,pi_nix,5.960464477539065e-08,20261005-010838-8084b01
2001,huber,at_be,9.156763553619385e-06,20261005-010838-8084b01
2001,huber,saleq_gr1,-1.1488795280456545e-05,20261005-010838-8084b01
2001,huber,rd_me,3.4071505069732666e-05,20261005-010838-8084b01
2001,huber,rd_sale,8.195638656616212e-08,20261005-010838-8084b01
2001,huber,opex_at,1.8149614334106445e-05,20261005-010838-8084b01
2001,huber,emp_gr1,4.030764102935791e-06,20261005-010838-8084b01
2001,huber,rd5_at,3.203749656677246e-07,20261005-010838-8084b01
2001,huber,age,-8.031725883483887e-06,20261005-010838-8084b01
2001,huber,dsale_dinv,2.562999725341797e-06,20261005-010838-8084b01
2001,huber,dsale_drec,-3.725290298461914e-06,20261005-010838-8084b01
2001,huber,dgp_dsale,-1.043081283569336e-06,20261005-010838-8084b01
2001,huber,dsale_dsga,-1.0132789611816406e-06,20261005-010838-8084b01
2001,huber,sale_emp_gr1,2.302229404449463e-06,20261005-010838-8084b01
2001,huber,tangibility,4.172325134277344e-07,20261005-010838-8084b01
2001,huber,kz_index,4.842877388000488e-07,20261005-010838-8084b01
2001,huber,ocfq_saleq_std,4.991888999938965e-07,20261005-010838-8084b01
2001,huber,cash_at,1.0028481483459473e-05,20261005-010838-8084b01
2001,huber,ni_ar1,-2.9802322387695312e-08,20261005-010838-8084b01
2001,huber,ni_ivol,1.8849968910217283e-06,20261005-010838-8084b01
2001,huber,earnings_variability,1.1175870895385745e-07,20261005-010838-8084b01
2001,huber,aliq_at,-1.8924474716186523e-06,20261005-010838-8084b01
2001,huber,aliq_mat,8.38935375213623e-06,20261005-010838-8084b01
2001,huber,seas_1_1an,-9.745359420776367e-06,20261005-010838-8084b01
2001,huber,seas_1_1na,0.0001595094799995,20261005-010838-8084b01
2001,huber,seas_2_5an,6.539374589920044e-05,20261005-010838-8084b01
2001,huber,seas_2_5na,-5.3942203521728516e-06,20261005-010838-8084b01
2001,huber,seas_6_10an,1.1578202247619627e-05,20261005-010838-8084b01
2001,huber,seas_6_10na,1.862645149230957e-06,20261005-010838-8084b01
2001,huber,seas_11_15an,1.2293457984924316e-06,20261005-010838-8084b01
2001,huber,seas_11_15na,-2.4586915969848633e-07,20261005-010838-8084b01
2001,huber,seas_16_20an,1.9222497940063477e-06,20261005-010838-8084b01
2001,huber,seas_16_20na,-4.842877388000488e-07,20261005-010838-8084b01
2001,huber,market_equity,9.965896606445312e-05,20261005-010838-8084b01
2001,huber,ivol_ff3_21d,9.271502494812012e-05,20261005-010838-8084b01
2001,huber,ivol_capm_252d,-2.7142465114593502e-05,20261005-010838-8084b01
2001,huber,ivol_capm_21d,-1.899898052215576e-05,20261005-010838-8084b01
2001,huber,ivol_hxz4_21d,-6.152689456939697e-05,20261005-010838-8084b01
2001,huber,rvol_21d,3.653019666671753e-05,20261005-010838-8084b01
2001,huber,beta_60m,6.988644599914551e-06,20261005-010838-8084b01
2001,huber,betabab_1260d,8.64267349243164e-06,20261005-010838-8084b01
2001,huber,beta_dimson_21d,-5.7443976402282715e-06,20261005-010838-8084b01
2001,huber,turnover_126d,3.793090581893921e-05,20261005-010838-8084b01
2001,huber,turnover_var_126d,0.000206708908081,20261005-010838-8084b01
2001,huber,dolvol_126d,-2.8654932975769043e-05,20261005-010838-8084b01
2001,huber,dolvol_var_126d,0.0001445040106773,20261005-010838-8084b01
2001,huber,prc,5.7443976402282715e-06,20261005-010838-8084b01
2001,huber,ami_126d,2.8617680072784424e-05,20261005-010838-8084b01
2001,huber,zero_trades_21d,0.0003971680998802,20261005-010838-8084b01
2001,huber,zero_trades_126d,7.531046867370605e-05,20261005-010838-8084b01
2001,huber,zero_trades_252d,6.735324859619141e-06,20261005-010838-8084b01
2001,huber,rmax1_21d,-1.0885298252105711e-05,20261005-010838-8084b01
2001,huber,rskew_21d,-5.289912223815918e-07,20261005-010838-8084b01
2001,huber,iskew_capm_21d,-5.364418029785156e-07,20261005-010838-8084b01
2001,huber,iskew_ff3_21d,1.1548399925231934e-06,20261005-010838-8084b01
2001,huber,iskew_hxz4_21d,5.736947059631348e-07,20261005-010838-8084b01
2001,huber,coskew_21d,2.4884939193725586e-06,20261005-010838-8084b01
2001,huber,ret_1_0,0.0002784952521324,20261005-010838-8084b01
2001,huber,betadown_252d,4.023313522338867e-06,20261005-010838-8084b01
2001,huber,bidaskhl_21d,2.8736889362335205e-05,20261005-010838-8084b01
2001,huber,ret_3_1,6.021559238433838e-05,20261005-010838-8084b01
2001,huber,ret_9_1,-1.8559396266937256e-05,20261005-010838-8084b01
2001,huber,ret_12_7,-4.2088329792022705e-05,20261005-010838-8084b01
2001,huber,corr_1260d,4.8354268074035645e-06,20261005-010838-8084b01
2001,huber,rmax5_21d,1.8551945686340332e-05,20261005-010838-8084b01
2001,huber,rmax5_rvol_21d,3.5159289836883545e-05,20261005-010838-8084b01
2001,huber,ni_be,-1.11311674118042e-05,20261005-010838-8084b01
2001,huber,ocf_at,3.1210482120513916e-05,20261005-010838-8084b01
2001,huber,ocf_at_chg1,-1.4901161193847656e-08,20261005-010838-8084b01
2001,huber,mispricing_perf,-4.3585896492004395e-06,20261005-010838-8084b01
2001,huber,mispricing_mgmt,-8.217990398406982e-06,20261005-010838-8084b01
2001,huber,qmj,1.461803913116455e-05,20261005-010838-8084b01
2001,huber,qmj_prof,2.8014183044433594e-06,20261005-010838-8084b01
2001,huber,qmj_growth,5.066394805908203e-07,20261005-010838-8084b01
2001,huber,qmj_safety,-2.8386712074279785e-06,20261005-010838-8084b01
2003,huber,niq_su,4.4703483581542975e-08,20261005-010838-8084b01
2003,huber,ret_6_1,1.3783574104309082e-06,20261005-010838-8084b01
2003,huber,ret_12_1,-6.837025284767151e-05,20261005-010838-8084b01
2003,huber,saleq_su,-2.469867467880249e-06,20261005-010838-8084b01
2003,huber,tax_gr1a,4.533678293228149e-06,20261005-010838-8084b01
2003,huber,ni_inc8q,6.120651960372925e-06,20261005-010838-8084b01
2003,huber,prc_highprc_252d,-9.89958643913269e-05,20261005-010838-8084b01
2003,huber,resff3_6_1,-9.462237358093262e-07,20261005-010838-8084b01
2003,huber,resff3_12_1,3.907829523086548e-06,20261005-010838-8084b01
2003,huber,be_me,7.360801100730896e-05,20261005-010838-8084b01
2003,huber,debt_me,2.1792948246002197e-05,20261005-010838-8084b01
2003,huber,at_me,-1.9855797290802e-06,20261005-010838-8084b01
2003,huber,ret_60_12,5.3025782108306885e-05,20261005-010838-8084b01
2003,huber,ni_me,4.4889748096466064e-05,20261005-010838-8084b01
2003,huber,fcf_me,-6.109476089477539e-06,20261005-010838-8084b01
2003,huber,div12m_me,-1.7754733562469482e-05,20261005-010838-8084b01
2003,huber,eqpo_me,1.918897032737732e-05,20261005-010838-8084b01
2003,huber,eqnpo_me,-7.074326276779175e-06,20261005-010838-8084b01
2003,huber,sale_gr3,-1.601874828338623e-07,20261005-010838-8084b01
2003,huber,sale_gr1,1.1920928955078123e-05,20261005-010838-8084b01
2003,huber,ebitda_mev,3.986060619354248e-05,20261005-010838-8084b01
2003,huber,sale_me,1.3373792171478271e-05,20261005-010838-8084b01
2003,huber,ocf_me,-5.437806248664856e-05,20261005-010838-8084b01
2003,huber,ival_me,7.711350917816162e-07,20261005-010838-8084b01
2003,huber,bev_mev,1.6555190086364746e-05,20261005-010838-8084b01
2003,huber,netdebt_me,3.515556454658508e-05,20261005-010838-8084b01
2003,huber,eq_dur,-2.1532177925109863e-06,20261005-010838-8084b01
2003,huber,capex_abn,-8.594244718551636e-06,20261005-010838-8084b01
2003,huber,at_gr1,-2.203509211540222e-05,20261005-010838-8084b01
2003,huber,ppeinv_gr1a,7.033348083496094e-06,20261005-010838-8084b01
2003,huber,noa_at,5.407258868217468e-05,20261005-010838-8084b01
2003,huber,noa_gr1a,-1.7449259757995605e-05,20261005-010838-8084b01
2003,huber,lnoa_gr1a,-3.948807716369629e-07,20261005-010838-8084b01
2003,huber,capx_gr1,8.393079042434692e-06,20261005-010838-8084b01
2003,huber,capx_gr2,8.981674909591675e-06,20261005-010838-8084b01
2003,huber,capx_gr3,1.3485550880432129e-06,20261005-010838-8084b01
2003,huber,chcsho_12m,-1.1373311281204224e-05,20261005-010838-8084b01
2003,huber,eqnpo_12m,1.553073525428772e-05,20261005-010838-8084b01
2003,huber,debt_gr3,3.2261013984680176e-06,20261005-010838-8084b01
2003,huber,inv_gr1,-2.0079314708709717e-06,20261005-010838-8084b01
2003,huber,inv_gr1a,4.317611455917358e-06,20261005-010838-8084b01
2003,huber,oaccruals_at,3.60533595085144e-05,20261005-010838-8084b01
2003,huber,taccruals_at,3.986060619354248e-06,20261005-010838-8084b01
2003,huber,cowc_gr1a,2.1979212760925293e-07,20261005-010838-8084b01
2003,huber,coa_gr1a,1.2993812561035156e-05,20261005-010838-8084b01
2003,huber,col_gr1a,-3.9227306842803955e-06,20261005-010838-8084b01
2003,huber,nncoa_gr1a,1.952052116394043e-05,20261005-010838-8084b01
2003,huber,ncoa_gr1a,1.989305019378662e-06,20261005-010838-8084b01
2003,huber,ncol_gr1a,-4.26173210144043e-06,20261005-010838-8084b01
2003,huber,nfna_gr1a,-3.352761268615723e-07,20261005-010838-8084b01
2003,huber,sti_gr1a,1.0952353477478027e-06,20261005-010838-8084b01
2003,huber,lti_gr1a,3.244727849960327e-06,20261005-010838-8084b01
2003,huber,fnl_gr1a,2.454966306686402e-06,20261005-010838-8084b01
2003,huber,be_gr1a,5.3785741329193115e-05,20261005-010838-8084b01
2003,huber,oaccruals_ni,1.202896237373352e-05,20261005-010838-8084b01
2003,huber,taccruals_ni,5.729496479034424e-06,20261005-010838-8084b01
2003,huber,netis_at,-1.6242265701293943e-06,20261005-010838-8084b01
2003,huber,eqnetis_at,-8.266419172286987e-06,20261005-010838-8084b01
2003,huber,dbnetis_at,9.760260581970217e-07,20261005-010838-8084b01
2003,huber,niq_be,-6.201863288879395e-05,20261005-010838-8084b01
2003,huber,niq_be_chg1,1.1175870895385745e-07,20261005-010838-8084b01
2003,huber,niq_at,-4.1443854570388794e-05,20261005-010838-8084b01
2003,huber,niq_at_chg1,-1.2777745723724363e-06,20261005-010838-8084b01
2003,huber,ebit_bev,5.3748488426208496e-05,20261005-010838-8084b01
2003,huber,ebit_sale,-5.281344056129456e-05,20261005-010838-8084b01
2003,huber,sale_bev,3.0174851417541504e-06,20261005-010838-8084b01
2003,huber,at_turnover,3.941357135772705e-06,20261005-010838-8084b01
2003,huber,gp_at,-1.2628734111785889e-06,20261005-010838-8084b01
2003,huber,gp_atl1,1.0728836059570312e-06,20261005-010838-8084b01
2003,huber,ope_be,-1.7292797565460205e-05,20261005-010838-8084b01
2003,huber,ope_bel1,-7.968395948410034e-06,20261005-010838-8084b01
2003,huber,op_at,-4.990771412849426e-05,20261005-010838-8084b01
2003,huber,op_atl1,-1.9438564777374268e-05,20261005-010838-8084b01
2003,huber,cop_at,1.8328428268432615e-06,20261005-010838-8084b01
2003,huber,cop_atl1,-9.950250387191772e-06,20261005-010838-8084b01
2003,huber,f_score,1.1779367923736572e-05,20261005-010838-8084b01
2003,huber,o_score,9.60901379585266e-05,20261005-010838-8084b01
2003,huber,z_score,9.350478649139404e-06,20261005-010838-8084b01
2003,huber,pi_nix,1.564621925354004e-07,20261005-010838-8084b01
2003,huber,at_be,1.4666467905044556e-05,20261005-010838-8084b01
2003,huber,saleq_gr1,-8.754432201385498e-06,20261005-010838-8084b01
2003,huber,rd_me,4.642456769943237e-05,20261005-010838-8084b01
2003,huber,rd_sale,1.2233853340148926e-05,20261005-010838-8084b01
2003,huber,opex_at,-3.751367330551147e-06,20261005-010838-8084b01
2003,huber,emp_gr1,-1.2371689081192017e-05,20261005-010838-8084b01
2003,huber,rd5_at,-5.2638351917266846e-06,20261005-010838-8084b01
2003,huber,age,-1.2423843145370483e-05,20261005-010838-8084b01
2003,huber,dsale_dinv,4.14624810218811e-06,20261005-010838-8084b01
2003,huber,dsale_drec,-1.6093254089355469e-06,20261005-010838-8084b01
2003,huber,dgp_dsale,-2.738088369369507e-06,20261005-010838-8084b01
2003,huber,dsale_dsga,1.4565885066986084e-06,20261005-010838-8084b01
2003,huber,sale_emp_gr1,3.598630428314209e-06,20261005-010838-8084b01
2003,huber,tangibility,-3.341585397720337e-06,20261005-010838-8084b01
2003,huber,kz_index,-2.16066837310791e-06,20261005-010838-8084b01
2003,huber,ocfq_saleq_std,-5.9604644775390625e-06,20261005-010838-8084b01
2003,huber,cash_at,4.283338785171509e-05,20261005-010838-8084b01
2003,huber,ni_ar1,-1.862645149230957e-08,20261005-010838-8084b01
2003,huber,ni_ivol,8.575618267059326e-06,20261005-010838-8084b01
2003,huber,earnings_variability,-7.364898920059204e-06,20261005-010838-8084b01
2003,huber,aliq_at,-2.8051435947418213e-06,20261005-010838-8084b01
2003,huber,aliq_mat,7.249414920806885e-06,20261005-010838-8084b01
2003,huber,seas_1_1an,-2.1997839212417603e-05,20261005-010838-8084b01
2003,huber,seas_1_1na,4.341080784797669e-05,20261005-010838-8084b01
2003,huber,seas_2_5an,7.819384336471558e-06,20261005-010838-8084b01
2003,huber,seas_2_5na,7.510185241699219e-06,20261005-010838-8084b01
2003,huber,seas_6_10an,3.0994415283203125e-06,20261005-010838-8084b01
2003,huber,seas_6_10na,4.552304744720459e-06,20261005-010838-8084b01
2003,huber,seas_11_15an,-2.7567148208618164e-06,20261005-010838-8084b01
2003,huber,seas_11_15na,1.0058283805847169e-07,20261005-010838-8084b01
2003,huber,seas_16_20an,-4.954636096954346e-07,20261005-010838-8084b01
2003,huber,seas_16_20na,1.0132789611816406e-06,20261005-010838-8084b01
2003,huber,market_equity,8.821487426757812e-05,20261005-010838-8084b01
2003,huber,ivol_ff3_21d,0.0002391450107097,20261005-010838-8084b01
2003,huber,ivol_capm_252d,-0.000115267932415,20261005-010838-8084b01
2003,huber,ivol_capm_21d,-0.0001197271049022,20261005-010838-8084b01
2003,huber,ivol_hxz4_21d,-0.0001873448491096,20261005-010838-8084b01
2003,huber,rvol_21d,5.8006495237350464e-05,20261005-010838-8084b01
2003,huber,beta_60m,2.909824252128601e-05,20261005-010838-8084b01
2003,huber,betabab_1260d,3.246217966079712e-05,20261005-010838-8084b01
2003,huber,beta_dimson_21d,4.995614290237427e-06,20261005-010838-8084b01
2003,huber,turnover_126d,3.954395651817322e-05,20261005-010838-8084b01
2003,huber,turnover_var_126d,0.000214897096157,20261005-010838-8084b01
2003,huber,dolvol_126d,-3.160536289215088e-05,20261005-010838-8084b01
2003,huber,dolvol_var_126d,-2.7332454919815063e-05,20261005-010838-8084b01
2003,huber,prc,6.761401891708374e-06,20261005-010838-8084b01
2003,huber,ami_126d,4.464760422706604e-05,20261005-010838-8084b01
2003,huber,zero_trades_21d,0.0003039948642253,20261005-010838-8084b01
2003,huber,zero_trades_126d,5.9723854064941406e-05,20261005-010838-8084b01
2003,huber,zero_trades_252d,7.577240467071533e-06,20261005-010838-8084b01
2003,huber,rmax1_21d,-4.453957080841065e-05,20261005-010838-8084b01
2003,huber,rskew_21d,-1.780688762664795e-06,20261005-010838-8084b01
2003,huber,iskew_capm_21d,3.419816493988037e-06,20261005-010838-8084b01
2003,huber,iskew_ff3_21d,1.0050833225250244e-05,20261005-010838-8084b01
2003,huber,iskew_hxz4_21d,5.111098289489746e-06,20261005-010838-8084b01
2003,huber,coskew_21d,8.568167686462402e-08,20261005-010838-8084b01
2003,huber,ret_1_0,-1.9185245037078857e-06,20261005-010838-8084b01
2003,huber,betadown_252d,9.968876838684082e-06,20261005-010838-8084b01
2003,huber,bidaskhl_21d,4.771724343299866e-05,20261005-010838-8084b01
2003,huber,ret_3_1,9.73418354988098e-06,20261005-010838-8084b01
2003,huber,ret_9_1,-4.7013163566589355e-06,20261005-010838-8084b01
2003,huber,ret_12_7,-7.416680455207825e-05,20261005-010838-8084b01
2003,huber,corr_1260d,8.493661880493164e-07,20261005-010838-8084b01
2003,huber,rmax5_21d,0.0001294165849685,20261005-010838-8084b01
2003,huber,rmax5_rvol_21d,-2.6151537895202637e-06,20261005-010838-8084b01
2003,huber,ni_be,-3.852322697639465e-05,20261005-010838-8084b01
2003,huber,ocf_at,8.893385529518127e-05,20261005-010838-8084b01
2003,huber,ocf_at_chg1,-3.427267074584961e-07,20261005-010838-8084b01
2003,huber,mispricing_perf,-2.771615982055664e-05,20261005-010838-8084b01
2003,huber,mispricing_mgmt,-1.2960284948349e-05,20261005-010838-8084b01
2003,huber,qmj,7.878988981246948e-05,20261005-010838-8084b01
2003,huber,qmj_prof,-2.265721559524536e-05,20261005-010838-8084b01
2003,huber,qmj_growth,-9.410083293914797e-06,20261005-010838-8084b01
2003,huber,qmj_safety,-2.6676803827285767e-05,20261005-010838-8084b01
2005,huber,niq_su,1.4901161193847656e-08,20261005-010838-8084b01
2005,huber,ret_6_1,4.36045229434967e-06,20261005-010838-8084b01
2005,huber,ret_12_1,5.668960511684418e-05,20261005-010838-8084b01
2005,huber,saleq_su,3.091990947723389e-07,20261005-010838-8084b01
2005,huber,tax_gr1a,-7.282942533493042e-07,20261005-010838-8084b01
2005,huber,ni_inc8q,-2.3245811462402344e-06,20261005-010838-8084b01
2005,huber,prc_highprc_252d,0.000104047358036,20261005-010838-8084b01
2005,huber,resff3_6_1,-3.91155481338501e-07,20261005-010838-8084b01
2005,huber,resff3_12_1,8.698552846908569e-07,20261005-010838-8084b01
2005,huber,be_me,4.727393388748169e-06,20261005-010838-8084b01
2005,huber,debt_me,8.352100849151611e-06,20261005-010838-8084b01
2005,huber,at_me,-5.640089511871338e-06,20261005-010838-8084b01
2005,huber,ret_60_12,-1.5974044799804688e-05,20261005-010838-8084b01
2005,huber,ni_me,-4.805624485015869e-06,20261005-010838-8084b01
2005,huber,fcf_me,4.973262548446655e-07,20261005-010838-8084b01
2005,huber,div12m_me,1.6372650861740112e-06,20261005-010838-8084b01
2005,huber,eqpo_me,5.982816219329834e-06,20261005-010838-8084b01
2005,huber,eqnpo_me,5.383044481277466e-07,20261005-010838-8084b01
2005,huber,sale_gr3,4.26173210144043e-06,20261005-010838-8084b01
2005,huber,sale_gr1,-2.497807145118714e-06,20261005-010838-8084b01
2005,huber,ebitda_mev,-3.928318619728088e-06,20261005-010838-8084b01
2005,huber,sale_me,-3.1385570764541626e-06,20261005-010838-8084b01
2005,huber,ocf_me,2.193264663219452e-05,20261005-010838-8084b01
2005,huber,ival_me,-7.580965757369995e-07,20261005-010838-8084b01
2005,huber,bev_mev,-3.8016587495803833e-06,20261005-010838-8084b01
2005,huber,netdebt_me,3.6563724279403687e-06,20261005-010838-8084b01
2005,huber,eq_dur,2.346932888031006e-07,20261005-010838-8084b01
2005,huber,capex_abn,1.8365681171417236e-06,20261005-010838-8084b01
2005,huber,at_gr1,5.515292286872864e-06,20261005-010838-8084b01
2005,huber,ppeinv_gr1a,-5.492940545082092e-06,20261005-010838-8084b01
2005,huber,noa_at,-1.0982155799865724e-05,20261005-010838-8084b01
2005,huber,noa_gr1a,1.8279999494552612e-05,20261005-010838-8084b01
2005,huber,lnoa_gr1a,-1.2349337339401243e-06,20261005-010838-8084b01
2005,huber,capx_gr1,-1.5534460544586182e-06,20261005-010838-8084b01
2005,huber,capx_gr2,-1.4416873455047607e-06,20261005-010838-8084b01
2005,huber,capx_gr3,3.594905138015747e-07,20261005-010838-8084b01
2005,huber,chcsho_12m,5.127862095832825e-06,20261005-010838-8084b01
2005,huber,eqnpo_12m,-3.166496753692627e-07,20261005-010838-8084b01
2005,huber,debt_gr3,6.146728992462158e-08,20261005-010838-8084b01
2005,huber,inv_gr1,1.339241862297058e-06,20261005-010838-8084b01
2005,huber,inv_gr1a,-1.739710569381714e-06,20261005-010838-8084b01
2005,huber,oaccruals_at,3.0603259801864624e-06,20261005-010838-8084b01
2005,huber,taccruals_at,6.593763828277588e-07,20261005-010838-8084b01
2005,huber,cowc_gr1a,-9.12696123123169e-08,20261005-010838-8084b01
2005,huber,coa_gr1a,-3.60049307346344e-06,20261005-010838-8084b01
2005,huber,col_gr1a,2.8517097234725952e-06,20261005-010838-8084b01
2005,huber,nncoa_gr1a,-4.649162292480469e-06,20261005-010838-8084b01
2005,huber,ncoa_gr1a,-9.723007678985596e-07,20261005-010838-8084b01
2005,huber,ncol_gr1a,2.088025212287903e-06,20261005-010838-8084b01
2005,huber,nfna_gr1a,3.5390257835388184e-08,20261005-010838-8084b01
2005,huber,sti_gr1a,-2.328306436538697e-07,20261005-010838-8084b01
2005,huber,lti_gr1a,-6.51925802230835e-08,20261005-010838-8084b01
2005,huber,fnl_gr1a,1.212581992149353e-06,20261005-010838-8084b01
2005,huber,be_gr1a,-9.188428521156313e-06,20261005-010838-8084b01
2005,huber,oaccruals_ni,-5.234032869338989e-07,20261005-010838-8084b01
2005,huber,taccruals_ni,1.0188668966293335e-06,20261005-010838-8084b01
2005,huber,netis_at,5.494803190231323e-07,20261005-010838-8084b01
2005,huber,eqnetis_at,3.4812837839126587e-06,20261005-010838-8084b01
2005,huber,dbnetis_at,1.32247805595398e-07,20261005-010838-8084b01
2005,huber,niq_be,2.4031847715377808e-05,20261005-010838-8084b01
2005,huber,niq_be_chg1,8.940696716308596e-08,20261005-010838-8084b01
2005,huber,niq_at,8.966773748397827e-06,20261005-010838-8084b01
2005,huber,niq_at_chg1,1.9818544387817383e-06,20261005-010838-8084b01
2005,huber,ebit_bev,-7.465481758117676e-06,20261005-010838-8084b01
2005,huber,ebit_sale,1.2088567018508913e-05,20261005-010838-8084b01
2005,huber,sale_bev,2.831220626831055e-07,20261005-010838-8084b01
2005,huber,at_turnover,3.751367330551147e-06,20261005-010838-8084b01
2005,huber,gp_at,3.91155481338501e-07,20261005-010838-8084b01
2005,huber,gp_atl1,-1.6205012798309326e-07,20261005-010838-8084b01
2005,huber,ope_be,4.492700099945068e-06,20261005-010838-8084b01
2005,huber,ope_bel1,1.4454126358032229e-06,20261005-010838-8084b01
2005,huber,op_at,5.495734512805939e-05,20261005-010838-8084b01
2005,huber,op_atl1,7.1283429861068726e-06,20261005-010838-8084b01
2005,huber,cop_at,2.29664146900177e-06,20261005-010838-8084b01
2005,huber,cop_atl1,1.1865049600601196e-06,20261005-010838-8084b01
2005,huber,f_score,-3.546476364135742e-06,20261005-010838-8084b01
2005,huber,o_score,6.705522537231445e-08,20261005-010838-8084b01
2005,huber,z_score,-1.6223639249801636e-06,20261005-010838-8084b01
2005,huber,pi_nix,-1.788139343261719e-07,20261005-010838-8084b01
2005,huber,at_be,6.51925802230835e-07,20261005-010838-8084b01
2005,huber,saleq_gr1,9.689480066299438e-06,20261005-010838-8084b01
2005,huber,rd_me,-1.3677403330802916e-05,20261005-010838-8084b01
2005,huber,rd_sale,-2.1103769540786743e-06,20261005-010838-8084b01
2005,huber,opex_at,-8.326023817062378e-07,20261005-010838-8084b01
2005,huber,emp_gr1,7.0855021476745605e-06,20261005-010838-8084b01
2005,huber,rd5_at,-2.589076757431031e-07,20261005-010838-8084b01
2005,huber,age,2.589076757431031e-07,20261005-010838-8084b01
2005,huber,dsale_dinv,8.009374141693115e-07,20261005-010838-8084b01
2005,huber,dsale_drec,9.313225746154784e-09,20261005-010838-8084b01
2005,huber,dgp_dsale,1.164153218269348e-06,20261005-010838-8084b01
2005,huber,dsale_dsga,4.246830940246582e-07,20261005-010838-8084b01
2005,huber,sale_emp_gr1,2.948567271232605e-06,20261005-010838-8084b01
2005,huber,tangibility,-4.4703483581542975e-08,20261005-010838-8084b01
2005,huber,kz_index,-1.1920928955078125e-06,20261005-010838-8084b01
2005,huber,ocfq_saleq_std,1.7676502466201782e-06,20261005-010838-8084b01
2005,huber,cash_at,-1.77137553691864e-06,20261005-010838-8084b01
2005,huber,ni_ar1,7.040798664093018e-07,20261005-010838-8084b01
2005,huber,ni_ivol,-1.4472752809524536e-06,20261005-010838-8084b01
2005,huber,earnings_variability,3.375113010406494e-06,20261005-010838-8084b01
2005,huber,aliq_at,1.9073486328125e-06,20261005-010838-8084b01
2005,huber,aliq_mat,5.345791578292847e-07,20261005-010838-8084b01
2005,huber,seas_1_1an,1.9855797290802e-06,20261005-010838-8084b01
2005,huber,seas_1_1na,-1.2360513210296633e-05,20261005-010838-8084b01
2005,huber,seas_2_5an,1.1082738637924194e-05,20261005-010838-8084b01
2005,huber,seas_2_5na,1.683831214904785e-05,20261005-010838-8084b01
2005,huber,seas_6_10an,6.776303052902222e-06,20261005-010838-8084b01
2005,huber,seas_6_10na,3.3043324947357178e-06,20261005-010838-8084b01
2005,huber,seas_11_15an,9.10833477973938e-07,20261005-010838-8084b01
2005,huber,seas_11_15na,-1.0244548320770265e-07,20261005-010838-8084b01
2005,huber,seas_16_20an,1.341104507446289e-07,20261005-010838-8084b01
2005,huber,seas_16_20na,1.2293457984924316e-07,20261005-010838-8084b01
2005,huber,market_equity,-6.3907355070114136e-06,20261005-010838-8084b01
2005,huber,ivol_ff3_21d,4.5958906412124634e-05,20261005-010838-8084b01
2005,huber,ivol_capm_252d,1.7272308468818665e-05,20261005-010838-8084b01
2005,huber,ivol_capm_21d,5.412660539150238e-05,20261005-010838-8084b01
2005,huber,ivol_hxz4_21d,8.64807516336441e-05,20261005-010838-8084b01
2005,huber,rvol_21d,-1.0989606380462646e-07,20261005-010838-8084b01
2005,huber,beta_60m,-2.1550804376602173e-06,20261005-010838-8084b01
2005,huber,betabab_1260d,-4.764646291732788e-06,20261005-010838-8084b01
2005,huber,beta_dimson_21d,1.1827796697616575e-06,20261005-010838-8084b01
2005,huber,turnover_126d,3.653019666671753e-05,20261005-010838-8084b01
2005,huber,turnover_var_126d,6.683357059955597e-05,20261005-010838-8084b01
2005,huber,dolvol_126d,1.7093494534492493e-05,20261005-010838-8084b01
2005,huber,dolvol_var_126d,0.0001373700797557,20261005-010838-8084b01
2005,huber,prc,-4.217028617858887e-06,20261005-010838-8084b01
2005,huber,ami_126d,-4.1816383600234985e-06,20261005-010838-8084b01
2005,huber,zero_trades_21d,0.0002530422061681,20261005-010838-8084b01
2005,huber,zero_trades_126d,7.894448935985565e-05,20261005-010838-8084b01
2005,huber,zero_trades_252d,1.2775883078575134e-05,20261005-010838-8084b01
2005,huber,rmax1_21d,3.743916749954224e-07,20261005-010838-8084b01
2005,huber,rskew_21d,6.463378667831421e-07,20261005-010838-8084b01
2005,huber,iskew_capm_21d,3.613531589508057e-07,20261005-010838-8084b01
2005,huber,iskew_ff3_21d,3.505498170852661e-06,20261005-010838-8084b01
2005,huber,iskew_hxz4_21d,1.51805579662323e-06,20261005-010838-8084b01
2005,huber,coskew_21d,-2.7026981115341187e-06,20261005-010838-8084b01
2005,huber,ret_1_0,2.1792948246002197e-07,20261005-010838-8084b01
2005,huber,betadown_252d,-2.911314368247986e-06,20261005-010838-8084b01
2005,huber,bidaskhl_21d,-4.783272743225098e-06,20261005-010838-8084b01
2005,huber,ret_3_1,2.6654452085494995e-06,20261005-010838-8084b01
2005,huber,ret_9_1,1.2287870049476624e-05,20261005-010838-8084b01
2005,huber,ret_12_7,2.041645348072052e-05,20261005-010838-8084b01
2005,huber,corr_1260d,1.257285475730896e-06,20261005-010838-8084b01
2005,huber,rmax5_21d,1.619197428226471e-05,20261005-010838-8084b01
2005,huber,rmax5_rvol_21d,-1.3653188943862915e-06,20261005-010838-8084b01
2005,huber,ni_be,6.413087248802185e-06,20261005-010838-8084b01
2005,huber,ocf_at,-1.2576580047607422e-05,20261005-010838-8084b01
2005,huber,ocf_at_chg1,1.6763806343078613e-08,20261005-010838-8084b01
2005,huber,mispricing_perf,9.70996916294098e-06,20261005-010838-8084b01
2005,huber,mispricing_mgmt,1.6946345567703247e-05,20261005-010838-8084b01
2005,huber,qmj,-7.74487853050232e-06,20261005-010838-8084b01
2005,huber,qmj_prof,1.1397525668144226e-05,20261005-010838-8084b01
2005,huber,qmj_growth,1.8659979104995728e-05,20261005-010838-8084b01
2005,huber,qmj_safety,3.2745301723480225e-06,20261005-010838-8084b01
2007,huber,niq_su,-2.272427082061768e-07,20261005-010838-8084b01
2007,huber,ret_6_1,-2.812594175338745e-06,20261005-010838-8084b01
2007,huber,ret_12_1,4.7538429498672485e-05,20261005-010838-8084b01
2007,huber,saleq_su,2.123415470123291e-06,20261005-010838-8084b01
2007,huber,tax_gr1a,-3.738328814506531e-06,20261005-010838-8084b01
2007,huber,ni_inc8q,-1.6521662473678589e-06,20261005-010838-8084b01
2007,huber,prc_highprc_252d,0.000144911929965,20261005-010838-8084b01
2007,huber,resff3_6_1,4.284083843231201e-08,20261005-010838-8084b01
2007,huber,resff3_12_1,-3.077089786529541e-06,20261005-010838-8084b01
2007,huber,be_me,-5.7131052017211914e-05,20261005-010838-8084b01
2007,huber,debt_me,2.679787576198578e-05,20261005-010838-8084b01
2007,huber,at_me,-5.093961954116821e-05,20261005-010838-8084b01
2007,huber,ret_60_12,-2.3189932107925415e-05,20261005-010838-8084b01
2007,huber,ni_me,3.4831464290618896e-06,20261005-010838-8084b01
2007,huber,fcf_me,-3.7401914596557617e-06,20261005-010838-8084b01
2007,huber,div12m_me,-2.4903565645217896e-06,20261005-010838-8084b01
2007,huber,eqpo_me,1.0676681995391846e-05,20261005-010838-8084b01
2007,huber,eqnpo_me,-2.7008354663848877e-06,20261005-010838-8084b01
2007,huber,sale_gr3,2.5834888219833374e-06,20261005-010838-8084b01
2007,huber,sale_gr1,-2.348795533180237e-06,20261005-010838-8084b01
2007,huber,ebitda_mev,7.113441824913025e-06,20261005-010838-8084b01
2007,huber,sale_me,-2.3171305656433105e-05,20261005-010838-8084b01
2007,huber,ocf_me,-6.8247318267822266e-06,20261005-010838-8084b01
2007,huber,ival_me,-3.0025839805603027e-06,20261005-010838-8084b01
2007,huber,bev_mev,-5.0961971282958984e-05,20261005-010838-8084b01
2007,huber,netdebt_me,1.4875084161758425e-05,20261005-010838-8084b01
2007,huber,eq_dur,-4.859641194343567e-06,20261005-010838-8084b01
2007,huber,capex_abn,1.6801059246063232e-06,20261005-010838-8084b01
2007,huber,at_gr1,9.318813681602478e-06,20261005-010838-8084b01
2007,huber,ppeinv_gr1a,-4.744157195091248e-06,20261005-010838-8084b01
2007,huber,noa_at,-1.2859702110290527e-05,20261005-010838-8084b01
2007,huber,noa_gr1a,9.443610906600952e-06,20261005-010838-8084b01
2007,huber,lnoa_gr1a,-2.469867467880249e-06,20261005-010838-8084b01
2007,huber,capx_gr1,-3.077089786529541e-06,20261005-010838-8084b01
2007,huber,capx_gr2,-3.335997462272644e-06,20261005-010838-8084b01
2007,huber,capx_gr3,4.377216100692749e-07,20261005-010838-8084b01
2007,huber,chcsho_12m,-3.371387720108032e-06,20261005-010838-8084b01
2007,huber,eqnpo_12m,5.885958671569824e-06,20261005-010838-8084b01
2007,huber,debt_gr3,1.6801059246063232e-06,20261005-010838-8084b01
2007,huber,inv_gr1,2.972781658172607e-06,20261005-010838-8084b01
2007,huber,inv_gr1a,-6.945803761482239e-06,20261005-010838-8084b01
2007,huber,oaccruals_at,-1.080334186553955e-06,20261005-010838-8084b01
2007,huber,taccruals_at,8.828938007354736e-07,20261005-010838-8084b01
2007,huber,cowc_gr1a,-4.619359970092774e-07,20261005-010838-8084b01
2007,huber,coa_gr1a,-6.370246410369873e-06,20261005-010838-8084b01
2007,huber,col_gr1a,2.454966306686402e-06,20261005-010838-8084b01
2007,huber,nncoa_gr1a,-5.200505256652832e-06,20261005-010838-8084b01
2007,huber,ncoa_gr1a,-3.155320882797241e-06,20261005-010838-8084b01
2007,huber,ncol_gr1a,2.078711986541748e-06,20261005-010838-8084b01
2007,huber,nfna_gr1a,-1.1175870895385745e-07,20261005-010838-8084b01
2007,huber,sti_gr1a,-6.016343832015991e-07,20261005-010838-8084b01
2007,huber,lti_gr1a,-6.277114152908325e-07,20261005-010838-8084b01
2007,huber,fnl_gr1a,-1.3113021850585938e-06,20261005-010838-8084b01
2007,huber,be_gr1a,-1.9827857613563538e-05,20261005-010838-8084b01
2007,huber,oaccruals_ni,5.21540641784668e-08,20261005-010838-8084b01
2007,huber,taccruals_ni,6.239861249923706e-07,20261005-010838-8084b01
2007,huber,netis_at,-2.1476298570632935e-06,20261005-010838-8084b01
2007,huber,eqnetis_at,-3.958120942115784e-06,20261005-010838-8084b01
2007,huber,dbnetis_at,2.2854655981063843e-06,20261005-010838-8084b01
2007,huber,niq_be,2.490915358066559e-05,20261005-010838-8084b01
2007,huber,niq_be_chg1,-3.5390257835388184e-08,20261005-010838-8084b01
2007,huber,niq_at,1.296214759349823e-05,20261005-010838-8084b01
2007,huber,niq_at_chg1,5.155801773071289e-06,20261005-010838-8084b01
2007,huber,ebit_bev,-4.971399903297424e-06,20261005-010838-8084b01
2007,huber,ebit_sale,3.732740879058838e-06,20261005-010838-8084b01
2007,huber,sale_bev,4.122033715248108e-06,20261005-010838-8084b01
2007,huber,at_turnover,-3.6582350730896e-06,20261005-010838-8084b01
2007,huber,gp_at,-1.7266720533370972e-06,20261005-010838-8084b01
2007,huber,gp_atl1,8.75815749168396e-06,20261005-010838-8084b01
2007,huber,ope_be,3.900378942489624e-06,20261005-010838-8084b01
2007,huber,ope_bel1,1.164153218269348e-06,20261005-010838-8084b01
2007,huber,op_at,8.130818605422974e-05,20261005-010838-8084b01
2007,huber,op_atl1,6.848946213722229e-06,20261005-010838-8084b01
2007,huber,cop_at,6.51925802230835e-07,20261005-010838-8084b01
2007,huber,cop_atl1,5.427747964859009e-06,20261005-010838-8084b01
2007,huber,f_score,-1.8980354070663452e-06,20261005-010838-8084b01
2007,huber,o_score,2.099201083183289e-06,20261005-010838-8084b01
2007,huber,z_score,-2.0228326320648193e-06,20261005-010838-8084b01
2007,huber,pi_nix,1.862645149230957e-09,20261005-010838-8084b01
2007,huber,at_be,1.2965872883796692e-05,20261005-010838-8084b01
2007,huber,saleq_gr1,1.4115124940872192e-05,20261005-010838-8084b01
2007,huber,rd_me,-7.996335625648499e-06,20261005-010838-8084b01
2007,huber,rd_sale,-2.1420419216156009e-07,20261005-010838-8084b01
2007,huber,opex_at,1.043081283569336e-07,20261005-010838-8084b01
2007,huber,emp_gr1,9.909272193908691e-06,20261005-010838-8084b01
2007,huber,rd5_at,5.21540641784668e-07,20261005-010838-8084b01
2007,huber,age,5.4016709327697754e-08,20261005-010838-8084b01
2007,huber,dsale_dinv,-1.5310943126678469e-06,20261005-010838-8084b01
2007,huber,dsale_drec,2.289190888404846e-06,20261005-010838-8084b01
2007,huber,dgp_dsale,6.692484021186829e-06,20261005-010838-8084b01
2007,huber,dsale_dsga,-3.166496753692627e-07,20261005-010838-8084b01
2007,huber,sale_emp_gr1,-1.0617077350616455e-06,20261005-010838-8084b01
2007,huber,tangibility,-2.086162567138672e-07,20261005-010838-8084b01
2007,huber,kz_index,-4.49642539024353e-06,20261005-010838-8084b01
2007,huber,ocfq_saleq_std,3.850087523460388e-06,20261005-010838-8084b01
2007,huber,cash_at,1.286342740058899e-05,20261005-010838-8084b01
2007,huber,ni_ar1,-4.619359970092774e-07,20261005-010838-8084b01
2007,huber,ni_ivol,1.3969838619232178e-06,20261005-010838-8084b01
2007,huber,earnings_variability,-2.7194619178771973e-06,20261005-010838-8084b01
2007,huber,aliq_at,3.201887011528015e-06,20261005-010838-8084b01
2007,huber,aliq_mat,2.7878209948539737e-05,20261005-010838-8084b01
2007,huber,seas_1_1an,-4.742294549942017e-06,20261005-010838-8084b01
2007,huber,seas_1_1na,-4.931911826133728e-05,20261005-010838-8084b01
2007,huber,seas_2_5an,8.387491106987e-06,20261005-010838-8084b01
2007,huber,seas_2_5na,2.948567271232605e-05,20261005-010838-8084b01
2007,huber,seas_6_10an,6.614252924919128e-06,20261005-010838-8084b01
2007,huber,seas_6_10na,3.762543201446533e-07,20261005-010838-8084b01
2007,huber,seas_11_15an,9.033828973770142e-07,20261005-010838-8084b01
2007,huber,seas_11_15na,-6.780028343200684e-07,20261005-010838-8084b01
2007,huber,seas_16_20an,4.488974809646607e-07,20261005-010838-8084b01
2007,huber,seas_16_20na,7.450580596923828e-09,20261005-010838-8084b01
2007,huber,market_equity,-1.5011057257652284e-05,20261005-010838-8084b01
2007,huber,ivol_ff3_21d,3.569945693016052e-05,20261005-010838-8084b01
2007,huber,ivol_capm_252d,7.985159754753113e-06,20261005-010838-8084b01
2007,huber,ivol_capm_21d,6.936490535736084e-05,20261005-010838-8084b01
2007,huber,ivol_hxz4_21d,6.746314465999603e-05,20261005-010838-8084b01
2007,huber,rvol_21d,9.534880518913267e-06,20261005-010838-8084b01
2007,huber,beta_60m,-2.514570951461792e-07,20261005-010838-8084b01
2007,huber,betabab_1260d,2.5331974029541016e-07,20261005-010838-8084b01
2007,huber,beta_dimson_21d,1.1175870895385742e-08,20261005-010838-8084b01
2007,huber,turnover_126d,2.434663474559784e-05,20261005-010838-8084b01
2007,huber,turnover_var_126d,4.596635699272156e-05,20261005-010838-8084b01
2007,huber,dolvol_126d,3.0115246772766113e-05,20261005-010838-8084b01
2007,huber,dolvol_var_126d,0.0001151245087385,20261005-010838-8084b01
2007,huber,prc,-3.423541784286499e-06,20261005-010838-8084b01
2007,huber,ami_126d,-8.581206202507019e-06,20261005-010838-8084b01
2007,huber,zero_trades_21d,0.0003132447600364,20261005-010838-8084b01
2007,huber,zero_trades_126d,2.1880492568016052e-05,20261005-010838-8084b01
2007,huber,zero_trades_252d,4.2691826820373535e-06,20261005-010838-8084b01
2007,huber,rmax1_21d,-2.954155206680298e-06,20261005-010838-8084b01
2007,huber,rskew_21d,-1.6763806343078611e-06,20261005-010838-8084b01
2007,huber,iskew_capm_21d,5.386769771575928e-06,20261005-010838-8084b01
2007,huber,iskew_ff3_21d,9.885057806968687e-06,20261005-010838-8084b01
2007,huber,iskew_hxz4_21d,6.12996518611908e-06,20261005-010838-8084b01
2007,huber,coskew_21d,6.48200511932373e-07,20261005-010838-8084b01
2007,huber,ret_1_0,-6.0638412833213806e-05,20261005-010838-8084b01
2007,huber,betadown_252d,2.562999725341797e-06,20261005-010838-8084b01
2007,huber,bidaskhl_21d,-4.099681973457336e-06,20261005-010838-8084b01
2007,huber,ret_3_1,-1.689046621322632e-05,20261005-010838-8084b01
2007,huber,ret_9_1,3.8955360651016235e-05,20261005-010838-8084b01
2007,huber,ret_12_7,9.462237358093262e-06,20261005-010838-8084b01
2007,huber,corr_1260d,2.3692846298217773e-06,20261005-010838-8084b01
2007,huber,rmax5_21d,2.656504511833191e-05,20261005-010838-8084b01
2007,huber,rmax5_rvol_21d,-1.5851110219955444e-06,20261005-010838-8084b01
2007,huber,ni_be,4.777684807777405e-06,20261005-010838-8084b01
2007,huber,ocf_at,-4.308298230171204e-06,20261005-010838-8084b01
2007,huber,ocf_at_chg1,-1.825392246246338e-07,20261005-010838-8084b01
2007,huber,mispricing_perf,9.331852197647096e-06,20261005-010838-8084b01
2007,huber,mispricing_mgmt,1.7134472727775574e-05,20261005-010838-8084b01
2007,huber,qmj,-1.1369585990905762e-05,20261005-010838-8084b01
2007,huber,qmj_prof,1.950003206729889e-05,20261005-010838-8084b01
2007,huber,qmj_growth,1.707114279270172e-05,20261005-010838-8084b01
2007,huber,qmj_safety,6.198883056640625e-06,20261005-010838-8084b01
2009,huber,niq_su,-1.0728836059570312e-06,20261005-010838-8084b01
2009,huber,ret_6_1,-1.3262033462524414e-05,20261005-010838-8084b01
2009,huber,ret_12_1,-0.000247523188591,20261005-010838-8084b01
2009,huber,saleq_su,-3.293156623840332e-06,20261005-010838-8084b01
2009,huber,tax_gr1a,-1.4901161193847656e-08,20261005-010838-8084b01
2009,huber,ni_inc8q,1.9222497940063477e-06,20261005-010838-8084b01
2009,huber,prc_highprc_252d,-0.0003859549760818,20261005-010838-8084b01
2009,huber,resff3_6_1,1.271069049835205e-05,20261005-010838-8084b01
2009,huber,resff3_12_1,-4.944205284118652e-05,20261005-010838-8084b01
2009,huber,be_me,0.0001936256885528,20261005-010838-8084b01
2009,huber,debt_me,-1.958012580871582e-05,20261005-010838-8084b01
2009,huber,at_me,8.32974910736084e-05,20261005-010838-8084b01
2009,huber,ret_60_12,9.393692016601562e-05,20261005-010838-8084b01
2009,huber,ni_me,3.725290298461914e-07,20261005-010838-8084b01
2009,huber,fcf_me,-1.6555190086364746e-05,20261005-010838-8084b01
2009,huber,div12m_me,-1.373887062072754e-05,20261005-010838-8084b01
2009,huber,eqpo_me,2.3886561393737793e-05,20261005-010838-8084b01
2009,huber,eqnpo_me,-8.791685104370117e-06,20261005-010838-8084b01
2009,huber,sale_gr3,-3.248453140258789e-06,20261005-010838-8084b01
2009,huber,sale_gr1,1.0892748832702637e-05,20261005-010838-8084b01
2009,huber,ebitda_mev,-1.043081283569336e-07,20261005-010838-8084b01
2009,huber,sale_me,5.878508090972901e-05,20261005-010838-8084b01
2009,huber,ocf_me,-1.5348196029663086e-05,20261005-010838-8084b01
2009,huber,ival_me,4.976987838745117e-06,20261005-010838-8084b01
2009,huber,bev_mev,9.350478649139404e-05,20261005-010838-8084b01
2009,huber,netdebt_me,-2.2202730178833008e-06,20261005-010838-8084b01
2009,huber,eq_dur,-1.233816146850586e-05,20261005-010838-8084b01
2009,huber,capex_abn,-4.172325134277344e-07,20261005-010838-8084b01
2009,huber,at_gr1,-6.273388862609863e-06,20261005-010838-8084b01
2009,huber,ppeinv_gr1a,2.980232238769531e-07,20261005-010838-8084b01
2009,huber,noa_at,1.595914363861084e-05,20261005-010838-8084b01
2009,huber,noa_gr1a,-3.471970558166504e-06,20261005-010838-8084b01
2009,huber,lnoa_gr1a,4.649162292480469e-06,20261005-010838-8084b01
2009,huber,capx_gr1,2.4586915969848633e-06,20261005-010838-8084b01
2009,huber,capx_gr2,-2.428889274597168e-06,20261005-010838-8084b01
2009,huber,capx_gr3,4.76837158203125e-07,20261005-010838-8084b01
2009,huber,chcsho_12m,-7.390975952148437e-06,20261005-010838-8084b01
2009,huber,eqnpo_12m,2.8654932975769043e-05,20261005-010838-8084b01
2009,huber,debt_gr3,1.96695327758789e-06,20261005-010838-8084b01
2009,huber,inv_gr1,-2.294778823852539e-06,20261005-010838-8084b01
2009,huber,inv_gr1a,1.2889504432678224e-05,20261005-010838-8084b01
2009,huber,oaccruals_at,-6.9141387939453125e-06,20261005-010838-8084b01
2009,huber,taccruals_at,1.986324787139893e-05,20261005-010838-8084b01
2009,huber,cowc_gr1a,6.258487701416016e-07,20261005-010838-8084b01
2009,huber,coa_gr1a,1.870095729827881e-05,20261005-010838-8084b01
2009,huber,col_gr1a,-2.115964889526367e-06,20261005-010838-8084b01
2009,huber,nncoa_gr1a,-1.0281801223754885e-06,20261005-010838-8084b01
2009,huber,ncoa_gr1a,8.52346420288086e-06,20261005-010838-8084b01
2009,huber,ncol_gr1a,-5.558133125305176e-06,20261005-010838-8084b01
2009,huber,nfna_gr1a,-4.4703483581542975e-08,20261005-010838-8084b01
2009,huber,sti_gr1a,4.410743713378906e-06,20261005-010838-8084b01
2009,huber,lti_gr1a,1.341104507446289e-06,20261005-010838-8084b01
2009,huber,fnl_gr1a,-2.831220626831055e-07,20261005-010838-8084b01
2009,huber,be_gr1a,9.390711784362792e-05,20261005-010838-8084b01
2009,huber,oaccruals_ni,-3.680586814880371e-06,20261005-010838-8084b01
2009,huber,taccruals_ni,2.8461217880249023e-06,20261005-010838-8084b01
2009,huber,netis_at,-3.576278686523438e-07,20261005-010838-8084b01
2009,huber,eqnetis_at,-5.781650543212891e-06,20261005-010838-8084b01
2009,huber,dbnetis_at,7.897615432739258e-07,20261005-010838-8084b01
2009,huber,niq_be,-0.0001159757375717,20261005-010838-8084b01
2009,huber,niq_be_chg1,4.604458808898926e-06,20261005-010838-8084b01
2009,huber,niq_at,-5.1334500312805176e-05,20261005-010838-8084b01
2009,huber,niq_at_chg1,-6.467103958129883e-06,20261005-010838-8084b01
2009,huber,ebit_bev,9.275972843170166e-05,20261005-010838-8084b01
2009,huber,ebit_sale,-2.771615982055664e-05,20261005-010838-8084b01
2009,huber,sale_bev,3.597140312194824e-05,20261005-010838-8084b01
2009,huber,at_turnover,-2.709031105041504e-05,20261005-010838-8084b01
2009,huber,gp_at,-2.9355287551879883e-06,20261005-010838-8084b01
2009,huber,gp_atl1,1.0192394256591795e-05,20261005-010838-8084b01
2009,huber,ope_be,4.619359970092774e-07,20261005-010838-8084b01
2009,huber,ope_bel1,-9.238719940185548e-07,20261005-010838-8084b01
2009,huber,op_at,-5.05596399307251e-05,20261005-010838-8084b01
2009,huber,op_atl1,-5.479156970977783e-05,20261005-010838-8084b01
2009,huber,cop_at,1.3619661331176758e-05,20261005-010838-8084b01
2009,huber,cop_atl1,1.817941665649414e-06,20261005-010838-8084b01
2009,huber,f_score,1.6391277313232422e-05,20261005-010838-8084b01
2009,huber,o_score,0.0001294314861297,20261005-010838-8084b01
2009,huber,z_score,4.1931867599487305e-05,20261005-010838-8084b01
2009,huber,pi_nix,-1.4901161193847656e-08,20261005-010838-8084b01
2009,huber,at_be,1.7240643501281738e-05,20261005-010838-8084b01
2009,huber,saleq_gr1,-1.253187656402588e-05,20261005-010838-8084b01
2009,huber,rd_me,5.868077278137207e-05,20261005-010838-8084b01
2009,huber,rd_sale,7.584691047668457e-06,20261005-010838-8084b01
2009,huber,opex_at,-5.856156349182129e-06,20261005-010838-8084b01
2009,huber,emp_gr1,-2.2798776626586914e-06,20261005-010838-8084b01
2009,huber,rd5_at,-6.854534149169922e-07,20261005-010838-8084b01
2009,huber,age,-4.470348358154297e-07,20261005-010838-8084b01
2009,huber,dsale_dinv,2.9653310775756836e-06,20261005-010838-8084b01
2009,huber,dsale_drec,-5.424022674560547e-06,20261005-010838-8084b01
2009,huber,dgp_dsale,-5.811452865600586e-07,20261005-010838-8084b01
2009,huber,dsale_dsga,1.7136335372924805e-06,20261005-010838-8084b01
2009,huber,sale_emp_gr1,1.9073486328125e-06,20261005-010838-8084b01
2009,huber,tangibility,6.124377250671387e-06,20261005-010838-8084b01
2009,huber,kz_index,-1.8730759620666504e-05,20261005-010838-8084b01
2009,huber,ocfq_saleq_std,2.5331974029541016e-07,20261005-010838-8084b01
2009,huber,cash_at,1.2516975402832031e-05,20261005-010838-8084b01
2009,huber,ni_ar1,1.4901161193847656e-07,20261005-010838-8084b01
2009,huber,ni_ivol,1.96993350982666e-05,20261005-010838-8084b01
2009,huber,earnings_variability,-9.28342342376709e-06,20261005-010838-8084b01
2009,huber,aliq_at,-1.6033649444580078e-05,20261005-010838-8084b01
2009,huber,aliq_mat,-6.377696990966797e-06,20261005-010838-8084b01
2009,huber,seas_1_1an,-1.347064971923828e-05,20261005-010838-8084b01
2009,huber,seas_1_1na,0.0003586411476135,20261005-010838-8084b01
2009,huber,seas_2_5an,1.3589859008789062e-05,20261005-010838-8084b01
2009,huber,seas_2_5na,-2.518296241760254e-05,20261005-010838-8084b01
2009,huber,seas_6_10an,1.6570091247558594e-05,20261005-010838-8084b01
2009,huber,seas_6_10na,-4.51505184173584e-06,20261005-010838-8084b01
2009,huber,seas_11_15an,3.293156623840332e-06,20261005-010838-8084b01
2009,huber,seas_11_15na,-1.4901161193847656e-08,20261005-010838-8084b01
2009,huber,seas_16_20an,-2.682209014892578e-06,20261005-010838-8084b01
2009,huber,seas_16_20na,-1.341104507446289e-07,20261005-010838-8084b01
2009,huber,market_equity,5.1394104957580566e-05,20261005-010838-8084b01
2009,huber,ivol_ff3_21d,0.0003733187913894,20261005-010838-8084b01
2009,huber,ivol_capm_252d,-7.46995210647583e-05,20261005-010838-8084b01
2009,huber,ivol_capm_21d,-0.0003098398447036,20261005-010838-8084b01
2009,huber,ivol_hxz4_21d,-0.0002472698688507,20261005-010838-8084b01
2009,huber,rvol_21d,0.0003834813833236,20261005-010838-8084b01
2009,huber,beta_60m,2.8520822525024417e-05,20261005-010838-8084b01
2009,huber,betabab_1260d,4.017353057861328e-05,20261005-010838-8084b01
2009,huber,beta_dimson_21d,4.157423973083496e-06,20261005-010838-8084b01
2009,huber,turnover_126d,4.5999884605407715e-05,20261005-010838-8084b01
2009,huber,turnover_var_126d,0.0002252459526062,20261005-010838-8084b01
2009,huber,dolvol_126d,-2.6360154151916504e-05,20261005-010838-8084b01
2009,huber,dolvol_var_126d,-7.803738117218018e-05,20261005-010838-8084b01
2009,huber,prc,3.7044286727905273e-05,20261005-010838-8084b01
2009,huber,ami_126d,2.580881118774414e-05,20261005-010838-8084b01
2009,huber,zero_trades_21d,0.0002508163452148,20261005-010838-8084b01
2009,huber,zero_trades_126d,5.6490302085876465e-05,20261005-010838-8084b01
2009,huber,zero_trades_252d,4.331767559051514e-05,20261005-010838-8084b01
2009,huber,rmax1_21d,-7.572770118713379e-05,20261005-010838-8084b01
2009,huber,rskew_21d,-1.7434358596801758e-06,20261005-010838-8084b01
2009,huber,iskew_capm_21d,7.3462724685668945e-06,20261005-010838-8084b01
2009,huber,iskew_ff3_21d,-4.023313522338867e-07,20261005-010838-8084b01
2009,huber,iskew_hxz4_21d,5.081295967102051e-06,20261005-010838-8084b01
2009,huber,coskew_21d,1.877546310424805e-06,20261005-010838-8084b01
2009,huber,ret_1_0,7.610023021697998e-05,20261005-010838-8084b01
2009,huber,betadown_252d,2.1010637283325195e-06,20261005-010838-8084b01
2009,huber,bidaskhl_21d,3.966689109802246e-05,20261005-010838-8084b01
2009,huber,ret_3_1,3.579258918762207e-05,20261005-010838-8084b01
2009,huber,ret_9_1,-0.0001832693815231,20261005-010838-8084b01
2009,huber,ret_12_7,-0.0001078993082046,20261005-010838-8084b01
2009,huber,corr_1260d,8.07642936706543e-06,20261005-010838-8084b01
2009,huber,rmax5_21d,5.8904290199279785e-05,20261005-010838-8084b01
2009,huber,rmax5_rvol_21d,1.2010335922241213e-05,20261005-010838-8084b01
2009,huber,ni_be,-4.0084123611450195e-06,20261005-010838-8084b01
2009,huber,ocf_at,4.354119300842285e-05,20261005-010838-8084b01
2009,huber,ocf_at_chg1,8.344650268554688e-07,20261005-010838-8084b01
2009,huber,mispricing_perf,3.457069396972656e-06,20261005-010838-8084b01
2009,huber,mispricing_mgmt,-8.881092071533203e-06,20261005-010838-8084b01
2009,huber,qmj,0.0001001358032226,20261005-010838-8084b01
2009,huber,qmj_prof,-4.500150680541992e-05,20261005-010838-8084b01
2009,huber,qmj_growth,-1.5929341316223145e-05,20261005-010838-8084b01
2009,huber,qmj_safety,-4.369020462036133e-05,20261005-010838-8084b01
2011,huber,niq_su,1.154839992523195e-07,20261005-010838-8084b01
2011,huber,ret_6_1,2.7883797883987427e-06,20261005-010838-8084b01
2011,huber,ret_12_1,6.951205432415009e-05,20261005-010838-8084b01
2011,huber,saleq_su,1.47894024848938e-06,20261005-010838-8084b01
2011,huber,tax_gr1a,-3.8370490074157715e-07,20261005-010838-8084b01
2011,huber,ni_inc8q,-1.9185245037078857e-07,20261005-010838-8084b01
2011,huber,prc_highprc_252d,0.0001931209117174,20261005-010838-8084b01
2011,huber,resff3_6_1,8.922070264816284e-07,20261005-010838-8084b01
2011,huber,resff3_12_1,1.1827796697616575e-06,20261005-010838-8084b01
2011,huber,be_me,-1.5068799257278442e-06,20261005-010838-8084b01
2011,huber,debt_me,3.565102815628052e-06,20261005-010838-8084b01
2011,huber,at_me,-6.143003702163696e-06,20261005-010838-8084b01
2011,huber,ret_60_12,-3.053992986679077e-05,20261005-010838-8084b01
2011,huber,ni_me,-4.030764102935791e-06,20261005-010838-8084b01
2011,huber,fcf_me,4.479661583900452e-06,20261005-010838-8084b01
2011,huber,div12m_me,5.0924718379974365e-06,20261005-010838-8084b01
2011,huber,eqpo_me,-1.0425224900245668e-05,20261005-010838-8084b01
2011,huber,eqnpo_me,4.326924681663513e-06,20261005-010838-8084b01
2011,huber,sale_gr3,8.288770914077759e-07,20261005-010838-8084b01
2011,huber,sale_gr1,5.93625009059906e-06,20261005-010838-8084b01
2011,huber,ebitda_mev,4.4405460357666016e-06,20261005-010838-8084b01
2011,huber,sale_me,-4.4330954551696777e-07,20261005-010838-8084b01
2011,huber,ocf_me,6.923452019691467e-06,20261005-010838-8084b01
2011,huber,ival_me,-1.0728836059570312e-06,20261005-010838-8084b01
2011,huber,bev_mev,-1.4334917068481444e-05,20261005-010838-8084b01
2011,huber,netdebt_me,3.2838433980941772e-06,20261005-010838-8084b01
2011,huber,eq_dur,1.296401023864746e-06,20261005-010838-8084b01
2011,huber,capex_abn,1.2665987014770508e-06,20261005-010838-8084b01
2011,huber,at_gr1,5.861744284629822e-06,20261005-010838-8084b01
2011,huber,ppeinv_gr1a,2.1047890186309817e-07,20261005-010838-8084b01
2011,huber,noa_at,9.175390005111694e-06,20261005-010838-8084b01
2011,huber,noa_gr1a,1.0617077350616456e-07,20261005-010838-8084b01
2011,huber,lnoa_gr1a,-2.589076757431031e-07,20261005-010838-8084b01
2011,huber,capx_gr1,1.860782504081726e-06,20261005-010838-8084b01
2011,huber,capx_gr2,-2.1085143089294434e-06,20261005-010838-8084b01
2011,huber,capx_gr3,4.805624485015869e-07,20261005-010838-8084b01
2011,huber,chcsho_12m,1.3381242752075195e-05,20261005-010838-8084b01
2011,huber,eqnpo_12m,-9.36165452003479e-06,20261005-010838-8084b01
2011,huber,debt_gr3,-1.043081283569336e-07,20261005-010838-8084b01
2011,huber,inv_gr1,-1.3131648302078247e-06,20261005-010838-8084b01
2011,huber,inv_gr1a,2.5033950805664062e-06,20261005-010838-8084b01
2011,huber,oaccruals_at,1.0523945093154907e-06,20261005-010838-8084b01
2011,huber,taccruals_at,-2.514570951461792e-07,20261005-010838-8084b01
2011,huber,cowc_gr1a,4.78699803352356e-07,20261005-010838-8084b01
2011,huber,coa_gr1a,3.244727849960327e-06,20261005-010838-8084b01
2011,huber,col_gr1a,4.4330954551696777e-07,20261005-010838-8084b01
2011,huber,nncoa_gr1a,1.2796372175216677e-06,20261005-010838-8084b01
2011,huber,ncoa_gr1a,-7.003545761108398e-07,20261005-010838-8084b01
2011,huber,ncol_gr1a,2.779066562652588e-06,20261005-010838-8084b01
2011,huber,nfna_gr1a,-4.190951585769654e-07,20261005-010838-8084b01
2011,huber,sti_gr1a,3.743916749954224e-07,20261005-010838-8084b01
2011,huber,lti_gr1a,5.7741999626159675e-08,20261005-010838-8084b01
2011,huber,fnl_gr1a,-4.954636096954346e-07,20261005-010838-8084b01
2011,huber,be_gr1a,1.0307878255844116e-05,20261005-010838-8084b01
2011,huber,oaccruals_ni,3.553926944732666e-06,20261005-010838-8084b01
2011,huber,taccruals_ni,-2.3115426301956177e-06,20261005-010838-8084b01
2011,huber,netis_at,6.50063157081604e-07,20261005-010838-8084b01
2011,huber,eqnetis_at,5.189329385757446e-06,20261005-010838-8084b01
2011,huber,dbnetis_at,-5.252659320831299e-07,20261005-010838-8084b01
2011,huber,niq_be,2.3888424038887024e-05,20261005-010838-8084b01
2011,huber,niq_be_chg1,1.862645149230957e-09,20261005-010838-8084b01
2011,huber,niq_at,1.4321878552436829e-05,20261005-010838-8084b01
2011,huber,niq_at_chg1,1.3727694749832151e-06,20261005-010838-8084b01
2011,huber,ebit_bev,-1.0129064321517944e-05,20261005-010838-8084b01
2011,huber,ebit_sale,1.4316290616989136e-05,20261005-010838-8084b01
2011,huber,sale_bev,1.0270625352859495e-05,20261005-010838-8084b01
2011,huber,at_turnover,-1.3671815395355225e-06,20261005-010838-8084b01
2011,huber,gp_at,1.582130789756775e-05,20261005-010838-8084b01
2011,huber,gp_atl1,-4.665926098823547e-06,20261005-010838-8084b01
2011,huber,ope_be,-1.261010766029358e-06,20261005-010838-8084b01
2011,huber,ope_bel1,1.6745179891586304e-06,20261005-010838-8084b01
2011,huber,op_at,5.4508447647094727e-05,20261005-010838-8084b01
2011,huber,op_atl1,3.1970441341400146e-05,20261005-010838-8084b01
2011,huber,cop_at,9.370967745780945e-06,20261005-010838-8084b01
2011,huber,cop_atl1,-2.2854655981063843e-06,20261005-010838-8084b01
2011,huber,f_score,-4.624947905540466e-06,20261005-010838-8084b01
2011,huber,o_score,6.902962923049927e-06,20261005-010838-8084b01
2011,huber,z_score,-3.375113010406494e-06,20261005-010838-8084b01
2011,huber,pi_nix,2.160668373107911e-07,20261005-010838-8084b01
2011,huber,at_be,2.427026629447937e-06,20261005-010838-8084b01
2011,huber,saleq_gr1,3.781169652938843e-06,20261005-010838-8084b01
2011,huber,rd_me,-1.7715618014335632e-05,20261005-010838-8084b01
2011,huber,rd_sale,1.6763806343078613e-07,20261005-010838-8084b01
2011,huber,opex_at,-1.30385160446167e-08,20261005-010838-8084b01
2011,huber,emp_gr1,-2.071261405944824e-06,20261005-010838-8084b01
2011,huber,rd5_at,1.4826655387878418e-06,20261005-010838-8084b01
2011,huber,age,1.125037670135498e-06,20261005-010838-8084b01
2011,huber,dsale_dinv,-8.773058652877808e-07,20261005-010838-8084b01
2011,huber,dsale_drec,2.60770320892334e-08,20261005-010838-8084b01
2011,huber,dgp_dsale,1.1958181858062744e-06,20261005-010838-8084b01
2011,huber,dsale_dsga,-8.381903171539309e-08,20261005-010838-8084b01
2011,huber,sale_emp_gr1,-1.1436641216278076e-06,20261005-010838-8084b01
2011,huber,tangibility,-2.168118953704834e-06,20261005-010838-8084b01
2011,huber,kz_index,2.7194619178771973e-07,20261005-010838-8084b01
2011,huber,ocfq_saleq_std,2.6598572731018062e-06,20261005-010838-8084b01
2011,huber,cash_at,-7.184222340583801e-06,20261005-010838-8084b01
2011,huber,ni_ar1,-5.21540641784668e-08,20261005-010838-8084b01
2011,huber,ni_ivol,-3.3192336559295654e-06,20261005-010838-8084b01
2011,huber,earnings_variability,3.382563591003418e-06,20261005-010838-8084b01
2011,huber,aliq_at,-5.2638351917266846e-06,20261005-010838-8084b01
2011,huber,aliq_mat,2.98377126455307e-05,20261005-010838-8084b01
2011,huber,seas_1_1an,7.076188921928406e-06,20261005-010838-8084b01
2011,huber,seas_1_1na,5.260109901428223e-06,20261005-010838-8084b01
2011,huber,seas_2_5an,1.5702098608016968e-05,20261005-010838-8084b01
2011,huber,seas_2_5na,1.4211982488632202e-05,20261005-010838-8084b01
2011,huber,seas_6_10an,7.918104529380798e-06,20261005-010838-8084b01
2011,huber,seas_6_10na,1.8961727619171145e-06,20261005-010838-8084b01
2011,huber,seas_11_15an,1.4957040548324585e-06,20261005-010838-8084b01
2011,huber,seas_11_15na,1.788139343261719e-07,20261005-010838-8084b01
2011,huber,seas_16_20an,9.052455425262452e-07,20261005-010838-8084b01
2011,huber,seas_16_20na,-3.166496753692627e-08,20261005-010838-8084b01
2011,huber,market_equity,-1.6337260603904724e-05,20261005-010838-8084b01
2011,huber,ivol_ff3_21d,-2.3847445845603943e-05,20261005-010838-8084b01
2011,huber,ivol_capm_252d,3.0446797609329224e-05,20261005-010838-8084b01
2011,huber,ivol_capm_21d,0.00019714795053,20261005-010838-8084b01
2011,huber,ivol_hxz4_21d,0.0001385938376188,20261005-010838-8084b01
2011,huber,rvol_21d,-2.3134052753448486e-05,20261005-010838-8084b01
2011,huber,beta_60m,-5.327165126800537e-06,20261005-010838-8084b01
2011,huber,betabab_1260d,-1.7814338207244873e-05,20261005-010838-8084b01
2011,huber,beta_dimson_21d,-2.3711472749710083e-06,20261005-010838-8084b01
2011,huber,turnover_126d,6.054714322090149e-05,20261005-010838-8084b01
2011,huber,turnover_var_126d,2.6246532797813416e-05,20261005-010838-8084b01
2011,huber,dolvol_126d,9.158626198768616e-06,20261005-010838-8084b01
2011,huber,dolvol_var_126d,0.0001472309231758,20261005-010838-8084b01
2011,huber,prc,-1.6432255506515503e-05,20261005-010838-8084b01
2011,huber,ami_126d,-5.474314093589783e-06,20261005-010838-8084b01
2011,huber,zero_trades_21d,0.00031871907413,20261005-010838-8084b01
2011,huber,zero_trades_126d,9.41511243581772e-05,20261005-010838-8084b01
2011,huber,zero_trades_252d,3.3816322684288025e-05,20261005-010838-8084b01
2011,huber,rmax1_21d,1.341104507446289e-05,20261005-010838-8084b01
2011,huber,rskew_21d,-1.387670636177063e-06,20261005-010838-8084b01
2011,huber,iskew_capm_21d,7.35744833946228e-07,20261005-010838-8084b01
2011,huber,iskew_ff3_21d,1.2628734111785889e-06,20261005-010838-8084b01
2011,huber,iskew_hxz4_21d,-1.3597309589385986e-07,20261005-010838-8084b01
2011,huber,coskew_21d,2.380460500717163e-06,20261005-010838-8084b01
2011,huber,ret_1_0,-1.7587095499038696e-05,20261005-010838-8084b01
2011,huber,betadown_252d,-1.4230608940124512e-06,20261005-010838-8084b01
2011,huber,bidaskhl_21d,-1.5834346413612366e-05,20261005-010838-8084b01
2011,huber,ret_3_1,-6.699934601783752e-06,20261005-010838-8084b01
2011,huber,ret_9_1,2.7740374207496643e-05,20261005-010838-8084b01
2011,huber,ret_12_7,2.4044886231422424e-05,20261005-010838-8084b01
2011,huber,corr_1260d,-3.5837292671203613e-06,20261005-010838-8084b01
2011,huber,rmax5_21d,-9.153038263320925e-06,20261005-010838-8084b01
2011,huber,rmax5_rvol_21d,-5.764886736869812e-06,20261005-010838-8084b01
2011,huber,ni_be,4.472211003303528e-06,20261005-010838-8084b01
2011,huber,ocf_at,-1.4906749129295347e-05,20261005-010838-8084b01
2011,huber,ocf_at_chg1,-4.4703483581542975e-08,20261005-010838-8084b01
2011,huber,mispricing_perf,-8.046627044677734e-07,20261005-010838-8084b01
2011,huber,mispricing_mgmt,-1.823529601097107e-06,20261005-010838-8084b01
2011,huber,qmj,-1.7628073692321777e-05,20261005-010838-8084b01
2011,huber,qmj_prof,4.1428953409194946e-05,20261005-010838-8084b01
2011,huber,qmj_growth,1.6352161765098572e-05,20261005-010838-8084b01
2011,huber,qmj_safety,6.2640756368637085e-06,20261005-010838-8084b01
2013,huber,niq_su,7.450580596923828e-09,20261005-010838-8084b01
2013,huber,ret_6_1,5.45009970664978e-06,20261005-010838-8084b01
2013,huber,ret_12_1,2.9418617486953735e-05,20261005-010838-8084b01
2013,huber,saleq_su,-6.221234798431396e-07,20261005-010838-8084b01
2013,huber,tax_gr1a,-9.629875421524048e-07,20261005-010838-8084b01
2013,huber,ni_inc8q,6.48200511932373e-07,20261005-010838-8084b01
2013,huber,prc_highprc_252d,1.2518838047981262e-05,20261005-010838-8084b01
2013,huber,resff3_6_1,5.420297384262085e-07,20261005-010838-8084b01
2013,huber,resff3_12_1,-3.95067036151886e-06,20261005-010838-8084b01
2013,huber,be_me,-4.455447196960449e-06,20261005-010838-8084b01
2013,huber,debt_me,-3.0174851417541504e-07,20261005-010838-8084b01
2013,huber,at_me,-6.128102540969849e-07,20261005-010838-8084b01
2013,huber,ret_60_12,1.8544495105743408e-05,20261005-010838-8084b01
2013,huber,ni_me,-2.8908252716064453e-06,20261005-010838-8084b01
2013,huber,fcf_me,-7.916241884231567e-07,20261005-010838-8084b01
2013,huber,div12m_me,-7.37607479095459e-07,20261005-010838-8084b01
2013,huber,eqpo_me,1.0829418897628784e-05,20261005-010838-8084b01
2013,huber,eqnpo_me,-3.077089786529541e-06,20261005-010838-8084b01
2013,huber,sale_gr3,-1.94646418094635e-06,20261005-010838-8084b01
2013,huber,sale_gr1,1.4118850231170654e-06,20261005-010838-8084b01
2013,huber,ebitda_mev,8.71904194355011e-06,20261005-010838-8084b01
2013,huber,sale_me,1.9492581486701965e-05,20261005-010838-8084b01
2013,huber,ocf_me,-5.066394805908203e-07,20261005-010838-8084b01
2013,huber,ival_me,-3.073364496231079e-07,20261005-010838-8084b01
2013,huber,bev_mev,-9.182840585708618e-07,20261005-010838-8084b01
2013,huber,netdebt_me,8.843839168548584e-06,20261005-010838-8084b01
2013,huber,eq_dur,-1.0773539543151855e-05,20261005-010838-8084b01
2013,huber,capex_abn,-2.328306436538697e-07,20261005-010838-8084b01
2013,huber,at_gr1,4.060566425323487e-07,20261005-010838-8084b01
2013,huber,ppeinv_gr1a,1.5776604413986206e-06,20261005-010838-8084b01
2013,huber,noa_at,1.0460615158081056e-05,20261005-010838-8084b01
2013,huber,noa_gr1a,3.539025783538819e-07,20261005-010838-8084b01
2013,huber,lnoa_gr1a,-8.381903171539309e-08,20261005-010838-8084b01
2013,huber,capx_gr1,-1.7099082469940186e-06,20261005-010838-8084b01
2013,huber,capx_gr2,-1.469627022743225e-06,20261005-010838-8084b01
2013,huber,capx_gr3,-7.748603820800781e-07,20261005-010838-8084b01
2013,huber,chcsho_12m,-4.5299530029296875e-06,20261005-010838-8084b01
2013,huber,eqnpo_12m,7.992610335350037e-06,20261005-010838-8084b01
2013,huber,debt_gr3,1.396983861923218e-07,20261005-010838-8084b01
2013,huber,inv_gr1,1.175329089164734e-06,20261005-010838-8084b01
2013,huber,inv_gr1a,-9.927898645401e-07,20261005-010838-8084b01
2013,huber,oaccruals_at,-1.924112439155578e-06,20261005-010838-8084b01
2013,huber,taccruals_at,7.171183824539185e-07,20261005-010838-8084b01
2013,huber,cowc_gr1a,1.527369022369385e-07,20261005-010838-8084b01
2013,huber,coa_gr1a,-2.4959444999694824e-07,20261005-010838-8084b01
2013,huber,col_gr1a,1.5813857316970823e-06,20261005-010838-8084b01
2013,huber,nncoa_gr1a,1.34296715259552e-06,20261005-010838-8084b01
2013,huber,ncoa_gr1a,3.7588179111480713e-06,20261005-010838-8084b01
2013,huber,ncol_gr1a,1.000240445137024e-06,20261005-010838-8084b01
2013,huber,nfna_gr1a,-1.1995434761047363e-06,20261005-010838-8084b01
2013,huber,sti_gr1a,1.1343508958816528e-06,20261005-010838-8084b01
2013,huber,lti_gr1a,5.662441253662109e-07,20261005-010838-8084b01
2013,huber,fnl_gr1a,-7.338821887969971e-07,20261005-010838-8084b01
2013,huber,be_gr1a,1.66967511177063e-05,20261005-010838-8084b01
2013,huber,oaccruals_ni,3.129243850708008e-07,20261005-010838-8084b01
2013,huber,taccruals_ni,1.0151416063308716e-06,20261005-010838-8084b01
2013,huber,netis_at,-3.725290298461914e-07,20261005-010838-8084b01
2013,huber,eqnetis_at,-3.0640512704849243e-06,20261005-010838-8084b01
2013,huber,dbnetis_at,-3.296881914138794e-07,20261005-010838-8084b01
2013,huber,niq_be,-4.0121376514434814e-06,20261005-010838-8084b01
2013,huber,niq_be_chg1,4.284083843231201e-08,20261005-010838-8084b01
2013,huber,niq_at,-5.2247196435928345e-06,20261005-010838-8084b01
2013,huber,niq_at_chg1,-1.6763806343078613e-08,20261005-010838-8084b01
2013,huber,ebit_bev,1.8971040844917297e-05,20261005-010838-8084b01
2013,huber,ebit_sale,-1.659989356994629e-05,20261005-010838-8084b01
2013,huber,sale_bev,1.266784965991974e-05,20261005-010838-8084b01
2013,huber,at_turnover,2.1997839212417603e-06,20261005-010838-8084b01
2013,huber,gp_at,2.6561319828033447e-05,20261005-010838-8084b01
2013,huber,gp_atl1,5.191192030906677e-06,20261005-010838-8084b01
2013,huber,ope_be,1.7900019884109495e-06,20261005-010838-8084b01
2013,huber,ope_bel1,7.953494787216187e-07,20261005-010838-8084b01
2013,huber,op_at,6.53974711894989e-06,20261005-010838-8084b01
2013,huber,op_atl1,5.811452865600586e-07,20261005-010838-8084b01
2013,huber,cop_at,3.6265701055526738e-06,20261005-010838-8084b01
2013,huber,cop_atl1,5.228444933891296e-06,20261005-010838-8084b01
2013,huber,f_score,4.954636096954346e-07,20261005-010838-8084b01
2013,huber,o_score,4.4444575905799866e-05,20261005-010838-8084b01
2013,huber,z_score,-1.862645149230957e-08,20261005-010838-8084b01
2013,huber,pi_nix,-5.21540641784668e-08,20261005-010838-8084b01
2013,huber,at_be,-1.8943101167678833e-06,20261005-010838-8084b01
2013,huber,saleq_gr1,9.20519232749939e-06,20261005-010838-8084b01
2013,huber,rd_me,2.2135674953460693e-05,20261005-010838-8084b01
2013,huber,rd_sale,-5.774199962615967e-07,20261005-010838-8084b01
2013,huber,opex_at,-9.94466245174408e-06,20261005-010838-8084b01
2013,huber,emp_gr1,3.766268491744995e-06,20261005-010838-8084b01
2013,huber,rd5_at,-7.450580596923828e-07,20261005-010838-8084b01
2013,huber,age,-8.381903171539309e-08,20261005-010838-8084b01
2013,huber,dsale_dinv,-2.205371856689453e-06,20261005-010838-8084b01
2013,huber,dsale_drec,1.0523945093154907e-06,20261005-010838-8084b01
2013,huber,dgp_dsale,-4.76837158203125e-07,20261005-010838-8084b01
2013,huber,dsale_dsga,1.730397343635559e-06,20261005-010838-8084b01
2013,huber,sale_emp_gr1,1.0989606380462646e-07,20261005-010838-8084b01
2013,huber,tangibility,4.284083843231201e-07,20261005-010838-8084b01
2013,huber,kz_index,1.3224780559539797e-06,20261005-010838-8084b01
2013,huber,ocfq_saleq_std,3.8743019104003906e-07,20261005-010838-8084b01
2013,huber,cash_at,1.0285526514053345e-05,20261005-010838-8084b01
2013,huber,ni_ar1,-5.513429641723633e-07,20261005-010838-8084b01
2013,huber,ni_ivol,5.666166543960571e-06,20261005-010838-8084b01
2013,huber,earnings_variability,-1.6707926988601685e-06,20261005-010838-8084b01
2013,huber,aliq_at,1.2945383787155151e-06,20261005-010838-8084b01
2013,huber,aliq_mat,1.5834346413612366e-05,20261005-010838-8084b01
2013,huber,seas_1_1an,-2.2687017917633057e-06,20261005-010838-8084b01
2013,huber,seas_1_1na,5.428493022918701e-05,20261005-010838-8084b01
2013,huber,seas_2_5an,1.0553747415542604e-05,20261005-010838-8084b01
2013,huber,seas_2_5na,2.127140760421753e-06,20261005-010838-8084b01
2013,huber,seas_6_10an,7.068738341331482e-06,20261005-010838-8084b01
2013,huber,seas_6_10na,4.116445779800415e-06,20261005-010838-8084b01
2013,huber,seas_11_15an,-1.5012919902801514e-06,20261005-010838-8084b01
2013,huber,seas_11_15na,-3.818422555923462e-07,20261005-010838-8084b01
2013,huber,seas_16_20an,1.8868595361709597e-06,20261005-010838-8084b01
2013,huber,seas_16_20na,-2.235174179077149e-07,20261005-010838-8084b01
2013,huber,market_equity,-1.2703239917755127e-06,20261005-010838-8084b01
2013,huber,ivol_ff3_21d,0.0001849867403507,20261005-010838-8084b01
2013,huber,ivol_capm_252d,-1.3181939721107485e-05,20261005-010838-8084b01
2013,huber,ivol_capm_21d,1.4269724488258362e-05,20261005-010838-8084b01
2013,huber,ivol_hxz4_21d,1.0609626770019531e-05,20261005-010838-8084b01
2013,huber,rvol_21d,3.538466989994049e-05,20261005-010838-8084b01
2013,huber,beta_60m,1.7117708921432495e-06,20261005-010838-8084b01
2013,huber,betabab_1260d,1.3880431652069092e-05,20261005-010838-8084b01
2013,huber,beta_dimson_21d,2.559274435043335e-06,20261005-010838-8084b01
2013,huber,turnover_126d,2.396106719970703e-05,20261005-010838-8084b01
2013,huber,turnover_var_126d,0.0002078302204608,20261005-010838-8084b01
2013,huber,dolvol_126d,-5.00120222568512e-06,20261005-010838-8084b01
2013,huber,dolvol_var_126d,8.225254714488983e-05,20261005-010838-8084b01
2013,huber,prc,3.0118972063064575e-06,20261005-010838-8084b01
2013,huber,ami_126d,2.5024637579917908e-05,20261005-010838-8084b01
2013,huber,zero_trades_21d,0.0003061946481466,20261005-010838-8084b01
2013,huber,zero_trades_126d,4.480406641960144e-05,20261005-010838-8084b01
2013,huber,zero_trades_252d,1.8952414393424988e-05,20261005-010838-8084b01
2013,huber,rmax1_21d,-1.4329329133033752e-05,20261005-010838-8084b01
2013,huber,rskew_21d,-1.5832483768463137e-06,20261005-010838-8084b01
2013,huber,iskew_capm_21d,6.709247827529907e-06,20261005-010838-8084b01
2013,huber,iskew_ff3_21d,6.18956983089447e-06,20261005-010838-8084b01
2013,huber,iskew_hxz4_21d,6.547197699546814e-06,20261005-010838-8084b01
2013,huber,coskew_21d,-7.394701242446899e-07,20261005-010838-8084b01
2013,huber,ret_1_0,-1.1956319212913511e-05,20261005-010838-8084b01
2013,huber,betadown_252d,8.475035429000854e-07,20261005-010838-8084b01
2013,huber,bidaskhl_21d,5.576759576797485e-06,20261005-010838-8084b01
2013,huber,ret_3_1,6.366521120071411e-06,20261005-010838-8084b01
2013,huber,ret_9_1,4.684552550315857e-06,20261005-010838-8084b01
2013,huber,ret_12_7,-2.421438694000244e-07,20261005-010838-8084b01
2013,huber,corr_1260d,1.1207535862922668e-05,20261005-010838-8084b01
2013,huber,rmax5_21d,1.7900019884109495e-06,20261005-010838-8084b01
2013,huber,rmax5_rvol_21d,5.5693089962005615e-06,20261005-010838-8084b01
2013,huber,ni_be,-4.000961780548096e-06,20261005-010838-8084b01
2013,huber,ocf_at,1.352466642856598e-05,20261005-010838-8084b01
2013,huber,ocf_at_chg1,-6.891787052154541e-08,20261005-010838-8084b01
2013,huber,mispricing_perf,3.03611159324646e-06,20261005-010838-8084b01
2013,huber,mispricing_mgmt,3.548339009284973e-06,20261005-010838-8084b01
2013,huber,qmj,5.037523806095123e-05,20261005-010838-8084b01
2013,huber,qmj_prof,-4.55416738986969e-06,20261005-010838-8084b01
2013,huber,qmj_growth,4.0959566831588745e-06,20261005-010838-8084b01
2013,huber,qmj_safety,-5.31412661075592e-06,20261005-010838-8084b01
2015,huber,niq_su,-2.1979212760925293e-07,20261005-010838-8084b01
2015,huber,ret_6_1,3.9637088775634766e-06,20261005-010838-8084b01
2015,huber,ret_12_1,5.056336522102356e-05,20261005-010838-8084b01
2015,huber,saleq_su,3.6098062992095943e-06,20261005-010838-8084b01
2015,huber,tax_gr1a,1.8551945686340332e-06,20261005-010838-8084b01
2015,huber,ni_inc8q,3.3527612686157227e-08,20261005-010838-8084b01
2015,huber,prc_highprc_252d,0.0001256614923477,20261005-010838-8084b01
2015,huber,resff3_6_1,4.805624485015869e-06,20261005-010838-8084b01
2015,huber,resff3_12_1,-7.562339305877686e-07,20261005-010838-8084b01
2015,huber,be_me,-1.870468258857727e-05,20261005-010838-8084b01
2015,huber,debt_me,1.8011778593063354e-05,20261005-010838-8084b01
2015,huber,at_me,-8.597970008850098e-06,20261005-010838-8084b01
2015,huber,ret_60_12,-1.5556812286376953e-05,20261005-010838-8084b01
2015,huber,ni_me,-2.7976930141448975e-06,20261005-010838-8084b01
2015,huber,fcf_me,1.2516975402832031e-06,20261005-010838-8084b01
2015,huber,div12m_me,1.3150274753570557e-06,20261005-010838-8084b01
2015,huber,eqpo_me,3.598630428314209e-06,20261005-010838-8084b01
2015,huber,eqnpo_me,-7.860362529754639e-07,20261005-010838-8084b01
2015,huber,sale_gr3,5.602836608886719e-06,20261005-010838-8084b01
2015,huber,sale_gr1,-4.995614290237427e-06,20261005-010838-8084b01
2015,huber,ebitda_mev,5.9194862842559814e-06,20261005-010838-8084b01
2015,huber,sale_me,-2.7876347303390503e-05,20261005-010838-8084b01
2015,huber,ocf_me,-8.955597877502441e-06,20261005-010838-8084b01
2015,huber,ival_me,-3.427267074584961e-07,20261005-010838-8084b01
2015,huber,bev_mev,-1.8596649169921875e-05,20261005-010838-8084b01
2015,huber,netdebt_me,3.897771239280701e-05,20261005-010838-8084b01
2015,huber,eq_dur,-1.0281801223754885e-06,20261005-010838-8084b01
2015,huber,capex_abn,7.040798664093018e-07,20261005-010838-8084b01
2015,huber,at_gr1,5.826354026794434e-06,20261005-010838-8084b01
2015,huber,ppeinv_gr1a,-5.21540641784668e-08,20261005-010838-8084b01
2015,huber,noa_at,2.0798295736312863e-05,20261005-010838-8084b01
2015,huber,noa_gr1a,5.342066287994385e-06,20261005-010838-8084b01
2015,huber,lnoa_gr1a,-1.5795230865478516e-06,20261005-010838-8084b01
2015,huber,capx_gr1,-2.1830201148986816e-06,20261005-010838-8084b01
2015,huber,capx_gr2,-4.0121376514434814e-06,20261005-010838-8084b01
2015,huber,capx_gr3,9.201467037200928e-07,20261005-010838-8084b01
2015,huber,chcsho_12m,7.037073373794556e-06,20261005-010838-8084b01
2015,huber,eqnpo_12m,1.341104507446289e-06,20261005-010838-8084b01
2015,huber,debt_gr3,-2.235174179077149e-07,20261005-010838-8084b01
2015,huber,inv_gr1,5.550682544708252e-07,20261005-010838-8084b01
2015,huber,inv_gr1a,-3.978610038757324e-06,20261005-010838-8084b01
2015,huber,oaccruals_at,-7.37607479095459e-07,20261005-010838-8084b01
2015,huber,taccruals_at,-2.9690563678741455e-06,20261005-010838-8084b01
2015,huber,cowc_gr1a,4.805624485015869e-07,20261005-010838-8084b01
2015,huber,coa_gr1a,-5.155801773071289e-06,20261005-010838-8084b01
2015,huber,col_gr1a,2.995133399963379e-06,20261005-010838-8084b01
2015,huber,nncoa_gr1a,3.371387720108032e-06,20261005-010838-8084b01
2015,huber,ncoa_gr1a,-5.0067901611328125e-06,20261005-010838-8084b01
2015,huber,ncol_gr1a,2.7194619178771973e-06,20261005-010838-8084b01
2015,huber,nfna_gr1a,6.034970283508301e-07,20261005-010838-8084b01
2015,huber,sti_gr1a,-2.6300549507141113e-06,20261005-010838-8084b01
2015,huber,lti_gr1a,-1.6987323760986328e-06,20261005-010838-8084b01
2015,huber,fnl_gr1a,-2.4586915969848633e-07,20261005-010838-8084b01
2015,huber,be_gr1a,-2.127140760421753e-06,20261005-010838-8084b01
2015,huber,oaccruals_ni,-1.8440186977386477e-06,20261005-010838-8084b01
2015,huber,taccruals_ni,6.970018148422241e-06,20261005-010838-8084b01
2015,huber,netis_at,-7.040798664093018e-07,20261005-010838-8084b01
2015,huber,eqnetis_at,2.793967723846436e-07,20261005-010838-8084b01
2015,huber,dbnetis_at,3.468245267868042e-06,20261005-010838-8084b01
2015,huber,niq_be,1.617521047592163e-05,20261005-010838-8084b01
2015,huber,niq_be_chg1,-2.309679985046387e-07,20261005-010838-8084b01
2015,huber,niq_at,1.677870750427246e-05,20261005-010838-8084b01
2015,huber,niq_at_chg1,7.711350917816162e-07,20261005-010838-8084b01
2015,huber,ebit_bev,-1.0542571544647217e-05,20261005-010838-8084b01
2015,huber,ebit_sale,1.3139098882675173e-05,20261005-010838-8084b01
2015,huber,sale_bev,4.1387975215911865e-06,20261005-010838-8084b01
2015,huber,at_turnover,1.2550503015518188e-05,20261005-010838-8084b01
2015,huber,gp_at,9.242445230484009e-06,20261005-010838-8084b01
2015,huber,gp_atl1,5.554407835006714e-06,20261005-010838-8084b01
2015,huber,ope_be,3.390014171600342e-07,20261005-010838-8084b01
2015,huber,ope_bel1,1.1138617992401123e-06,20261005-010838-8084b01
2015,huber,op_at,1.627206802368164e-05,20261005-010838-8084b01
2015,huber,op_atl1,1.5381723642349243e-05,20261005-010838-8084b01
2015,huber,cop_at,-5.465000867843628e-06,20261005-010838-8084b01
2015,huber,cop_atl1,5.029141902923584e-06,20261005-010838-8084b01
2015,huber,f_score,-2.384185791015625e-07,20261005-010838-8084b01
2015,huber,o_score,1.1123716831207275e-05,20261005-010838-8084b01
2015,huber,z_score,-7.070600986480713e-06,20261005-010838-8084b01
2015,huber,pi_nix,-3.725290298461914e-09,20261005-010838-8084b01
2015,huber,at_be,4.462897777557373e-06,20261005-010838-8084b01
2015,huber,saleq_gr1,1.988932490348816e-05,20261005-010838-8084b01
2015,huber,rd_me,2.4393200874328613e-05,20261005-010838-8084b01
2015,huber,rd_sale,-3.948807716369629e-07,20261005-010838-8084b01
2015,huber,opex_at,1.30385160446167e-07,20261005-010838-8084b01
2015,huber,emp_gr1,8.180737495422363e-06,20261005-010838-8084b01
2015,huber,rd5_at,-1.3969838619232178e-06,20261005-010838-8084b01
2015,huber,age,-1.3783574104309082e-07,20261005-010838-8084b01
2015,huber,dsale_dinv,-3.315508365631104e-07,20261005-010838-8084b01
2015,huber,dsale_drec,1.2852251529693604e-06,20261005-010838-8084b01
2015,huber,dgp_dsale,3.919005393981934e-06,20261005-010838-8084b01
2015,huber,dsale_dsga,2.644956111907959e-07,20261005-010838-8084b01
2015,huber,sale_emp_gr1,-1.0654330253601074e-06,20261005-010838-8084b01
2015,huber,tangibility,-5.438923835754395e-07,20261005-010838-8084b01
2015,huber,kz_index,3.255903720855713e-06,20261005-010838-8084b01
2015,huber,ocfq_saleq_std,-8.195638656616212e-08,20261005-010838-8084b01
2015,huber,cash_at,1.216307282447815e-05,20261005-010838-8084b01
2015,huber,ni_ar1,-6.258487701416016e-07,20261005-010838-8084b01
2015,huber,ni_ivol,-1.8700957298278809e-06,20261005-010838-8084b01
2015,huber,earnings_variability,2.5033950805664062e-06,20261005-010838-8084b01
2015,huber,aliq_at,9.749084711074827e-06,20261005-010838-8084b01
2015,huber,aliq_mat,3.470480442047119e-05,20261005-010838-8084b01
2015,huber,seas_1_1an,1.2703239917755129e-05,20261005-010838-8084b01
2015,huber,seas_1_1na,-8.15466046333313e-06,20261005-010838-8084b01
2015,huber,seas_2_5an,2.529844641685486e-05,20261005-010838-8084b01
2015,huber,seas_2_5na,1.2278556823730469e-05,20261005-010838-8084b01
2015,huber,seas_6_10an,-1.7173588275909424e-06,20261005-010838-8084b01
2015,huber,seas_6_10na,4.43682074546814e-06,20261005-010838-8084b01
2015,huber,seas_11_15an,4.779547452926636e-06,20261005-010838-8084b01
2015,huber,seas_11_15na,5.885958671569824e-07,20261005-010838-8084b01
2015,huber,seas_16_20an,-1.6987323760986328e-06,20261005-010838-8084b01
2015,huber,seas_16_20na,1.564621925354004e-07,20261005-010838-8084b01
2015,huber,market_equity,-5.498528480529785e-06,20261005-010838-8084b01
2015,huber,ivol_ff3_21d,6.649643182754517e-06,20261005-010838-8084b01
2015,huber,ivol_capm_252d,9.819865226745604e-06,20261005-010838-8084b01
2015,huber,ivol_capm_21d,0.0001457594335079,20261005-010838-8084b01
2015,huber,ivol_hxz4_21d,8.50781798362732e-05,20261005-010838-8084b01
2015,huber,rvol_21d,-1.566484570503235e-05,20261005-010838-8084b01
2015,huber,beta_60m,-8.996576070785522e-06,20261005-010838-8084b01
2015,huber,betabab_1260d,-1.5716999769210815e-05,20261005-010838-8084b01
2015,huber,beta_dimson_21d,-1.8477439880371096e-06,20261005-010838-8084b01
2015,huber,turnover_126d,5.772337317466736e-05,20261005-010838-8084b01
2015,huber,turnover_var_126d,7.107481360435486e-05,20261005-010838-8084b01
2015,huber,dolvol_126d,5.964189767837524e-06,20261005-010838-8084b01
2015,huber,dolvol_var_126d,6.115809082984924e-05,20261005-010838-8084b01
2015,huber,prc,-1.2960284948349e-05,20261005-010838-8084b01
2015,huber,ami_126d,-2.1830201148986816e-06,20261005-010838-8084b01
2015,huber,zero_trades_21d,0.0002697445452213,20261005-010838-8084b01
2015,huber,zero_trades_126d,6.195902824401855e-05,20261005-010838-8084b01
2015,huber,zero_trades_252d,2.7339905500411987e-05,20261005-010838-8084b01
2015,huber,rmax1_21d,1.4957040548324583e-05,20261005-010838-8084b01
2015,huber,rskew_21d,-6.966292858123779e-07,20261005-010838-8084b01
2015,huber,iskew_capm_21d,2.205371856689453e-06,20261005-010838-8084b01
2015,huber,iskew_ff3_21d,5.4836273193359375e-06,20261005-010838-8084b01
2015,huber,iskew_hxz4_21d,3.4905970096588135e-06,20261005-010838-8084b01
2015,huber,coskew_21d,-2.831220626831055e-07,20261005-010838-8084b01
2015,huber,ret_1_0,2.0500272512435913e-05,20261005-010838-8084b01
2015,huber,betadown_252d,-6.258487701416016e-07,20261005-010838-8084b01
2015,huber,bidaskhl_21d,-6.444752216339111e-06,20261005-010838-8084b01
2015,huber,ret_3_1,-3.3229589462280273e-06,20261005-010838-8084b01
2015,huber,ret_9_1,3.416091203689575e-05,20261005-010838-8084b01
2015,huber,ret_12_7,2.6110559701919556e-05,20261005-010838-8084b01
2015,huber,corr_1260d,-4.3958425521850586e-07,20261005-010838-8084b01
2015,huber,rmax5_21d,-5.319714546203613e-06,20261005-010838-8084b01
2015,huber,rmax5_rvol_21d,1.3597309589385986e-05,20261005-010838-8084b01
2015,huber,ni_be,8.042901754379272e-06,20261005-010838-8084b01
2015,huber,ocf_at,2.3923814296722412e-05,20261005-010838-8084b01
2015,huber,ocf_at_chg1,2.831220626831055e-07,20261005-010838-8084b01
2015,huber,mispricing_perf,3.166496753692627e-07,20261005-010838-8084b01
2015,huber,mispricing_mgmt,6.925314664840698e-06,20261005-010838-8084b01
2015,huber,qmj,-1.564621925354004e-05,20261005-010838-8084b01
2015,huber,qmj_prof,5.826354026794434e-06,20261005-010838-8084b01
2015,huber,qmj_growth,2.002716064453125e-05,20261005-010838-8084b01
2015,huber,qmj_safety,4.693865776062012e-06,20261005-010838-8084b01
2017,huber,niq_su,-2.9802322387695312e-08,20261005-010838-8084b01
2017,huber,ret_6_1,-4.712492227554322e-07,20261005-010838-8084b01
2017,huber,ret_12_1,8.182600140571594e-06,20261005-010838-8084b01
2017,huber,saleq_su,2.643093466758728e-06,20261005-010838-8084b01
2017,huber,tax_gr1a,1.4994293451309204e-06,20261005-010838-8084b01
2017,huber,ni_inc8q,3.576278686523438e-07,20261005-010838-8084b01
2017,huber,prc_highprc_252d,5.680695176124573e-05,20261005-010838-8084b01
2017,huber,resff3_6_1,-2.738088369369507e-07,20261005-010838-8084b01
2017,huber,resff3_12_1,-2.86102294921875e-06,20261005-010838-8084b01
2017,huber,be_me,-8.812174201011658e-06,20261005-010838-8084b01
2017,huber,debt_me,1.7706304788589478e-05,20261005-010838-8084b01
2017,huber,at_me,-1.7898157238960266e-05,20261005-010838-8084b01
2017,huber,ret_60_12,-2.0153820514678955e-06,20261005-010838-8084b01
2017,huber,ni_me,2.8777867555618286e-06,20261005-010838-8084b01
2017,huber,fcf_me,-4.194676876068115e-06,20261005-010838-8084b01
2017,huber,div12m_me,-5.811452865600586e-07,20261005-010838-8084b01
2017,huber,eqpo_me,1.033209264278412e-05,20261005-010838-8084b01
2017,huber,eqnpo_me,-1.5050172805786133e-06,20261005-010838-8084b01
2017,huber,sale_gr3,4.218891263008118e-06,20261005-010838-8084b01
2017,huber,sale_gr1,-6.59748911857605e-06,20261005-010838-8084b01
2017,huber,ebitda_mev,7.975846529006958e-06,20261005-010838-8084b01
2017,huber,sale_me,-1.5905126929283142e-05,20261005-010838-8084b01
2017,huber,ocf_me,-1.2852251529693604e-05,20261005-010838-8084b01
2017,huber,ival_me,6.798654794692993e-07,20261005-010838-8084b01
2017,huber,bev_mev,-1.7873942852020264e-05,20261005-010838-8084b01
2017,huber,netdebt_me,3.6036595702171326e-05,20261005-010838-8084b01
2017,huber,eq_dur,-3.851950168609619e-06,20261005-010838-8084b01
2017,huber,capex_abn,1.2293457984924316e-07,20261005-010838-8084b01
2017,huber,at_gr1,3.157183527946472e-06,20261005-010838-8084b01
2017,huber,ppeinv_gr1a,-1.287087798118591e-06,20261005-010838-8084b01
2017,huber,noa_at,1.5875324606895447e-05,20261005-010838-8084b01
2017,huber,noa_gr1a,6.724148988723755e-06,20261005-010838-8084b01
2017,huber,lnoa_gr1a,-1.86823308467865e-06,20261005-010838-8084b01
2017,huber,capx_gr1,-2.2854655981063843e-06,20261005-010838-8084b01
2017,huber,capx_gr2,-2.551823854446411e-06,20261005-010838-8084b01
2017,huber,capx_gr3,3.168359398841858e-06,20261005-010838-8084b01
2017,huber,chcsho_12m,3.1106173992156982e-06,20261005-010838-8084b01
2017,huber,eqnpo_12m,1.7192214727401731e-06,20261005-010838-8084b01
2017,huber,debt_gr3,3.4831464290618896e-07,20261005-010838-8084b01
2017,huber,inv_gr1,7.655471563339233e-07,20261005-010838-8084b01
2017,huber,inv_gr1a,-2.520158886909485e-06,20261005-010838-8084b01
2017,huber,oaccruals_at,-1.1920928955078125e-07,20261005-010838-8084b01
2017,huber,taccruals_at,3.1795352697372437e-06,20261005-010838-8084b01
2017,huber,cowc_gr1a,8.940696716308596e-08,20261005-010838-8084b01
2017,huber,coa_gr1a,-7.092952728271484e-06,20261005-010838-8084b01
2017,huber,col_gr1a,4.507601261138916e-06,20261005-010838-8084b01
2017,huber,nncoa_gr1a,2.028420567512512e-06,20261005-010838-8084b01
2017,huber,ncoa_gr1a,-4.338100552558899e-06,20261005-010838-8084b01
2017,huber,ncol_gr1a,2.129003405570984e-06,20261005-010838-8084b01
2017,huber,nfna_gr1a,-4.2710453271865845e-06,20261005-010838-8084b01
2017,huber,sti_gr1a,1.1920928955078125e-07,20261005-010838-8084b01
2017,huber,lti_gr1a,-4.302710294723511e-07,20261005-010838-8084b01
2017,huber,fnl_gr1a,-7.953494787216187e-07,20261005-010838-8084b01
2017,huber,be_gr1a,3.842636942863464e-06,20261005-010838-8084b01
2017,huber,oaccruals_ni,-1.4156103134155271e-06,20261005-010838-8084b01
2017,huber,taccruals_ni,2.8926879167556763e-06,20261005-010838-8084b01
2017,huber,netis_at,-4.302710294723511e-07,20261005-010838-8084b01
2017,huber,eqnetis_at,-1.3802200555801392e-06,20261005-010838-8084b01
2017,huber,dbnetis_at,1.5459954738616943e-06,20261005-010838-8084b01
2017,huber,niq_be,-2.8870999813079834e-06,20261005-010838-8084b01
2017,huber,niq_be_chg1,-3.46451997756958e-07,20261005-010838-8084b01
2017,huber,niq_at,9.909272193908691e-07,20261005-010838-8084b01
2017,huber,niq_at_chg1,-4.78699803352356e-07,20261005-010838-8084b01
2017,huber,ebit_bev,1.2332573533058168e-05,20261005-010838-8084b01
2017,huber,ebit_sale,-2.736225724220276e-06,20261005-010838-8084b01
2017,huber,sale_bev,7.0463865995407104e-06,20261005-010838-8084b01
2017,huber,at_turnover,4.120171070098877e-06,20261005-010838-8084b01
2017,huber,gp_at,3.902241587638855e-06,20261005-010838-8084b01
2017,huber,gp_atl1,5.219131708145142e-06,20261005-010838-8084b01
2017,huber,ope_be,6.51925802230835e-07,20261005-010838-8084b01
2017,huber,ope_bel1,-8.866190910339355e-07,20261005-010838-8084b01
2017,huber,op_at,1.9177794456481937e-05,20261005-010838-8084b01
2017,huber,op_atl1,1.0052695870399477e-05,20261005-010838-8084b01
2017,huber,cop_at,-2.849847078323364e-07,20261005-010838-8084b01
2017,huber,cop_atl1,1.257285475730896e-06,20261005-010838-8084b01
2017,huber,f_score,1.603737473487854e-06,20261005-010838-8084b01
2017,huber,o_score,2.5566667318344116e-05,20261005-010838-8084b01
2017,huber,z_score,-2.475455403327942e-06,20261005-010838-8084b01
2017,huber,pi_nix,-3.986060619354248e-07,20261005-010838-8084b01
2017,huber,at_be,1.45789235830307e-05,20261005-010838-8084b01
2017,huber,saleq_gr1,2.354755997657776e-05,20261005-010838-8084b01
2017,huber,rd_me,1.6285106539726257e-05,20261005-010838-8084b01
2017,huber,rd_sale,1.30385160446167e-08,20261005-010838-8084b01
2017,huber,opex_at,-5.960464477539062e-07,20261005-010838-8084b01
2017,huber,emp_gr1,8.124858140945435e-06,20261005-010838-8084b01
2017,huber,rd5_at,-9.08970832824707e-07,20261005-010838-8084b01
2017,huber,age,-7.245689630508423e-07,20261005-010838-8084b01
2017,huber,dsale_dinv,-1.728534698486328e-06,20261005-010838-8084b01
2017,huber,dsale_drec,2.468004822731018e-06,20261005-010838-8084b01
2017,huber,dgp_dsale,4.470348358154297e-07,20261005-010838-8084b01
2017,huber,dsale_dsga,1.4845281839370728e-06,20261005-010838-8084b01
2017,huber,sale_emp_gr1,-1.857057213783264e-06,20261005-010838-8084b01
2017,huber,tangibility,1.6186386346817017e-06,20261005-010838-8084b01
2017,huber,kz_index,2.272427082061768e-07,20261005-010838-8084b01
2017,huber,ocfq_saleq_std,5.848705768585205e-07,20261005-010838-8084b01
2017,huber,cash_at,1.959130167961121e-05,20261005-010838-8084b01
2017,huber,ni_ar1,-7.636845111846925e-08,20261005-010838-8084b01
2017,huber,ni_ivol,7.413327693939209e-07,20261005-010838-8084b01
2017,huber,earnings_variability,4.6566128730773926e-08,20261005-010838-8084b01
2017,huber,aliq_at,8.013099431991577e-06,20261005-010838-8084b01
2017,huber,aliq_mat,2.0841136574745175e-05,20261005-010838-8084b01
2017,huber,seas_1_1an,-7.774680852890015e-06,20261005-010838-8084b01
2017,huber,seas_1_1na,1.9803643226623535e-05,20261005-010838-8084b01
2017,huber,seas_2_5an,1.3861805200576782e-05,20261005-010838-8084b01
2017,huber,seas_2_5na,1.3981014490127563e-05,20261005-010838-8084b01
2017,huber,seas_6_10an,9.313225746154784e-07,20261005-010838-8084b01
2017,huber,seas_6_10na,-4.861503839492798e-06,20261005-010838-8084b01
2017,huber,seas_11_15an,1.6242265701293943e-06,20261005-010838-8084b01
2017,huber,seas_11_15na,7.431954145431519e-07,20261005-010838-8084b01
2017,huber,seas_16_20an,-3.278255462646485e-07,20261005-010838-8084b01
2017,huber,seas_16_20na,-1.2293457984924316e-07,20261005-010838-8084b01
2017,huber,market_equity,-7.729977369308472e-07,20261005-010838-8084b01
2017,huber,ivol_ff3_21d,9.170174598693848e-05,20261005-010838-8084b01
2017,huber,ivol_capm_252d,9.98377799987793e-07,20261005-010838-8084b01
2017,huber,ivol_capm_21d,8.012168109416962e-05,20261005-010838-8084b01
2017,huber,ivol_hxz4_21d,2.5646761059761047e-05,20261005-010838-8084b01
2017,huber,rvol_21d,1.4612451195716858e-05,20261005-010838-8084b01
2017,huber,beta_60m,9.480863809585572e-07,20261005-010838-8084b01
2017,huber,betabab_1260d,-1.7881393432617188e-06,20261005-010838-8084b01
2017,huber,beta_dimson_21d,-1.173466444015503e-06,20261005-010838-8084b01
2017,huber,turnover_126d,2.915598452091217e-05,20261005-010838-8084b01
2017,huber,turnover_var_126d,9.628571569919586e-05,20261005-010838-8084b01
2017,huber,dolvol_126d,3.764405846595764e-06,20261005-010838-8084b01
2017,huber,dolvol_var_126d,8.201971650123596e-05,20261005-010838-8084b01
2017,huber,prc,-1.96695327758789e-06,20261005-010838-8084b01
2017,huber,ami_126d,-4.693865776062012e-07,20261005-010838-8084b01
2017,huber,zero_trades_21d,0.0002858024090528,20261005-010838-8084b01
2017,huber,zero_trades_126d,4.9132853746414185e-05,20261005-010838-8084b01
2017,huber,zero_trades_252d,1.642853021621704e-05,20261005-010838-8084b01
2017,huber,rmax1_21d,-1.862645149230957e-07,20261005-010838-8084b01
2017,huber,rskew_21d,-7.711350917816162e-07,20261005-010838-8084b01
2017,huber,iskew_capm_21d,1.7862766981124878e-06,20261005-010838-8084b01
2017,huber,iskew_ff3_21d,6.293877959251404e-06,20261005-010838-8084b01
2017,huber,iskew_hxz4_21d,2.469867467880249e-06,20261005-010838-8084b01
2017,huber,coskew_21d,-5.587935447692871e-09,20261005-010838-8084b01
2017,huber,ret_1_0,5.39049506187439e-06,20261005-010838-8084b01
2017,huber,betadown_252d,7.580965757369995e-07,20261005-010838-8084b01
2017,huber,bidaskhl_21d,1.695007085800171e-06,20261005-010838-8084b01
2017,huber,ret_3_1,2.08243727684021e-06,20261005-010838-8084b01
2017,huber,ret_9_1,1.559033989906311e-06,20261005-010838-8084b01
2017,huber,ret_12_7,-1.9818544387817383e-06,20261005-010838-8084b01
2017,huber,corr_1260d,9.927898645401e-07,20261005-010838-8084b01
2017,huber,rmax5_21d,6.332993507385254e-06,20261005-010838-8084b01
2017,huber,rmax5_rvol_21d,-3.3695250749588013e-06,20261005-010838-8084b01
2017,huber,ni_be,-4.451721906661988e-07,20261005-010838-8084b01
2017,huber,ocf_at,9.492039680480955e-06,20261005-010838-8084b01
2017,huber,ocf_at_chg1,8.847564458847046e-07,20261005-010838-8084b01
2017,huber,mispricing_perf,-6.593763828277588e-07,20261005-010838-8084b01
2017,huber,mispricing_mgmt,4.393979907035828e-06,20261005-010838-8084b01
2017,huber,qmj,1.848675310611725e-05,20261005-010838-8084b01
2017,huber,qmj_prof,1.30385160446167e-06,20261005-010838-8084b01
2017,huber,qmj_growth,-1.7564743757247925e-06,20261005-010838-8084b01
2017,huber,qmj_safety,1.301988959312439e-06,20261005-010838-8084b01
2019,huber,niq_su,-3.576278686523438e-07,20261005-010838-8084b01
2019,huber,ret_6_1,-1.325458288192749e-05,20261005-010838-8084b01
2019,huber,ret_12_1,-9.279698133468628e-06,20261005-010838-8084b01
2019,huber,saleq_su,6.109476089477539e-07,20261005-010838-8084b01
2019,huber,tax_gr1a,-5.960464477539062e-07,20261005-010838-8084b01
2019,huber,ni_inc8q,2.4959444999694824e-07,20261005-010838-8084b01
2019,huber,prc_highprc_252d,-2.6971101760864258e-06,20261005-010838-8084b01
2019,huber,resff3_6_1,4.433095455169678e-06,20261005-010838-8084b01
2019,huber,resff3_12_1,-1.8671154975891113e-05,20261005-010838-8084b01
2019,huber,be_me,1.1920928955078125e-07,20261005-010838-8084b01
2019,huber,debt_me,1.0214745998382568e-05,20261005-010838-8084b01
2019,huber,at_me,-5.472451448440552e-06,20261005-010838-8084b01
2019,huber,ret_60_12,-6.966292858123779e-06,20261005-010838-8084b01
2019,huber,ni_me,-3.5017728805541992e-06,20261005-010838-8084b01
2019,huber,fcf_me,-2.4922192096710205e-06,20261005-010838-8084b01
2019,huber,div12m_me,-7.562339305877686e-07,20261005-010838-8084b01
2019,huber,eqpo_me,1.4349818229675291e-05,20261005-010838-8084b01
2019,huber,eqnpo_me,-1.0464340448379517e-05,20261005-010838-8084b01
2019,huber,sale_gr3,1.4416873455047607e-06,20261005-010838-8084b01
2019,huber,sale_gr1,1.0952353477478027e-06,20261005-010838-8084b01
2019,huber,ebitda_mev,-3.576278686523438e-07,20261005-010838-8084b01
2019,huber,sale_me,-1.6629695892333984e-05,20261005-010838-8084b01
2019,huber,ocf_me,-2.286583185195923e-05,20261005-010838-8084b01
2019,huber,ival_me,1.944601535797119e-06,20261005-010838-8084b01
2019,huber,bev_mev,-1.2081116437911987e-05,20261005-010838-8084b01
2019,huber,netdebt_me,1.1652708053588867e-05,20261005-010838-8084b01
2019,huber,eq_dur,-5.912035703659058e-06,20261005-010838-8084b01
2019,huber,capex_abn,4.4703483581542975e-08,20261005-010838-8084b01
2019,huber,at_gr1,9.685754776000977e-07,20261005-010838-8084b01
2019,huber,ppeinv_gr1a,-4.246830940246582e-07,20261005-010838-8084b01
2019,huber,noa_at,1.6223639249801636e-05,20261005-010838-8084b01
2019,huber,noa_gr1a,1.1399388313293457e-06,20261005-010838-8084b01
2019,huber,lnoa_gr1a,-1.6242265701293943e-06,20261005-010838-8084b01
2019,huber,capx_gr1,2.5369226932525635e-06,20261005-010838-8084b01
2019,huber,capx_gr2,1.4901161193847656e-07,20261005-010838-8084b01
2019,huber,capx_gr3,-9.238719940185548e-07,20261005-010838-8084b01
2019,huber,chcsho_12m,-4.556030035018921e-06,20261005-010838-8084b01
2019,huber,eqnpo_12m,1.4271587133407593e-05,20261005-010838-8084b01
2019,huber,debt_gr3,-4.5709311962127686e-06,20261005-010838-8084b01
2019,huber,inv_gr1,3.91155481338501e-07,20261005-010838-8084b01
2019,huber,inv_gr1a,-2.998858690261841e-06,20261005-010838-8084b01
2019,huber,oaccruals_at,2.9802322387695312e-08,20261005-010838-8084b01
2019,huber,taccruals_at,4.023313522338867e-07,20261005-010838-8084b01
2019,huber,cowc_gr1a,2.123415470123291e-07,20261005-010838-8084b01
2019,huber,coa_gr1a,1.5683472156524658e-06,20261005-010838-8084b01
2019,huber,col_gr1a,7.152557373046875e-07,20261005-010838-8084b01
2019,huber,nncoa_gr1a,1.4975666999816897e-06,20261005-010838-8084b01
2019,huber,ncoa_gr1a,-2.3096799850463867e-06,20261005-010838-8084b01
2019,huber,ncol_gr1a,6.295740604400635e-07,20261005-010838-8084b01
2019,huber,nfna_gr1a,-1.6391277313232425e-07,20261005-010838-8084b01
2019,huber,sti_gr1a,3.091990947723389e-07,20261005-010838-8084b01
2019,huber,lti_gr1a,7.37607479095459e-07,20261005-010838-8084b01
2019,huber,fnl_gr1a,-5.327165126800537e-06,20261005-010838-8084b01
2019,huber,be_gr1a,2.678483724594116e-06,20261005-010838-8084b01
2019,huber,oaccruals_ni,-1.475214958190918e-06,20261005-010838-8084b01
2019,huber,taccruals_ni,1.475214958190918e-06,20261005-010838-8084b01
2019,huber,netis_at,-1.3075768947601318e-06,20261005-010838-8084b01
2019,huber,eqnetis_at,-3.91155481338501e-07,20261005-010838-8084b01
2019,huber,dbnetis_at,1.9855797290802e-06,20261005-010838-8084b01
2019,huber,niq_be,-1.19134783744812e-05,20261005-010838-8084b01
2019,huber,niq_be_chg1,-1.7136335372924805e-07,20261005-010838-8084b01
2019,huber,niq_at,-9.812414646148682e-06,20261005-010838-8084b01
2019,huber,niq_at_chg1,4.0978193283081055e-08,20261005-010838-8084b01
2019,huber,ebit_bev,3.4749507904052734e-05,20261005-010838-8084b01
2019,huber,ebit_sale,-7.439404726028442e-06,20261005-010838-8084b01
2019,huber,sale_bev,6.370246410369873e-07,20261005-010838-8084b01
2019,huber,at_turnover,-2.9169023036956787e-06,20261005-010838-8084b01
2019,huber,gp_at,-2.8423964977264404e-06,20261005-010838-8084b01
2019,huber,gp_atl1,3.2879412174224854e-05,20261005-010838-8084b01
2019,huber,ope_be,5.014240741729736e-06,20261005-010838-8084b01
2019,huber,ope_bel1,-1.8849968910217283e-06,20261005-010838-8084b01
2019,huber,op_at,-2.3853033781051636e-05,20261005-010838-8084b01
2019,huber,op_atl1,-1.2267380952835085e-05,20261005-010838-8084b01
2019,huber,cop_at,-1.4923512935638428e-05,20261005-010838-8084b01
2019,huber,cop_atl1,7.938593626022339e-06,20261005-010838-8084b01
2019,huber,f_score,6.601214408874512e-06,20261005-010838-8084b01
2019,huber,o_score,5.973130464553833e-05,20261005-010838-8084b01
2019,huber,z_score,4.3585896492004395e-07,20261005-010838-8084b01
2019,huber,pi_nix,0.0,20261005-010838-8084b01
2019,huber,at_be,6.120651960372925e-06,20261005-010838-8084b01
2019,huber,saleq_gr1,7.1711838245391846e-06,20261005-010838-8084b01
2019,huber,rd_me,4.3176114559173584e-05,20261005-010838-8084b01
2019,huber,rd_sale,-1.7546117305755615e-06,20261005-010838-8084b01
2019,huber,opex_at,2.261251211166382e-06,20261005-010838-8084b01
2019,huber,emp_gr1,5.718320608139038e-06,20261005-010838-8084b01
2019,huber,rd5_at,-1.8961727619171145e-06,20261005-010838-8084b01
2019,huber,age,-1.7508864402771e-07,20261005-010838-8084b01
2019,huber,dsale_dinv,-1.5236437320709229e-06,20261005-010838-8084b01
2019,huber,dsale_drec,1.8291175365448e-06,20261005-010838-8084b01
2019,huber,dgp_dsale,-8.381903171539307e-07,20261005-010838-8084b01
2019,huber,dsale_dsga,-6.183981895446777e-07,20261005-010838-8084b01
2019,huber,sale_emp_gr1,-1.3075768947601318e-06,20261005-010838-8084b01
2019,huber,tangibility,3.129243850708008e-06,20261005-010838-8084b01
2019,huber,kz_index,1.6763806343078613e-07,20261005-010838-8084b01
2019,huber,ocfq_saleq_std,-7.301568984985352e-07,20261005-010838-8084b01
2019,huber,cash_at,1.7523765563964844e-05,20261005-010838-8084b01
2019,huber,ni_ar1,-2.346932888031006e-07,20261005-010838-8084b01
2019,huber,ni_ivol,1.471489667892456e-06,20261005-010838-8084b01
2019,huber,earnings_variability,-3.278255462646485e-07,20261005-010838-8084b01
2019,huber,aliq_at,1.642853021621704e-05,20261005-010838-8084b01
2019,huber,aliq_mat,1.453980803489685e-05,20261005-010838-8084b01
2019,huber,seas_1_1an,-6.970018148422241e-06,20261005-010838-8084b01
2019,huber,seas_1_1na,9.253248572349548e-05,20261005-010838-8084b01
2019,huber,seas_2_5an,-4.693865776062012e-07,20261005-010838-8084b01
2019,huber,seas_2_5na,5.561858415603638e-06,20261005-010838-8084b01
2019,huber,seas_6_10an,6.571412086486816e-06,20261005-010838-8084b01
2019,huber,seas_6_10na,-2.644956111907959e-07,20261005-010838-8084b01
2019,huber,seas_11_15an,-5.498528480529785e-06,20261005-010838-8084b01
2019,huber,seas_11_15na,1.5832483768463137e-06,20261005-010838-8084b01
2019,huber,seas_16_20an,2.730637788772583e-06,20261005-010838-8084b01
2019,huber,seas_16_20na,-1.2293457984924316e-07,20261005-010838-8084b01
2019,huber,market_equity,2.071261405944824e-06,20261005-010838-8084b01
2019,huber,ivol_ff3_21d,0.0001890324056148,20261005-010838-8084b01
2019,huber,ivol_capm_252d,-4.719942808151245e-06,20261005-010838-8084b01
2019,huber,ivol_capm_21d,1.1824071407318115e-05,20261005-010838-8084b01
2019,huber,ivol_hxz4_21d,4.827976226806641e-06,20261005-010838-8084b01
2019,huber,rvol_21d,2.273544669151306e-05,20261005-010838-8084b01
2019,huber,beta_60m,1.033395528793335e-05,20261005-010838-8084b01
2019,huber,betabab_1260d,1.5214085578918455e-05,20261005-010838-8084b01
2019,huber,beta_dimson_21d,7.107853889465332e-06,20261005-010838-8084b01
2019,huber,turnover_126d,2.0060688257217407e-05,20261005-010838-8084b01
2019,huber,turnover_var_126d,0.000136412680149,20261005-010838-8084b01
2019,huber,dolvol_126d,1.2740492820739746e-06,20261005-010838-8084b01
2019,huber,dolvol_var_126d,0.0001042895019054,20261005-010838-8084b01
2019,huber,prc,4.455447196960449e-06,20261005-010838-8084b01
2019,huber,ami_126d,5.431473255157471e-06,20261005-010838-8084b01
2019,huber,zero_trades_21d,0.0003122091293334,20261005-010838-8084b01
2019,huber,zero_trades_126d,3.70517373085022e-05,20261005-010838-8084b01
2019,huber,zero_trades_252d,3.2186508178710938e-06,20261005-010838-8084b01
2019,huber,rmax1_21d,-1.1317431926727297e-05,20261005-010838-8084b01
2019,huber,rskew_21d,-1.154839992523195e-07,20261005-010838-8084b01
2019,huber,iskew_capm_21d,2.056360244750977e-06,20261005-010838-8084b01
2019,huber,iskew_ff3_21d,6.195157766342163e-06,20261005-010838-8084b01
2019,huber,iskew_hxz4_21d,3.509223461151123e-06,20261005-010838-8084b01
2019,huber,coskew_21d,-5.513429641723633e-07,20261005-010838-8084b01
2019,huber,ret_1_0,1.5344470739364624e-05,20261005-010838-8084b01
2019,huber,betadown_252d,3.1813979148864746e-06,20261005-010838-8084b01
2019,huber,bidaskhl_21d,1.6093254089355469e-06,20261005-010838-8084b01
2019,huber,ret_3_1,1.1544674634933472e-05,20261005-010838-8084b01
2019,huber,ret_9_1,-7.860362529754639e-06,20261005-010838-8084b01
2019,huber,ret_12_7,-4.123896360397339e-06,20261005-010838-8084b01
2019,huber,corr_1260d,-5.550682544708252e-07,20261005-010838-8084b01
2019,huber,rmax5_21d,1.0695308446884155e-05,20261005-010838-8084b01
2019,huber,rmax5_rvol_21d,-5.0514936447143555e-06,20261005-010838-8084b01
2019,huber,ni_be,-5.323439836502075e-06,20261005-010838-8084b01
2019,huber,ocf_at,1.2967735528945925e-05,20261005-010838-8084b01
2019,huber,ocf_at_chg1,-1.773238182067871e-06,20261005-010838-8084b01
2019,huber,mispricing_perf,-1.8328428268432615e-06,20261005-010838-8084b01
2019,huber,mispricing_mgmt,3.3043324947357178e-06,20261005-010838-8084b01
2019,huber,qmj,4.509091377258301e-05,20261005-010838-8084b01
2019,huber,qmj_prof,-1.0259449481964111e-05,20261005-010838-8084b01
2019,huber,qmj_growth,5.02169132232666e-06,20261005-010838-8084b01
2019,huber,qmj_safety,-2.339482307434082e-06,20261005-010838-8084b01
2021,huber,niq_su,6.668269634246826e-07,20261005-010838-8084b01
2021,huber,ret_6_1,4.105269908905029e-06,20261005-010838-8084b01
2021,huber,ret_12_1,1.899898052215576e-06,20261005-010838-8084b01
2021,huber,saleq_su,-1.035630702972412e-06,20261005-010838-8084b01
2021,huber,tax_gr1a,-7.152557373046875e-07,20261005-010838-8084b01
2021,huber,ni_inc8q,-1.4901161193847656e-08,20261005-010838-8084b01
2021,huber,prc_highprc_252d,6.351619958877563e-05,20261005-010838-8084b01
2021,huber,resff3_6_1,-7.450580596923828e-07,20261005-010838-8084b01
2021,huber,resff3_12_1,9.96515154838562e-06,20261005-010838-8084b01
2021,huber,be_me,4.4208019971847534e-05,20261005-010838-8084b01
2021,huber,debt_me,-3.653764724731445e-05,20261005-010838-8084b01
2021,huber,at_me,9.96813178062439e-05,20261005-010838-8084b01
2021,huber,ret_60_12,1.6983598470687866e-05,20261005-010838-8084b01
2021,huber,ni_me,-3.203749656677246e-07,20261005-010838-8084b01
2021,huber,fcf_me,3.907829523086548e-06,20261005-010838-8084b01
2021,huber,div12m_me,2.5853514671325684e-06,20261005-010838-8084b01
2021,huber,eqpo_me,-1.607462763786316e-05,20261005-010838-8084b01
2021,huber,eqnpo_me,1.2077391147613524e-05,20261005-010838-8084b01
2021,huber,sale_gr3,-6.988644599914551e-06,20261005-010838-8084b01
2021,huber,sale_gr1,1.4413148164749146e-05,20261005-010838-8084b01
2021,huber,ebitda_mev,-1.0952353477478027e-06,20261005-010838-8084b01
2021,huber,sale_me,4.372745752334595e-05,20261005-010838-8084b01
2021,huber,ocf_me,2.1509826183319092e-05,20261005-010838-8084b01
2021,huber,ival_me,-3.203749656677246e-07,20261005-010838-8084b01
2021,huber,bev_mev,2.818182110786438e-05,20261005-010838-8084b01
2021,huber,netdebt_me,-3.027915954589844e-05,20261005-010838-8084b01
2021,huber,eq_dur,-6.332993507385254e-08,20261005-010838-8084b01
2021,huber,capex_abn,-9.313225746154785e-08,20261005-010838-8084b01
2021,huber,at_gr1,-9.503215551376344e-06,20261005-010838-8084b01
2021,huber,ppeinv_gr1a,2.831220626831055e-07,20261005-010838-8084b01
2021,huber,noa_at,-1.0933727025985718e-05,20261005-010838-8084b01
2021,huber,noa_gr1a,-2.9653310775756836e-06,20261005-010838-8084b01
2021,huber,lnoa_gr1a,1.3709068298339844e-06,20261005-010838-8084b01
2021,huber,capx_gr1,4.474073648452759e-06,20261005-010838-8084b01
2021,huber,capx_gr2,2.5779008865356445e-06,20261005-010838-8084b01
2021,huber,capx_gr3,-1.5832483768463137e-06,20261005-010838-8084b01
2021,huber,chcsho_12m,1.2446194887161257e-05,20261005-010838-8084b01
2021,huber,eqnpo_12m,-6.3069164752960205e-06,20261005-010838-8084b01
2021,huber,debt_gr3,1.6167759895324707e-06,20261005-010838-8084b01
2021,huber,inv_gr1,-9.313225746154785e-08,20261005-010838-8084b01
2021,huber,inv_gr1a,6.310641765594482e-06,20261005-010838-8084b01
2021,huber,oaccruals_at,9.98377799987793e-07,20261005-010838-8084b01
2021,huber,taccruals_at,3.829598426818848e-06,20261005-010838-8084b01
2021,huber,cowc_gr1a,-1.4901161193847656e-08,20261005-010838-8084b01
2021,huber,coa_gr1a,6.470829248428345e-06,20261005-010838-8084b01
2021,huber,col_gr1a,-2.2314488887786865e-06,20261005-010838-8084b01
2021,huber,nncoa_gr1a,-2.130866050720215e-06,20261005-010838-8084b01
2021,huber,ncoa_gr1a,9.566545486450195e-06,20261005-010838-8084b01
2021,huber,ncol_gr1a,-8.530914783477783e-07,20261005-010838-8084b01
2021,huber,nfna_gr1a,6.92903995513916e-07,20261005-010838-8084b01
2021,huber,sti_gr1a,1.3150274753570557e-06,20261005-010838-8084b01
2021,huber,lti_gr1a,-2.980232238769531e-07,20261005-010838-8084b01
2021,huber,fnl_gr1a,1.6987323760986328e-06,20261005-010838-8084b01
2021,huber,be_gr1a,3.754720091819763e-05,20261005-010838-8084b01
2021,huber,oaccruals_ni,5.476176738739014e-07,20261005-010838-8084b01
2021,huber,taccruals_ni,-3.978610038757324e-06,20261005-010838-8084b01
2021,huber,netis_at,1.959502696990967e-06,20261005-010838-8084b01
2021,huber,eqnetis_at,3.0547380447387695e-06,20261005-010838-8084b01
2021,huber,dbnetis_at,-2.436339855194092e-06,20261005-010838-8084b01
2021,huber,niq_be,1.7426908016204834e-05,20261005-010838-8084b01
2021,huber,niq_be_chg1,-1.1473894119262695e-06,20261005-010838-8084b01
2021,huber,niq_at,1.676008105278015e-05,20261005-010838-8084b01
2021,huber,niq_at_chg1,-3.278255462646485e-07,20261005-010838-8084b01
2021,huber,ebit_bev,-1.2889504432678225e-06,20261005-010838-8084b01
2021,huber,ebit_sale,6.4373016357421875e-06,20261005-010838-8084b01
2021,huber,sale_bev,4.7460198402404785e-06,20261005-010838-8084b01
2021,huber,at_turnover,-8.44523310661316e-06,20261005-010838-8084b01
2021,huber,gp_at,1.2986361980438232e-05,20261005-010838-8084b01
2021,huber,gp_atl1,3.0137598514556885e-06,20261005-010838-8084b01
2021,huber,ope_be,6.631016731262207e-07,20261005-010838-8084b01
2021,huber,ope_bel1,-3.725290298461914e-08,20261005-010838-8084b01
2021,huber,op_at,7.014721632003784e-06,20261005-010838-8084b01
2021,huber,op_atl1,2.1014362573623657e-05,20261005-010838-8084b01
2021,huber,cop_at,2.1010637283325195e-05,20261005-010838-8084b01
2021,huber,cop_atl1,-4.492700099945068e-06,20261005-010838-8084b01
2021,huber,f_score,1.0244548320770264e-06,20261005-010838-8084b01
2021,huber,o_score,1.7561018466949463e-05,20261005-010838-8084b01
2021,huber,z_score,9.3020498752594e-06,20261005-010838-8084b01
2021,huber,pi_nix,1.7136335372924805e-07,20261005-010838-8084b01
2021,huber,at_be,-2.8215348720550537e-05,20261005-010838-8084b01
2021,huber,saleq_gr1,-1.811981201171875e-05,20261005-010838-8084b01
2021,huber,rd_me,-1.5776604413986206e-05,20261005-010838-8084b01
2021,huber,rd_sale,4.805624485015869e-07,20261005-010838-8084b01
2021,huber,opex_at,1.0617077350616455e-06,20261005-010838-8084b01
2021,huber,emp_gr1,-3.0957162380218506e-06,20261005-010838-8084b01
2021,huber,rd5_at,8.296221494674683e-06,20261005-010838-8084b01
2021,huber,age,2.6673078536987305e-06,20261005-010838-8084b01
2021,huber,dsale_dinv,-4.805624485015869e-07,20261005-010838-8084b01
2021,huber,dsale_drec,-1.862645149230957e-07,20261005-010838-8084b01
2021,huber,dgp_dsale,-2.302229404449463e-06,20261005-010838-8084b01
2021,huber,dsale_dsga,-3.956258296966553e-06,20261005-010838-8084b01
2021,huber,sale_emp_gr1,-7.972121238708496e-07,20261005-010838-8084b01
2021,huber,tangibility,-8.977949619293213e-07,20261005-010838-8084b01
2021,huber,kz_index,2.1345913410186768e-06,20261005-010838-8084b01
2021,huber,ocfq_saleq_std,1.0766088962554932e-06,20261005-010838-8084b01
2021,huber,cash_at,-3.040209412574768e-05,20261005-010838-8084b01
2021,huber,ni_ar1,-1.30385160446167e-07,20261005-010838-8084b01
2021,huber,ni_ivol,1.817941665649414e-06,20261005-010838-8084b01
2021,huber,earnings_variability,-1.4007091522216797e-06,20261005-010838-8084b01
2021,huber,aliq_at,-1.903250813484192e-05,20261005-010838-8084b01
2021,huber,aliq_mat,7.703900337219238e-06,20261005-010838-8084b01
2021,huber,seas_1_1an,-9.521842002868652e-06,20261005-010838-8084b01
2021,huber,seas_1_1na,-4.723668098449707e-06,20261005-010838-8084b01
2021,huber,seas_2_5an,3.505498170852661e-06,20261005-010838-8084b01
2021,huber,seas_2_5na,-4.634261131286621e-06,20261005-010838-8084b01
2021,huber,seas_6_10an,1.2390315532684326e-05,20261005-010838-8084b01
2021,huber,seas_6_10na,2.5443732738494873e-06,20261005-010838-8084b01
2021,huber,seas_11_15an,4.880130290985107e-06,20261005-010838-8084b01
2021,huber,seas_11_15na,2.130866050720215e-06,20261005-010838-8084b01
2021,huber,seas_16_20an,6.6980719566345215e-06,20261005-010838-8084b01
2021,huber,seas_16_20na,-4.842877388000488e-08,20261005-010838-8084b01
2021,huber,market_equity,7.368624210357666e-06,20261005-010838-8084b01
2021,huber,ivol_ff3_21d,5.245208740234375e-05,20261005-010838-8084b01
2021,huber,ivol_capm_252d,7.934868335723877e-07,20261005-010838-8084b01
2021,huber,ivol_capm_21d,0.0001370385289192,20261005-010838-8084b01
2021,huber,ivol_hxz4_21d,2.70940363407135e-05,20261005-010838-8084b01
2021,huber,rvol_21d,8.821487426757812e-06,20261005-010838-8084b01
2021,huber,beta_60m,1.0401010513305664e-05,20261005-010838-8084b01
2021,huber,betabab_1260d,4.991888999938965e-07,20261005-010838-8084b01
2021,huber,beta_dimson_21d,-2.305954694747925e-06,20261005-010838-8084b01
2021,huber,turnover_126d,3.02046537399292e-05,20261005-010838-8084b01
2021,huber,turnover_var_126d,6.740540266036987e-05,20261005-010838-8084b01
2021,huber,dolvol_126d,1.4007091522216797e-06,20261005-010838-8084b01
2021,huber,dolvol_var_126d,8.188188076019287e-05,20261005-010838-8084b01
2021,huber,prc,1.2811273336410522e-05,20261005-010838-8084b01
2021,huber,ami_126d,8.270144462585449e-07,20261005-010838-8084b01
2021,huber,zero_trades_21d,0.0003417618572711,20261005-010838-8084b01
2021,huber,zero_trades_126d,4.439800977706909e-05,20261005-010838-8084b01
2021,huber,zero_trades_252d,1.1414289474487305e-05,20261005-010838-8084b01
2021,huber,rmax1_21d,-2.9169023036956787e-06,20261005-010838-8084b01
2021,huber,rskew_21d,1.862645149230957e-07,20261005-010838-8084b01
2021,huber,iskew_capm_21d,1.0319054126739502e-06,20261005-010838-8084b01
2021,huber,iskew_ff3_21d,-7.7858567237854e-07,20261005-010838-8084b01
2021,huber,iskew_hxz4_21d,1.296401023864746e-06,20261005-010838-8084b01
2021,huber,coskew_21d,-1.7173588275909424e-06,20261005-010838-8084b01
2021,huber,ret_1_0,-1.1395663022994997e-05,20261005-010838-8084b01
2021,huber,betadown_252d,5.178153514862061e-07,20261005-010838-8084b01
2021,huber,bidaskhl_21d,-5.066394805908203e-07,20261005-010838-8084b01
2021,huber,ret_3_1,-7.405877113342285e-06,20261005-010838-8084b01
2021,huber,ret_9_1,4.713982343673706e-05,20261005-010838-8084b01
2021,huber,ret_12_7,-1.9777566194534305e-05,20261005-010838-8084b01
2021,huber,corr_1260d,1.7471611499786377e-06,20261005-010838-8084b01
2021,huber,rmax5_21d,1.0948628187179564e-05,20261005-010838-8084b01
2021,huber,rmax5_rvol_21d,-1.1045485734939575e-05,20261005-010838-8084b01
2021,huber,ni_be,2.8721988201141357e-06,20261005-010838-8084b01
2021,huber,ocf_at,-1.2725591659545898e-05,20261005-010838-8084b01
2021,huber,ocf_at_chg1,1.7620623111724854e-06,20261005-010838-8084b01
2021,huber,mispricing_perf,8.903443813323975e-07,20261005-010838-8084b01
2021,huber,mispricing_mgmt,-6.5229833126068115e-06,20261005-010838-8084b01
2021,huber,qmj,2.3849308490753177e-05,20261005-010838-8084b01
2021,huber,qmj_prof,3.185495734214783e-05,20261005-010838-8084b01
2021,huber,qmj_growth,-8.948147296905518e-06,20261005-010838-8084b01
2021,huber,qmj_safety,-2.7567148208618164e-06,20261005-010838-8084b01
2023,huber,niq_su,6.705522537231445e-08,20261005-010838-8084b01
2023,huber,ret_6_1,-6.400048732757568e-06,20261005-010838-8084b01
2023,huber,ret_12_1,-2.4497509002685547e-05,20261005-010838-8084b01
2023,huber,saleq_su,-5.736947059631348e-07,20261005-010838-8084b01
2023,huber,tax_gr1a,-1.080334186553955e-06,20261005-010838-8084b01
2023,huber,ni_inc8q,-6.705522537231445e-08,20261005-010838-8084b01
2023,huber,prc_highprc_252d,-1.277029514312744e-05,20261005-010838-8084b01
2023,huber,resff3_6_1,2.1383166313171387e-06,20261005-010838-8084b01
2023,huber,resff3_12_1,2.5033950805664062e-06,20261005-010838-8084b01
2023,huber,be_me,4.22745943069458e-05,20261005-010838-8084b01
2023,huber,debt_me,6.712973117828369e-06,20261005-010838-8084b01
2023,huber,at_me,3.859400749206543e-06,20261005-010838-8084b01
2023,huber,ret_60_12,-6.183981895446777e-06,20261005-010838-8084b01
2023,huber,ni_me,4.023313522338867e-07,20261005-010838-8084b01
2023,huber,fcf_me,1.877546310424805e-06,20261005-010838-8084b01
2023,huber,div12m_me,-2.011656761169434e-07,20261005-010838-8084b01
2023,huber,eqpo_me,2.600252628326416e-06,20261005-010838-8084b01
2023,huber,eqnpo_me,2.555549144744873e-06,20261005-010838-8084b01
2023,huber,sale_gr3,3.874301910400391e-06,20261005-010838-8084b01
2023,huber,sale_gr1,-4.783272743225098e-06,20261005-010838-8084b01
2023,huber,ebitda_mev,-4.4703483581542975e-08,20261005-010838-8084b01
2023,huber,sale_me,1.765042543411255e-05,20261005-010838-8084b01
2023,huber,ocf_me,-2.7865171432495117e-06,20261005-010838-8084b01
2023,huber,ival_me,-5.736947059631348e-07,20261005-010838-8084b01
2023,huber,bev_mev,8.657574653625488e-06,20261005-010838-8084b01
2023,huber,netdebt_me,1.5050172805786133e-05,20261005-010838-8084b01
2023,huber,eq_dur,-6.780028343200684e-06,20261005-010838-8084b01
2023,huber,capex_abn,3.203749656677246e-07,20261005-010838-8084b01
2023,huber,at_gr1,1.0952353477478027e-06,20261005-010838-8084b01
2023,huber,ppeinv_gr1a,-3.948807716369629e-06,20261005-010838-8084b01
2023,huber,noa_at,-2.8461217880249023e-06,20261005-010838-8084b01
2023,huber,noa_gr1a,3.032386302947998e-06,20261005-010838-8084b01
2023,huber,lnoa_gr1a,3.427267074584961e-07,20261005-010838-8084b01
2023,huber,capx_gr1,-2.1830201148986816e-06,20261005-010838-8084b01
2023,huber,capx_gr2,-1.430511474609375e-06,20261005-010838-8084b01
2023,huber,capx_gr3,2.078711986541748e-06,20261005-010838-8084b01
2023,huber,chcsho_12m,9.0673565864563e-06,20261005-010838-8084b01
2023,huber,eqnpo_12m,-5.684792995452881e-06,20261005-010838-8084b01
2023,huber,debt_gr3,-1.5422701835632324e-06,20261005-010838-8084b01
2023,huber,inv_gr1,2.071261405944824e-06,20261005-010838-8084b01
2023,huber,inv_gr1a,9.685754776000977e-08,20261005-010838-8084b01
2023,huber,oaccruals_at,-5.289912223815918e-07,20261005-010838-8084b01
2023,huber,taccruals_at,9.685754776000977e-07,20261005-010838-8084b01
2023,huber,cowc_gr1a,-4.4703483581542975e-08,20261005-010838-8084b01
2023,huber,coa_gr1a,1.259148120880127e-06,20261005-010838-8084b01
2023,huber,col_gr1a,3.05473804473877e-07,20261005-010838-8084b01
2023,huber,nncoa_gr1a,1.4975666999816897e-06,20261005-010838-8084b01
2023,huber,ncoa_gr1a,-2.771615982055664e-06,20261005-010838-8084b01
2023,huber,ncol_gr1a,8.121132850646973e-07,20261005-010838-8084b01
2023,huber,nfna_gr1a,-8.121132850646973e-07,20261005-010838-8084b01
2023,huber,sti_gr1a,3.203749656677246e-07,20261005-010838-8084b01
2023,huber,lti_gr1a,2.1010637283325195e-06,20261005-010838-8084b01
2023,huber,fnl_gr1a,3.1813979148864746e-06,20261005-010838-8084b01
2023,huber,be_gr1a,6.817281246185303e-06,20261005-010838-8084b01
2023,huber,oaccruals_ni,2.175569534301758e-06,20261005-010838-8084b01
2023,huber,taccruals_ni,-1.564621925354004e-06,20261005-010838-8084b01
2023,huber,netis_at,2.86102294921875e-06,20261005-010838-8084b01
2023,huber,eqnetis_at,2.4586915969848633e-07,20261005-010838-8084b01
2023,huber,dbnetis_at,2.60770320892334e-07,20261005-010838-8084b01
2023,huber,niq_be,4.86522912979126e-06,20261005-010838-8084b01
2023,huber,niq_be_chg1,2.2351741790771484e-08,20261005-010838-8084b01
2023,huber,niq_at,-1.2516975402832031e-06,20261005-010838-8084b01
2023,huber,niq_at_chg1,-3.7997961044311523e-07,20261005-010838-8084b01
2023,huber,ebit_bev,1.996755599975586e-05,20261005-010838-8084b01
2023,huber,ebit_sale,-1.5795230865478516e-06,20261005-010838-8084b01
2023,huber,sale_bev,1.385807991027832e-05,20261005-010838-8084b01
2023,huber,at_turnover,4.917383193969727e-07,20261005-010838-8084b01
2023,huber,gp_at,1.792609691619873e-05,20261005-010838-8084b01
2023,huber,gp_atl1,-1.2449920177459717e-05,20261005-010838-8084b01
2023,huber,ope_be,8.344650268554688e-07,20261005-010838-8084b01
2023,huber,ope_bel1,7.82310962677002e-07,20261005-010838-8084b01
2023,huber,op_at,1.0810792446136476e-05,20261005-010838-8084b01
2023,huber,op_atl1,2.68593430519104e-05,20261005-010838-8084b01
2023,huber,cop_at,1.4387071132659912e-05,20261005-010838-8084b01
2023,huber,cop_atl1,-9.98377799987793e-07,20261005-010838-8084b01
2023,huber,f_score,9.164214134216308e-07,20261005-010838-8084b01
2023,huber,o_score,-1.36643648147583e-05,20261005-010838-8084b01
2023,huber,z_score,2.346932888031006e-06,20261005-010838-8084b01
2023,huber,pi_nix,3.725290298461914e-08,20261005-010838-8084b01
2023,huber,at_be,4.388391971588135e-06,20261005-010838-8084b01
2023,huber,saleq_gr1,1.7978250980377197e-05,20261005-010838-8084b01
2023,huber,rd_me,2.925097942352295e-05,20261005-010838-8084b01
2023,huber,rd_sale,6.258487701416016e-07,20261005-010838-8084b01
2023,huber,opex_at,1.691281795501709e-06,20261005-010838-8084b01
2023,huber,emp_gr1,5.0514936447143555e-06,20261005-010838-8084b01
2023,huber,rd5_at,2.1010637283325195e-06,20261005-010838-8084b01
2023,huber,age,-2.9802322387695312e-08,20261005-010838-8084b01
2023,huber,dsale_dinv,-3.4496188163757324e-06,20261005-010838-8084b01
2023,huber,dsale_drec,-4.470348358154297e-07,20261005-010838-8084b01
2023,huber,dgp_dsale,-2.294778823852539e-06,20261005-010838-8084b01
2023,huber,dsale_dsga,1.8402934074401855e-06,20261005-010838-8084b01
2023,huber,sale_emp_gr1,3.278255462646485e-07,20261005-010838-8084b01
2023,huber,tangibility,4.842877388000488e-06,20261005-010838-8084b01
2023,huber,kz_index,1.0207295417785645e-06,20261005-010838-8084b01
2023,huber,ocfq_saleq_std,3.695487976074219e-06,20261005-010838-8084b01
2023,huber,cash_at,1.946091651916504e-05,20261005-010838-8084b01
2023,huber,ni_ar1,-2.011656761169434e-07,20261005-010838-8084b01
2023,huber,ni_ivol,2.0191073417663574e-06,20261005-010838-8084b01
2023,huber,earnings_variability,7.82310962677002e-07,20261005-010838-8084b01
2023,huber,aliq_at,1.3865530490875244e-05,20261005-010838-8084b01
2023,huber,aliq_mat,5.505979061126709e-06,20261005-010838-8084b01
2023,huber,seas_1_1an,-6.735324859619141e-06,20261005-010838-8084b01
2023,huber,seas_1_1na,8.746236562728882e-05,20261005-010838-8084b01
2023,huber,seas_2_5an,3.109872341156006e-05,20261005-010838-8084b01
2023,huber,seas_2_5na,3.3602118492126465e-06,20261005-010838-8084b01
2023,huber,seas_6_10an,5.066394805908203e-06,20261005-010838-8084b01
2023,huber,seas_6_10na,1.6763806343078611e-06,20261005-010838-8084b01
2023,huber,seas_11_15an,2.771615982055664e-06,20261005-010838-8084b01
2023,huber,seas_11_15na,-4.3213367462158203e-07,20261005-010838-8084b01
2023,huber,seas_16_20an,5.580484867095947e-06,20261005-010838-8084b01
2023,huber,seas_16_20na,-2.086162567138672e-07,20261005-010838-8084b01
2023,huber,market_equity,3.725290298461914e-06,20261005-010838-8084b01
2023,huber,ivol_ff3_21d,0.000146597623825,20261005-010838-8084b01
2023,huber,ivol_capm_252d,-1.017749309539795e-05,20261005-010838-8084b01
2023,huber,ivol_capm_21d,3.708153963088989e-05,20261005-010838-8084b01
2023,huber,ivol_hxz4_21d,1.6897916793823242e-05,20261005-010838-8084b01
2023,huber,rvol_21d,2.2992491722106937e-05,20261005-010838-8084b01
2023,huber,beta_60m,7.3462724685668945e-06,20261005-010838-8084b01
2023,huber,betabab_1260d,1.827627420425415e-05,20261005-010838-8084b01
2023,huber,beta_dimson_21d,2.302229404449463e-06,20261005-010838-8084b01
2023,huber,turnover_126d,3.728270530700683e-05,20261005-010838-8084b01
2023,huber,turnover_var_126d,-2.135336399078369e-05,20261005-010838-8084b01
2023,huber,dolvol_126d,4.8354268074035645e-06,20261005-010838-8084b01
2023,huber,dolvol_var_126d,0.0001712143421173,20261005-010838-8084b01
2023,huber,prc,2.51084566116333e-06,20261005-010838-8084b01
2023,huber,ami_126d,-1.3850629329681396e-05,20261005-010838-8084b01
2023,huber,zero_trades_21d,0.0001696050167083,20261005-010838-8084b01
2023,huber,zero_trades_126d,5.43743371963501e-05,20261005-010838-8084b01
2023,huber,zero_trades_252d,5.0514936447143555e-06,20261005-010838-8084b01
2023,huber,rmax1_21d,-3.0994415283203125e-06,20261005-010838-8084b01
2023,huber,rskew_21d,-1.6391277313232425e-07,20261005-010838-8084b01
2023,huber,iskew_capm_21d,5.364418029785156e-07,20261005-010838-8084b01
2023,huber,iskew_ff3_21d,-2.9280781745910645e-06,20261005-010838-8084b01
2023,huber,iskew_hxz4_21d,-1.4156103134155273e-07,20261005-010838-8084b01
2023,huber,coskew_21d,9.611248970031738e-07,20261005-010838-8084b01
2023,huber,ret_1_0,8.791685104370117e-06,20261005-010838-8084b01
2023,huber,betadown_252d,4.902482032775879e-06,20261005-010838-8084b01
2023,huber,bidaskhl_21d,2.905726432800293e-07,20261005-010838-8084b01
2023,huber,ret_3_1,1.9535422325134277e-05,20261005-010838-8084b01
2023,huber,ret_9_1,-1.841038465499878e-05,20261005-010838-8084b01
2023,huber,ret_12_7,3.889203071594238e-06,20261005-010838-8084b01
2023,huber,corr_1260d,-4.999339580535889e-06,20261005-010838-8084b01
2023,huber,rmax5_21d,9.328126907348633e-06,20261005-010838-8084b01
2023,huber,rmax5_rvol_21d,-5.386769771575928e-06,20261005-010838-8084b01
2023,huber,ni_be,-5.885958671569824e-07,20261005-010838-8084b01
2023,huber,ocf_at,2.6300549507141113e-06,20261005-010838-8084b01
2023,huber,ocf_at_chg1,7.450580596923828e-07,20261005-010838-8084b01
2023,huber,mispricing_perf,1.959502696990967e-06,20261005-010838-8084b01
2023,huber,mispricing_mgmt,1.3262033462524414e-06,20261005-010838-8084b01
2023,huber,qmj,2.7127563953399655e-05,20261005-010838-8084b01
2023,huber,qmj_prof,2.384185791015625e-06,20261005-010838-8084b01
2023,huber,qmj_growth,4.872679710388184e-06,20261005-010838-8084b01
2023,huber,qmj_safety,3.129243850708008e-07,20261005-010838-8084b01
1996,huber,niq_su,-2.60770320892334e-08,20261005-010838-8084b01
1996,huber,ret_6_1,1.735985279083252e-06,20261005-010838-8084b01
1996,huber,ret_12_1,1.2289732694625854e-05,20261005-010838-8084b01
1996,huber,saleq_su,-2.682209014892578e-07,20261005-010838-8084b01
1996,huber,tax_gr1a,-3.8743019104003906e-07,20261005-010838-8084b01
1996,huber,ni_inc8q,4.205852746963501e-06,20261005-010838-8084b01
1996,huber,prc_highprc_252d,3.0934810638427734e-05,20261005-010838-8084b01
1996,huber,resff3_6_1,1.862645149230957e-07,20261005-010838-8084b01
1996,huber,resff3_12_1,-2.60770320892334e-08,20261005-010838-8084b01
1996,huber,be_me,6.618723273277283e-05,20261005-010838-8084b01
1996,huber,debt_me,1.7508864402770996e-06,20261005-010838-8084b01
1996,huber,at_me,-9.98377799987793e-07,20261005-010838-8084b01
1996,huber,ret_60_12,9.279698133468628e-06,20261005-010838-8084b01
1996,huber,ni_me,4.887580871582031e-06,20261005-010838-8084b01
1996,huber,fcf_me,4.656612873077393e-07,20261005-010838-8084b01
1996,huber,div12m_me,-2.078711986541748e-06,20261005-010838-8084b01
1996,huber,eqpo_me,3.516674041748047e-06,20261005-010838-8084b01
1996,huber,eqnpo_me,2.3208558559417725e-06,20261005-010838-8084b01
1996,huber,sale_gr3,-3.725290298461914e-07,20261005-010838-8084b01
1996,huber,sale_gr1,4.0084123611450195e-06,20261005-010838-8084b01
1996,huber,ebitda_mev,2.983957529067993e-06,20261005-010838-8084b01
1996,huber,sale_me,4.168227314949035e-05,20261005-010838-8084b01
1996,huber,ocf_me,2.07461416721344e-05,20261005-010838-8084b01
1996,huber,ival_me,-7.189810276031494e-07,20261005-010838-8084b01
1996,huber,bev_mev,8.676201105117798e-06,20261005-010838-8084b01
1996,huber,netdebt_me,-2.2836029529571533e-06,20261005-010838-8084b01
1996,huber,eq_dur,-4.097819328308106e-07,20261005-010838-8084b01
1996,huber,capex_abn,-4.135072231292725e-07,20261005-010838-8084b01
1996,huber,at_gr1,-8.795410394668579e-06,20261005-010838-8084b01
1996,huber,ppeinv_gr1a,5.748122930526733e-06,20261005-010838-8084b01
1996,huber,noa_at,1.850724220275879e-05,20261005-010838-8084b01
1996,huber,noa_gr1a,-8.169561624526978e-06,20261005-010838-8084b01
1996,huber,lnoa_gr1a,3.1106173992156982e-06,20261005-010838-8084b01
1996,huber,capx_gr1,4.209578037261963e-06,20261005-010838-8084b01
1996,huber,capx_gr2,1.3262033462524414e-06,20261005-010838-8084b01
1996,huber,capx_gr3,0.0,20261005-010838-8084b01
1996,huber,chcsho_12m,1.0054558515548706e-05,20261005-010838-8084b01
1996,huber,eqnpo_12m,3.159046173095703e-06,20261005-010838-8084b01
1996,huber,debt_gr3,2.0116567611694336e-06,20261005-010838-8084b01
1996,huber,inv_gr1,9.201467037200928e-07,20261005-010838-8084b01
1996,huber,inv_gr1a,1.7136335372924805e-06,20261005-010838-8084b01
1996,huber,oaccruals_at,4.411861300468445e-05,20261005-010838-8084b01
1996,huber,taccruals_at,1.8514692783355713e-06,20261005-010838-8084b01
1996,huber,cowc_gr1a,-1.4156103134155271e-06,20261005-010838-8084b01
1996,huber,coa_gr1a,9.354203939437866e-06,20261005-010838-8084b01
1996,huber,col_gr1a,8.158385753631592e-07,20261005-010838-8084b01
1996,huber,nncoa_gr1a,1.5236437320709229e-05,20261005-010838-8084b01
1996,huber,ncoa_gr1a,-9.238719940185549e-06,20261005-010838-8084b01
1996,huber,ncol_gr1a,7.450580596923828e-09,20261005-010838-8084b01
1996,huber,nfna_gr1a,3.725290298461914e-07,20261005-010838-8084b01
1996,huber,sti_gr1a,-4.4703483581542975e-08,20261005-010838-8084b01
1996,huber,lti_gr1a,-5.103647708892822e-07,20261005-010838-8084b01
1996,huber,fnl_gr1a,6.15045428276062e-06,20261005-010838-8084b01
1996,huber,be_gr1a,1.6685575246810913e-05,20261005-010838-8084b01
1996,huber,oaccruals_ni,-4.231929779052734e-06,20261005-010838-8084b01
1996,huber,taccruals_ni,7.37607479095459e-07,20261005-010838-8084b01
1996,huber,netis_at,-1.2330710887908936e-06,20261005-010838-8084b01
1996,huber,eqnetis_at,6.746500730514526e-06,20261005-010838-8084b01
1996,huber,dbnetis_at,-3.613531589508057e-07,20261005-010838-8084b01
1996,huber,niq_be,6.649643182754517e-06,20261005-010838-8084b01
1996,huber,niq_be_chg1,-1.9334256649017334e-06,20261005-010838-8084b01
1996,huber,niq_at,-1.0617077350616455e-06,20261005-010838-8084b01
1996,huber,niq_at_chg1,-1.4156103134155271e-06,20261005-010838-8084b01
1996,huber,ebit_bev,6.102025508880615e-06,20261005-010838-8084b01
1996,huber,ebit_sale,7.27921724319458e-06,20261005-010838-8084b01
1996,huber,sale_bev,-3.46451997756958e-07,20261005-010838-8084b01
1996,huber,at_turnover,2.1867454051971436e-06,20261005-010838-8084b01
1996,huber,gp_at,3.2648444175720215e-05,20261005-010838-8084b01
1996,huber,gp_atl1,2.6300549507141113e-06,20261005-010838-8084b01
1996,huber,ope_be,1.3783574104309082e-07,20261005-010838-8084b01
1996,huber,ope_bel1,-5.103647708892822e-07,20261005-010838-8084b01
1996,huber,op_at,9.939074516296388e-06,20261005-010838-8084b01
1996,huber,op_atl1,6.705522537231445e-07,20261005-010838-8084b01
1996,huber,cop_at,2.095848321914673e-05,20261005-010838-8084b01
1996,huber,cop_atl1,3.5431236028671265e-05,20261005-010838-8084b01
1996,huber,f_score,-6.332993507385254e-08,20261005-010838-8084b01
1996,huber,o_score,1.6450881958007812e-05,20261005-010838-8084b01
1996,huber,z_score,-1.7173588275909424e-06,20261005-010838-8084b01
1996,huber,pi_nix,-1.1175870895385745e-07,20261005-010838-8084b01
1996,huber,at_be,-1.695007085800171e-06,20261005-010838-8084b01
1996,huber,saleq_gr1,2.8461217880249023e-06,20261005-010838-8084b01
1996,huber,rd_me,1.582130789756775e-05,20261005-010838-8084b01
1996,huber,rd_sale,-1.601874828338623e-07,20261005-010838-8084b01
1996,huber,opex_at,-1.7918646335601809e-06,20261005-010838-8084b01
1996,huber,emp_gr1,-1.4118850231170654e-06,20261005-010838-8084b01
1996,huber,rd5_at,9.797513484954834e-07,20261005-010838-8084b01
1996,huber,age,1.5757977962493896e-06,20261005-010838-8084b01
1996,huber,dsale_dinv,4.060566425323487e-07,20261005-010838-8084b01
1996,huber,dsale_drec,-6.631016731262207e-07,20261005-010838-8084b01
1996,huber,dgp_dsale,6.332993507385254e-08,20261005-010838-8084b01
1996,huber,dsale_dsga,-1.4156103134155273e-07,20261005-010838-8084b01
1996,huber,sale_emp_gr1,7.301568984985352e-07,20261005-010838-8084b01
1996,huber,tangibility,1.0058283805847169e-07,20261005-010838-8084b01
1996,huber,kz_index,2.6188790798187256e-06,20261005-010838-8084b01
1996,huber,ocfq_saleq_std,4.4703483581542975e-08,20261005-010838-8084b01
1996,huber,cash_at,-1.7844140529632568e-06,20261005-010838-8084b01
1996,huber,ni_ar1,-1.30385160446167e-07,20261005-010838-8084b01
1996,huber,ni_ivol,1.2032687664031982e-06,20261005-010838-8084b01
1996,huber,earnings_variability,-9.685754776000977e-08,20261005-010838-8084b01
1996,huber,aliq_at,-4.723668098449707e-06,20261005-010838-8084b01
1996,huber,aliq_mat,-9.685754776000977e-07,20261005-010838-8084b01
1996,huber,seas_1_1an,1.4193356037139893e-06,20261005-010838-8084b01
1996,huber,seas_1_1na,3.423541784286499e-05,20261005-010838-8084b01
1996,huber,seas_2_5an,1.2323260307312012e-05,20261005-010838-8084b01
1996,huber,seas_2_5na,4.6156346797943115e-06,20261005-010838-8084b01
1996,huber,seas_6_10an,5.6549906730651855e-06,20261005-010838-8084b01
1996,huber,seas_6_10na,1.087784767150879e-06,20261005-010838-8084b01
1996,huber,seas_11_15an,-3.8743019104003906e-07,20261005-010838-8084b01
1996,huber,seas_11_15na,-1.862645149230957e-07,20261005-010838-8084b01
1996,huber,seas_16_20an,7.487833499908447e-07,20261005-010838-8084b01
1996,huber,seas_16_20na,-5.029141902923584e-07,20261005-010838-8084b01
1996,huber,market_equity,3.92720103263855e-05,20261005-010838-8084b01
1996,huber,ivol_ff3_21d,3.007054328918457e-05,20261005-010838-8084b01
1996,huber,ivol_capm_252d,5.338340997695923e-06,20261005-010838-8084b01
1996,huber,ivol_capm_21d,-1.080334186553955e-06,20261005-010838-8084b01
1996,huber,ivol_hxz4_21d,5.493685603141785e-05,20261005-010838-8084b01
1996,huber,rvol_21d,2.314150333404541e-05,20261005-010838-8084b01
1996,huber,beta_60m,1.6391277313232425e-07,20261005-010838-8084b01
1996,huber,betabab_1260d,1.7993152141571045e-06,20261005-010838-8084b01
1996,huber,beta_dimson_21d,3.129243850708008e-07,20261005-010838-8084b01
1996,huber,turnover_126d,5.6162476539611816e-05,20261005-010838-8084b01
1996,huber,turnover_var_126d,0.0001996681094169,20261005-010838-8084b01
1996,huber,dolvol_126d,-5.21540641784668e-06,20261005-010838-8084b01
1996,huber,dolvol_var_126d,0.000149130821228,20261005-010838-8084b01
1996,huber,prc,-1.1138617992401123e-06,20261005-010838-8084b01
1996,huber,ami_126d,1.934915781021118e-05,20261005-010838-8084b01
1996,huber,zero_trades_21d,0.0001515820622444,20261005-010838-8084b01
1996,huber,zero_trades_126d,7.941573858261108e-05,20261005-010838-8084b01
1996,huber,zero_trades_252d,1.0211020708084106e-05,20261005-010838-8084b01
1996,huber,rmax1_21d,-1.5869736671447754e-06,20261005-010838-8084b01
1996,huber,rskew_21d,3.129243850708008e-06,20261005-010838-8084b01
1996,huber,iskew_capm_21d,-3.725290298461914e-09,20261005-010838-8084b01
1996,huber,iskew_ff3_21d,1.2069940567016602e-06,20261005-010838-8084b01
1996,huber,iskew_hxz4_21d,1.6763806343078613e-07,20261005-010838-8084b01
1996,huber,coskew_21d,1.7695128917694092e-06,20261005-010838-8084b01
1996,huber,ret_1_0,2.5667250156402588e-05,20261005-010838-8084b01
1996,huber,betadown_252d,-1.780688762664795e-06,20261005-010838-8084b01
1996,huber,bidaskhl_21d,8.460134267807007e-06,20261005-010838-8084b01
1996,huber,ret_3_1,6.254762411117554e-06,20261005-010838-8084b01
1996,huber,ret_9_1,1.9222497940063477e-06,20261005-010838-8084b01
1996,huber,ret_12_7,7.711350917816162e-06,20261005-010838-8084b01
1996,huber,corr_1260d,4.760921001434326e-06,20261005-010838-8084b01
1996,huber,rmax5_21d,1.6316771507263184e-06,20261005-010838-8084b01
1996,huber,rmax5_rvol_21d,5.338340997695923e-06,20261005-010838-8084b01
1996,huber,ni_be,6.452202796936035e-06,20261005-010838-8084b01
1996,huber,ocf_at,-2.905726432800293e-06,20261005-010838-8084b01
1996,huber,ocf_at_chg1,4.172325134277344e-07,20261005-010838-8084b01
1996,huber,mispricing_perf,5.513429641723633e-07,20261005-010838-8084b01
1996,huber,mispricing_mgmt,-5.949288606643677e-06,20261005-010838-8084b01
1996,huber,qmj,4.895031452178955e-06,20261005-010838-8084b01
1996,huber,qmj_prof,9.387731552124024e-07,20261005-010838-8084b01
1996,huber,qmj_growth,3.1031668186187744e-06,20261005-010838-8084b01
1996,huber,qmj_safety,8.940696716308596e-08,20261005-010838-8084b01
1996,gbrt,niq_su,0.0,20261005-010838-8084b01
1996,gbrt,ret_6_1,1.3187527656555176e-06,20261005-010838-8084b01
1996,gbrt,ret_12_1,3.162771463394165e-06,20261005-010838-8084b01
1996,gbrt,saleq_su,0.0,20261005-010838-8084b01
1996,gbrt,tax_gr1a,0.0,20261005-010838-8084b01
1996,gbrt,ni_inc8q,4.2282044887542725e-06,20261005-010838-8084b01
1996,gbrt,prc_highprc_252d,1.9706785678863525e-06,20261005-010838-8084b01
1996,gbrt,resff3_6_1,0.0,20261005-010838-8084b01
1996,gbrt,resff3_12_1,1.393258571624756e-06,20261005-010838-8084b01
1996,gbrt,be_me,2.3812055587768555e-05,20261005-010838-8084b01
1996,gbrt,debt_me,0.0,20261005-010838-8084b01
1996,gbrt,at_me,0.0,20261005-010838-8084b01
1996,gbrt,ret_60_12,0.0,20261005-010838-8084b01
1996,gbrt,ni_me,1.210719347000122e-06,20261005-010838-8084b01
1996,gbrt,fcf_me,0.0,20261005-010838-8084b01
1996,gbrt,div12m_me,-1.1175870895385745e-07,20261005-010838-8084b01
1996,gbrt,eqpo_me,1.2889504432678225e-06,20261005-010838-8084b01
1996,gbrt,eqnpo_me,0.0,20261005-010838-8084b01
1996,gbrt,sale_gr3,0.0,20261005-010838-8084b01
1996,gbrt,sale_gr1,0.0,20261005-010838-8084b01
1996,gbrt,ebitda_mev,3.170222043991089e-06,20261005-010838-8084b01
1996,gbrt,sale_me,2.3283064365386963e-06,20261005-010838-8084b01
1996,gbrt,ocf_me,2.376735210418701e-06,20261005-010838-8084b01
1996,gbrt,ival_me,0.0,20261005-010838-8084b01
1996,gbrt,bev_mev,1.8291175365448e-06,20261005-010838-8084b01
1996,gbrt,netdebt_me,0.0,20261005-010838-8084b01
1996,gbrt,eq_dur,0.0,20261005-010838-8084b01
1996,gbrt,capex_abn,0.0,20261005-010838-8084b01
1996,gbrt,at_gr1,0.0,20261005-010838-8084b01
1996,gbrt,ppeinv_gr1a,0.0,20261005-010838-8084b01
1996,gbrt,noa_at,0.0,20261005-010838-8084b01
1996,gbrt,noa_gr1a,0.0,20261005-010838-8084b01
1996,gbrt,lnoa_gr1a,0.0,20261005-010838-8084b01
1996,gbrt,capx_gr1,0.0,20261005-010838-8084b01
1996,gbrt,capx_gr2,0.0,20261005-010838-8084b01
1996,gbrt,capx_gr3,0.0,20261005-010838-8084b01
1996,gbrt,chcsho_12m,1.5228986740112305e-05,20261005-010838-8084b01
1996,gbrt,eqnpo_12m,-3.7997961044311523e-07,20261005-010838-8084b01
1996,gbrt,debt_gr3,0.0,20261005-010838-8084b01
1996,gbrt,inv_gr1,0.0,20261005-010838-8084b01
1996,gbrt,inv_gr1a,0.0,20261005-010838-8084b01
1996,gbrt,oaccruals_at,0.0,20261005-010838-8084b01
1996,gbrt,taccruals_at,0.0,20261005-010838-8084b01
1996,gbrt,cowc_gr1a,0.0,20261005-010838-8084b01
1996,gbrt,coa_gr1a,0.0,20261005-010838-8084b01
1996,gbrt,col_gr1a,0.0,20261005-010838-8084b01
1996,gbrt,nncoa_gr1a,0.0,20261005-010838-8084b01
1996,gbrt,ncoa_gr1a,0.0,20261005-010838-8084b01
1996,gbrt,ncol_gr1a,0.0,20261005-010838-8084b01
1996,gbrt,nfna_gr1a,0.0,20261005-010838-8084b01
1996,gbrt,sti_gr1a,2.2079795598983765e-05,20261005-010838-8084b01
1996,gbrt,lti_gr1a,-1.3135373592376707e-05,20261005-010838-8084b01
1996,gbrt,fnl_gr1a,0.0,20261005-010838-8084b01
1996,gbrt,be_gr1a,0.0,20261005-010838-8084b01
1996,gbrt,oaccruals_ni,0.0,20261005-010838-8084b01
1996,gbrt,taccruals_ni,0.0,20261005-010838-8084b01
1996,gbrt,netis_at,0.0,20261005-010838-8084b01
1996,gbrt,eqnetis_at,0.0,20261005-010838-8084b01
1996,gbrt,dbnetis_at,0.0,20261005-010838-8084b01
1996,gbrt,niq_be,1.2442469596862793e-06,20261005-010838-8084b01
1996,gbrt,niq_be_chg1,0.0,20261005-010838-8084b01
1996,gbrt,niq_at,2.559274435043335e-06,20261005-010838-8084b01
1996,gbrt,niq_at_chg1,-2.682209014892578e-07,20261005-010838-8084b01
1996,gbrt,ebit_bev,0.0,20261005-010838-8084b01
1996,gbrt,ebit_sale,6.109476089477539e-07,20261005-010838-8084b01
1996,gbrt,sale_bev,0.0,20261005-010838-8084b01
1996,gbrt,at_turnover,0.0,20261005-010838-8084b01
1996,gbrt,gp_at,0.0,20261005-010838-8084b01
1996,gbrt,gp_atl1,0.0,20261005-010838-8084b01
1996,gbrt,ope_be,0.0,20261005-010838-8084b01
1996,gbrt,ope_bel1,0.0,20261005-010838-8084b01
1996,gbrt,op_at,0.0,20261005-010838-8084b01
1996,gbrt,op_atl1,0.0,20261005-010838-8084b01
1996,gbrt,cop_at,2.905726432800293e-07,20261005-010838-8084b01
1996,gbrt,cop_atl1,2.0191073417663574e-06,20261005-010838-8084b01
1996,gbrt,f_score,1.948326826095581e-06,20261005-010838-8084b01
1996,gbrt,o_score,0.0,20261005-010838-8084b01
1996,gbrt,z_score,0.0,20261005-010838-8084b01
1996,gbrt,pi_nix,0.0,20261005-010838-8084b01
1996,gbrt,at_be,0.0,20261005-010838-8084b01
1996,gbrt,saleq_gr1,0.0,20261005-010838-8084b01
1996,gbrt,rd_me,1.6316771507263184e-06,20261005-010838-8084b01
1996,gbrt,rd_sale,-9.153038263320925e-06,20261005-010838-8084b01
1996,gbrt,opex_at,0.0,20261005-010838-8084b01
1996,gbrt,emp_gr1,0.0,20261005-010838-8084b01
1996,gbrt,rd5_at,0.0,20261005-010838-8084b01
1996,gbrt,age,2.0973384380340576e-06,20261005-010838-8084b01
1996,gbrt,dsale_dinv,0.0,20261005-010838-8084b01
1996,gbrt,dsale_drec,0.0,20261005-010838-8084b01
1996,gbrt,dgp_dsale,0.0,20261005-010838-8084b01
1996,gbrt,dsale_dsga,0.0,20261005-010838-8084b01
1996,gbrt,sale_emp_gr1,0.0,20261005-010838-8084b01
1996,gbrt,tangibility,0.0,20261005-010838-8084b01
1996,gbrt,kz_index,0.0,20261005-010838-8084b01
1996,gbrt,ocfq_saleq_std,0.0,20261005-010838-8084b01
1996,gbrt,cash_at,0.0,20261005-010838-8084b01
1996,gbrt,ni_ar1,0.0,20261005-010838-8084b01
1996,gbrt,ni_ivol,0.0,20261005-010838-8084b01
1996,gbrt,earnings_variability,0.0,20261005-010838-8084b01
1996,gbrt,aliq_at,0.0,20261005-010838-8084b01
1996,gbrt,aliq_mat,0.0,20261005-010838-8084b01
1996,gbrt,seas_1_1an,1.5757977962493896e-06,20261005-010838-8084b01
1996,gbrt,seas_1_1na,4.097819328308106e-07,20261005-010838-8084b01
1996,gbrt,seas_2_5an,1.1101365089416504e-06,20261005-010838-8084b01
1996,gbrt,seas_2_5na,-4.172325134277344e-07,20261005-010838-8084b01
1996,gbrt,seas_6_10an,0.0,20261005-010838-8084b01
1996,gbrt,seas_6_10na,0.0,20261005-010838-8084b01
1996,gbrt,seas_11_15an,0.0,20261005-010838-8084b01
1996,gbrt,seas_11_15na,0.0,20261005-010838-8084b01
1996,gbrt,seas_16_20an,0.0,20261005-010838-8084b01
1996,gbrt,seas_16_20na,0.0,20261005-010838-8084b01
1996,gbrt,market_equity,9.950250387191772e-06,20261005-010838-8084b01
1996,gbrt,ivol_ff3_21d,2.160668373107911e-07,20261005-010838-8084b01
1996,gbrt,ivol_capm_252d,0.0,20261005-010838-8084b01
1996,gbrt,ivol_capm_21d,3.203749656677246e-07,20261005-010838-8084b01
1996,gbrt,ivol_hxz4_21d,1.5906989574432373e-05,20261005-010838-8084b01
1996,gbrt,rvol_21d,0.0,20261005-010838-8084b01
1996,gbrt,beta_60m,0.0,20261005-010838-8084b01
1996,gbrt,betabab_1260d,0.0,20261005-010838-8084b01
1996,gbrt,beta_dimson_21d,0.0,20261005-010838-8084b01
1996,gbrt,turnover_126d,0.0,20261005-010838-8084b01
1996,gbrt,turnover_var_126d,0.0,20261005-010838-8084b01
1996,gbrt,dolvol_126d,3.8780272006988525e-06,20261005-010838-8084b01
1996,gbrt,dolvol_var_126d,0.0,20261005-010838-8084b01
1996,gbrt,prc,5.509331822395325e-05,20261005-010838-8084b01
1996,gbrt,ami_126d,0.0,20261005-010838-8084b01
1996,gbrt,zero_trades_21d,0.0,20261005-010838-8084b01
1996,gbrt,zero_trades_126d,5.129724740982056e-06,20261005-010838-8084b01
1996,gbrt,zero_trades_252d,7.048249244689941e-06,20261005-010838-8084b01
1996,gbrt,rmax1_21d,1.2665987014770508e-07,20261005-010838-8084b01
1996,gbrt,rskew_21d,0.0,20261005-010838-8084b01
1996,gbrt,iskew_capm_21d,0.0,20261005-010838-8084b01
1996,gbrt,iskew_ff3_21d,0.0,20261005-010838-8084b01
1996,gbrt,iskew_hxz4_21d,0.0,20261005-010838-8084b01
1996,gbrt,coskew_21d,0.0,20261005-010838-8084b01
1996,gbrt,ret_1_0,0.0001011900603771,20261005-010838-8084b01
1996,gbrt,betadown_252d,0.0,20261005-010838-8084b01
1996,gbrt,bidaskhl_21d,0.0,20261005-010838-8084b01
1996,gbrt,ret_3_1,1.9744038581848145e-07,20261005-010838-8084b01
1996,gbrt,ret_9_1,1.2405216693878174e-06,20261005-010838-8084b01
1996,gbrt,ret_12_7,1.739710569381714e-06,20261005-010838-8084b01
1996,gbrt,corr_1260d,0.0,20261005-010838-8084b01
1996,gbrt,rmax5_21d,1.5757977962493896e-06,20261005-010838-8084b01
1996,gbrt,rmax5_rvol_21d,2.160668373107911e-07,20261005-010838-8084b01
1996,gbrt,ni_be,0.0,20261005-010838-8084b01
1996,gbrt,ocf_at,1.8589198589324951e-06,20261005-010838-8084b01
1996,gbrt,ocf_at_chg1,0.0,20261005-010838-8084b01
1996,gbrt,mispricing_perf,3.468245267868042e-06,20261005-010838-8084b01
1996,gbrt,mispricing_mgmt,0.0,20261005-010838-8084b01
1996,gbrt,qmj,0.0,20261005-010838-8084b01
1996,gbrt,qmj_prof,0.0,20261005-010838-8084b01
1996,gbrt,qmj_growth,0.0,20261005-010838-8084b01
1996,gbrt,qmj_safety,0.0,20261005-010838-8084b01
1998,huber,niq_su,-4.842877388000488e-08,20261005-010838-8084b01
1998,huber,ret_6_1,5.472451448440552e-06,20261005-010838-8084b01
1998,huber,ret_12_1,3.863871097564697e-05,20261005-010838-8084b01
1998,huber,saleq_su,-6.295740604400635e-07,20261005-010838-8084b01
1998,huber,tax_gr1a,-1.7099082469940186e-06,20261005-010838-8084b01
1998,huber,ni_inc8q,2.205371856689453e-06,20261005-010838-8084b01
1998,huber,prc_highprc_252d,2.478435635566711e-05,20261005-010838-8084b01
1998,huber,resff3_6_1,-6.444752216339111e-07,20261005-010838-8084b01
1998,huber,resff3_12_1,2.3990869522094727e-06,20261005-010838-8084b01
1998,huber,be_me,-5.532056093215942e-06,20261005-010838-8084b01
1998,huber,debt_me,1.755356788635254e-05,20261005-010838-8084b01
1998,huber,at_me,-4.76837158203125e-07,20261005-010838-8084b01
1998,huber,ret_60_12,-2.272427082061768e-07,20261005-010838-8084b01
1998,huber,ni_me,7.931143045425415e-06,20261005-010838-8084b01
1998,huber,fcf_me,1.30385160446167e-07,20261005-010838-8084b01
1998,huber,div12m_me,-1.914799213409424e-06,20261005-010838-8084b01
1998,huber,eqpo_me,2.689659595489502e-06,20261005-010838-8084b01
1998,huber,eqnpo_me,-5.62518835067749e-07,20261005-010838-8084b01
1998,huber,sale_gr3,-1.862645149230957e-08,20261005-010838-8084b01
1998,huber,sale_gr1,1.4454126358032229e-06,20261005-010838-8084b01
1998,huber,ebitda_mev,1.344829797744751e-05,20261005-010838-8084b01
1998,huber,sale_me,3.4905970096588135e-06,20261005-010838-8084b01
1998,huber,ocf_me,-6.8731606006622314e-06,20261005-010838-8084b01
1998,huber,ival_me,-1.1548399925231934e-06,20261005-010838-8084b01
1998,huber,bev_mev,-7.167458534240723e-06,20261005-010838-8084b01
1998,huber,netdebt_me,2.463534474372864e-05,20261005-010838-8084b01
1998,huber,eq_dur,-9.760260581970217e-07,20261005-010838-8084b01
1998,huber,capex_abn,-2.171844244003296e-06,20261005-010838-8084b01
1998,huber,at_gr1,-5.412846803665161e-06,20261005-010838-8084b01
1998,huber,ppeinv_gr1a,3.7364661693573e-06,20261005-010838-8084b01
1998,huber,noa_at,4.724040627479553e-05,20261005-010838-8084b01
1998,huber,noa_gr1a,-1.1239200830459596e-05,20261005-010838-8084b01
1998,huber,lnoa_gr1a,5.811452865600586e-07,20261005-010838-8084b01
1998,huber,capx_gr1,1.1846423149108889e-06,20261005-010838-8084b01
1998,huber,capx_gr2,3.505498170852661e-06,20261005-010838-8084b01
1998,huber,capx_gr3,-3.352761268615723e-07,20261005-010838-8084b01
1998,huber,chcsho_12m,3.200024366378784e-06,20261005-010838-8084b01
1998,huber,eqnpo_12m,4.69014048576355e-06,20261005-010838-8084b01
1998,huber,debt_gr3,1.817941665649414e-06,20261005-010838-8084b01
1998,huber,inv_gr1,7.82310962677002e-08,20261005-010838-8084b01
1998,huber,inv_gr1a,1.6130506992340088e-06,20261005-010838-8084b01
1998,huber,oaccruals_at,3.3233314752578735e-05,20261005-010838-8084b01
1998,huber,taccruals_at,-9.5367431640625e-07,20261005-010838-8084b01
1998,huber,cowc_gr1a,-8.046627044677734e-07,20261005-010838-8084b01
1998,huber,coa_gr1a,2.902001142501831e-06,20261005-010838-8084b01
1998,huber,col_gr1a,1.1920928955078125e-07,20261005-010838-8084b01
1998,huber,nncoa_gr1a,6.452202796936035e-06,20261005-010838-8084b01
1998,huber,ncoa_gr1a,-1.2926757335662842e-06,20261005-010838-8084b01
1998,huber,ncol_gr1a,-1.862645149230957e-08,20261005-010838-8084b01
1998,huber,nfna_gr1a,-8.568167686462402e-08,20261005-010838-8084b01
1998,huber,sti_gr1a,1.154839992523195e-07,20261005-010838-8084b01
1998,huber,lti_gr1a,-2.570450305938721e-07,20261005-010838-8084b01
1998,huber,fnl_gr1a,8.605420589447021e-06,20261005-010838-8084b01
1998,huber,be_gr1a,1.210346817970276e-05,20261005-010838-8084b01
1998,huber,oaccruals_ni,1.8477439880371096e-06,20261005-010838-8084b01
1998,huber,taccruals_ni,1.776963472366333e-06,20261005-010838-8084b01
1998,huber,netis_at,2.384185791015625e-07,20261005-010838-8084b01
1998,huber,eqnetis_at,-3.1776726245880127e-06,20261005-010838-8084b01
1998,huber,dbnetis_at,1.862645149230957e-08,20261005-010838-8084b01
1998,huber,niq_be,3.337860107421875e-06,20261005-010838-8084b01
1998,huber,niq_be_chg1,-2.905726432800293e-07,20261005-010838-8084b01
1998,huber,niq_at,-1.6726553440093994e-06,20261005-010838-8084b01
1998,huber,niq_at_chg1,1.996755599975586e-06,20261005-010838-8084b01
1998,huber,ebit_bev,1.2170523405075072e-05,20261005-010838-8084b01
1998,huber,ebit_sale,-1.0903924703598022e-05,20261005-010838-8084b01
1998,huber,sale_bev,-5.304813385009766e-06,20261005-010838-8084b01
1998,huber,at_turnover,-1.0617077350616455e-06,20261005-010838-8084b01
1998,huber,gp_at,2.9783695936203003e-05,20261005-010838-8084b01
1998,huber,gp_atl1,-5.457550287246704e-06,20261005-010838-8084b01
1998,huber,ope_be,-1.5720725059509275e-06,20261005-010838-8084b01
1998,huber,ope_bel1,-4.954636096954346e-07,20261005-010838-8084b01
1998,huber,op_at,1.6614794731140137e-06,20261005-010838-8084b01
1998,huber,op_atl1,-9.797513484954834e-07,20261005-010838-8084b01
1998,huber,cop_at,1.3034790754318236e-05,20261005-010838-8084b01
1998,huber,cop_atl1,4.1835010051727295e-06,20261005-010838-8084b01
1998,huber,f_score,8.828938007354736e-07,20261005-010838-8084b01
1998,huber,o_score,6.92903995513916e-06,20261005-010838-8084b01
1998,huber,z_score,2.767890691757202e-06,20261005-010838-8084b01
1998,huber,pi_nix,-3.3527612686157227e-08,20261005-010838-8084b01
1998,huber,at_be,6.6943466663360596e-06,20261005-010838-8084b01
1998,huber,saleq_gr1,1.899898052215576e-06,20261005-010838-8084b01
1998,huber,rd_me,4.988163709640503e-06,20261005-010838-8084b01
1998,huber,rd_sale,2.6673078536987305e-06,20261005-010838-8084b01
1998,huber,opex_at,-3.345310688018799e-06,20261005-010838-8084b01
1998,huber,emp_gr1,1.0058283805847168e-06,20261005-010838-8084b01
1998,huber,rd5_at,-1.341104507446289e-07,20261005-010838-8084b01
1998,huber,age,-6.038695573806763e-06,20261005-010838-8084b01
1998,huber,dsale_dinv,4.202127456665039e-06,20261005-010838-8084b01
1998,huber,dsale_drec,-7.674098014831543e-07,20261005-010838-8084b01
1998,huber,dgp_dsale,6.742775440216064e-07,20261005-010838-8084b01
1998,huber,dsale_dsga,6.593763828277588e-07,20261005-010838-8084b01
1998,huber,sale_emp_gr1,1.6652047634124756e-06,20261005-010838-8084b01
1998,huber,tangibility,-1.862645149230957e-07,20261005-010838-8084b01
1998,huber,kz_index,-2.1383166313171387e-06,20261005-010838-8084b01
1998,huber,ocfq_saleq_std,3.539025783538819e-07,20261005-010838-8084b01
1998,huber,cash_at,2.2288411855697632e-05,20261005-010838-8084b01
1998,huber,ni_ar1,-2.1979212760925293e-07,20261005-010838-8084b01
1998,huber,ni_ivol,-9.201467037200928e-07,20261005-010838-8084b01
1998,huber,earnings_variability,1.0542571544647217e-06,20261005-010838-8084b01
1998,huber,aliq_at,-9.98377799987793e-07,20261005-010838-8084b01
1998,huber,aliq_mat,1.506507396697998e-05,20261005-010838-8084b01
1998,huber,seas_1_1an,-5.520880222320557e-06,20261005-010838-8084b01
1998,huber,seas_1_1na,2.4002045392990112e-05,20261005-010838-8084b01
1998,huber,seas_2_5an,6.0908496379852295e-06,20261005-010838-8084b01
1998,huber,seas_2_5na,1.0579824447631836e-06,20261005-010838-8084b01
1998,huber,seas_6_10an,5.5246055126190186e-06,20261005-010838-8084b01
1998,huber,seas_6_10na,-3.855675458908081e-06,20261005-010838-8084b01
1998,huber,seas_11_15an,1.3262033462524414e-06,20261005-010838-8084b01
1998,huber,seas_11_15na,7.003545761108398e-07,20261005-010838-8084b01
1998,huber,seas_16_20an,-1.1175870895385742e-08,20261005-010838-8084b01
1998,huber,seas_16_20na,-2.272427082061768e-07,20261005-010838-8084b01
1998,huber,market_equity,6.4373016357421875e-06,20261005-010838-8084b01
1998,huber,ivol_ff3_21d,2.3923814296722412e-05,20261005-010838-8084b01
1998,huber,ivol_capm_252d,3.714114427566528e-06,20261005-010838-8084b01
1998,huber,ivol_capm_21d,-8.046627044677734e-07,20261005-010838-8084b01
1998,huber,ivol_hxz4_21d,6.424635648727417e-05,20261005-010838-8084b01
1998,huber,rvol_21d,1.8030405044555664e-05,20261005-010838-8084b01
1998,huber,beta_60m,4.976987838745117e-06,20261005-010838-8084b01
1998,huber,betabab_1260d,7.729977369308472e-06,20261005-010838-8084b01
1998,huber,beta_dimson_21d,5.7034194469451904e-06,20261005-010838-8084b01
1998,huber,turnover_126d,-4.172325134277344e-06,20261005-010838-8084b01
1998,huber,turnover_var_126d,9.496137499809264e-05,20261005-010838-8084b01
1998,huber,dolvol_126d,4.1835010051727295e-05,20261005-010838-8084b01
1998,huber,dolvol_var_126d,0.0001766793429851,20261005-010838-8084b01
1998,huber,prc,1.3075768947601318e-06,20261005-010838-8084b01
1998,huber,ami_126d,-1.701340079307556e-05,20261005-010838-8084b01
1998,huber,zero_trades_21d,0.0003616698086261,20261005-010838-8084b01
1998,huber,zero_trades_126d,-1.5579164028167725e-05,20261005-010838-8084b01
1998,huber,zero_trades_252d,-8.814036846160889e-06,20261005-010838-8084b01
1998,huber,rmax1_21d,5.748122930526733e-06,20261005-010838-8084b01
1998,huber,rskew_21d,8.642673492431641e-07,20261005-010838-8084b01
1998,huber,iskew_capm_21d,-7.450580596923828e-09,20261005-010838-8084b01
1998,huber,iskew_ff3_21d,8.419156074523926e-07,20261005-010838-8084b01
1998,huber,iskew_hxz4_21d,2.980232238769531e-07,20261005-010838-8084b01
1998,huber,coskew_21d,-9.797513484954834e-07,20261005-010838-8084b01
1998,huber,ret_1_0,0.0001077055931091,20261005-010838-8084b01
1998,huber,betadown_252d,1.0225921869277954e-05,20261005-010838-8084b01
1998,huber,bidaskhl_21d,7.264316082000732e-07,20261005-010838-8084b01
1998,huber,ret_3_1,6.418675184249878e-06,20261005-010838-8084b01
1998,huber,ret_9_1,1.3340264558792114e-05,20261005-010838-8084b01
1998,huber,ret_12_7,6.966292858123779e-06,20261005-010838-8084b01
1998,huber,corr_1260d,-6.128102540969849e-06,20261005-010838-8084b01
1998,huber,rmax5_21d,9.201467037200928e-07,20261005-010838-8084b01
1998,huber,rmax5_rvol_21d,2.442672848701477e-05,20261005-010838-8084b01
1998,huber,ni_be,9.313225746154784e-07,20261005-010838-8084b01
1998,huber,ocf_at,7.208436727523804e-06,20261005-010838-8084b01
1998,huber,ocf_at_chg1,-1.2665987014770508e-07,20261005-010838-8084b01
1998,huber,mispricing_perf,2.7194619178771973e-07,20261005-010838-8084b01
1998,huber,mispricing_mgmt,-5.54695725440979e-06,20261005-010838-8084b01
1998,huber,qmj,-1.5385448932647703e-06,20261005-010838-8084b01
1998,huber,qmj_prof,-8.940696716308596e-08,20261005-010838-8084b01
1998,huber,qmj_growth,1.5087425708770752e-06,20261005-010838-8084b01
1998,huber,qmj_safety,1.0058283805847168e-06,20261005-010838-8084b01
1998,gbrt,niq_su,5.699694156646729e-07,20261005-010838-8084b01
1998,gbrt,ret_6_1,1.6614794731140137e-05,20261005-010838-8084b01
1998,gbrt,ret_12_1,1.4405697584152222e-05,20261005-010838-8084b01
1998,gbrt,saleq_su,0.0,20261005-010838-8084b01
1998,gbrt,tax_gr1a,1.9371509552001953e-07,20261005-010838-8084b01
1998,gbrt,ni_inc8q,-1.9144266843795776e-05,20261005-010838-8084b01
1998,gbrt,prc_highprc_252d,1.080334186553955e-06,20261005-010838-8084b01
1998,gbrt,resff3_6_1,2.3730099201202393e-06,20261005-010838-8084b01
1998,gbrt,resff3_12_1,1.5050172805786133e-06,20261005-010838-8084b01
1998,gbrt,be_me,2.3409724235534668e-05,20261005-010838-8084b01
1998,gbrt,debt_me,5.476176738739014e-07,20261005-010838-8084b01
1998,gbrt,at_me,7.82310962677002e-08,20261005-010838-8084b01
1998,gbrt,ret_60_12,2.60770320892334e-08,20261005-010838-8084b01
1998,gbrt,ni_me,-7.245689630508423e-06,20261005-010838-8084b01
1998,gbrt,fcf_me,-2.980232238769531e-07,20261005-010838-8084b01
1998,gbrt,div12m_me,-5.04031777381897e-06,20261005-010838-8084b01
1998,gbrt,eqpo_me,-1.451745629310608e-05,20261005-010838-8084b01
1998,gbrt,eqnpo_me,-1.1064112186431885e-06,20261005-010838-8084b01
1998,gbrt,sale_gr3,1.601874828338623e-07,20261005-010838-8084b01
1998,gbrt,sale_gr1,5.550682544708252e-07,20261005-010838-8084b01
1998,gbrt,ebitda_mev,-6.102025508880615e-06,20261005-010838-8084b01
1998,gbrt,sale_me,7.711350917816162e-07,20261005-010838-8084b01
1998,gbrt,ocf_me,-2.1904706954956055e-06,20261005-010838-8084b01
1998,gbrt,ival_me,-1.862645149230957e-07,20261005-010838-8084b01
1998,gbrt,bev_mev,9.823590517044067e-06,20261005-010838-8084b01
1998,gbrt,netdebt_me,6.2622129917144775e-06,20261005-010838-8084b01
1998,gbrt,eq_dur,-1.3336539268493652e-06,20261005-010838-8084b01
1998,gbrt,capex_abn,-1.4901161193847656e-08,20261005-010838-8084b01
1998,gbrt,at_gr1,2.831220626831055e-07,20261005-010838-8084b01
1998,gbrt,ppeinv_gr1a,4.023313522338867e-07,20261005-010838-8084b01
1998,gbrt,noa_at,3.091990947723389e-07,20261005-010838-8084b01
1998,gbrt,noa_gr1a,1.30385160446167e-07,20261005-010838-8084b01
1998,gbrt,lnoa_gr1a,-5.736947059631348e-07,20261005-010838-8084b01
1998,gbrt,capx_gr1,0.0,20261005-010838-8084b01
1998,gbrt,capx_gr2,0.0,20261005-010838-8084b01
1998,gbrt,capx_gr3,0.0,20261005-010838-8084b01
1998,gbrt,chcsho_12m,1.0047107934951782e-05,20261005-010838-8084b01
1998,gbrt,eqnpo_12m,1.0814517736434937e-05,20261005-010838-8084b01
1998,gbrt,debt_gr3,1.7546117305755615e-06,20261005-010838-8084b01
1998,gbrt,inv_gr1,1.739710569381714e-06,20261005-010838-8084b01
1998,gbrt,inv_gr1a,7.327646017074585e-06,20261005-010838-8084b01
1998,gbrt,oaccruals_at,-3.05473804473877e-07,20261005-010838-8084b01
1998,gbrt,taccruals_at,-6.258487701416016e-07,20261005-010838-8084b01
1998,gbrt,cowc_gr1a,1.341104507446289e-07,20261005-010838-8084b01
1998,gbrt,coa_gr1a,2.942979335784912e-07,20261005-010838-8084b01
1998,gbrt,col_gr1a,2.168118953704834e-06,20261005-010838-8084b01
1998,gbrt,nncoa_gr1a,2.235174179077149e-07,20261005-010838-8084b01
1998,gbrt,ncoa_gr1a,0.0,20261005-010838-8084b01
1998,gbrt,ncol_gr1a,-6.407499313354492e-07,20261005-010838-8084b01
1998,gbrt,nfna_gr1a,-1.0058283805847169e-07,20261005-010838-8084b01
1998,gbrt,sti_gr1a,-7.450580596923828e-08,20261005-010838-8084b01
1998,gbrt,lti_gr1a,-2.323836088180542e-05,20261005-010838-8084b01
1998,gbrt,fnl_gr1a,1.1175870895385742e-08,20261005-010838-8084b01
1998,gbrt,be_gr1a,2.346932888031006e-07,20261005-010838-8084b01
1998,gbrt,oaccruals_ni,2.123415470123291e-07,20261005-010838-8084b01
1998,gbrt,taccruals_ni,0.0,20261005-010838-8084b01
1998,gbrt,netis_at,-8.23289155960083e-07,20261005-010838-8084b01
1998,gbrt,eqnetis_at,-3.512948751449585e-06,20261005-010838-8084b01
1998,gbrt,dbnetis_at,2.868473529815674e-07,20261005-010838-8084b01
1998,gbrt,niq_be,-3.471970558166504e-06,20261005-010838-8084b01
1998,gbrt,niq_be_chg1,-5.476176738739014e-07,20261005-010838-8084b01
1998,gbrt,niq_at,-1.255422830581665e-06,20261005-010838-8084b01
1998,gbrt,niq_at_chg1,1.0095536708831787e-06,20261005-010838-8084b01
1998,gbrt,ebit_bev,-1.2293457984924316e-07,20261005-010838-8084b01
1998,gbrt,ebit_sale,-3.9711594581604e-06,20261005-010838-8084b01
1998,gbrt,sale_bev,2.123415470123291e-07,20261005-010838-8084b01
1998,gbrt,at_turnover,1.6763806343078613e-07,20261005-010838-8084b01
1998,gbrt,gp_at,3.375113010406494e-06,20261005-010838-8084b01
1998,gbrt,gp_atl1,1.527369022369385e-07,20261005-010838-8084b01
1998,gbrt,ope_be,-5.21540641784668e-08,20261005-010838-8084b01
1998,gbrt,ope_bel1,1.1175870895385742e-08,20261005-010838-8084b01
1998,gbrt,op_at,-1.7993152141571045e-06,20261005-010838-8084b01
1998,gbrt,op_atl1,-5.21540641784668e-08,20261005-010838-8084b01
1998,gbrt,cop_at,3.337860107421875e-06,20261005-010838-8084b01
1998,gbrt,cop_atl1,-9.49949026107788e-07,20261005-010838-8084b01
1998,gbrt,f_score,-4.76837158203125e-07,20261005-010838-8084b01
1998,gbrt,o_score,-5.923211574554443e-07,20261005-010838-8084b01
1998,gbrt,z_score,1.814216375350952e-06,20261005-010838-8084b01
1998,gbrt,pi_nix,0.0,20261005-010838-8084b01
1998,gbrt,at_be,6.07222318649292e-07,20261005-010838-8084b01
1998,gbrt,saleq_gr1,-6.556510925292969e-07,20261005-010838-8084b01
1998,gbrt,rd_me,2.751871943473816e-05,20261005-010838-8084b01
1998,gbrt,rd_sale,1.1511147022247314e-05,20261005-010838-8084b01
1998,gbrt,opex_at,1.862645149230957e-08,20261005-010838-8084b01
1998,gbrt,emp_gr1,1.154839992523195e-07,20261005-010838-8084b01
1998,gbrt,rd5_at,-9.648501873016355e-07,20261005-010838-8084b01
1998,gbrt,age,-1.866370439529419e-05,20261005-010838-8084b01
1998,gbrt,dsale_dinv,-2.980232238769531e-07,20261005-010838-8084b01
1998,gbrt,dsale_drec,5.140900611877441e-07,20261005-010838-8084b01
1998,gbrt,dgp_dsale,6.332993507385254e-08,20261005-010838-8084b01
1998,gbrt,dsale_dsga,0.0,20261005-010838-8084b01
1998,gbrt,sale_emp_gr1,1.1920928955078125e-07,20261005-010838-8084b01
1998,gbrt,tangibility,0.0,20261005-010838-8084b01
1998,gbrt,kz_index,2.980232238769531e-07,20261005-010838-8084b01
1998,gbrt,ocfq_saleq_std,0.0,20261005-010838-8084b01
1998,gbrt,cash_at,1.2326985597610474e-05,20261005-010838-8084b01
1998,gbrt,ni_ar1,0.0,20261005-010838-8084b01
1998,gbrt,ni_ivol,-1.0058283805847169e-07,20261005-010838-8084b01
1998,gbrt,earnings_variability,-4.842877388000488e-08,20261005-010838-8084b01
1998,gbrt,aliq_at,-3.8743019104003906e-07,20261005-010838-8084b01
1998,gbrt,aliq_mat,2.384185791015625e-07,20261005-010838-8084b01
1998,gbrt,seas_1_1an,6.705522537231445e-07,20261005-010838-8084b01
1998,gbrt,seas_1_1na,2.2586435079574585e-05,20261005-010838-8084b01
1998,gbrt,seas_2_5an,-5.446374416351318e-06,20261005-010838-8084b01
1998,gbrt,seas_2_5na,-5.811452865600586e-07,20261005-010838-8084b01
1998,gbrt,seas_6_10an,9.5367431640625e-07,20261005-010838-8084b01
1998,gbrt,seas_6_10na,-5.476176738739014e-07,20261005-010838-8084b01
1998,gbrt,seas_11_15an,1.9371509552001953e-07,20261005-010838-8084b01
1998,gbrt,seas_11_15na,0.0,20261005-010838-8084b01
1998,gbrt,seas_16_20an,0.0,20261005-010838-8084b01
1998,gbrt,seas_16_20na,0.0,20261005-010838-8084b01
1998,gbrt,market_equity,2.372637391090393e-05,20261005-010838-8084b01
1998,gbrt,ivol_ff3_21d,2.175569534301758e-06,20261005-010838-8084b01
1998,gbrt,ivol_capm_252d,2.0228326320648193e-06,20261005-010838-8084b01
1998,gbrt,ivol_capm_21d,3.255903720855713e-06,20261005-010838-8084b01
1998,gbrt,ivol_hxz4_21d,3.92422080039978e-05,20261005-010838-8084b01
1998,gbrt,rvol_21d,1.2665987014770508e-06,20261005-010838-8084b01
1998,gbrt,beta_60m,-7.450580596923828e-08,20261005-010838-8084b01
1998,gbrt,betabab_1260d,-4.991888999938965e-07,20261005-010838-8084b01
1998,gbrt,beta_dimson_21d,0.0,20261005-010838-8084b01
1998,gbrt,turnover_126d,2.3618340492248535e-06,20261005-010838-8084b01
1998,gbrt,turnover_var_126d,-4.060566425323487e-07,20261005-010838-8084b01
1998,gbrt,dolvol_126d,6.377696990966797e-06,20261005-010838-8084b01
1998,gbrt,dolvol_var_126d,4.76837158203125e-07,20261005-010838-8084b01
1998,gbrt,prc,0.0001052916049957,20261005-010838-8084b01
1998,gbrt,ami_126d,7.078051567077638e-08,20261005-010838-8084b01
1998,gbrt,zero_trades_21d,4.550442099571228e-05,20261005-010838-8084b01
1998,gbrt,zero_trades_126d,3.930181264877319e-06,20261005-010838-8084b01
1998,gbrt,zero_trades_252d,3.38628888130188e-06,20261005-010838-8084b01
1998,gbrt,rmax1_21d,-7.450580596923828e-09,20261005-010838-8084b01
1998,gbrt,rskew_21d,0.0,20261005-010838-8084b01
1998,gbrt,iskew_capm_21d,-7.450580596923828e-09,20261005-010838-8084b01
1998,gbrt,iskew_ff3_21d,0.0,20261005-010838-8084b01
1998,gbrt,iskew_hxz4_21d,0.0,20261005-010838-8084b01
1998,gbrt,coskew_21d,1.739710569381714e-06,20261005-010838-8084b01
1998,gbrt,ret_1_0,0.0002949349582195,20261005-010838-8084b01
1998,gbrt,betadown_252d,2.048909664154053e-07,20261005-010838-8084b01
1998,gbrt,bidaskhl_21d,3.725290298461914e-08,20261005-010838-8084b01
1998,gbrt,ret_3_1,2.3424625396728516e-05,20261005-010838-8084b01
1998,gbrt,ret_9_1,7.897615432739258e-06,20261005-010838-8084b01
1998,gbrt,ret_12_7,-3.1106173992156982e-06,20261005-010838-8084b01
1998,gbrt,corr_1260d,-1.1175870895385745e-07,20261005-010838-8084b01
1998,gbrt,rmax5_21d,8.83638858795166e-06,20261005-010838-8084b01
1998,gbrt,rmax5_rvol_21d,2.972781658172607e-06,20261005-010838-8084b01
1998,gbrt,ni_be,4.023313522338867e-07,20261005-010838-8084b01
1998,gbrt,ocf_at,-5.420297384262085e-06,20261005-010838-8084b01
1998,gbrt,ocf_at_chg1,7.748603820800781e-07,20261005-010838-8084b01
1998,gbrt,mispricing_perf,9.942799806594849e-06,20261005-010838-8084b01
1998,gbrt,mispricing_mgmt,0.0,20261005-010838-8084b01
1998,gbrt,qmj,-1.7508864402771e-07,20261005-010838-8084b01
1998,gbrt,qmj_prof,1.1883676052093506e-06,20261005-010838-8084b01
1998,gbrt,qmj_growth,0.0,20261005-010838-8084b01
1998,gbrt,qmj_safety,3.725290298461914e-09,20261005-010838-8084b01
2000,huber,niq_su,-1.3634562492370603e-06,20261005-010838-8084b01
2000,huber,ret_6_1,2.352893352508545e-05,20261005-010838-8084b01
2000,huber,ret_12_1,9.118765592575072e-05,20261005-010838-8084b01
2000,huber,saleq_su,3.986060619354248e-06,20261005-010838-8084b01
2000,huber,tax_gr1a,-9.760260581970217e-07,20261005-010838-8084b01
2000,huber,ni_inc8q,-9.387731552124024e-07,20261005-010838-8084b01
2000,huber,prc_highprc_252d,0.000217780470848,20261005-010838-8084b01
2000,huber,resff3_6_1,-4.500150680541992e-06,20261005-010838-8084b01
2000,huber,resff3_12_1,1.2233853340148926e-05,20261005-010838-8084b01
2000,huber,be_me,2.4303793907165527e-05,20261005-010838-8084b01
2000,huber,debt_me,-7.4729323387146e-06,20261005-010838-8084b01
2000,huber,at_me,1.5348196029663086e-06,20261005-010838-8084b01
2000,huber,ret_60_12,-6.452202796936035e-06,20261005-010838-8084b01
2000,huber,ni_me,-1.062452793121338e-05,20261005-010838-8084b01
2000,huber,fcf_me,2.2277235984802246e-06,20261005-010838-8084b01
2000,huber,div12m_me,1.2308359146118164e-05,20261005-010838-8084b01
2000,huber,eqpo_me,-7.264316082000732e-06,20261005-010838-8084b01
2000,huber,eqnpo_me,1.2077391147613524e-05,20261005-010838-8084b01
2000,huber,sale_gr3,-1.169741153717041e-06,20261005-010838-8084b01
2000,huber,sale_gr1,2.4497509002685547e-05,20261005-010838-8084b01
2000,huber,ebitda_mev,-2.7768313884735107e-05,20261005-010838-8084b01
2000,huber,sale_me,1.6100704669952393e-05,20261005-010838-8084b01
2000,huber,ocf_me,5.62816858291626e-05,20261005-010838-8084b01
2000,huber,ival_me,-2.8312206268310547e-06,20261005-010838-8084b01
2000,huber,bev_mev,1.0222196578979492e-05,20261005-010838-8084b01
2000,huber,netdebt_me,-7.934868335723877e-06,20261005-010838-8084b01
2000,huber,eq_dur,2.8461217880249023e-06,20261005-010838-8084b01
2000,huber,capex_abn,-2.384185791015625e-06,20261005-010838-8084b01
2000,huber,at_gr1,-3.600120544433594e-05,20261005-010838-8084b01
2000,huber,ppeinv_gr1a,1.354515552520752e-05,20261005-010838-8084b01
2000,huber,noa_at,4.302710294723511e-05,20261005-010838-8084b01
2000,huber,noa_gr1a,-4.937499761581421e-05,20261005-010838-8084b01
2000,huber,lnoa_gr1a,4.991888999938965e-06,20261005-010838-8084b01
2000,huber,capx_gr1,1.1295080184936523e-05,20261005-010838-8084b01
2000,huber,capx_gr2,6.139278411865234e-06,20261005-010838-8084b01
2000,huber,capx_gr3,7.82310962677002e-07,20261005-010838-8084b01
2000,huber,chcsho_12m,3.287196159362793e-05,20261005-010838-8084b01
2000,huber,eqnpo_12m,-2.244114875793457e-05,20261005-010838-8084b01
2000,huber,debt_gr3,4.984438419342041e-06,20261005-010838-8084b01
2000,huber,inv_gr1,-4.917383193969727e-07,20261005-010838-8084b01
2000,huber,inv_gr1a,2.950429916381836e-06,20261005-010838-8084b01
2000,huber,oaccruals_at,6.295740604400635e-06,20261005-010838-8084b01
2000,huber,taccruals_at,-7.152557373046875e-06,20261005-010838-8084b01
2000,huber,cowc_gr1a,2.60770320892334e-07,20261005-010838-8084b01
2000,huber,coa_gr1a,1.3567507266998293e-05,20261005-010838-8084b01
2000,huber,col_gr1a,-2.115964889526367e-06,20261005-010838-8084b01
2000,huber,nncoa_gr1a,2.444535493850708e-05,20261005-010838-8084b01
2000,huber,ncoa_gr1a,-9.626150131225586e-06,20261005-010838-8084b01
2000,huber,ncol_gr1a,-5.960464477539065e-08,20261005-010838-8084b01
2000,huber,nfna_gr1a,1.9073486328125e-06,20261005-010838-8084b01
2000,huber,sti_gr1a,1.2516975402832031e-06,20261005-010838-8084b01
2000,huber,lti_gr1a,1.55717134475708e-06,20261005-010838-8084b01
2000,huber,fnl_gr1a,6.884336471557617e-06,20261005-010838-8084b01
2000,huber,be_gr1a,2.8721988201141357e-05,20261005-010838-8084b01
2000,huber,oaccruals_ni,-1.430511474609375e-05,20261005-010838-8084b01
2000,huber,taccruals_ni,6.705522537231445e-07,20261005-010838-8084b01
2000,huber,netis_at,-1.5795230865478516e-06,20261005-010838-8084b01
2000,huber,eqnetis_at,2.5413930416107174e-05,20261005-010838-8084b01
2000,huber,dbnetis_at,-1.0952353477478027e-06,20261005-010838-8084b01
2000,huber,niq_be,7.896870374679565e-05,20261005-010838-8084b01
2000,huber,niq_be_chg1,9.685754776000977e-08,20261005-010838-8084b01
2000,huber,niq_at,6.616115570068359e-06,20261005-010838-8084b01
2000,huber,niq_at_chg1,9.313225746154784e-07,20261005-010838-8084b01
2000,huber,ebit_bev,-3.3855438232421875e-05,20261005-010838-8084b01
2000,huber,ebit_sale,5.192309617996216e-05,20261005-010838-8084b01
2000,huber,sale_bev,-7.450580596923828e-09,20261005-010838-8084b01
2000,huber,at_turnover,1.341104507446289e-05,20261005-010838-8084b01
2000,huber,gp_at,-4.3213367462158203e-07,20261005-010838-8084b01
2000,huber,gp_atl1,6.42240047454834e-06,20261005-010838-8084b01
2000,huber,ope_be,8.322298526763916e-06,20261005-010838-8084b01
2000,huber,ope_bel1,1.1101365089416504e-06,20261005-010838-8084b01
2000,huber,op_at,0.0001106262207031,20261005-010838-8084b01
2000,huber,op_atl1,4.2848289012908936e-05,20261005-010838-8084b01
2000,huber,cop_at,-5.210191011428833e-05,20261005-010838-8084b01
2000,huber,cop_atl1,9.322911500930786e-05,20261005-010838-8084b01
2000,huber,f_score,-3.4496188163757324e-06,20261005-010838-8084b01
2000,huber,o_score,-3.717094659805298e-05,20261005-010838-8084b01
2000,huber,z_score,-4.3958425521850586e-07,20261005-010838-8084b01
2000,huber,pi_nix,5.21540641784668e-08,20261005-010838-8084b01
2000,huber,at_be,-1.1354684829711914e-05,20261005-010838-8084b01
2000,huber,saleq_gr1,-2.025812864303589e-05,20261005-010838-8084b01
2000,huber,rd_me,1.417100429534912e-05,20261005-010838-8084b01
2000,huber,rd_sale,1.2889504432678225e-06,20261005-010838-8084b01
2000,huber,opex_at,-7.465481758117676e-06,20261005-010838-8084b01
2000,huber,emp_gr1,-1.1943280696868896e-05,20261005-010838-8084b01
2000,huber,rd5_at,-1.4007091522216797e-06,20261005-010838-8084b01
2000,huber,age,2.2761523723602295e-05,20261005-010838-8084b01
2000,huber,dsale_dinv,-2.4586915969848633e-07,20261005-010838-8084b01
2000,huber,dsale_drec,1.8328428268432615e-06,20261005-010838-8084b01
2000,huber,dgp_dsale,-5.513429641723633e-07,20261005-010838-8084b01
2000,huber,dsale_dsga,-3.725290298461914e-08,20261005-010838-8084b01
2000,huber,sale_emp_gr1,-2.421438694000244e-06,20261005-010838-8084b01
2000,huber,tangibility,-3.1441450119018555e-06,20261005-010838-8084b01
2000,huber,kz_index,1.788139343261719e-07,20261005-010838-8084b01
2000,huber,ocfq_saleq_std,-8.195638656616212e-08,20261005-010838-8084b01
2000,huber,cash_at,-1.2330710887908936e-05,20261005-010838-8084b01
2000,huber,ni_ar1,-4.991888999938965e-07,20261005-010838-8084b01
2000,huber,ni_ivol,-2.0489096641540527e-06,20261005-010838-8084b01
2000,huber,earnings_variability,3.501772880554199e-07,20261005-010838-8084b01
2000,huber,aliq_at,-1.7017126083374023e-05,20261005-010838-8084b01
2000,huber,aliq_mat,3.3229589462280273e-06,20261005-010838-8084b01
2000,huber,seas_1_1an,-1.6540288925170898e-06,20261005-010838-8084b01
2000,huber,seas_1_1na,-3.5375356674194336e-05,20261005-010838-8084b01
2000,huber,seas_2_5an,1.7970800399780273e-05,20261005-010838-8084b01
2000,huber,seas_2_5na,1.6242265701293943e-06,20261005-010838-8084b01
2000,huber,seas_6_10an,8.359551429748535e-06,20261005-010838-8084b01
2000,huber,seas_6_10na,3.6582350730896e-06,20261005-010838-8084b01
2000,huber,seas_11_15an,2.7418136596679688e-06,20261005-010838-8084b01
2000,huber,seas_11_15na,-1.564621925354004e-07,20261005-010838-8084b01
2000,huber,seas_16_20an,2.9802322387695312e-08,20261005-010838-8084b01
2000,huber,seas_16_20na,7.450580596923828e-09,20261005-010838-8084b01
2000,huber,market_equity,-1.6182661056518555e-05,20261005-010838-8084b01
2000,huber,ivol_ff3_21d,-6.812810897827148e-05,20261005-010838-8084b01
2000,huber,ivol_capm_252d,9.047240018844604e-05,20261005-010838-8084b01
2000,huber,ivol_capm_21d,2.7023255825042725e-05,20261005-010838-8084b01
2000,huber,ivol_hxz4_21d,0.0002424269914627,20261005-010838-8084b01
2000,huber,rvol_21d,-4.891306161880493e-05,20261005-010838-8084b01
2000,huber,beta_60m,-1.1749565601348875e-05,20261005-010838-8084b01
2000,huber,betabab_1260d,-7.644295692443848e-06,20261005-010838-8084b01
2000,huber,beta_dimson_21d,-6.474554538726807e-06,20261005-010838-8084b01
2000,huber,turnover_126d,6.987899541854858e-05,20261005-010838-8084b01
2000,huber,turnover_var_126d,0.0001399219036102,20261005-010838-8084b01
2000,huber,dolvol_126d,2.5331974029541016e-07,20261005-010838-8084b01
2000,huber,dolvol_var_126d,0.000139944255352,20261005-010838-8084b01
2000,huber,prc,-2.726912498474121e-06,20261005-010838-8084b01
2000,huber,ami_126d,-4.246830940246582e-07,20261005-010838-8084b01
2000,huber,zero_trades_21d,0.00022704154253,20261005-010838-8084b01
2000,huber,zero_trades_126d,0.0001363903284072,20261005-010838-8084b01
2000,huber,zero_trades_252d,4.484504461288452e-05,20261005-010838-8084b01
2000,huber,rmax1_21d,4.89354133605957e-05,20261005-010838-8084b01
2000,huber,rskew_21d,-1.2889504432678225e-06,20261005-010838-8084b01
2000,huber,iskew_capm_21d,-6.48200511932373e-07,20261005-010838-8084b01
2000,huber,iskew_ff3_21d,-4.559755325317383e-06,20261005-010838-8084b01
2000,huber,iskew_hxz4_21d,-1.0132789611816406e-06,20261005-010838-8084b01
2000,huber,coskew_21d,-1.0654330253601074e-06,20261005-010838-8084b01
2000,huber,ret_1_0,-0.0001200586557388,20261005-010838-8084b01
2000,huber,betadown_252d,-3.244727849960327e-05,20261005-010838-8084b01
2000,huber,bidaskhl_21d,-2.4959444999694824e-05,20261005-010838-8084b01
2000,huber,ret_3_1,-3.547966480255127e-05,20261005-010838-8084b01
2000,huber,ret_9_1,5.308538675308227e-05,20261005-010838-8084b01
2000,huber,ret_12_7,-1.96993350982666e-05,20261005-010838-8084b01
2000,huber,corr_1260d,-3.0621886253356938e-06,20261005-010838-8084b01
2000,huber,rmax5_21d,-2.227723598480225e-05,20261005-010838-8084b01
2000,huber,rmax5_rvol_21d,8.352100849151611e-06,20261005-010838-8084b01
2000,huber,ni_be,2.586841583251953e-05,20261005-010838-8084b01
2000,huber,ocf_at,-4.491209983825683e-05,20261005-010838-8084b01
2000,huber,ocf_at_chg1,-1.7583370208740234e-06,20261005-010838-8084b01
2000,huber,mispricing_perf,2.767890691757202e-05,20261005-010838-8084b01
2000,huber,mispricing_mgmt,-2.7224421501159668e-05,20261005-010838-8084b01
2000,huber,qmj,-5.044043064117432e-06,20261005-010838-8084b01
2000,huber,qmj_prof,1.1391937732696532e-05,20261005-010838-8084b01
2000,huber,qmj_growth,7.219612598419189e-06,20261005-010838-8084b01
2000,huber,qmj_safety,5.535781383514404e-06,20261005-010838-8084b01
2000,gbrt,niq_su,0.0,20261005-010838-8084b01
2000,gbrt,ret_6_1,2.1852552890777588e-05,20261005-010838-8084b01
2000,gbrt,ret_12_1,2.3476779460906982e-05,20261005-010838-8084b01
2000,gbrt,saleq_su,-8.195638656616212e-08,20261005-010838-8084b01
2000,gbrt,tax_gr1a,0.0,20261005-010838-8084b01
2000,gbrt,ni_inc8q,-0.0001624971628189,20261005-010838-8084b01
2000,gbrt,prc_highprc_252d,4.254281520843506e-06,20261005-010838-8084b01
2000,gbrt,resff3_6_1,-4.604458808898926e-06,20261005-010838-8084b01
2000,gbrt,resff3_12_1,3.466010093688965e-05,20261005-010838-8084b01
2000,gbrt,be_me,-9.909272193908691e-06,20261005-010838-8084b01
2000,gbrt,debt_me,1.564621925354004e-07,20261005-010838-8084b01
2000,gbrt,at_me,0.0,20261005-010838-8084b01
2000,gbrt,ret_60_12,3.427267074584961e-07,20261005-010838-8084b01
2000,gbrt,ni_me,2.0951032638549805e-05,20261005-010838-8084b01
2000,gbrt,fcf_me,1.6614794731140137e-06,20261005-010838-8084b01
2000,gbrt,div12m_me,3.814697265625e-06,20261005-010838-8084b01
2000,gbrt,eqpo_me,-9.402632713317873e-06,20261005-010838-8084b01
2000,gbrt,eqnpo_me,8.858740329742432e-06,20261005-010838-8084b01
2000,gbrt,sale_gr3,0.0,20261005-010838-8084b01
2000,gbrt,sale_gr1,0.0,20261005-010838-8084b01
2000,gbrt,ebitda_mev,1.3053417205810549e-05,20261005-010838-8084b01
2000,gbrt,sale_me,-1.6093254089355469e-06,20261005-010838-8084b01
2000,gbrt,ocf_me,1.895427703857422e-05,20261005-010838-8084b01
2000,gbrt,ival_me,0.0,20261005-010838-8084b01
2000,gbrt,bev_mev,-2.726912498474121e-06,20261005-010838-8084b01
2000,gbrt,netdebt_me,-4.738569259643555e-06,20261005-010838-8084b01
2000,gbrt,eq_dur,2.0638108253479004e-06,20261005-010838-8084b01
2000,gbrt,capex_abn,0.0,20261005-010838-8084b01
2000,gbrt,at_gr1,2.6151537895202637e-06,20261005-010838-8084b01
2000,gbrt,ppeinv_gr1a,1.841038465499878e-05,20261005-010838-8084b01
2000,gbrt,noa_at,3.1888484954833984e-06,20261005-010838-8084b01
2000,gbrt,noa_gr1a,0.0,20261005-010838-8084b01
2000,gbrt,lnoa_gr1a,0.0,20261005-010838-8084b01
2000,gbrt,capx_gr1,9.83476638793945e-07,20261005-010838-8084b01
2000,gbrt,capx_gr2,5.140900611877441e-07,20261005-010838-8084b01
2000,gbrt,capx_gr3,0.0,20261005-010838-8084b01
2000,gbrt,chcsho_12m,0.0001087188720703,20261005-010838-8084b01
2000,gbrt,eqnpo_12m,1.296401023864746e-06,20261005-010838-8084b01
2000,gbrt,debt_gr3,0.0,20261005-010838-8084b01
2000,gbrt,inv_gr1,0.0,20261005-010838-8084b01
2000,gbrt,inv_gr1a,8.657574653625488e-06,20261005-010838-8084b01
2000,gbrt,oaccruals_at,0.0,20261005-010838-8084b01
2000,gbrt,taccruals_at,1.4379620552062988e-06,20261005-010838-8084b01
2000,gbrt,cowc_gr1a,0.0,20261005-010838-8084b01
2000,gbrt,coa_gr1a,0.0,20261005-010838-8084b01
2000,gbrt,col_gr1a,1.0579824447631836e-06,20261005-010838-8084b01
2000,gbrt,nncoa_gr1a,-2.384185791015625e-07,20261005-010838-8084b01
2000,gbrt,ncoa_gr1a,0.0,20261005-010838-8084b01
2000,gbrt,ncol_gr1a,3.650784492492676e-07,20261005-010838-8084b01
2000,gbrt,nfna_gr1a,5.960464477539065e-08,20261005-010838-8084b01
2000,gbrt,sti_gr1a,-2.5779008865356445e-06,20261005-010838-8084b01
2000,gbrt,lti_gr1a,-6.827712059020996e-05,20261005-010838-8084b01
2000,gbrt,fnl_gr1a,-7.972121238708496e-07,20261005-010838-8084b01
2000,gbrt,be_gr1a,0.0,20261005-010838-8084b01
2000,gbrt,oaccruals_ni,1.035630702972412e-06,20261005-010838-8084b01
2000,gbrt,taccruals_ni,-7.450580596923828e-08,20261005-010838-8084b01
2000,gbrt,netis_at,3.5241246223449707e-06,20261005-010838-8084b01
2000,gbrt,eqnetis_at,1.393258571624756e-06,20261005-010838-8084b01
2000,gbrt,dbnetis_at,0.0,20261005-010838-8084b01
2000,gbrt,niq_be,3.431737422943115e-05,20261005-010838-8084b01
2000,gbrt,niq_be_chg1,2.309679985046387e-07,20261005-010838-8084b01
2000,gbrt,niq_at,1.3843178749084473e-05,20261005-010838-8084b01
2000,gbrt,niq_at_chg1,-7.37607479095459e-07,20261005-010838-8084b01
2000,gbrt,ebit_bev,0.0,20261005-010838-8084b01
2000,gbrt,ebit_sale,6.4373016357421875e-06,20261005-010838-8084b01
2000,gbrt,sale_bev,6.631016731262207e-07,20261005-010838-8084b01
2000,gbrt,at_turnover,0.0,20261005-010838-8084b01
2000,gbrt,gp_at,1.996755599975586e-06,20261005-010838-8084b01
2000,gbrt,gp_atl1,0.0,20261005-010838-8084b01
2000,gbrt,ope_be,0.0,20261005-010838-8084b01
2000,gbrt,ope_bel1,0.0,20261005-010838-8084b01
2000,gbrt,op_at,4.462897777557373e-06,20261005-010838-8084b01
2000,gbrt,op_atl1,0.0,20261005-010838-8084b01
2000,gbrt,cop_at,1.6614794731140137e-05,20261005-010838-8084b01
2000,gbrt,cop_atl1,2.6054680347442627e-05,20261005-010838-8084b01
2000,gbrt,f_score,1.12876296043396e-05,20261005-010838-8084b01
2000,gbrt,o_score,1.0058283805847168e-06,20261005-010838-8084b01
2000,gbrt,z_score,0.0,20261005-010838-8084b01
2000,gbrt,pi_nix,0.0,20261005-010838-8084b01
2000,gbrt,at_be,-8.717179298400879e-07,20261005-010838-8084b01
2000,gbrt,saleq_gr1,8.270144462585449e-07,20261005-010838-8084b01
2000,gbrt,rd_me,1.5847384929656982e-05,20261005-010838-8084b01
2000,gbrt,rd_sale,1.6473233699798584e-05,20261005-010838-8084b01
2000,gbrt,opex_at,0.0,20261005-010838-8084b01
2000,gbrt,emp_gr1,0.0,20261005-010838-8084b01
2000,gbrt,rd5_at,0.0,20261005-010838-8084b01
2000,gbrt,age,-4.534423351287842e-05,20261005-010838-8084b01
2000,gbrt,dsale_dinv,0.0,20261005-010838-8084b01
2000,gbrt,dsale_drec,6.183981895446777e-07,20261005-010838-8084b01
2000,gbrt,dgp_dsale,0.0,20261005-010838-8084b01
2000,gbrt,dsale_dsga,0.0,20261005-010838-8084b01
2000,gbrt,sale_emp_gr1,0.0,20261005-010838-8084b01
2000,gbrt,tangibility,0.0,20261005-010838-8084b01
2000,gbrt,kz_index,0.0,20261005-010838-8084b01
2000,gbrt,ocfq_saleq_std,4.86522912979126e-06,20261005-010838-8084b01
2000,gbrt,cash_at,-1.3113021850585938e-05,20261005-010838-8084b01
2000,gbrt,ni_ar1,0.0,20261005-010838-8084b01
2000,gbrt,ni_ivol,5.662441253662109e-07,20261005-010838-8084b01
2000,gbrt,earnings_variability,0.0,20261005-010838-8084b01
2000,gbrt,aliq_at,0.0,20261005-010838-8084b01
2000,gbrt,aliq_mat,-1.2442469596862793e-06,20261005-010838-8084b01
2000,gbrt,seas_1_1an,1.4349818229675291e-05,20261005-010838-8084b01
2000,gbrt,seas_1_1na,-3.281980752944946e-05,20261005-010838-8084b01
2000,gbrt,seas_2_5an,2.6986002922058105e-05,20261005-010838-8084b01
2000,gbrt,seas_2_5na,3.501772880554199e-07,20261005-010838-8084b01
2000,gbrt,seas_6_10an,9.462237358093262e-07,20261005-010838-8084b01
2000,gbrt,seas_6_10na,0.0,20261005-010838-8084b01
2000,gbrt,seas_11_15an,0.0,20261005-010838-8084b01
2000,gbrt,seas_11_15na,0.0,20261005-010838-8084b01
2000,gbrt,seas_16_20an,0.0,20261005-010838-8084b01
2000,gbrt,seas_16_20na,0.0,20261005-010838-8084b01
2000,gbrt,market_equity,9.045004844665527e-06,20261005-010838-8084b01
2000,gbrt,ivol_ff3_21d,1.1771917343139648e-06,20261005-010838-8084b01
2000,gbrt,ivol_capm_252d,1.5877187252044678e-05,20261005-010838-8084b01
2000,gbrt,ivol_capm_21d,5.014240741729736e-06,20261005-010838-8084b01
2000,gbrt,ivol_hxz4_21d,9.831786155700684e-05,20261005-010838-8084b01
2000,gbrt,rvol_21d,-2.056360244750977e-06,20261005-010838-8084b01
2000,gbrt,beta_60m,0.0,20261005-010838-8084b01
2000,gbrt,betabab_1260d,-8.419156074523926e-07,20261005-010838-8084b01
2000,gbrt,beta_dimson_21d,2.011656761169434e-07,20261005-010838-8084b01
2000,gbrt,turnover_126d,7.718801498413086e-06,20261005-010838-8084b01
2000,gbrt,turnover_var_126d,2.831220626831055e-07,20261005-010838-8084b01
2000,gbrt,dolvol_126d,1.4021992683410645e-05,20261005-010838-8084b01
2000,gbrt,dolvol_var_126d,-4.4703483581542975e-08,20261005-010838-8084b01
2000,gbrt,prc,-3.93986701965332e-05,20261005-010838-8084b01
2000,gbrt,ami_126d,6.32554292678833e-06,20261005-010838-8084b01
2000,gbrt,zero_trades_21d,2.8096139430999756e-05,20261005-010838-8084b01
2000,gbrt,zero_trades_126d,1.617521047592163e-05,20261005-010838-8084b01
2000,gbrt,zero_trades_252d,3.264099359512329e-05,20261005-010838-8084b01
2000,gbrt,rmax1_21d,1.1399388313293457e-06,20261005-010838-8084b01
2000,gbrt,rskew_21d,0.0,20261005-010838-8084b01
2000,gbrt,iskew_capm_21d,-6.556510925292969e-07,20261005-010838-8084b01
2000,gbrt,iskew_ff3_21d,1.5273690223693848e-06,20261005-010838-8084b01
2000,gbrt,iskew_hxz4_21d,0.0,20261005-010838-8084b01
2000,gbrt,coskew_21d,4.544854164123535e-07,20261005-010838-8084b01
2000,gbrt,ret_1_0,-5.5417418479919434e-05,20261005-010838-8084b01
2000,gbrt,betadown_252d,0.0,20261005-010838-8084b01
2000,gbrt,bidaskhl_21d,-2.9802322387695312e-08,20261005-010838-8084b01
2000,gbrt,ret_3_1,-1.784414052963257e-05,20261005-010838-8084b01
2000,gbrt,ret_9_1,1.919269561767578e-05,20261005-010838-8084b01
2000,gbrt,ret_12_7,1.2092292308807371e-05,20261005-010838-8084b01
2000,gbrt,corr_1260d,0.0,20261005-010838-8084b01
2000,gbrt,rmax5_21d,3.869831562042236e-05,20261005-010838-8084b01
2000,gbrt,rmax5_rvol_21d,5.669891834259033e-06,20261005-010838-8084b01
2000,gbrt,ni_be,1.3485550880432129e-06,20261005-010838-8084b01
2000,gbrt,ocf_at,9.08970832824707e-06,20261005-010838-8084b01
2000,gbrt,ocf_at_chg1,4.3213367462158203e-07,20261005-010838-8084b01
2000,gbrt,mispricing_perf,2.0898878574371335e-05,20261005-010838-8084b01
2000,gbrt,mispricing_mgmt,0.0,20261005-010838-8084b01
2000,gbrt,qmj,0.0,20261005-010838-8084b01
2000,gbrt,qmj_prof,1.0281801223754885e-05,20261005-010838-8084b01
2000,gbrt,qmj_growth,-7.003545761108398e-07,20261005-010838-8084b01
2000,gbrt,qmj_safety,3.419816493988037e-06,20261005-010838-8084b01
2002,huber,niq_su,-3.986060619354248e-07,20261005-010838-8084b01
2002,huber,ret_6_1,3.505498170852661e-06,20261005-010838-8084b01
2002,huber,ret_12_1,0.0001099407672882,20261005-010838-8084b01
2002,huber,saleq_su,5.662441253662109e-07,20261005-010838-8084b01
2002,huber,tax_gr1a,-4.842877388000488e-07,20261005-010838-8084b01
2002,huber,ni_inc8q,-3.2223761081695557e-06,20261005-010838-8084b01
2002,huber,prc_highprc_252d,0.0001244433224201,20261005-010838-8084b01
2002,huber,resff3_6_1,-1.959502696990967e-06,20261005-010838-8084b01
2002,huber,resff3_12_1,8.631497621536255e-06,20261005-010838-8084b01
2002,huber,be_me,0.000101014971733,20261005-010838-8084b01
2002,huber,debt_me,-1.239776611328125e-05,20261005-010838-8084b01
2002,huber,at_me,2.609193325042725e-05,20261005-010838-8084b01
2002,huber,ret_60_12,1.5605241060256958e-05,20261005-010838-8084b01
2002,huber,ni_me,-2.694129943847656e-05,20261005-010838-8084b01
2002,huber,fcf_me,2.905726432800293e-06,20261005-010838-8084b01
2002,huber,div12m_me,1.3679265975952148e-05,20261005-010838-8084b01
2002,huber,eqpo_me,-7.64802098274231e-06,20261005-010838-8084b01
2002,huber,eqnpo_me,9.123235940933228e-06,20261005-010838-8084b01
2002,huber,sale_gr3,-1.1175870895385745e-07,20261005-010838-8084b01
2002,huber,sale_gr1,6.3516199588775635e-06,20261005-010838-8084b01
2002,huber,ebitda_mev,-4.1719526052474976e-05,20261005-010838-8084b01
2002,huber,sale_me,5.7678669691085815e-05,20261005-010838-8084b01
2002,huber,ocf_me,9.011849761009216e-05,20261005-010838-8084b01
2002,huber,ival_me,3.278255462646485e-07,20261005-010838-8084b01
2002,huber,bev_mev,4.7150999307632446e-05,20261005-010838-8084b01
2002,huber,netdebt_me,-1.2755393981933594e-05,20261005-010838-8084b01
2002,huber,eq_dur,2.4847686290740967e-06,20261005-010838-8084b01
2002,huber,capex_abn,-1.3113021850585938e-06,20261005-010838-8084b01
2002,huber,at_gr1,5.412846803665161e-06,20261005-010838-8084b01
2002,huber,ppeinv_gr1a,4.377216100692749e-06,20261005-010838-8084b01
2002,huber,noa_at,-1.086294651031494e-05,20261005-010838-8084b01
2002,huber,noa_gr1a,7.633119821548462e-06,20261005-010838-8084b01
2002,huber,lnoa_gr1a,4.917383193969727e-07,20261005-010838-8084b01
2002,huber,capx_gr1,4.2244791984558105e-06,20261005-010838-8084b01
2002,huber,capx_gr2,6.154179573059082e-06,20261005-010838-8084b01
2002,huber,capx_gr3,8.642673492431641e-07,20261005-010838-8084b01
2002,huber,chcsho_12m,2.6278197765350345e-05,20261005-010838-8084b01
2002,huber,eqnpo_12m,-1.963600516319275e-05,20261005-010838-8084b01
2002,huber,debt_gr3,7.413327693939209e-07,20261005-010838-8084b01
2002,huber,inv_gr1,2.160668373107911e-07,20261005-010838-8084b01
2002,huber,inv_gr1a,-1.0021030902862549e-06,20261005-010838-8084b01
2002,huber,oaccruals_at,-4.507601261138916e-06,20261005-010838-8084b01
2002,huber,taccruals_at,-2.857297658920288e-06,20261005-010838-8084b01
2002,huber,cowc_gr1a,3.725290298461914e-08,20261005-010838-8084b01
2002,huber,coa_gr1a,1.0482966899871826e-05,20261005-010838-8084b01
2002,huber,col_gr1a,-9.462237358093262e-07,20261005-010838-8084b01
2002,huber,nncoa_gr1a,9.562820196151732e-06,20261005-010838-8084b01
2002,huber,ncoa_gr1a,2.5331974029541016e-07,20261005-010838-8084b01
2002,huber,ncol_gr1a,1.154839992523195e-07,20261005-010838-8084b01
2002,huber,nfna_gr1a,2.7045607566833496e-06,20261005-010838-8084b01
2002,huber,sti_gr1a,9.08970832824707e-07,20261005-010838-8084b01
2002,huber,lti_gr1a,-2.566725015640259e-06,20261005-010838-8084b01
2002,huber,fnl_gr1a,8.892267942428589e-06,20261005-010838-8084b01
2002,huber,be_gr1a,-1.0300427675247192e-05,20261005-010838-8084b01
2002,huber,oaccruals_ni,-1.2852251529693604e-05,20261005-010838-8084b01
2002,huber,taccruals_ni,-1.8589198589324951e-06,20261005-010838-8084b01
2002,huber,netis_at,7.450580596923828e-07,20261005-010838-8084b01
2002,huber,eqnetis_at,1.5661120414733887e-05,20261005-010838-8084b01
2002,huber,dbnetis_at,-7.748603820800781e-07,20261005-010838-8084b01
2002,huber,niq_be,7.093697786331177e-05,20261005-010838-8084b01
2002,huber,niq_be_chg1,2.7082860469818115e-06,20261005-010838-8084b01
2002,huber,niq_at,1.8581748008728027e-05,20261005-010838-8084b01
2002,huber,niq_at_chg1,2.0150095224380493e-05,20261005-010838-8084b01
2002,huber,ebit_bev,-2.7570873498916623e-05,20261005-010838-8084b01
2002,huber,ebit_sale,4.668533802032471e-05,20261005-010838-8084b01
2002,huber,sale_bev,5.960464477539065e-08,20261005-010838-8084b01
2002,huber,at_turnover,-7.528811693191528e-06,20261005-010838-8084b01
2002,huber,gp_at,4.500150680541992e-06,20261005-010838-8084b01
2002,huber,gp_atl1,-5.513429641723633e-07,20261005-010838-8084b01
2002,huber,ope_be,1.0594725608825684e-05,20261005-010838-8084b01
2002,huber,ope_bel1,7.066875696182251e-06,20261005-010838-8084b01
2002,huber,op_at,7.057562470436096e-05,20261005-010838-8084b01
2002,huber,op_atl1,8.221715688705444e-06,20261005-010838-8084b01
2002,huber,cop_at,-6.575137376785278e-06,20261005-010838-8084b01
2002,huber,cop_atl1,2.5525689125061035e-05,20261005-010838-8084b01
2002,huber,f_score,-6.288290023803711e-06,20261005-010838-8084b01
2002,huber,o_score,-3.000721335411072e-05,20261005-010838-8084b01
2002,huber,z_score,-5.140900611877441e-07,20261005-010838-8084b01
2002,huber,pi_nix,-2.9802322387695312e-08,20261005-010838-8084b01
2002,huber,at_be,-1.2189149856567385e-05,20261005-010838-8084b01
2002,huber,saleq_gr1,5.248934030532837e-06,20261005-010838-8084b01
2002,huber,rd_me,-8.773058652877808e-06,20261005-010838-8084b01
2002,huber,rd_sale,-9.249895811080933e-06,20261005-010838-8084b01
2002,huber,opex_at,-3.080815076828003e-06,20261005-010838-8084b01
2002,huber,emp_gr1,-6.336718797683716e-06,20261005-010838-8084b01
2002,huber,rd5_at,3.3192336559295654e-06,20261005-010838-8084b01
2002,huber,age,4.351139068603516e-06,20261005-010838-8084b01
2002,huber,dsale_dinv,-1.911073923110962e-06,20261005-010838-8084b01
2002,huber,dsale_drec,3.5353004932403564e-06,20261005-010838-8084b01
2002,huber,dgp_dsale,3.8780272006988525e-06,20261005-010838-8084b01
2002,huber,dsale_dsga,1.3709068298339844e-06,20261005-010838-8084b01
2002,huber,sale_emp_gr1,4.805624485015869e-07,20261005-010838-8084b01
2002,huber,tangibility,3.576278686523438e-07,20261005-010838-8084b01
2002,huber,kz_index,2.030283212661743e-06,20261005-010838-8084b01
2002,huber,ocfq_saleq_std,-1.2330710887908936e-06,20261005-010838-8084b01
2002,huber,cash_at,-1.963600516319275e-05,20261005-010838-8084b01
2002,huber,ni_ar1,2.123415470123291e-07,20261005-010838-8084b01
2002,huber,ni_ivol,-3.732740879058838e-06,20261005-010838-8084b01
2002,huber,earnings_variability,4.291534423828125e-06,20261005-010838-8084b01
2002,huber,aliq_at,-1.2442469596862793e-06,20261005-010838-8084b01
2002,huber,aliq_mat,-2.012774348258972e-05,20261005-010838-8084b01
2002,huber,seas_1_1an,3.118440508842468e-05,20261005-010838-8084b01
2002,huber,seas_1_1na,3.795698285102844e-05,20261005-010838-8084b01
2002,huber,seas_2_5an,1.1473894119262695e-06,20261005-010838-8084b01
2002,huber,seas_2_5na,-1.6130506992340088e-05,20261005-010838-8084b01
2002,huber,seas_6_10an,5.241483449935913e-06,20261005-010838-8084b01
2002,huber,seas_6_10na,3.5017728805541992e-06,20261005-010838-8084b01
2002,huber,seas_11_15an,2.9616057872772217e-06,20261005-010838-8084b01
2002,huber,seas_11_15na,-8.195638656616212e-08,20261005-010838-8084b01
2002,huber,seas_16_20an,1.4454126358032229e-06,20261005-010838-8084b01
2002,huber,seas_16_20na,5.327165126800537e-07,20261005-010838-8084b01
2002,huber,market_equity,2.125278115272522e-05,20261005-010838-8084b01
2002,huber,ivol_ff3_21d,-3.0409544706344604e-05,20261005-010838-8084b01
2002,huber,ivol_capm_252d,5.603581666946411e-05,20261005-010838-8084b01
2002,huber,ivol_capm_21d,6.676092743873596e-05,20261005-010838-8084b01
2002,huber,ivol_hxz4_21d,0.0001709312200546,20261005-010838-8084b01
2002,huber,rvol_21d,-2.923235297203064e-05,20261005-010838-8084b01
2002,huber,beta_60m,-1.592189073562622e-05,20261005-010838-8084b01
2002,huber,betabab_1260d,-1.5426427125930786e-05,20261005-010838-8084b01
2002,huber,beta_dimson_21d,-8.73953104019165e-06,20261005-010838-8084b01
2002,huber,turnover_126d,0.0001112557947635,20261005-010838-8084b01
2002,huber,turnover_var_126d,0.0001939982175827,20261005-010838-8084b01
2002,huber,dolvol_126d,-1.115351915359497e-05,20261005-010838-8084b01
2002,huber,dolvol_var_126d,5.7991594076156616e-05,20261005-010838-8084b01
2002,huber,prc,-1.8924474716186523e-06,20261005-010838-8084b01
2002,huber,ami_126d,2.1163374185562137e-05,20261005-010838-8084b01
2002,huber,zero_trades_21d,0.0001140944659709,20261005-010838-8084b01
2002,huber,zero_trades_126d,0.0001620016992092,20261005-010838-8084b01
2002,huber,zero_trades_252d,5.148351192474365e-05,20261005-010838-8084b01
2002,huber,rmax1_21d,2.8099864721298214e-05,20261005-010838-8084b01
2002,huber,rskew_21d,7.078051567077638e-08,20261005-010838-8084b01
2002,huber,iskew_capm_21d,-1.5385448932647703e-06,20261005-010838-8084b01
2002,huber,iskew_ff3_21d,-1.0989606380462646e-06,20261005-010838-8084b01
2002,huber,iskew_hxz4_21d,5.587935447692871e-07,20261005-010838-8084b01
2002,huber,coskew_21d,-1.691281795501709e-06,20261005-010838-8084b01
2002,huber,ret_1_0,4.4848769903182983e-05,20261005-010838-8084b01
2002,huber,betadown_252d,-2.2005289793014526e-05,20261005-010838-8084b01
2002,huber,bidaskhl_21d,-1.5188008546829224e-05,20261005-010838-8084b01
2002,huber,ret_3_1,-1.2520700693130491e-05,20261005-010838-8084b01
2002,huber,ret_9_1,3.460794687271118e-06,20261005-010838-8084b01
2002,huber,ret_12_7,7.268041372299194e-05,20261005-010838-8084b01
2002,huber,corr_1260d,9.912997484207152e-06,20261005-010838-8084b01
2002,huber,rmax5_21d,-3.657490015029907e-05,20261005-010838-8084b01
2002,huber,rmax5_rvol_21d,6.515532732009888e-06,20261005-010838-8084b01
2002,huber,ni_be,3.4090131521224976e-05,20261005-010838-8084b01
2002,huber,ocf_at,-3.6232173442840576e-05,20261005-010838-8084b01
2002,huber,ocf_at_chg1,1.2405216693878174e-06,20261005-010838-8084b01
2002,huber,mispricing_perf,2.133101224899292e-05,20261005-010838-8084b01
2002,huber,mispricing_mgmt,-9.16793942451477e-06,20261005-010838-8084b01
2002,huber,qmj,-2.446770668029785e-05,20261005-010838-8084b01
2002,huber,qmj_prof,2.0034611225128177e-05,20261005-010838-8084b01
2002,huber,qmj_growth,1.6745179891586304e-05,20261005-010838-8084b01
2002,huber,qmj_safety,7.558614015579224e-06,20261005-010838-8084b01
2002,gbrt,niq_su,3.0100345611572266e-06,20261005-010838-8084b01
2002,gbrt,ret_6_1,-2.209097146987915e-06,20261005-010838-8084b01
2002,gbrt,ret_12_1,3.933161497116089e-05,20261005-010838-8084b01
2002,gbrt,saleq_su,3.3527612686157227e-08,20261005-010838-8084b01
2002,gbrt,tax_gr1a,-4.991888999938965e-07,20261005-010838-8084b01
2002,gbrt,ni_inc8q,0.0001320093870162,20261005-010838-8084b01
2002,gbrt,prc_highprc_252d,2.2951513528823853e-05,20261005-010838-8084b01
2002,gbrt,resff3_6_1,-2.5294721126556396e-06,20261005-010838-8084b01
2002,gbrt,resff3_12_1,2.0481646060943604e-05,20261005-010838-8084b01
2002,gbrt,be_me,2.2623687982559204e-05,20261005-010838-8084b01
2002,gbrt,debt_me,-1.3634562492370603e-06,20261005-010838-8084b01
2002,gbrt,at_me,3.7029385566711426e-06,20261005-010838-8084b01
2002,gbrt,ret_60_12,-4.619359970092774e-07,20261005-010838-8084b01
2002,gbrt,ni_me,1.839175820350647e-05,20261005-010838-8084b01
2002,gbrt,fcf_me,2.5331974029541016e-07,20261005-010838-8084b01
2002,gbrt,div12m_me,-1.0386109352111816e-05,20261005-010838-8084b01
2002,gbrt,eqpo_me,1.808255910873413e-05,20261005-010838-8084b01
2002,gbrt,eqnpo_me,8.702278137207031e-06,20261005-010838-8084b01
2002,gbrt,sale_gr3,-1.1809170246124268e-06,20261005-010838-8084b01
2002,gbrt,sale_gr1,3.1925737857818604e-06,20261005-010838-8084b01
2002,gbrt,ebitda_mev,4.644319415092468e-05,20261005-010838-8084b01
2002,gbrt,sale_me,2.384185791015625e-06,20261005-010838-8084b01
2002,gbrt,ocf_me,3.1150877475738525e-05,20261005-010838-8084b01
2002,gbrt,ival_me,0.0,20261005-010838-8084b01
2002,gbrt,bev_mev,1.2286007404327393e-05,20261005-010838-8084b01
2002,gbrt,netdebt_me,-1.5832483768463137e-06,20261005-010838-8084b01
2002,gbrt,eq_dur,7.00727105140686e-06,20261005-010838-8084b01
2002,gbrt,capex_abn,-3.129243850708008e-07,20261005-010838-8084b01
2002,gbrt,at_gr1,-1.862645149230957e-07,20261005-010838-8084b01
2002,gbrt,ppeinv_gr1a,1.2218952178955078e-06,20261005-010838-8084b01
2002,gbrt,noa_at,-4.827976226806641e-06,20261005-010838-8084b01
2002,gbrt,noa_gr1a,7.7858567237854e-07,20261005-010838-8084b01
2002,gbrt,lnoa_gr1a,-5.289912223815918e-07,20261005-010838-8084b01
2002,gbrt,capx_gr1,7.189810276031494e-07,20261005-010838-8084b01
2002,gbrt,capx_gr2,1.8998980522155762e-07,20261005-010838-8084b01
2002,gbrt,capx_gr3,0.0,20261005-010838-8084b01
2002,gbrt,chcsho_12m,7.155910134315491e-05,20261005-010838-8084b01
2002,gbrt,eqnpo_12m,3.4183263778686523e-05,20261005-010838-8084b01
2002,gbrt,debt_gr3,1.903623342514038e-06,20261005-010838-8084b01
2002,gbrt,inv_gr1,3.725290298461914e-09,20261005-010838-8084b01
2002,gbrt,inv_gr1a,6.332993507385254e-07,20261005-010838-8084b01
2002,gbrt,oaccruals_at,2.831220626831055e-07,20261005-010838-8084b01
2002,gbrt,taccruals_at,3.0510127544403076e-06,20261005-010838-8084b01
2002,gbrt,cowc_gr1a,1.0505318641662598e-06,20261005-010838-8084b01
2002,gbrt,coa_gr1a,9.98377799987793e-07,20261005-010838-8084b01
2002,gbrt,col_gr1a,-7.450580596923828e-09,20261005-010838-8084b01
2002,gbrt,nncoa_gr1a,-1.73225998878479e-06,20261005-010838-8084b01
2002,gbrt,ncoa_gr1a,0.0,20261005-010838-8084b01
2002,gbrt,ncol_gr1a,0.0,20261005-010838-8084b01
2002,gbrt,nfna_gr1a,7.7858567237854e-07,20261005-010838-8084b01
2002,gbrt,sti_gr1a,0.0001372620463371,20261005-010838-8084b01
2002,gbrt,lti_gr1a,0.0002198703587055,20261005-010838-8084b01
2002,gbrt,fnl_gr1a,1.38208270072937e-06,20261005-010838-8084b01
2002,gbrt,be_gr1a,-3.766268491744995e-06,20261005-010838-8084b01
2002,gbrt,oaccruals_ni,-4.544854164123535e-07,20261005-010838-8084b01
2002,gbrt,taccruals_ni,-2.3543834686279297e-06,20261005-010838-8084b01
2002,gbrt,netis_at,1.1660158634185793e-05,20261005-010838-8084b01
2002,gbrt,eqnetis_at,8.970499038696289e-06,20261005-010838-8084b01
2002,gbrt,dbnetis_at,1.4901161193847656e-08,20261005-010838-8084b01
2002,gbrt,niq_be,4.7400593757629395e-05,20261005-010838-8084b01
2002,gbrt,niq_be_chg1,4.7497451305389404e-06,20261005-010838-8084b01
2002,gbrt,niq_at,1.3262033462524414e-06,20261005-010838-8084b01
2002,gbrt,niq_at_chg1,1.1496245861053468e-05,20261005-010838-8084b01
2002,gbrt,ebit_bev,-5.748122930526733e-06,20261005-010838-8084b01
2002,gbrt,ebit_sale,1.1526048183441162e-05,20261005-010838-8084b01
2002,gbrt,sale_bev,-1.3485550880432129e-06,20261005-010838-8084b01
2002,gbrt,at_turnover,-1.132488250732422e-06,20261005-010838-8084b01
2002,gbrt,gp_at,-2.5331974029541016e-07,20261005-010838-8084b01
2002,gbrt,gp_atl1,-1.955777406692505e-06,20261005-010838-8084b01
2002,gbrt,ope_be,1.862645149230957e-06,20261005-010838-8084b01
2002,gbrt,ope_bel1,2.682209014892578e-07,20261005-010838-8084b01
2002,gbrt,op_at,1.4554709196090698e-05,20261005-010838-8084b01
2002,gbrt,op_atl1,-2.0675361156463623e-06,20261005-010838-8084b01
2002,gbrt,cop_at,1.821666955947876e-06,20261005-010838-8084b01
2002,gbrt,cop_atl1,5.1781535148620605e-06,20261005-010838-8084b01
2002,gbrt,f_score,2.127140760421753e-06,20261005-010838-8084b01
2002,gbrt,o_score,2.9653310775756836e-06,20261005-010838-8084b01
2002,gbrt,z_score,2.987682819366455e-06,20261005-010838-8084b01
2002,gbrt,pi_nix,0.0,20261005-010838-8084b01
2002,gbrt,at_be,4.034489393234253e-06,20261005-010838-8084b01
2002,gbrt,saleq_gr1,2.0351260900497437e-05,20261005-010838-8084b01
2002,gbrt,rd_me,-7.175654172897339e-05,20261005-010838-8084b01
2002,gbrt,rd_sale,-5.121156573295593e-05,20261005-010838-8084b01
2002,gbrt,opex_at,1.0058283805847169e-07,20261005-010838-8084b01
2002,gbrt,emp_gr1,1.6763806343078613e-07,20261005-010838-8084b01
2002,gbrt,rd5_at,-2.209097146987915e-06,20261005-010838-8084b01
2002,gbrt,age,-4.719942808151245e-06,20261005-010838-8084b01
2002,gbrt,dsale_dinv,-3.7997961044311523e-07,20261005-010838-8084b01
2002,gbrt,dsale_drec,0.0,20261005-010838-8084b01
2002,gbrt,dgp_dsale,2.9802322387695312e-08,20261005-010838-8084b01
2002,gbrt,dsale_dsga,-1.1958181858062744e-06,20261005-010838-8084b01
2002,gbrt,sale_emp_gr1,-5.550682544708252e-07,20261005-010838-8084b01
2002,gbrt,tangibility,-3.5390257835388184e-06,20261005-010838-8084b01
2002,gbrt,kz_index,-5.736947059631348e-07,20261005-010838-8084b01
2002,gbrt,ocfq_saleq_std,-4.742294549942017e-06,20261005-010838-8084b01
2002,gbrt,cash_at,-2.1751970052719116e-05,20261005-010838-8084b01
2002,gbrt,ni_ar1,0.0,20261005-010838-8084b01
2002,gbrt,ni_ivol,-2.045184373855591e-06,20261005-010838-8084b01
2002,gbrt,earnings_variability,-8.568167686462402e-08,20261005-010838-8084b01
2002,gbrt,aliq_at,1.154839992523195e-07,20261005-010838-8084b01
2002,gbrt,aliq_mat,7.033348083496094e-06,20261005-010838-8084b01
2002,gbrt,seas_1_1an,6.77257776260376e-05,20261005-010838-8084b01
2002,gbrt,seas_1_1na,-3.7264078855514526e-05,20261005-010838-8084b01
2002,gbrt,seas_2_5an,1.6160309314727783e-05,20261005-010838-8084b01
2002,gbrt,seas_2_5na,5.714595317840576e-06,20261005-010838-8084b01
2002,gbrt,seas_6_10an,-1.4603137969970703e-06,20261005-010838-8084b01
2002,gbrt,seas_6_10na,1.728534698486328e-06,20261005-010838-8084b01
2002,gbrt,seas_11_15an,-4.582107067108155e-07,20261005-010838-8084b01
2002,gbrt,seas_11_15na,0.0,20261005-010838-8084b01
2002,gbrt,seas_16_20an,5.21540641784668e-08,20261005-010838-8084b01
2002,gbrt,seas_16_20na,0.0,20261005-010838-8084b01
2002,gbrt,market_equity,8.609145879745483e-06,20261005-010838-8084b01
2002,gbrt,ivol_ff3_21d,-4.854053258895874e-06,20261005-010838-8084b01
2002,gbrt,ivol_capm_252d,2.0526349544525142e-06,20261005-010838-8084b01
2002,gbrt,ivol_capm_21d,4.645437002182007e-06,20261005-010838-8084b01
2002,gbrt,ivol_hxz4_21d,4.4561922550201416e-05,20261005-010838-8084b01
2002,gbrt,rvol_21d,1.687556505203247e-06,20261005-010838-8084b01
2002,gbrt,beta_60m,0.0,20261005-010838-8084b01
2002,gbrt,betabab_1260d,4.157423973083496e-06,20261005-010838-8084b01
2002,gbrt,beta_dimson_21d,2.346932888031006e-07,20261005-010838-8084b01
2002,gbrt,turnover_126d,2.8256326913833615e-05,20261005-010838-8084b01
2002,gbrt,turnover_var_126d,2.1830201148986816e-06,20261005-010838-8084b01
2002,gbrt,dolvol_126d,2.559274435043335e-06,20261005-010838-8084b01
2002,gbrt,dolvol_var_126d,-1.7881393432617188e-06,20261005-010838-8084b01
2002,gbrt,prc,-5.2090734243392944e-05,20261005-010838-8084b01
2002,gbrt,ami_126d,4.913657903671265e-06,20261005-010838-8084b01
2002,gbrt,zero_trades_21d,3.09087336063385e-05,20261005-010838-8084b01
2002,gbrt,zero_trades_126d,4.88869845867157e-05,20261005-010838-8084b01
2002,gbrt,zero_trades_252d,5.596131086349487e-05,20261005-010838-8084b01
2002,gbrt,rmax1_21d,6.448477506637573e-06,20261005-010838-8084b01
2002,gbrt,rskew_21d,-2.793967723846436e-07,20261005-010838-8084b01
2002,gbrt,iskew_capm_21d,7.37607479095459e-07,20261005-010838-8084b01
2002,gbrt,iskew_ff3_21d,-1.646578311920166e-06,20261005-010838-8084b01
2002,gbrt,iskew_hxz4_21d,-2.3543834686279297e-06,20261005-010838-8084b01
2002,gbrt,coskew_21d,1.3783574104309082e-07,20261005-010838-8084b01
2002,gbrt,ret_1_0,-1.4081597328186035e-05,20261005-010838-8084b01
2002,gbrt,betadown_252d,1.1920928955078125e-07,20261005-010838-8084b01
2002,gbrt,bidaskhl_21d,-1.2356787919998167e-05,20261005-010838-8084b01
2002,gbrt,ret_3_1,-2.39349901676178e-05,20261005-010838-8084b01
2002,gbrt,ret_9_1,2.76416540145874e-06,20261005-010838-8084b01
2002,gbrt,ret_12_7,5.45009970664978e-05,20261005-010838-8084b01
2002,gbrt,corr_1260d,1.3783574104309082e-07,20261005-010838-8084b01
2002,gbrt,rmax5_21d,3.285706043243408e-06,20261005-010838-8084b01
2002,gbrt,rmax5_rvol_21d,7.5511634349823e-06,20261005-010838-8084b01
2002,gbrt,ni_be,1.601874828338623e-06,20261005-010838-8084b01
2002,gbrt,ocf_at,6.064772605895996e-06,20261005-010838-8084b01
2002,gbrt,ocf_at_chg1,0.0,20261005-010838-8084b01
2002,gbrt,mispricing_perf,2.473965287208557e-05,20261005-010838-8084b01
2002,gbrt,mispricing_mgmt,1.389533281326294e-06,20261005-010838-8084b01
2002,gbrt,qmj,1.1920928955078125e-07,20261005-010838-8084b01
2002,gbrt,qmj_prof,-3.2335519790649414e-06,20261005-010838-8084b01
2002,gbrt,qmj_growth,-2.5331974029541016e-07,20261005-010838-8084b01
2002,gbrt,qmj_safety,-6.712973117828369e-06,20261005-010838-8084b01
2004,huber,niq_su,-2.60770320892334e-08,20261005-010838-8084b01
2004,huber,ret_6_1,-1.210719347000122e-06,20261005-010838-8084b01
2004,huber,ret_12_1,-1.360662281513214e-05,20261005-010838-8084b01
2004,huber,saleq_su,1.5553086996078491e-06,20261005-010838-8084b01
2004,huber,tax_gr1a,-3.91155481338501e-08,20261005-010838-8084b01
2004,huber,ni_inc8q,1.957640051841736e-06,20261005-010838-8084b01
2004,huber,prc_highprc_252d,5.0300732254981995e-05,20261005-010838-8084b01
2004,huber,resff3_6_1,3.147870302200318e-07,20261005-010838-8084b01
2004,huber,resff3_12_1,9.853392839431765e-07,20261005-010838-8084b01
2004,huber,be_me,6.682239472866058e-05,20261005-010838-8084b01
2004,huber,debt_me,-2.508983016014099e-06,20261005-010838-8084b01
2004,huber,at_me,2.016313374042511e-05,20261005-010838-8084b01
2004,huber,ret_60_12,5.802139639854431e-06,20261005-010838-8084b01
2004,huber,ni_me,-3.335997462272644e-06,20261005-010838-8084b01
2004,huber,fcf_me,1.1175870895385742e-06,20261005-010838-8084b01
2004,huber,div12m_me,-4.861503839492798e-07,20261005-010838-8084b01
2004,huber,eqpo_me,2.598389983177185e-06,20261005-010838-8084b01
2004,huber,eqnpo_me,6.016343832015991e-07,20261005-010838-8084b01
2004,huber,sale_gr3,3.071501851081848e-06,20261005-010838-8084b01
2004,huber,sale_gr1,-2.0209699869155884e-06,20261005-010838-8084b01
2004,huber,ebitda_mev,-7.372349500656128e-06,20261005-010838-8084b01
2004,huber,sale_me,2.48737633228302e-05,20261005-010838-8084b01
2004,huber,ocf_me,2.4059787392616272e-05,20261005-010838-8084b01
2004,huber,ival_me,1.2088567018508911e-06,20261005-010838-8084b01
2004,huber,bev_mev,2.4881213903427124e-05,20261005-010838-8084b01
2004,huber,netdebt_me,-3.0994415283203125e-06,20261005-010838-8084b01
2004,huber,eq_dur,8.549541234970093e-07,20261005-010838-8084b01
2004,huber,capex_abn,9.10833477973938e-07,20261005-010838-8084b01
2004,huber,at_gr1,1.823529601097107e-06,20261005-010838-8084b01
2004,huber,ppeinv_gr1a,-3.160908818244934e-06,20261005-010838-8084b01
2004,huber,noa_at,-1.054629683494568e-05,20261005-010838-8084b01
2004,huber,noa_gr1a,1.61733478307724e-05,20261005-010838-8084b01
2004,huber,lnoa_gr1a,-2.1792948246002197e-07,20261005-010838-8084b01
2004,huber,capx_gr1,-1.130625605583191e-06,20261005-010838-8084b01
2004,huber,capx_gr2,-1.4584511518478394e-06,20261005-010838-8084b01
2004,huber,capx_gr3,-6.146728992462158e-08,20261005-010838-8084b01
2004,huber,chcsho_12m,6.118789315223694e-06,20261005-010838-8084b01
2004,huber,eqnpo_12m,-3.034248948097229e-06,20261005-010838-8084b01
2004,huber,debt_gr3,-6.798654794692993e-07,20261005-010838-8084b01
2004,huber,inv_gr1,1.2312084436416626e-06,20261005-010838-8084b01
2004,huber,inv_gr1a,-5.662441253662109e-07,20261005-010838-8084b01
2004,huber,oaccruals_at,4.377216100692749e-07,20261005-010838-8084b01
2004,huber,taccruals_at,-6.332993507385254e-07,20261005-010838-8084b01
2004,huber,cowc_gr1a,-1.0486692190170288e-06,20261005-010838-8084b01
2004,huber,coa_gr1a,-3.0994415283203125e-06,20261005-010838-8084b01
2004,huber,col_gr1a,2.255663275718689e-06,20261005-010838-8084b01
2004,huber,nncoa_gr1a,-2.0097941160202022e-06,20261005-010838-8084b01
2004,huber,ncoa_gr1a,-7.82310962677002e-07,20261005-010838-8084b01
2004,huber,ncol_gr1a,4.284083843231201e-08,20261005-010838-8084b01
2004,huber,nfna_gr1a,7.450580596923828e-08,20261005-010838-8084b01
2004,huber,sti_gr1a,7.636845111846925e-08,20261005-010838-8084b01
2004,huber,lti_gr1a,-4.731118679046631e-07,20261005-010838-8084b01
2004,huber,fnl_gr1a,8.139759302139282e-07,20261005-010838-8084b01
2004,huber,be_gr1a,2.911314368247986e-06,20261005-010838-8084b01
2004,huber,oaccruals_ni,6.258487701416016e-07,20261005-010838-8084b01
2004,huber,taccruals_ni,1.255422830581665e-06,20261005-010838-8084b01
2004,huber,netis_at,7.82310962677002e-08,20261005-010838-8084b01
2004,huber,eqnetis_at,4.287809133529663e-06,20261005-010838-8084b01
2004,huber,dbnetis_at,1.695007085800171e-07,20261005-010838-8084b01
2004,huber,niq_be,9.143725037574768e-06,20261005-010838-8084b01
2004,huber,niq_be_chg1,-3.203749656677246e-07,20261005-010838-8084b01
2004,huber,niq_at,6.230548024177551e-06,20261005-010838-8084b01
2004,huber,niq_at_chg1,-4.6510249376297e-06,20261005-010838-8084b01
2004,huber,ebit_bev,-9.313225746154785e-08,20261005-010838-8084b01
2004,huber,ebit_sale,6.681308150291443e-06,20261005-010838-8084b01
2004,huber,sale_bev,-1.5832483768463137e-07,20261005-010838-8084b01
2004,huber,at_turnover,-3.4924596548080444e-06,20261005-010838-8084b01
2004,huber,gp_at,2.384185791015625e-07,20261005-010838-8084b01
2004,huber,gp_atl1,-2.123415470123291e-07,20261005-010838-8084b01
2004,huber,ope_be,1.3485550880432129e-06,20261005-010838-8084b01
2004,huber,ope_bel1,1.7844140529632568e-06,20261005-010838-8084b01
2004,huber,op_at,2.6596710085868835e-05,20261005-010838-8084b01
2004,huber,op_atl1,1.2908130884170532e-06,20261005-010838-8084b01
2004,huber,cop_at,1.4901161193847656e-08,20261005-010838-8084b01
2004,huber,cop_atl1,2.62632966041565e-07,20261005-010838-8084b01
2004,huber,f_score,4.190951585769654e-07,20261005-010838-8084b01
2004,huber,o_score,2.3856759071350098e-05,20261005-010838-8084b01
2004,huber,z_score,1.046806573867798e-06,20261005-010838-8084b01
2004,huber,pi_nix,-1.5087425708770752e-07,20261005-010838-8084b01
2004,huber,at_be,-2.4586915969848633e-06,20261005-010838-8084b01
2004,huber,saleq_gr1,5.11854887008667e-06,20261005-010838-8084b01
2004,huber,rd_me,-9.177252650260924e-06,20261005-010838-8084b01
2004,huber,rd_sale,-4.67151403427124e-06,20261005-010838-8084b01
2004,huber,opex_at,1.6391277313232422e-06,20261005-010838-8084b01
2004,huber,emp_gr1,3.591179847717285e-06,20261005-010838-8084b01
2004,huber,rd5_at,6.407499313354492e-07,20261005-010838-8084b01
2004,huber,age,8.624047040939331e-07,20261005-010838-8084b01
2004,huber,dsale_dinv,1.782551407814026e-06,20261005-010838-8084b01
2004,huber,dsale_drec,5.438923835754395e-07,20261005-010838-8084b01
2004,huber,dgp_dsale,-1.7564743757247925e-06,20261005-010838-8084b01
2004,huber,dsale_dsga,-2.7194619178771973e-07,20261005-010838-8084b01
2004,huber,sale_emp_gr1,9.5367431640625e-07,20261005-010838-8084b01
2004,huber,tangibility,4.284083843231201e-08,20261005-010838-8084b01
2004,huber,kz_index,-2.734363079071045e-06,20261005-010838-8084b01
2004,huber,ocfq_saleq_std,1.2852251529693604e-06,20261005-010838-8084b01
2004,huber,cash_at,-9.22754406929016e-06,20261005-010838-8084b01
2004,huber,ni_ar1,-9.12696123123169e-08,20261005-010838-8084b01
2004,huber,ni_ivol,-2.793967723846436e-07,20261005-010838-8084b01
2004,huber,earnings_variability,2.987682819366455e-06,20261005-010838-8084b01
2004,huber,aliq_at,6.92903995513916e-07,20261005-010838-8084b01
2004,huber,aliq_mat,1.0691583156585691e-06,20261005-010838-8084b01
2004,huber,seas_1_1an,-6.038695573806763e-06,20261005-010838-8084b01
2004,huber,seas_1_1na,6.33392482995987e-05,20261005-010838-8084b01
2004,huber,seas_2_5an,3.421492874622345e-05,20261005-010838-8084b01
2004,huber,seas_2_5na,-3.9301812648773193e-07,20261005-010838-8084b01
2004,huber,seas_6_10an,2.099201083183289e-06,20261005-010838-8084b01
2004,huber,seas_6_10na,3.0118972063064575e-06,20261005-010838-8084b01
2004,huber,seas_11_15an,7.133930921554565e-07,20261005-010838-8084b01
2004,huber,seas_11_15na,-1.8998980522155762e-07,20261005-010838-8084b01
2004,huber,seas_16_20an,1.1846423149108889e-06,20261005-010838-8084b01
2004,huber,seas_16_20na,2.738088369369507e-07,20261005-010838-8084b01
2004,huber,market_equity,2.4946406483650208e-05,20261005-010838-8084b01
2004,huber,ivol_ff3_21d,7.121078670024872e-05,20261005-010838-8084b01
2004,huber,ivol_capm_252d,9.529292583465576e-06,20261005-010838-8084b01
2004,huber,ivol_capm_21d,1.387856900691986e-05,20261005-010838-8084b01
2004,huber,ivol_hxz4_21d,5.362182855606079e-05,20261005-010838-8084b01
2004,huber,rvol_21d,2.8759241104125977e-06,20261005-010838-8084b01
2004,huber,beta_60m,-6.029382348060608e-06,20261005-010838-8084b01
2004,huber,betabab_1260d,-7.262453436851501e-06,20261005-010838-8084b01
2004,huber,beta_dimson_21d,-2.907589077949524e-06,20261005-010838-8084b01
2004,huber,turnover_126d,6.559863686561584e-05,20261005-010838-8084b01
2004,huber,turnover_var_126d,0.000113096088171,20261005-010838-8084b01
2004,huber,dolvol_126d,-5.9623271226882935e-06,20261005-010838-8084b01
2004,huber,dolvol_var_126d,7.475912570953369e-05,20261005-010838-8084b01
2004,huber,prc,3.4831464290618896e-07,20261005-010838-8084b01
2004,huber,ami_126d,1.5523284673690796e-05,20261005-010838-8084b01
2004,huber,zero_trades_21d,0.0001882258802652,20261005-010838-8084b01
2004,huber,zero_trades_126d,0.0001042895019054,20261005-010838-8084b01
2004,huber,zero_trades_252d,2.7876347303390503e-05,20261005-010838-8084b01
2004,huber,rmax1_21d,-1.0486692190170288e-06,20261005-010838-8084b01
2004,huber,rskew_21d,8.940696716308596e-08,20261005-010838-8084b01
2004,huber,iskew_capm_21d,5.997717380523682e-07,20261005-010838-8084b01
2004,huber,iskew_ff3_21d,7.1283429861068726e-06,20261005-010838-8084b01
2004,huber,iskew_hxz4_21d,2.8889626264572144e-06,20261005-010838-8084b01
2004,huber,coskew_21d,-1.1622905731201172e-06,20261005-010838-8084b01
2004,huber,ret_1_0,3.402493894100189e-05,20261005-010838-8084b01
2004,huber,betadown_252d,-4.149973392486572e-06,20261005-010838-8084b01
2004,huber,bidaskhl_21d,3.42540442943573e-06,20261005-010838-8084b01
2004,huber,ret_3_1,8.689239621162415e-06,20261005-010838-8084b01
2004,huber,ret_9_1,-1.5869736671447754e-06,20261005-010838-8084b01
2004,huber,ret_12_7,-2.0332634449005127e-05,20261005-010838-8084b01
2004,huber,corr_1260d,6.012618541717529e-06,20261005-010838-8084b01
2004,huber,rmax5_21d,3.1208619475364685e-05,20261005-010838-8084b01
2004,huber,rmax5_rvol_21d,3.518536686897278e-06,20261005-010838-8084b01
2004,huber,ni_be,6.450340151786804e-06,20261005-010838-8084b01
2004,huber,ocf_at,-9.201467037200928e-07,20261005-010838-8084b01
2004,huber,ocf_at_chg1,-7.934868335723877e-07,20261005-010838-8084b01
2004,huber,mispricing_perf,-1.3653188943862915e-06,20261005-010838-8084b01
2004,huber,mispricing_mgmt,9.255483746528624e-06,20261005-010838-8084b01
2004,huber,qmj,4.380941390991211e-06,20261005-010838-8084b01
2004,huber,qmj_prof,7.120892405509949e-06,20261005-010838-8084b01
2004,huber,qmj_growth,3.5334378480911255e-06,20261005-010838-8084b01
2004,huber,qmj_safety,2.680346369743347e-06,20261005-010838-8084b01
2004,gbrt,niq_su,2.6989728212356567e-06,20261005-010838-8084b01
2004,gbrt,ret_6_1,-2.2873282432556152e-06,20261005-010838-8084b01
2004,gbrt,ret_12_1,-1.440383493900299e-05,20261005-010838-8084b01
2004,gbrt,saleq_su,2.682209014892578e-07,20261005-010838-8084b01
2004,gbrt,tax_gr1a,2.1420419216156009e-07,20261005-010838-8084b01
2004,gbrt,ni_inc8q,7.84359872341156e-06,20261005-010838-8084b01
2004,gbrt,prc_highprc_252d,4.559755325317383e-06,20261005-010838-8084b01
2004,gbrt,resff3_6_1,-4.209578037261963e-07,20261005-010838-8084b01
2004,gbrt,resff3_12_1,-7.208436727523804e-07,20261005-010838-8084b01
2004,gbrt,be_me,1.6123056411743164e-05,20261005-010838-8084b01
2004,gbrt,debt_me,2.60770320892334e-07,20261005-010838-8084b01
2004,gbrt,at_me,2.160668373107911e-07,20261005-010838-8084b01
2004,gbrt,ret_60_12,9.909272193908691e-07,20261005-010838-8084b01
2004,gbrt,ni_me,3.334134817123413e-07,20261005-010838-8084b01
2004,gbrt,fcf_me,9.592622518539429e-07,20261005-010838-8084b01
2004,gbrt,div12m_me,9.922683238983154e-05,20261005-010838-8084b01
2004,gbrt,eqpo_me,6.394460797309875e-05,20261005-010838-8084b01
2004,gbrt,eqnpo_me,-7.301568984985352e-07,20261005-010838-8084b01
2004,gbrt,sale_gr3,-3.8743019104003906e-07,20261005-010838-8084b01
2004,gbrt,sale_gr1,-1.3597309589385986e-07,20261005-010838-8084b01
2004,gbrt,ebitda_mev,9.084120392799376e-06,20261005-010838-8084b01
2004,gbrt,sale_me,2.5238841772079468e-06,20261005-010838-8084b01
2004,gbrt,ocf_me,4.794448614120483e-06,20261005-010838-8084b01
2004,gbrt,ival_me,7.282942533493042e-07,20261005-010838-8084b01
2004,gbrt,bev_mev,0.0,20261005-010838-8084b01
2004,gbrt,netdebt_me,1.8011778593063354e-06,20261005-010838-8084b01
2004,gbrt,eq_dur,3.539025783538819e-07,20261005-010838-8084b01
2004,gbrt,capex_abn,3.725290298461914e-08,20261005-010838-8084b01
2004,gbrt,at_gr1,-2.551823854446411e-07,20261005-010838-8084b01
2004,gbrt,ppeinv_gr1a,-4.861503839492798e-07,20261005-010838-8084b01
2004,gbrt,noa_at,-2.0973384380340576e-06,20261005-010838-8084b01
2004,gbrt,noa_gr1a,1.154839992523195e-07,20261005-010838-8084b01
2004,gbrt,lnoa_gr1a,-1.8812716007232666e-07,20261005-010838-8084b01
2004,gbrt,capx_gr1,0.0,20261005-010838-8084b01
2004,gbrt,capx_gr2,-2.0489096641540527e-08,20261005-010838-8084b01
2004,gbrt,capx_gr3,0.0,20261005-010838-8084b01
2004,gbrt,chcsho_12m,9.559094905853271e-06,20261005-010838-8084b01
2004,gbrt,eqnpo_12m,-6.109476089477539e-07,20261005-010838-8084b01
2004,gbrt,debt_gr3,1.0803341865539553e-07,20261005-010838-8084b01
2004,gbrt,inv_gr1,-1.0803341865539553e-07,20261005-010838-8084b01
2004,gbrt,inv_gr1a,-9.229406714439392e-06,20261005-010838-8084b01
2004,gbrt,oaccruals_at,0.0,20261005-010838-8084b01
2004,gbrt,taccruals_at,-2.4400651454925537e-07,20261005-010838-8084b01
2004,gbrt,cowc_gr1a,0.0,20261005-010838-8084b01
2004,gbrt,coa_gr1a,-3.855675458908081e-07,20261005-010838-8084b01
2004,gbrt,col_gr1a,0.0,20261005-010838-8084b01
2004,gbrt,nncoa_gr1a,7.636845111846925e-08,20261005-010838-8084b01
2004,gbrt,ncoa_gr1a,3.725290298461914e-09,20261005-010838-8084b01
2004,gbrt,ncol_gr1a,4.637986421585083e-07,20261005-010838-8084b01
2004,gbrt,nfna_gr1a,-2.43261456489563e-06,20261005-010838-8084b01
2004,gbrt,sti_gr1a,2.662651240825653e-05,20261005-010838-8084b01
2004,gbrt,lti_gr1a,-4.1369348764419556e-06,20261005-010838-8084b01
2004,gbrt,fnl_gr1a,3.706663846969605e-07,20261005-010838-8084b01
2004,gbrt,be_gr1a,-1.4528632164001465e-07,20261005-010838-8084b01
2004,gbrt,oaccruals_ni,-7.82310962677002e-08,20261005-010838-8084b01
2004,gbrt,taccruals_ni,-6.51925802230835e-08,20261005-010838-8084b01
2004,gbrt,netis_at,-1.0635703802108765e-06,20261005-010838-8084b01
2004,gbrt,eqnetis_at,2.1979212760925293e-07,20261005-010838-8084b01
2004,gbrt,dbnetis_at,8.791685104370117e-07,20261005-010838-8084b01
2004,gbrt,niq_be,5.76116144657135e-06,20261005-010838-8084b01
2004,gbrt,niq_be_chg1,-3.0174851417541504e-07,20261005-010838-8084b01
2004,gbrt,niq_at,5.884096026420593e-06,20261005-010838-8084b01
2004,gbrt,niq_at_chg1,-1.862645149230957e-08,20261005-010838-8084b01
2004,gbrt,ebit_bev,-6.370246410369873e-07,20261005-010838-8084b01
2004,gbrt,ebit_sale,4.004687070846558e-07,20261005-010838-8084b01
2004,gbrt,sale_bev,-1.136213541030884e-07,20261005-010838-8084b01
2004,gbrt,at_turnover,0.0,20261005-010838-8084b01
2004,gbrt,gp_at,-1.2218952178955078e-06,20261005-010838-8084b01
2004,gbrt,gp_atl1,0.0,20261005-010838-8084b01
2004,gbrt,ope_be,1.825392246246338e-07,20261005-010838-8084b01
2004,gbrt,ope_bel1,6.798654794692993e-07,20261005-010838-8084b01
2004,gbrt,op_at,-1.4025717973709106e-06,20261005-010838-8084b01
2004,gbrt,op_atl1,-1.4901161193847656e-07,20261005-010838-8084b01
2004,gbrt,cop_at,7.450580596923828e-08,20261005-010838-8084b01
2004,gbrt,cop_atl1,1.043081283569336e-06,20261005-010838-8084b01
2004,gbrt,f_score,5.830079317092896e-07,20261005-010838-8084b01
2004,gbrt,o_score,5.587935447692871e-09,20261005-010838-8084b01
2004,gbrt,z_score,1.2665987014770508e-07,20261005-010838-8084b01
2004,gbrt,pi_nix,0.0,20261005-010838-8084b01
2004,gbrt,at_be,9.313225746154784e-09,20261005-010838-8084b01
2004,gbrt,saleq_gr1,3.645196557044983e-06,20261005-010838-8084b01
2004,gbrt,rd_me,3.073364496231079e-06,20261005-010838-8084b01
2004,gbrt,rd_sale,-7.111579179763794e-06,20261005-010838-8084b01
2004,gbrt,opex_at,3.725290298461914e-09,20261005-010838-8084b01
2004,gbrt,emp_gr1,-2.793967723846436e-07,20261005-010838-8084b01
2004,gbrt,rd5_at,-1.9818544387817383e-06,20261005-010838-8084b01
2004,gbrt,age,9.957700967788696e-06,20261005-010838-8084b01
2004,gbrt,dsale_dinv,3.557652235031128e-07,20261005-010838-8084b01
2004,gbrt,dsale_drec,-1.043081283569336e-06,20261005-010838-8084b01
2004,gbrt,dgp_dsale,0.0,20261005-010838-8084b01
2004,gbrt,dsale_dsga,-1.6763806343078613e-08,20261005-010838-8084b01
2004,gbrt,sale_emp_gr1,-1.6763806343078613e-08,20261005-010838-8084b01
2004,gbrt,tangibility,-5.904585123062134e-07,20261005-010838-8084b01
2004,gbrt,kz_index,0.0,20261005-010838-8084b01
2004,gbrt,ocfq_saleq_std,1.1585652828216553e-06,20261005-010838-8084b01
2004,gbrt,cash_at,-4.092231392860413e-06,20261005-010838-8084b01
2004,gbrt,ni_ar1,-2.60770320892334e-08,20261005-010838-8084b01
2004,gbrt,ni_ivol,0.0,20261005-010838-8084b01
2004,gbrt,earnings_variability,0.0,20261005-010838-8084b01
2004,gbrt,aliq_at,-4.600733518600464e-07,20261005-010838-8084b01
2004,gbrt,aliq_mat,9.816139936447144e-07,20261005-010838-8084b01
2004,gbrt,seas_1_1an,-4.624947905540466e-06,20261005-010838-8084b01
2004,gbrt,seas_1_1na,6.360933184623718e-06,20261005-010838-8084b01
2004,gbrt,seas_2_5an,1.786835491657257e-05,20261005-010838-8084b01
2004,gbrt,seas_2_5na,6.94766640663147e-07,20261005-010838-8084b01
2004,gbrt,seas_6_10an,2.2165477275848389e-07,20261005-010838-8084b01
2004,gbrt,seas_6_10na,0.0,20261005-010838-8084b01
2004,gbrt,seas_11_15an,0.0,20261005-010838-8084b01
2004,gbrt,seas_11_15na,0.0,20261005-010838-8084b01
2004,gbrt,seas_16_20an,3.352761268615723e-07,20261005-010838-8084b01
2004,gbrt,seas_16_20na,0.0,20261005-010838-8084b01
2004,gbrt,market_equity,1.7823651432991028e-05,20261005-010838-8084b01
2004,gbrt,ivol_ff3_21d,-4.619359970092774e-07,20261005-010838-8084b01
2004,gbrt,ivol_capm_252d,3.5241246223449707e-06,20261005-010838-8084b01
2004,gbrt,ivol_capm_21d,1.1082738637924194e-06,20261005-010838-8084b01
2004,gbrt,ivol_hxz4_21d,6.988644599914551e-06,20261005-010838-8084b01
2004,gbrt,rvol_21d,1.7005950212478638e-06,20261005-010838-8084b01
2004,gbrt,beta_60m,-1.6205012798309326e-07,20261005-010838-8084b01
2004,gbrt,betabab_1260d,5.997717380523682e-07,20261005-010838-8084b01
2004,gbrt,beta_dimson_21d,-3.315508365631104e-07,20261005-010838-8084b01
2004,gbrt,turnover_126d,1.818127930164337e-05,20261005-010838-8084b01
2004,gbrt,turnover_var_126d,7.469207048416138e-07,20261005-010838-8084b01
2004,gbrt,dolvol_126d,2.129003405570984e-06,20261005-010838-8084b01
2004,gbrt,dolvol_var_126d,1.210719347000122e-07,20261005-010838-8084b01
2004,gbrt,prc,-1.0494142770767212e-05,20261005-010838-8084b01
2004,gbrt,ami_126d,3.844499588012695e-06,20261005-010838-8084b01
2004,gbrt,zero_trades_21d,-4.569068551063538e-06,20261005-010838-8084b01
2004,gbrt,zero_trades_126d,2.775341272354126e-06,20261005-010838-8084b01
2004,gbrt,zero_trades_252d,1.5638768672943115e-05,20261005-010838-8084b01
2004,gbrt,rmax1_21d,-8.456408977508545e-07,20261005-010838-8084b01
2004,gbrt,rskew_21d,1.0710209608078005e-06,20261005-010838-8084b01
2004,gbrt,iskew_capm_21d,6.649643182754517e-07,20261005-010838-8084b01
2004,gbrt,iskew_ff3_21d,2.7008354663848877e-07,20261005-010838-8084b01
2004,gbrt,iskew_hxz4_21d,4.824250936508179e-07,20261005-010838-8084b01
2004,gbrt,coskew_21d,1.9185245037078857e-07,20261005-010838-8084b01
2004,gbrt,ret_1_0,2.358853816986084e-05,20261005-010838-8084b01
2004,gbrt,betadown_252d,-9.313225746154784e-09,20261005-010838-8084b01
2004,gbrt,bidaskhl_21d,-1.0151416063308716e-06,20261005-010838-8084b01
2004,gbrt,ret_3_1,5.543231964111328e-06,20261005-010838-8084b01
2004,gbrt,ret_9_1,-7.711350917816162e-07,20261005-010838-8084b01
2004,gbrt,ret_12_7,-1.3697892427444458e-05,20261005-010838-8084b01
2004,gbrt,corr_1260d,0.0,20261005-010838-8084b01
2004,gbrt,rmax5_21d,-2.93925404548645e-06,20261005-010838-8084b01
2004,gbrt,rmax5_rvol_21d,-3.1329691410064697e-06,20261005-010838-8084b01
2004,gbrt,ni_be,-5.457550287246704e-07,20261005-010838-8084b01
2004,gbrt,ocf_at,3.116205334663391e-06,20261005-010838-8084b01
2004,gbrt,ocf_at_chg1,-9.126961231231688e-07,20261005-010838-8084b01
2004,gbrt,mispricing_perf,-3.030523657798767e-06,20261005-010838-8084b01
2004,gbrt,mispricing_mgmt,-2.682209014892578e-07,20261005-010838-8084b01
2004,gbrt,qmj,0.0,20261005-010838-8084b01
2004,gbrt,qmj_prof,5.923211574554443e-07,20261005-010838-8084b01
2004,gbrt,qmj_growth,0.0,20261005-010838-8084b01
2004,gbrt,qmj_safety,-1.396983861923218e-07,20261005-010838-8084b01
2006,huber,niq_su,1.993030309677124e-07,20261005-010838-8084b01
2006,huber,ret_6_1,-5.122274160385132e-07,20261005-010838-8084b01
2006,huber,ret_12_1,-2.2687017917633057e-06,20261005-010838-8084b01
2006,huber,saleq_su,-2.6300549507141113e-06,20261005-010838-8084b01
2006,huber,tax_gr1a,5.681067705154419e-07,20261005-010838-8084b01
2006,huber,ni_inc8q,9.462237358093262e-07,20261005-010838-8084b01
2006,huber,prc_highprc_252d,2.6572495698928833e-05,20261005-010838-8084b01
2006,huber,resff3_6_1,-1.210719347000122e-07,20261005-010838-8084b01
2006,huber,resff3_12_1,-1.952052116394043e-06,20261005-010838-8084b01
2006,huber,be_me,2.6382505893707275e-05,20261005-010838-8084b01
2006,huber,debt_me,1.1660158634185793e-05,20261005-010838-8084b01
2006,huber,at_me,5.017966032028198e-06,20261005-010838-8084b01
2006,huber,ret_60_12,1.193210482597351e-05,20261005-010838-8084b01
2006,huber,ni_me,7.852911949157715e-06,20261005-010838-8084b01
2006,huber,fcf_me,-1.1138617992401123e-06,20261005-010838-8084b01
2006,huber,div12m_me,-1.2069940567016602e-06,20261005-010838-8084b01
2006,huber,eqpo_me,7.852911949157715e-06,20261005-010838-8084b01
2006,huber,eqnpo_me,-7.022172212600708e-07,20261005-010838-8084b01
2006,huber,sale_gr3,7.82310962677002e-07,20261005-010838-8084b01
2006,huber,sale_gr1,2.162531018257141e-06,20261005-010838-8084b01
2006,huber,ebitda_mev,3.077089786529541e-06,20261005-010838-8084b01
2006,huber,sale_me,1.3822689652442932e-05,20261005-010838-8084b01
2006,huber,ocf_me,2.3171305656433105e-06,20261005-010838-8084b01
2006,huber,ival_me,-6.034970283508301e-07,20261005-010838-8084b01
2006,huber,bev_mev,6.632879376411438e-06,20261005-010838-8084b01
2006,huber,netdebt_me,2.9765069484710693e-06,20261005-010838-8084b01
2006,huber,eq_dur,-1.8812716007232666e-07,20261005-010838-8084b01
2006,huber,capex_abn,-1.788139343261719e-07,20261005-010838-8084b01
2006,huber,at_gr1,6.109476089477539e-07,20261005-010838-8084b01
2006,huber,ppeinv_gr1a,-2.1848827600479126e-06,20261005-010838-8084b01
2006,huber,noa_at,1.16787850856781e-06,20261005-010838-8084b01
2006,huber,noa_gr1a,5.7220458984375e-06,20261005-010838-8084b01
2006,huber,lnoa_gr1a,-1.7695128917694094e-07,20261005-010838-8084b01
2006,huber,capx_gr1,5.830079317092896e-07,20261005-010838-8084b01
2006,huber,capx_gr2,-6.314367055892944e-07,20261005-010838-8084b01
2006,huber,capx_gr3,-5.587935447692871e-09,20261005-010838-8084b01
2006,huber,chcsho_12m,4.036352038383484e-06,20261005-010838-8084b01
2006,huber,eqnpo_12m,2.9280781745910645e-06,20261005-010838-8084b01
2006,huber,debt_gr3,1.4808028936386108e-06,20261005-010838-8084b01
2006,huber,inv_gr1,1.2647360563278198e-06,20261005-010838-8084b01
2006,huber,inv_gr1a,-2.907589077949524e-06,20261005-010838-8084b01
2006,huber,oaccruals_at,9.890645742416382e-07,20261005-010838-8084b01
2006,huber,taccruals_at,6.332993507385254e-07,20261005-010838-8084b01
2006,huber,cowc_gr1a,-7.320195436477661e-07,20261005-010838-8084b01
2006,huber,coa_gr1a,2.4586915969848633e-07,20261005-010838-8084b01
2006,huber,col_gr1a,5.5879354476928724e-08,20261005-010838-8084b01
2006,huber,nncoa_gr1a,6.146728992462158e-07,20261005-010838-8084b01
2006,huber,ncoa_gr1a,6.314367055892944e-07,20261005-010838-8084b01
2006,huber,ncol_gr1a,-5.21540641784668e-07,20261005-010838-8084b01
2006,huber,nfna_gr1a,2.421438694000244e-08,20261005-010838-8084b01
2006,huber,sti_gr1a,3.4831464290618896e-07,20261005-010838-8084b01
2006,huber,lti_gr1a,2.62632966041565e-07,20261005-010838-8084b01
2006,huber,fnl_gr1a,4.731118679046631e-07,20261005-010838-8084b01
2006,huber,be_gr1a,3.5297125577926636e-06,20261005-010838-8084b01
2006,huber,oaccruals_ni,1.434236764907837e-07,20261005-010838-8084b01
2006,huber,taccruals_ni,3.382563591003418e-06,20261005-010838-8084b01
2006,huber,netis_at,-1.7005950212478638e-06,20261005-010838-8084b01
2006,huber,eqnetis_at,-2.2426247596740723e-06,20261005-010838-8084b01
2006,huber,dbnetis_at,1.1790543794631958e-06,20261005-010838-8084b01
2006,huber,niq_be,3.3546239137649536e-06,20261005-010838-8084b01
2006,huber,niq_be_chg1,1.4901161193847656e-07,20261005-010838-8084b01
2006,huber,niq_at,1.2721866369247437e-06,20261005-010838-8084b01
2006,huber,niq_at_chg1,-1.987442374229431e-06,20261005-010838-8084b01
2006,huber,ebit_bev,4.081055521965027e-06,20261005-010838-8084b01
2006,huber,ebit_sale,-2.2873282432556152e-06,20261005-010838-8084b01
2006,huber,sale_bev,6.295740604400635e-07,20261005-010838-8084b01
2006,huber,at_turnover,-1.7043203115463257e-06,20261005-010838-8084b01
2006,huber,gp_at,-8.437782526016235e-07,20261005-010838-8084b01
2006,huber,gp_atl1,6.07222318649292e-07,20261005-010838-8084b01
2006,huber,ope_be,1.1511147022247314e-06,20261005-010838-8084b01
2006,huber,ope_bel1,2.1420419216156009e-07,20261005-010838-8084b01
2006,huber,op_at,2.492964267730713e-05,20261005-010838-8084b01
2006,huber,op_atl1,-1.346692442893982e-06,20261005-010838-8084b01
2006,huber,cop_at,-9.685754776000977e-08,20261005-010838-8084b01
2006,huber,cop_atl1,4.116445779800415e-07,20261005-010838-8084b01
2006,huber,f_score,4.041939973831177e-07,20261005-010838-8084b01
2006,huber,o_score,2.5758519768714905e-05,20261005-010838-8084b01
2006,huber,z_score,-2.1047890186309817e-07,20261005-010838-8084b01
2006,huber,pi_nix,1.1175870895385742e-08,20261005-010838-8084b01
2006,huber,at_be,3.0528753995895386e-06,20261005-010838-8084b01
2006,huber,saleq_gr1,9.51811671257019e-07,20261005-010838-8084b01
2006,huber,rd_me,1.084059476852417e-06,20261005-010838-8084b01
2006,huber,rd_sale,-1.2442469596862793e-06,20261005-010838-8084b01
2006,huber,opex_at,-4.097819328308106e-07,20261005-010838-8084b01
2006,huber,emp_gr1,2.201646566390991e-06,20261005-010838-8084b01
2006,huber,rd5_at,4.284083843231201e-08,20261005-010838-8084b01
2006,huber,age,7.450580596923828e-08,20261005-010838-8084b01
2006,huber,dsale_dinv,-2.1401792764663696e-06,20261005-010838-8084b01
2006,huber,dsale_drec,9.685754776000977e-08,20261005-010838-8084b01
2006,huber,dgp_dsale,2.0246952772140503e-06,20261005-010838-8084b01
2006,huber,dsale_dsga,6.593763828277588e-07,20261005-010838-8084b01
2006,huber,sale_emp_gr1,1.341104507446289e-06,20261005-010838-8084b01
2006,huber,tangibility,2.682209014892578e-07,20261005-010838-8084b01
2006,huber,kz_index,-4.1816383600234985e-06,20261005-010838-8084b01
2006,huber,ocfq_saleq_std,-2.235174179077149e-07,20261005-010838-8084b01
2006,huber,cash_at,5.517154932022095e-06,20261005-010838-8084b01
2006,huber,ni_ar1,3.594905138015747e-07,20261005-010838-8084b01
2006,huber,ni_ivol,2.6337802410125732e-06,20261005-010838-8084b01
2006,huber,earnings_variability,-1.3057142496109009e-06,20261005-010838-8084b01
2006,huber,aliq_at,3.8743019104003906e-07,20261005-010838-8084b01
2006,huber,aliq_mat,8.586794137954712e-06,20261005-010838-8084b01
2006,huber,seas_1_1an,-1.4875084161758425e-05,20261005-010838-8084b01
2006,huber,seas_1_1na,4.527345299720764e-05,20261005-010838-8084b01
2006,huber,seas_2_5an,9.616836905479433e-06,20261005-010838-8084b01
2006,huber,seas_2_5na,8.320435881614685e-06,20261005-010838-8084b01
2006,huber,seas_6_10an,3.2689422369003296e-06,20261005-010838-8084b01
2006,huber,seas_6_10na,8.791685104370117e-07,20261005-010838-8084b01
2006,huber,seas_11_15an,3.0249357223510742e-06,20261005-010838-8084b01
2006,huber,seas_11_15na,-4.004687070846558e-07,20261005-010838-8084b01
2006,huber,seas_16_20an,1.514330506324768e-06,20261005-010838-8084b01
2006,huber,seas_16_20na,-8.568167686462402e-08,20261005-010838-8084b01
2006,huber,market_equity,1.2930482625961304e-05,20261005-010838-8084b01
2006,huber,ivol_ff3_21d,9.02526080608368e-05,20261005-010838-8084b01
2006,huber,ivol_capm_252d,-7.76536762714386e-06,20261005-010838-8084b01
2006,huber,ivol_capm_21d,-3.650784492492676e-06,20261005-010838-8084b01
2006,huber,ivol_hxz4_21d,4.2458996176719666e-05,20261005-010838-8084b01
2006,huber,rvol_21d,1.1855736374855042e-05,20261005-010838-8084b01
2006,huber,beta_60m,1.0225921869277954e-06,20261005-010838-8084b01
2006,huber,betabab_1260d,3.1329691410064697e-06,20261005-010838-8084b01
2006,huber,beta_dimson_21d,4.507601261138916e-06,20261005-010838-8084b01
2006,huber,turnover_126d,3.644824028015137e-05,20261005-010838-8084b01
2006,huber,turnover_var_126d,0.0001091994345188,20261005-010838-8084b01
2006,huber,dolvol_126d,2.1513551473617554e-06,20261005-010838-8084b01
2006,huber,dolvol_var_126d,0.0001017656177282,20261005-010838-8084b01
2006,huber,prc,2.035871148109436e-06,20261005-010838-8084b01
2006,huber,ami_126d,5.7853758335113525e-06,20261005-010838-8084b01
2006,huber,zero_trades_21d,0.0002346951514482,20261005-010838-8084b01
2006,huber,zero_trades_126d,6.281957030296326e-05,20261005-010838-8084b01
2006,huber,zero_trades_252d,1.3083219528198242e-05,20261005-010838-8084b01
2006,huber,rmax1_21d,-5.016103386878967e-06,20261005-010838-8084b01
2006,huber,rskew_21d,6.705522537231445e-07,20261005-010838-8084b01
2006,huber,iskew_capm_21d,7.394701242446899e-07,20261005-010838-8084b01
2006,huber,iskew_ff3_21d,6.580725312232971e-06,20261005-010838-8084b01
2006,huber,iskew_hxz4_21d,1.383945345878601e-06,20261005-010838-8084b01
2006,huber,coskew_21d,-2.8852373361587524e-06,20261005-010838-8084b01
2006,huber,ret_1_0,1.3072043657302856e-05,20261005-010838-8084b01
2006,huber,betadown_252d,2.034008502960205e-06,20261005-010838-8084b01
2006,huber,bidaskhl_21d,3.084540367126465e-06,20261005-010838-8084b01
2006,huber,ret_3_1,4.244968295097351e-06,20261005-010838-8084b01
2006,huber,ret_9_1,-7.748603820800781e-07,20261005-010838-8084b01
2006,huber,ret_12_7,-1.4085322618484495e-05,20261005-010838-8084b01
2006,huber,corr_1260d,2.3525208234786987e-06,20261005-010838-8084b01
2006,huber,rmax5_21d,3.400072455406189e-05,20261005-010838-8084b01
2006,huber,rmax5_rvol_21d,4.33996319770813e-06,20261005-010838-8084b01
2006,huber,ni_be,-1.1175870895385742e-06,20261005-010838-8084b01
2006,huber,ocf_at,1.4234334230422974e-05,20261005-010838-8084b01
2006,huber,ocf_at_chg1,-4.190951585769654e-07,20261005-010838-8084b01
2006,huber,mispricing_perf,-8.698552846908569e-07,20261005-010838-8084b01
2006,huber,mispricing_mgmt,7.00727105140686e-06,20261005-010838-8084b01
2006,huber,qmj,2.584606409072876e-05,20261005-010838-8084b01
2006,huber,qmj_prof,-1.8812716007232666e-07,20261005-010838-8084b01
2006,huber,qmj_growth,6.491318345069885e-06,20261005-010838-8084b01
2006,huber,qmj_safety,-2.905726432800293e-07,20261005-010838-8084b01
2006,gbrt,niq_su,-3.259629011154175e-07,20261005-010838-8084b01
2006,gbrt,ret_6_1,-8.199363946914673e-06,20261005-010838-8084b01
2006,gbrt,ret_12_1,-8.631497621536255e-06,20261005-010838-8084b01
2006,gbrt,saleq_su,-5.420297384262085e-07,20261005-010838-8084b01
2006,gbrt,tax_gr1a,-1.1175870895385745e-07,20261005-010838-8084b01
2006,gbrt,ni_inc8q,-6.72321766614914e-05,20261005-010838-8084b01
2006,gbrt,prc_highprc_252d,2.6598572731018062e-06,20261005-010838-8084b01
2006,gbrt,resff3_6_1,-1.862645149230957e-08,20261005-010838-8084b01
2006,gbrt,resff3_12_1,-2.7623027563095093e-06,20261005-010838-8084b01
2006,gbrt,be_me,4.818663001060486e-06,20261005-010838-8084b01
2006,gbrt,debt_me,-1.862645149230957e-07,20261005-010838-8084b01
2006,gbrt,at_me,-3.5446137189865112e-06,20261005-010838-8084b01
2006,gbrt,ret_60_12,-7.078051567077637e-07,20261005-010838-8084b01
2006,gbrt,ni_me,-4.414469003677368e-07,20261005-010838-8084b01
2006,gbrt,fcf_me,3.3099204301834102e-06,20261005-010838-8084b01
2006,gbrt,div12m_me,0.0001439861953258,20261005-010838-8084b01
2006,gbrt,eqpo_me,-8.283182978630066e-06,20261005-010838-8084b01
2006,gbrt,eqnpo_me,3.200024366378784e-06,20261005-010838-8084b01
2006,gbrt,sale_gr3,-4.097819328308106e-07,20261005-010838-8084b01
2006,gbrt,sale_gr1,3.5390257835388184e-08,20261005-010838-8084b01
2006,gbrt,ebitda_mev,3.5874545574188232e-06,20261005-010838-8084b01
2006,gbrt,sale_me,-5.457550287246704e-07,20261005-010838-8084b01
2006,gbrt,ocf_me,-7.078051567077638e-08,20261005-010838-8084b01
2006,gbrt,ival_me,2.4400651454925537e-07,20261005-010838-8084b01
2006,gbrt,bev_mev,-5.401670932769775e-06,20261005-010838-8084b01
2006,gbrt,netdebt_me,8.940696716308596e-08,20261005-010838-8084b01
2006,gbrt,eq_dur,2.812594175338745e-07,20261005-010838-8084b01
2006,gbrt,capex_abn,3.725290298461914e-08,20261005-010838-8084b01
2006,gbrt,at_gr1,1.3783574104309082e-07,20261005-010838-8084b01
2006,gbrt,ppeinv_gr1a,-1.1827796697616575e-06,20261005-010838-8084b01
2006,gbrt,noa_at,-7.860362529754639e-07,20261005-010838-8084b01
2006,gbrt,noa_gr1a,-9.57399606704712e-07,20261005-010838-8084b01
2006,gbrt,lnoa_gr1a,2.235174179077149e-07,20261005-010838-8084b01
2006,gbrt,capx_gr1,1.862645149230957e-07,20261005-010838-8084b01
2006,gbrt,capx_gr2,-2.2910535335540777e-07,20261005-010838-8084b01
2006,gbrt,capx_gr3,-1.657754182815552e-07,20261005-010838-8084b01
2006,gbrt,chcsho_12m,6.487593054771423e-06,20261005-010838-8084b01
2006,gbrt,eqnpo_12m,5.21540641784668e-06,20261005-010838-8084b01
2006,gbrt,debt_gr3,-4.172325134277344e-07,20261005-010838-8084b01
2006,gbrt,inv_gr1,2.8870999813079834e-07,20261005-010838-8084b01
2006,gbrt,inv_gr1a,-5.811452865600586e-06,20261005-010838-8084b01
2006,gbrt,oaccruals_at,1.6167759895324707e-06,20261005-010838-8084b01
2006,gbrt,taccruals_at,2.980232238769531e-07,20261005-010838-8084b01
2006,gbrt,cowc_gr1a,3.725290298461914e-07,20261005-010838-8084b01
2006,gbrt,coa_gr1a,-9.685754776000977e-07,20261005-010838-8084b01
2006,gbrt,col_gr1a,-8.270144462585449e-07,20261005-010838-8084b01
2006,gbrt,nncoa_gr1a,-5.997717380523682e-07,20261005-010838-8084b01
2006,gbrt,ncoa_gr1a,-2.849847078323364e-07,20261005-010838-8084b01
2006,gbrt,ncol_gr1a,-4.6566128730773926e-08,20261005-010838-8084b01
2006,gbrt,nfna_gr1a,-6.314367055892944e-07,20261005-010838-8084b01
2006,gbrt,sti_gr1a,-6.298907101154327e-05,20261005-010838-8084b01
2006,gbrt,lti_gr1a,-1.1377036571502686e-05,20261005-010838-8084b01
2006,gbrt,fnl_gr1a,-1.043081283569336e-07,20261005-010838-8084b01
2006,gbrt,be_gr1a,-2.6673078536987305e-06,20261005-010838-8084b01
2006,gbrt,oaccruals_ni,5.7741999626159675e-08,20261005-010838-8084b01
2006,gbrt,taccruals_ni,5.19677996635437e-07,20261005-010838-8084b01
2006,gbrt,netis_at,-1.6279518604278564e-06,20261005-010838-8084b01
2006,gbrt,eqnetis_at,-3.976747393608093e-06,20261005-010838-8084b01
2006,gbrt,dbnetis_at,4.712492227554322e-07,20261005-010838-8084b01
2006,gbrt,niq_be,4.7050416469573975e-06,20261005-010838-8084b01
2006,gbrt,niq_be_chg1,-1.3243407011032104e-06,20261005-010838-8084b01
2006,gbrt,niq_at,-1.0114163160324097e-06,20261005-010838-8084b01
2006,gbrt,niq_at_chg1,-5.232170224189758e-06,20261005-010838-8084b01
2006,gbrt,ebit_bev,1.136213541030884e-07,20261005-010838-8084b01
2006,gbrt,ebit_sale,1.4100223779678345e-06,20261005-010838-8084b01
2006,gbrt,sale_bev,-2.998858690261841e-07,20261005-010838-8084b01
2006,gbrt,at_turnover,-1.1026859283447266e-06,20261005-010838-8084b01
2006,gbrt,gp_at,8.437782526016235e-07,20261005-010838-8084b01
2006,gbrt,gp_atl1,-1.210719347000122e-07,20261005-010838-8084b01
2006,gbrt,ope_be,4.172325134277344e-07,20261005-010838-8084b01
2006,gbrt,ope_bel1,4.600733518600464e-07,20261005-010838-8084b01
2006,gbrt,op_at,-1.9222497940063477e-06,20261005-010838-8084b01
2006,gbrt,op_atl1,-3.03611159324646e-07,20261005-010838-8084b01
2006,gbrt,cop_at,1.5795230865478516e-06,20261005-010838-8084b01
2006,gbrt,cop_atl1,6.463378667831421e-07,20261005-010838-8084b01
2006,gbrt,f_score,6.139278411865234e-06,20261005-010838-8084b01
2006,gbrt,o_score,-1.993030309677124e-07,20261005-010838-8084b01
2006,gbrt,z_score,9.015202522277832e-07,20261005-010838-8084b01
2006,gbrt,pi_nix,0.0,20261005-010838-8084b01
2006,gbrt,at_be,-1.387670636177063e-06,20261005-010838-8084b01
2006,gbrt,saleq_gr1,1.6391277313232425e-07,20261005-010838-8084b01
2006,gbrt,rd_me,8.456408977508545e-07,20261005-010838-8084b01
2006,gbrt,rd_sale,-9.55536961555481e-07,20261005-010838-8084b01
2006,gbrt,opex_at,5.960464477539065e-08,20261005-010838-8084b01
2006,gbrt,emp_gr1,4.470348358154297e-07,20261005-010838-8084b01
2006,gbrt,rd5_at,1.3597309589385986e-07,20261005-010838-8084b01
2006,gbrt,age,3.037974238395691e-05,20261005-010838-8084b01
2006,gbrt,dsale_dinv,-6.295740604400635e-07,20261005-010838-8084b01
2006,gbrt,dsale_drec,1.0989606380462646e-07,20261005-010838-8084b01
2006,gbrt,dgp_dsale,0.0,20261005-010838-8084b01
2006,gbrt,dsale_dsga,4.4703483581542975e-08,20261005-010838-8084b01
2006,gbrt,sale_emp_gr1,-7.282942533493042e-07,20261005-010838-8084b01
2006,gbrt,tangibility,-1.3057142496109009e-06,20261005-010838-8084b01
2006,gbrt,kz_index,-4.507601261138916e-07,20261005-010838-8084b01
2006,gbrt,ocfq_saleq_std,-9.08970832824707e-07,20261005-010838-8084b01
2006,gbrt,cash_at,2.2817403078079224e-06,20261005-010838-8084b01
2006,gbrt,ni_ar1,4.0978193283081055e-08,20261005-010838-8084b01
2006,gbrt,ni_ivol,2.60770320892334e-08,20261005-010838-8084b01
2006,gbrt,earnings_variability,4.6566128730773926e-08,20261005-010838-8084b01
2006,gbrt,aliq_at,-2.4400651454925537e-07,20261005-010838-8084b01
2006,gbrt,aliq_mat,-1.3522803783416748e-06,20261005-010838-8084b01
2006,gbrt,seas_1_1an,-4.818663001060486e-06,20261005-010838-8084b01
2006,gbrt,seas_1_1na,-3.725290298461914e-08,20261005-010838-8084b01
2006,gbrt,seas_2_5an,5.645677447319031e-06,20261005-010838-8084b01
2006,gbrt,seas_2_5na,-7.580965757369995e-07,20261005-010838-8084b01
2006,gbrt,seas_6_10an,2.7548521757125854e-06,20261005-010838-8084b01
2006,gbrt,seas_6_10na,2.589076757431031e-07,20261005-010838-8084b01
2006,gbrt,seas_11_15an,7.525086402893066e-07,20261005-010838-8084b01
2006,gbrt,seas_11_15na,0.0,20261005-010838-8084b01
2006,gbrt,seas_16_20an,7.301568984985352e-07,20261005-010838-8084b01
2006,gbrt,seas_16_20na,0.0,20261005-010838-8084b01
2006,gbrt,market_equity,-1.5249475836753844e-05,20261005-010838-8084b01
2006,gbrt,ivol_ff3_21d,1.4044344425201416e-06,20261005-010838-8084b01
2006,gbrt,ivol_capm_252d,-7.327646017074585e-06,20261005-010838-8084b01
2006,gbrt,ivol_capm_21d,1.035630702972412e-06,20261005-010838-8084b01
2006,gbrt,ivol_hxz4_21d,-8.381903171539307e-06,20261005-010838-8084b01
2006,gbrt,rvol_21d,7.692724466323853e-07,20261005-010838-8084b01
2006,gbrt,beta_60m,-3.166496753692627e-08,20261005-010838-8084b01
2006,gbrt,betabab_1260d,3.615394234657288e-06,20261005-010838-8084b01
2006,gbrt,beta_dimson_21d,2.33575701713562e-06,20261005-010838-8084b01
2006,gbrt,turnover_126d,3.0249357223510742e-06,20261005-010838-8084b01
2006,gbrt,turnover_var_126d,1.9203871488571167e-06,20261005-010838-8084b01
2006,gbrt,dolvol_126d,-1.457519829273224e-05,20261005-010838-8084b01
2006,gbrt,dolvol_var_126d,2.376735210418701e-06,20261005-010838-8084b01
2006,gbrt,prc,-4.071928560733795e-05,20261005-010838-8084b01
2006,gbrt,ami_126d,-5.68293035030365e-06,20261005-010838-8084b01
2006,gbrt,zero_trades_21d,5.509890615940094e-05,20261005-010838-8084b01
2006,gbrt,zero_trades_126d,-1.3373792171478271e-06,20261005-010838-8084b01
2006,gbrt,zero_trades_252d,4.1816383600234985e-06,20261005-010838-8084b01
2006,gbrt,rmax1_21d,-2.4419277906417847e-06,20261005-010838-8084b01
2006,gbrt,rskew_21d,1.0486692190170288e-06,20261005-010838-8084b01
2006,gbrt,iskew_capm_21d,-4.936009645462036e-07,20261005-010838-8084b01
2006,gbrt,iskew_ff3_21d,2.518296241760254e-06,20261005-010838-8084b01
2006,gbrt,iskew_hxz4_21d,2.171844244003296e-06,20261005-010838-8084b01
2006,gbrt,coskew_21d,-1.084059476852417e-06,20261005-010838-8084b01
2006,gbrt,ret_1_0,-4.33996319770813e-05,20261005-010838-8084b01
2006,gbrt,betadown_252d,-3.46451997756958e-07,20261005-010838-8084b01
2006,gbrt,bidaskhl_21d,-8.903443813323975e-06,20261005-010838-8084b01
2006,gbrt,ret_3_1,-8.821487426757812e-06,20261005-010838-8084b01
2006,gbrt,ret_9_1,-2.9746443033218384e-06,20261005-010838-8084b01
2006,gbrt,ret_12_7,-7.828697562217712e-06,20261005-010838-8084b01
2006,gbrt,corr_1260d,-1.0989606380462646e-07,20261005-010838-8084b01
2006,gbrt,rmax5_21d,-1.18892639875412e-05,20261005-010838-8084b01
2006,gbrt,rmax5_rvol_21d,-7.1283429861068726e-06,20261005-010838-8084b01
2006,gbrt,ni_be,3.613531589508057e-07,20261005-010838-8084b01
2006,gbrt,ocf_at,5.5879354476928724e-08,20261005-010838-8084b01
2006,gbrt,ocf_at_chg1,5.438923835754395e-07,20261005-010838-8084b01
2006,gbrt,mispricing_perf,-2.3096799850463867e-06,20261005-010838-8084b01
2006,gbrt,mispricing_mgmt,-1.0244548320770264e-06,20261005-010838-8084b01
2006,gbrt,qmj,5.7741999626159675e-08,20261005-010838-8084b01
2006,gbrt,qmj_prof,-4.898756742477417e-07,20261005-010838-8084b01
2006,gbrt,qmj_growth,5.401670932769775e-07,20261005-010838-8084b01
2006,gbrt,qmj_safety,1.1194497346878052e-06,20261005-010838-8084b01
2008,huber,niq_su,1.9744038581848145e-06,20261005-010838-8084b01
2008,huber,ret_6_1,2.5704503059387207e-06,20261005-010838-8084b01
2008,huber,ret_12_1,6.790086627006531e-05,20261005-010838-8084b01
2008,huber,saleq_su,-1.4528632164001465e-06,20261005-010838-8084b01
2008,huber,tax_gr1a,3.0174851417541504e-07,20261005-010838-8084b01
2008,huber,ni_inc8q,-1.560896635055542e-06,20261005-010838-8084b01
2008,huber,prc_highprc_252d,0.0001310966908931,20261005-010838-8084b01
2008,huber,resff3_6_1,-2.9765069484710693e-06,20261005-010838-8084b01
2008,huber,resff3_12_1,5.89713454246521e-06,20261005-010838-8084b01
2008,huber,be_me,9.357929229736328e-06,20261005-010838-8084b01
2008,huber,debt_me,4.86522912979126e-06,20261005-010838-8084b01
2008,huber,at_me,-4.097819328308106e-07,20261005-010838-8084b01
2008,huber,ret_60_12,-7.856637239456177e-06,20261005-010838-8084b01
2008,huber,ni_me,1.2215226888656616e-05,20261005-010838-8084b01
2008,huber,fcf_me,1.0058283805847168e-05,20261005-010838-8084b01
2008,huber,div12m_me,3.926455974578857e-06,20261005-010838-8084b01
2008,huber,eqpo_me,-7.327646017074585e-06,20261005-010838-8084b01
2008,huber,eqnpo_me,7.443130016326904e-06,20261005-010838-8084b01
2008,huber,sale_gr3,-1.825392246246338e-07,20261005-010838-8084b01
2008,huber,sale_gr1,6.631016731262207e-06,20261005-010838-8084b01
2008,huber,ebitda_mev,-1.154094934463501e-05,20261005-010838-8084b01
2008,huber,sale_me,-6.705522537231445e-06,20261005-010838-8084b01
2008,huber,ocf_me,1.6767531633377075e-05,20261005-010838-8084b01
2008,huber,ival_me,3.91155481338501e-07,20261005-010838-8084b01
2008,huber,bev_mev,-7.119029760360718e-06,20261005-010838-8084b01
2008,huber,netdebt_me,9.551644325256348e-06,20261005-010838-8084b01
2008,huber,eq_dur,5.967915058135986e-06,20261005-010838-8084b01
2008,huber,capex_abn,1.825392246246338e-07,20261005-010838-8084b01
2008,huber,at_gr1,-3.3527612686157227e-08,20261005-010838-8084b01
2008,huber,ppeinv_gr1a,5.5879354476928724e-08,20261005-010838-8084b01
2008,huber,noa_at,1.1086463928222656e-05,20261005-010838-8084b01
2008,huber,noa_gr1a,3.345310688018799e-06,20261005-010838-8084b01
2008,huber,lnoa_gr1a,2.60770320892334e-07,20261005-010838-8084b01
2008,huber,capx_gr1,1.344829797744751e-06,20261005-010838-8084b01
2008,huber,capx_gr2,5.178153514862061e-07,20261005-010838-8084b01
2008,huber,capx_gr3,-3.0174851417541504e-07,20261005-010838-8084b01
2008,huber,chcsho_12m,2.9575079679489136e-05,20261005-010838-8084b01
2008,huber,eqnpo_12m,-1.0300427675247192e-05,20261005-010838-8084b01
2008,huber,debt_gr3,1.5720725059509275e-06,20261005-010838-8084b01
2008,huber,inv_gr1,-1.1920928955078125e-07,20261005-010838-8084b01
2008,huber,inv_gr1a,4.213303327560425e-06,20261005-010838-8084b01
2008,huber,oaccruals_at,-6.165355443954468e-06,20261005-010838-8084b01
2008,huber,taccruals_at,-4.582107067108155e-07,20261005-010838-8084b01
2008,huber,cowc_gr1a,-3.296881914138794e-06,20261005-010838-8084b01
2008,huber,coa_gr1a,3.635883331298828e-06,20261005-010838-8084b01
2008,huber,col_gr1a,-5.103647708892822e-07,20261005-010838-8084b01
2008,huber,nncoa_gr1a,4.3958425521850586e-07,20261005-010838-8084b01
2008,huber,ncoa_gr1a,-7.82310962677002e-08,20261005-010838-8084b01
2008,huber,ncol_gr1a,1.6130506992340088e-06,20261005-010838-8084b01
2008,huber,nfna_gr1a,1.1175870895385742e-08,20261005-010838-8084b01
2008,huber,sti_gr1a,1.154839992523195e-07,20261005-010838-8084b01
2008,huber,lti_gr1a,-1.166015863418579e-06,20261005-010838-8084b01
2008,huber,fnl_gr1a,-3.129243850708008e-06,20261005-010838-8084b01
2008,huber,be_gr1a,3.1888484954833984e-06,20261005-010838-8084b01
2008,huber,oaccruals_ni,-7.450580596923828e-08,20261005-010838-8084b01
2008,huber,taccruals_ni,-7.562339305877686e-07,20261005-010838-8084b01
2008,huber,netis_at,2.7008354663848877e-06,20261005-010838-8084b01
2008,huber,eqnetis_at,4.112720489501953e-06,20261005-010838-8084b01
2008,huber,dbnetis_at,-9.685754776000977e-08,20261005-010838-8084b01
2008,huber,niq_be,4.919618368148804e-05,20261005-010838-8084b01
2008,huber,niq_be_chg1,0.0,20261005-010838-8084b01
2008,huber,niq_at,1.6026198863983154e-05,20261005-010838-8084b01
2008,huber,niq_at_chg1,7.82310962677002e-07,20261005-010838-8084b01
2008,huber,ebit_bev,-2.9399991035461422e-05,20261005-010838-8084b01
2008,huber,ebit_sale,1.796334981918335e-05,20261005-010838-8084b01
2008,huber,sale_bev,3.390014171600342e-07,20261005-010838-8084b01
2008,huber,at_turnover,4.816800355911255e-06,20261005-010838-8084b01
2008,huber,gp_at,2.7045607566833496e-06,20261005-010838-8084b01
2008,huber,gp_atl1,-1.154839992523195e-07,20261005-010838-8084b01
2008,huber,ope_be,3.4086406230926514e-06,20261005-010838-8084b01
2008,huber,ope_bel1,2.171844244003296e-06,20261005-010838-8084b01
2008,huber,op_at,8.405745029449463e-05,20261005-010838-8084b01
2008,huber,op_atl1,3.91155481338501e-06,20261005-010838-8084b01
2008,huber,cop_at,5.662441253662109e-07,20261005-010838-8084b01
2008,huber,cop_atl1,1.862645149230957e-06,20261005-010838-8084b01
2008,huber,f_score,-2.8498470783233643e-06,20261005-010838-8084b01
2008,huber,o_score,-3.2082200050354004e-05,20261005-010838-8084b01
2008,huber,z_score,6.258487701416016e-07,20261005-010838-8084b01
2008,huber,pi_nix,-3.688037395477295e-07,20261005-010838-8084b01
2008,huber,at_be,1.7955899238586426e-06,20261005-010838-8084b01
2008,huber,saleq_gr1,-1.0542571544647217e-06,20261005-010838-8084b01
2008,huber,rd_me,-1.0259449481964111e-05,20261005-010838-8084b01
2008,huber,rd_sale,-2.343207597732544e-06,20261005-010838-8084b01
2008,huber,opex_at,1.2617558240890505e-05,20261005-010838-8084b01
2008,huber,emp_gr1,-4.3958425521850586e-07,20261005-010838-8084b01
2008,huber,rd5_at,4.3213367462158203e-07,20261005-010838-8084b01
2008,huber,age,-1.4156103134155271e-06,20261005-010838-8084b01
2008,huber,dsale_dinv,-2.514570951461792e-06,20261005-010838-8084b01
2008,huber,dsale_drec,-5.5879354476928724e-08,20261005-010838-8084b01
2008,huber,dgp_dsale,-1.043081283569336e-07,20261005-010838-8084b01
2008,huber,dsale_dsga,7.413327693939209e-07,20261005-010838-8084b01
2008,huber,sale_emp_gr1,-3.613531589508057e-07,20261005-010838-8084b01
2008,huber,tangibility,-5.997717380523682e-07,20261005-010838-8084b01
2008,huber,kz_index,5.725771188735962e-06,20261005-010838-8084b01
2008,huber,ocfq_saleq_std,9.052455425262452e-07,20261005-010838-8084b01
2008,huber,cash_at,-8.828938007354736e-06,20261005-010838-8084b01
2008,huber,ni_ar1,-1.7136335372924805e-07,20261005-010838-8084b01
2008,huber,ni_ivol,-8.191913366317749e-06,20261005-010838-8084b01
2008,huber,earnings_variability,6.359070539474487e-06,20261005-010838-8084b01
2008,huber,aliq_at,2.142041921615601e-06,20261005-010838-8084b01
2008,huber,aliq_mat,1.0844320058822632e-05,20261005-010838-8084b01
2008,huber,seas_1_1an,-3.8370490074157715e-07,20261005-010838-8084b01
2008,huber,seas_1_1na,4.250556230545044e-06,20261005-010838-8084b01
2008,huber,seas_2_5an,1.4007091522216797e-06,20261005-010838-8084b01
2008,huber,seas_2_5na,6.891787052154541e-06,20261005-010838-8084b01
2008,huber,seas_6_10an,3.866851329803467e-06,20261005-010838-8084b01
2008,huber,seas_6_10na,3.557652235031128e-06,20261005-010838-8084b01
2008,huber,seas_11_15an,3.721565008163452e-06,20261005-010838-8084b01
2008,huber,seas_11_15na,5.21540641784668e-08,20261005-010838-8084b01
2008,huber,seas_16_20an,3.1404197216033936e-06,20261005-010838-8084b01
2008,huber,seas_16_20na,4.0978193283081055e-08,20261005-010838-8084b01
2008,huber,market_equity,-2.376735210418701e-06,20261005-010838-8084b01
2008,huber,ivol_ff3_21d,-4.541128873825073e-05,20261005-010838-8084b01
2008,huber,ivol_capm_252d,4.458799958229065e-05,20261005-010838-8084b01
2008,huber,ivol_capm_21d,0.0001680180430412,20261005-010838-8084b01
2008,huber,ivol_hxz4_21d,0.0001738332211971,20261005-010838-8084b01
2008,huber,rvol_21d,-4.838034510612488e-05,20261005-010838-8084b01
2008,huber,beta_60m,-9.6149742603302e-06,20261005-010838-8084b01
2008,huber,betabab_1260d,-2.514570951461792e-06,20261005-010838-8084b01
2008,huber,beta_dimson_21d,-4.071742296218872e-06,20261005-010838-8084b01
2008,huber,turnover_126d,2.652034163475037e-05,20261005-010838-8084b01
2008,huber,turnover_var_126d,5.327537655830383e-05,20261005-010838-8084b01
2008,huber,dolvol_126d,2.8926879167556763e-05,20261005-010838-8084b01
2008,huber,dolvol_var_126d,0.0001100897789001,20261005-010838-8084b01
2008,huber,prc,3.575906157493591e-05,20261005-010838-8084b01
2008,huber,ami_126d,-1.1790543794631958e-05,20261005-010838-8084b01
2008,huber,zero_trades_21d,0.0002858713269233,20261005-010838-8084b01
2008,huber,zero_trades_126d,4.7285109758377075e-05,20261005-010838-8084b01
2008,huber,zero_trades_252d,1.531839370727539e-05,20261005-010838-8084b01
2008,huber,rmax1_21d,4.346668720245361e-05,20261005-010838-8084b01
2008,huber,rskew_21d,-4.582107067108155e-07,20261005-010838-8084b01
2008,huber,iskew_capm_21d,-1.7881393432617188e-06,20261005-010838-8084b01
2008,huber,iskew_ff3_21d,-1.9297003746032715e-06,20261005-010838-8084b01
2008,huber,iskew_hxz4_21d,-4.306435585021973e-06,20261005-010838-8084b01
2008,huber,coskew_21d,-6.034970283508301e-07,20261005-010838-8084b01
2008,huber,ret_1_0,-2.530217170715332e-05,20261005-010838-8084b01
2008,huber,betadown_252d,-6.619840860366821e-06,20261005-010838-8084b01
2008,huber,bidaskhl_21d,-2.2646039724349976e-05,20261005-010838-8084b01
2008,huber,ret_3_1,1.601874828338623e-07,20261005-010838-8084b01
2008,huber,ret_9_1,2.3066997528076172e-05,20261005-010838-8084b01
2008,huber,ret_12_7,3.5993754863739014e-05,20261005-010838-8084b01
2008,huber,corr_1260d,-4.459172487258911e-06,20261005-010838-8084b01
2008,huber,rmax5_21d,-2.6009976863861084e-05,20261005-010838-8084b01
2008,huber,rmax5_rvol_21d,2.444535493850708e-05,20261005-010838-8084b01
2008,huber,ni_be,1.3113021850585938e-06,20261005-010838-8084b01
2008,huber,ocf_at,-1.2345612049102783e-05,20261005-010838-8084b01
2008,huber,ocf_at_chg1,-7.450580596923828e-08,20261005-010838-8084b01
2008,huber,mispricing_perf,-6.627291440963745e-06,20261005-010838-8084b01
2008,huber,mispricing_mgmt,-3.986060619354248e-07,20261005-010838-8084b01
2008,huber,qmj,-1.12876296043396e-05,20261005-010838-8084b01
2008,huber,qmj_prof,1.0225921869277954e-05,20261005-010838-8084b01
2008,huber,qmj_growth,6.16908073425293e-06,20261005-010838-8084b01
2008,huber,qmj_safety,2.1539628505706787e-05,20261005-010838-8084b01
2008,gbrt,niq_su,-2.294778823852539e-06,20261005-010838-8084b01
2008,gbrt,ret_6_1,-1.0132789611816406e-06,20261005-010838-8084b01
2008,gbrt,ret_12_1,-7.82310962677002e-07,20261005-010838-8084b01
2008,gbrt,saleq_su,1.1920928955078125e-07,20261005-010838-8084b01
2008,gbrt,tax_gr1a,-8.977949619293213e-07,20261005-010838-8084b01
2008,gbrt,ni_inc8q,-0.0001131817698478,20261005-010838-8084b01
2008,gbrt,prc_highprc_252d,1.0501593351364136e-05,20261005-010838-8084b01
2008,gbrt,resff3_6_1,-1.434236764907837e-06,20261005-010838-8084b01
2008,gbrt,resff3_12_1,2.11372971534729e-05,20261005-010838-8084b01
2008,gbrt,be_me,-7.99819827079773e-05,20261005-010838-8084b01
2008,gbrt,debt_me,1.084059476852417e-06,20261005-010838-8084b01
2008,gbrt,at_me,4.455447196960449e-06,20261005-010838-8084b01
2008,gbrt,ret_60_12,-1.0952353477478027e-06,20261005-010838-8084b01
2008,gbrt,ni_me,2.278760075569153e-05,20261005-010838-8084b01
2008,gbrt,fcf_me,5.301088094711304e-06,20261005-010838-8084b01
2008,gbrt,div12m_me,2.5752931833267212e-05,20261005-010838-8084b01
2008,gbrt,eqpo_me,-6.272643804550171e-05,20261005-010838-8084b01
2008,gbrt,eqnpo_me,8.542090654373169e-06,20261005-010838-8084b01
2008,gbrt,sale_gr3,2.693384885787964e-06,20261005-010838-8084b01
2008,gbrt,sale_gr1,0.0,20261005-010838-8084b01
2008,gbrt,ebitda_mev,2.0429491996765137e-05,20261005-010838-8084b01
2008,gbrt,sale_me,-1.989305019378662e-06,20261005-010838-8084b01
2008,gbrt,ocf_me,2.9206275939941406e-06,20261005-010838-8084b01
2008,gbrt,ival_me,1.0021030902862549e-06,20261005-010838-8084b01
2008,gbrt,bev_mev,-9.018927812576294e-06,20261005-010838-8084b01
2008,gbrt,netdebt_me,-2.5045126676559448e-05,20261005-010838-8084b01
2008,gbrt,eq_dur,5.699694156646729e-07,20261005-010838-8084b01
2008,gbrt,capex_abn,0.0,20261005-010838-8084b01
2008,gbrt,at_gr1,0.0,20261005-010838-8084b01
2008,gbrt,ppeinv_gr1a,2.9690563678741455e-06,20261005-010838-8084b01
2008,gbrt,noa_at,-5.662441253662109e-07,20261005-010838-8084b01
2008,gbrt,noa_gr1a,2.0153820514678955e-06,20261005-010838-8084b01
2008,gbrt,lnoa_gr1a,3.203749656677246e-07,20261005-010838-8084b01
2008,gbrt,capx_gr1,3.129243850708008e-07,20261005-010838-8084b01
2008,gbrt,capx_gr2,-3.05473804473877e-07,20261005-010838-8084b01
2008,gbrt,capx_gr3,-2.235174179077149e-07,20261005-010838-8084b01
2008,gbrt,chcsho_12m,9.611248970031738e-06,20261005-010838-8084b01
2008,gbrt,eqnpo_12m,-1.564621925354004e-07,20261005-010838-8084b01
2008,gbrt,debt_gr3,1.4349818229675291e-05,20261005-010838-8084b01
2008,gbrt,inv_gr1,0.0,20261005-010838-8084b01
2008,gbrt,inv_gr1a,-1.0319054126739502e-06,20261005-010838-8084b01
2008,gbrt,oaccruals_at,2.346932888031006e-07,20261005-010838-8084b01
2008,gbrt,taccruals_at,-1.393258571624756e-06,20261005-010838-8084b01
2008,gbrt,cowc_gr1a,1.6391277313232425e-07,20261005-010838-8084b01
2008,gbrt,coa_gr1a,-1.862645149230957e-08,20261005-010838-8084b01
2008,gbrt,col_gr1a,1.4454126358032229e-06,20261005-010838-8084b01
2008,gbrt,nncoa_gr1a,7.040798664093018e-07,20261005-010838-8084b01
2008,gbrt,ncoa_gr1a,4.842877388000488e-08,20261005-010838-8084b01
2008,gbrt,ncol_gr1a,-5.327165126800537e-07,20261005-010838-8084b01
2008,gbrt,nfna_gr1a,2.4586915969848633e-07,20261005-010838-8084b01
2008,gbrt,sti_gr1a,-1.498684287071228e-05,20261005-010838-8084b01
2008,gbrt,lti_gr1a,6.1802566051483154e-06,20261005-010838-8084b01
2008,gbrt,fnl_gr1a,1.1809170246124268e-06,20261005-010838-8084b01
2008,gbrt,be_gr1a,-1.0754913091659546e-05,20261005-010838-8084b01
2008,gbrt,oaccruals_ni,0.0,20261005-010838-8084b01
2008,gbrt,taccruals_ni,0.0,20261005-010838-8084b01
2008,gbrt,netis_at,3.159046173095703e-06,20261005-010838-8084b01
2008,gbrt,eqnetis_at,1.4565885066986084e-06,20261005-010838-8084b01
2008,gbrt,dbnetis_at,1.9744038581848145e-07,20261005-010838-8084b01
2008,gbrt,niq_be,2.8792768716812137e-05,20261005-010838-8084b01
2008,gbrt,niq_be_chg1,2.1047890186309814e-06,20261005-010838-8084b01
2008,gbrt,niq_at,3.4458935260772705e-06,20261005-010838-8084b01
2008,gbrt,niq_at_chg1,1.5273690223693848e-06,20261005-010838-8084b01
2008,gbrt,ebit_bev,1.4416873455047607e-06,20261005-010838-8084b01
2008,gbrt,ebit_sale,2.175569534301758e-06,20261005-010838-8084b01
2008,gbrt,sale_bev,-2.384185791015625e-07,20261005-010838-8084b01
2008,gbrt,at_turnover,0.0,20261005-010838-8084b01
2008,gbrt,gp_at,1.5385448932647703e-06,20261005-010838-8084b01
2008,gbrt,gp_atl1,4.4703483581542975e-08,20261005-010838-8084b01
2008,gbrt,ope_be,1.2479722499847412e-06,20261005-010838-8084b01
2008,gbrt,ope_bel1,2.168118953704834e-06,20261005-010838-8084b01
2008,gbrt,op_at,4.950910806655884e-06,20261005-010838-8084b01
2008,gbrt,op_atl1,-4.842877388000488e-08,20261005-010838-8084b01
2008,gbrt,cop_at,1.0892748832702637e-05,20261005-010838-8084b01
2008,gbrt,cop_atl1,1.0810792446136476e-05,20261005-010838-8084b01
2008,gbrt,f_score,-1.2859702110290527e-05,20261005-010838-8084b01
2008,gbrt,o_score,1.7508864402771e-07,20261005-010838-8084b01
2008,gbrt,z_score,-1.6130506992340088e-06,20261005-010838-8084b01
2008,gbrt,pi_nix,0.0,20261005-010838-8084b01
2008,gbrt,at_be,9.238719940185548e-07,20261005-010838-8084b01
2008,gbrt,saleq_gr1,2.425163984298706e-06,20261005-010838-8084b01
2008,gbrt,rd_me,-7.494166493415833e-05,20261005-010838-8084b01
2008,gbrt,rd_sale,2.0522624254226685e-05,20261005-010838-8084b01
2008,gbrt,opex_at,0.0,20261005-010838-8084b01
2008,gbrt,emp_gr1,2.831220626831055e-07,20261005-010838-8084b01
2008,gbrt,rd5_at,-6.966292858123779e-06,20261005-010838-8084b01
2008,gbrt,age,4.276633262634277e-06,20261005-010838-8084b01
2008,gbrt,dsale_dinv,-1.7508864402771e-07,20261005-010838-8084b01
2008,gbrt,dsale_drec,6.631016731262207e-07,20261005-010838-8084b01
2008,gbrt,dgp_dsale,2.644956111907959e-07,20261005-010838-8084b01
2008,gbrt,dsale_dsga,0.0,20261005-010838-8084b01
2008,gbrt,sale_emp_gr1,0.0,20261005-010838-8084b01
2008,gbrt,tangibility,4.991888999938965e-07,20261005-010838-8084b01
2008,gbrt,kz_index,6.92903995513916e-06,20261005-010838-8084b01
2008,gbrt,ocfq_saleq_std,2.793967723846436e-07,20261005-010838-8084b01
2008,gbrt,cash_at,-4.153698682785034e-05,20261005-010838-8084b01
2008,gbrt,ni_ar1,0.0,20261005-010838-8084b01
2008,gbrt,ni_ivol,2.2351741790771484e-08,20261005-010838-8084b01
2008,gbrt,earnings_variability,-5.327165126800537e-07,20261005-010838-8084b01
2008,gbrt,aliq_at,-6.705522537231445e-07,20261005-010838-8084b01
2008,gbrt,aliq_mat,1.1555850505828856e-05,20261005-010838-8084b01
2008,gbrt,seas_1_1an,1.9025057554244995e-05,20261005-010838-8084b01
2008,gbrt,seas_1_1na,-8.576735854148865e-05,20261005-010838-8084b01
2008,gbrt,seas_2_5an,7.819384336471558e-06,20261005-010838-8084b01
2008,gbrt,seas_2_5na,-4.723668098449707e-06,20261005-010838-8084b01
2008,gbrt,seas_6_10an,-1.825392246246338e-07,20261005-010838-8084b01
2008,gbrt,seas_6_10na,0.0,20261005-010838-8084b01
2008,gbrt,seas_11_15an,-1.6540288925170898e-06,20261005-010838-8084b01
2008,gbrt,seas_11_15na,0.0,20261005-010838-8084b01
2008,gbrt,seas_16_20an,-3.576278686523438e-07,20261005-010838-8084b01
2008,gbrt,seas_16_20na,0.0,20261005-010838-8084b01
2008,gbrt,market_equity,-6.423890590667725e-05,20261005-010838-8084b01
2008,gbrt,ivol_ff3_21d,-3.762543201446533e-07,20261005-010838-8084b01
2008,gbrt,ivol_capm_252d,4.0531158447265625e-06,20261005-010838-8084b01
2008,gbrt,ivol_capm_21d,5.759298801422119e-06,20261005-010838-8084b01
2008,gbrt,ivol_hxz4_21d,3.146752715110779e-05,20261005-010838-8084b01
2008,gbrt,rvol_21d,9.838491678237917e-06,20261005-010838-8084b01
2008,gbrt,beta_60m,-1.8104910850524904e-06,20261005-010838-8084b01
2008,gbrt,betabab_1260d,-1.1548399925231934e-06,20261005-010838-8084b01
2008,gbrt,beta_dimson_21d,3.1925737857818604e-06,20261005-010838-8084b01
2008,gbrt,turnover_126d,1.5538185834884644e-05,20261005-010838-8084b01
2008,gbrt,turnover_var_126d,-9.96515154838562e-06,20261005-010838-8084b01
2008,gbrt,dolvol_126d,-2.5257468223571777e-06,20261005-010838-8084b01
2008,gbrt,dolvol_var_126d,-2.8349459171295166e-06,20261005-010838-8084b01
2008,gbrt,prc,-9.206682443618774e-05,20261005-010838-8084b01
2008,gbrt,ami_126d,-1.4822930097579956e-05,20261005-010838-8084b01
2008,gbrt,zero_trades_21d,0.0002781711518764,20261005-010838-8084b01
2008,gbrt,zero_trades_126d,9.43206250667572e-05,20261005-010838-8084b01
2008,gbrt,zero_trades_252d,3.176182508468628e-05,20261005-010838-8084b01
2008,gbrt,rmax1_21d,4.798173904418945e-06,20261005-010838-8084b01
2008,gbrt,rskew_21d,-4.656612873077393e-07,20261005-010838-8084b01
2008,gbrt,iskew_capm_21d,-5.438923835754395e-07,20261005-010838-8084b01
2008,gbrt,iskew_ff3_21d,-1.4640390872955322e-06,20261005-010838-8084b01
2008,gbrt,iskew_hxz4_21d,-3.598630428314209e-06,20261005-010838-8084b01
2008,gbrt,coskew_21d,0.0,20261005-010838-8084b01
2008,gbrt,ret_1_0,-6.967782974243164e-05,20261005-010838-8084b01
2008,gbrt,betadown_252d,0.0,20261005-010838-8084b01
2008,gbrt,bidaskhl_21d,-1.0326504707336426e-05,20261005-010838-8084b01
2008,gbrt,ret_3_1,-3.276020288467407e-05,20261005-010838-8084b01
2008,gbrt,ret_9_1,-1.827627420425415e-05,20261005-010838-8084b01
2008,gbrt,ret_12_7,4.3842941522598267e-05,20261005-010838-8084b01
2008,gbrt,corr_1260d,0.0,20261005-010838-8084b01
2008,gbrt,rmax5_21d,2.625584602355957e-05,20261005-010838-8084b01
2008,gbrt,rmax5_rvol_21d,1.7374753952026367e-05,20261005-010838-8084b01
2008,gbrt,ni_be,1.1809170246124268e-06,20261005-010838-8084b01
2008,gbrt,ocf_at,1.5310943126678469e-06,20261005-010838-8084b01
2008,gbrt,ocf_at_chg1,-3.05473804473877e-07,20261005-010838-8084b01
2008,gbrt,mispricing_perf,2.820044755935669e-05,20261005-010838-8084b01
2008,gbrt,mispricing_mgmt,1.3783574104309082e-06,20261005-010838-8084b01
2008,gbrt,qmj,0.0,20261005-010838-8084b01
2008,gbrt,qmj_prof,-1.4863908290863035e-06,20261005-010838-8084b01
2008,gbrt,qmj_growth,0.0,20261005-010838-8084b01
2008,gbrt,qmj_safety,8.381903171539307e-07,20261005-010838-8084b01
2010,huber,niq_su,-3.576278686523438e-07,20261005-010838-8084b01
2010,huber,ret_6_1,-3.341585397720337e-06,20261005-010838-8084b01
2010,huber,ret_12_1,1.7583370208740234e-05,20261005-010838-8084b01
2010,huber,saleq_su,2.706423401832581e-06,20261005-010838-8084b01
2010,huber,tax_gr1a,1.8272548913955688e-06,20261005-010838-8084b01
2010,huber,ni_inc8q,2.62632966041565e-07,20261005-010838-8084b01
2010,huber,prc_highprc_252d,1.8008053302764893e-05,20261005-010838-8084b01
2010,huber,resff3_6_1,5.50784170627594e-06,20261005-010838-8084b01
2010,huber,resff3_12_1,-7.275491952896118e-06,20261005-010838-8084b01
2010,huber,be_me,4.5513734221458435e-05,20261005-010838-8084b01
2010,huber,debt_me,-2.123415470123291e-06,20261005-010838-8084b01
2010,huber,at_me,1.1494383215904236e-05,20261005-010838-8084b01
2010,huber,ret_60_12,9.587034583091736e-06,20261005-010838-8084b01
2010,huber,ni_me,1.0170042514801023e-06,20261005-010838-8084b01
2010,huber,fcf_me,-1.3113021850585938e-06,20261005-010838-8084b01
2010,huber,div12m_me,-1.5478581190109253e-06,20261005-010838-8084b01
2010,huber,eqpo_me,5.202367901802063e-06,20261005-010838-8084b01
2010,huber,eqnpo_me,-2.000480890274048e-06,20261005-010838-8084b01
2010,huber,sale_gr3,2.0191073417663574e-06,20261005-010838-8084b01
2010,huber,sale_gr1,7.515773177146912e-06,20261005-010838-8084b01
2010,huber,ebitda_mev,1.09747052192688e-05,20261005-010838-8084b01
2010,huber,sale_me,7.137656211853027e-06,20261005-010838-8084b01
2010,huber,ocf_me,-3.706663846969605e-07,20261005-010838-8084b01
2010,huber,ival_me,-6.202608346939087e-07,20261005-010838-8084b01
2010,huber,bev_mev,1.228228211402893e-05,20261005-010838-8084b01
2010,huber,netdebt_me,-6.8731606006622314e-06,20261005-010838-8084b01
2010,huber,eq_dur,-2.2333115339279175e-06,20261005-010838-8084b01
2010,huber,capex_abn,2.2910535335540777e-07,20261005-010838-8084b01
2010,huber,at_gr1,2.166256308555603e-06,20261005-010838-8084b01
2010,huber,ppeinv_gr1a,-6.705522537231445e-07,20261005-010838-8084b01
2010,huber,noa_at,-5.688518285751343e-06,20261005-010838-8084b01
2010,huber,noa_gr1a,2.7567148208618164e-07,20261005-010838-8084b01
2010,huber,lnoa_gr1a,1.862645149230957e-09,20261005-010838-8084b01
2010,huber,capx_gr1,3.378838300704956e-06,20261005-010838-8084b01
2010,huber,capx_gr2,1.043081283569336e-07,20261005-010838-8084b01
2010,huber,capx_gr3,1.000240445137024e-06,20261005-010838-8084b01
2010,huber,chcsho_12m,-6.742775440216064e-07,20261005-010838-8084b01
2010,huber,eqnpo_12m,4.524365067481995e-06,20261005-010838-8084b01
2010,huber,debt_gr3,3.576278686523438e-07,20261005-010838-8084b01
2010,huber,inv_gr1,9.08970832824707e-07,20261005-010838-8084b01
2010,huber,inv_gr1a,1.788139343261719e-07,20261005-010838-8084b01
2010,huber,oaccruals_at,2.235174179077149e-07,20261005-010838-8084b01
2010,huber,taccruals_at,2.376735210418701e-06,20261005-010838-8084b01
2010,huber,cowc_gr1a,-1.4901161193847656e-08,20261005-010838-8084b01
2010,huber,coa_gr1a,2.086162567138672e-07,20261005-010838-8084b01
2010,huber,col_gr1a,-1.0989606380462646e-06,20261005-010838-8084b01
2010,huber,nncoa_gr1a,-6.891787052154541e-08,20261005-010838-8084b01
2010,huber,ncoa_gr1a,-7.487833499908447e-07,20261005-010838-8084b01
2010,huber,ncol_gr1a,6.910413503646851e-07,20261005-010838-8084b01
2010,huber,nfna_gr1a,6.332993507385254e-08,20261005-010838-8084b01
2010,huber,sti_gr1a,-7.636845111846925e-08,20261005-010838-8084b01
2010,huber,lti_gr1a,4.637986421585083e-07,20261005-010838-8084b01
2010,huber,fnl_gr1a,-1.8067657947540288e-07,20261005-010838-8084b01
2010,huber,be_gr1a,5.248934030532837e-06,20261005-010838-8084b01
2010,huber,oaccruals_ni,-8.866190910339355e-07,20261005-010838-8084b01
2010,huber,taccruals_ni,-1.300126314163208e-06,20261005-010838-8084b01
2010,huber,netis_at,-1.0244548320770265e-07,20261005-010838-8084b01
2010,huber,eqnetis_at,-2.898275852203369e-06,20261005-010838-8084b01
2010,huber,dbnetis_at,-1.080334186553955e-06,20261005-010838-8084b01
2010,huber,niq_be,3.073364496231079e-07,20261005-010838-8084b01
2010,huber,niq_be_chg1,2.235174179077149e-07,20261005-010838-8084b01
2010,huber,niq_at,-4.470348358154297e-07,20261005-010838-8084b01
2010,huber,niq_at_chg1,6.742775440216064e-07,20261005-010838-8084b01
2010,huber,ebit_bev,2.5561079382896423e-05,20261005-010838-8084b01
2010,huber,ebit_sale,-3.840774297714233e-06,20261005-010838-8084b01
2010,huber,sale_bev,1.4938414096832275e-06,20261005-010838-8084b01
2010,huber,at_turnover,5.384907126426697e-06,20261005-010838-8084b01
2010,huber,gp_at,2.7008354663848877e-07,20261005-010838-8084b01
2010,huber,gp_atl1,7.323920726776123e-06,20261005-010838-8084b01
2010,huber,ope_be,1.1175870895385742e-08,20261005-010838-8084b01
2010,huber,ope_bel1,-5.513429641723633e-07,20261005-010838-8084b01
2010,huber,op_at,1.3237819075584412e-05,20261005-010838-8084b01
2010,huber,op_atl1,4.4330954551696777e-07,20261005-010838-8084b01
2010,huber,cop_at,8.704140782356262e-06,20261005-010838-8084b01
2010,huber,cop_atl1,4.425644874572754e-06,20261005-010838-8084b01
2010,huber,f_score,1.948326826095581e-06,20261005-010838-8084b01
2010,huber,o_score,2.1051615476608276e-05,20261005-010838-8084b01
2010,huber,z_score,6.537884473800659e-07,20261005-010838-8084b01
2010,huber,pi_nix,2.9802322387695312e-08,20261005-010838-8084b01
2010,huber,at_be,5.418434739112854e-06,20261005-010838-8084b01
2010,huber,saleq_gr1,1.0037794709205627e-05,20261005-010838-8084b01
2010,huber,rd_me,-2.2873282432556152e-06,20261005-010838-8084b01
2010,huber,rd_sale,-8.847564458847046e-07,20261005-010838-8084b01
2010,huber,opex_at,-1.30385160446167e-08,20261005-010838-8084b01
2010,huber,emp_gr1,-2.99699604511261e-06,20261005-010838-8084b01
2010,huber,rd5_at,6.649643182754517e-07,20261005-010838-8084b01
2010,huber,age,0.0,20261005-010838-8084b01
2010,huber,dsale_dinv,-1.4435499906539917e-06,20261005-010838-8084b01
2010,huber,dsale_drec,1.4528632164001465e-07,20261005-010838-8084b01
2010,huber,dgp_dsale,-8.456408977508545e-07,20261005-010838-8084b01
2010,huber,dsale_dsga,-5.662441253662109e-07,20261005-010838-8084b01
2010,huber,sale_emp_gr1,-9.760260581970217e-07,20261005-010838-8084b01
2010,huber,tangibility,1.287087798118591e-06,20261005-010838-8084b01
2010,huber,kz_index,-3.077089786529541e-06,20261005-010838-8084b01
2010,huber,ocfq_saleq_std,-1.2479722499847412e-07,20261005-010838-8084b01
2010,huber,cash_at,-5.50784170627594e-06,20261005-010838-8084b01
2010,huber,ni_ar1,-2.1979212760925293e-07,20261005-010838-8084b01
2010,huber,ni_ivol,1.4565885066986084e-06,20261005-010838-8084b01
2010,huber,earnings_variability,-8.21426510810852e-07,20261005-010838-8084b01
2010,huber,aliq_at,2.382323145866394e-06,20261005-010838-8084b01
2010,huber,aliq_mat,2.4877488613128665e-05,20261005-010838-8084b01
2010,huber,seas_1_1an,4.8335641622543335e-06,20261005-010838-8084b01
2010,huber,seas_1_1na,5.2347779273986816e-05,20261005-010838-8084b01
2010,huber,seas_2_5an,7.230788469314575e-06,20261005-010838-8084b01
2010,huber,seas_2_5na,1.4828518033027647e-05,20261005-010838-8084b01
2010,huber,seas_6_10an,-1.1101365089416504e-06,20261005-010838-8084b01
2010,huber,seas_6_10na,-1.164153218269348e-06,20261005-010838-8084b01
2010,huber,seas_11_15an,5.941838026046753e-07,20261005-010838-8084b01
2010,huber,seas_11_15na,6.891787052154541e-08,20261005-010838-8084b01
2010,huber,seas_16_20an,7.152557373046875e-07,20261005-010838-8084b01
2010,huber,seas_16_20na,-4.842877388000488e-08,20261005-010838-8084b01
2010,huber,market_equity,5.805864930152893e-06,20261005-010838-8084b01
2010,huber,ivol_ff3_21d,0.0001108683645725,20261005-010838-8084b01
2010,huber,ivol_capm_252d,-1.8440186977386477e-06,20261005-010838-8084b01
2010,huber,ivol_capm_21d,9.151920676231384e-05,20261005-010838-8084b01
2010,huber,ivol_hxz4_21d,3.499537706375122e-05,20261005-010838-8084b01
2010,huber,rvol_21d,5.064159631729126e-05,20261005-010838-8084b01
2010,huber,beta_60m,3.1497329473495483e-06,20261005-010838-8084b01
2010,huber,betabab_1260d,1.6238540410995483e-05,20261005-010838-8084b01
2010,huber,beta_dimson_21d,2.695247530937195e-06,20261005-010838-8084b01
2010,huber,turnover_126d,4.268251359462738e-05,20261005-010838-8084b01
2010,huber,turnover_var_126d,0.000104384496808,20261005-010838-8084b01
2010,huber,dolvol_126d,2.2314488887786865e-06,20261005-010838-8084b01
2010,huber,dolvol_var_126d,9.302236139774324e-05,20261005-010838-8084b01
2010,huber,prc,4.481524229049683e-06,20261005-010838-8084b01
2010,huber,ami_126d,1.078471541404724e-06,20261005-010838-8084b01
2010,huber,zero_trades_21d,0.0003449693322181,20261005-010838-8084b01
2010,huber,zero_trades_126d,8.60709697008133e-05,20261005-010838-8084b01
2010,huber,zero_trades_252d,3.182142972946167e-05,20261005-010838-8084b01
2010,huber,rmax1_21d,-5.7853758335113525e-06,20261005-010838-8084b01
2010,huber,rskew_21d,2.514570951461792e-07,20261005-010838-8084b01
2010,huber,iskew_capm_21d,4.209578037261963e-07,20261005-010838-8084b01
2010,huber,iskew_ff3_21d,1.7099082469940186e-06,20261005-010838-8084b01
2010,huber,iskew_hxz4_21d,-4.302710294723511e-07,20261005-010838-8084b01
2010,huber,coskew_21d,6.016343832015991e-07,20261005-010838-8084b01
2010,huber,ret_1_0,6.782077252864838e-05,20261005-010838-8084b01
2010,huber,betadown_252d,2.3636966943740845e-06,20261005-010838-8084b01
2010,huber,bidaskhl_21d,4.498288035392761e-06,20261005-010838-8084b01
2010,huber,ret_3_1,2.175569534301758e-06,20261005-010838-8084b01
2010,huber,ret_9_1,-6.606802344322205e-06,20261005-010838-8084b01
2010,huber,ret_12_7,8.624047040939331e-06,20261005-010838-8084b01
2010,huber,corr_1260d,-1.657754182815552e-07,20261005-010838-8084b01
2010,huber,rmax5_21d,1.00601464509964e-05,20261005-010838-8084b01
2010,huber,rmax5_rvol_21d,1.3127923011779783e-05,20261005-010838-8084b01
2010,huber,ni_be,-1.2796372175216677e-06,20261005-010838-8084b01
2010,huber,ocf_at,1.8654391169548035e-05,20261005-010838-8084b01
2010,huber,ocf_at_chg1,6.891787052154541e-08,20261005-010838-8084b01
2010,huber,mispricing_perf,7.506459951400757e-07,20261005-010838-8084b01
2010,huber,mispricing_mgmt,8.31112265586853e-06,20261005-010838-8084b01
2010,huber,qmj,2.14260071516037e-05,20261005-010838-8084b01
2010,huber,qmj_prof,7.729977369308472e-06,20261005-010838-8084b01
2010,huber,qmj_growth,1.2187287211418152e-05,20261005-010838-8084b01
2010,huber,qmj_safety,-3.071501851081848e-06,20261005-010838-8084b01
2010,gbrt,niq_su,0.0,20261005-010838-8084b01
2010,gbrt,ret_6_1,3.751367330551147e-06,20261005-010838-8084b01
2010,gbrt,ret_12_1,1.5774741768836975e-05,20261005-010838-8084b01
2010,gbrt,saleq_su,0.0,20261005-010838-8084b01
2010,gbrt,tax_gr1a,0.0,20261005-010838-8084b01
2010,gbrt,ni_inc8q,-3.520399332046509e-07,20261005-010838-8084b01
2010,gbrt,prc_highprc_252d,2.0116567611694336e-06,20261005-010838-8084b01
2010,gbrt,resff3_6_1,0.0,20261005-010838-8084b01
2010,gbrt,resff3_12_1,-4.881992936134338e-06,20261005-010838-8084b01
2010,gbrt,be_me,3.0683353543281555e-05,20261005-010838-8084b01
2010,gbrt,debt_me,0.0,20261005-010838-8084b01
2010,gbrt,at_me,0.0,20261005-010838-8084b01
2010,gbrt,ret_60_12,0.0,20261005-010838-8084b01
2010,gbrt,ni_me,1.32247805595398e-07,20261005-010838-8084b01
2010,gbrt,fcf_me,0.0,20261005-010838-8084b01
2010,gbrt,div12m_me,1.2332573533058168e-05,20261005-010838-8084b01
2010,gbrt,eqpo_me,1.4472752809524536e-06,20261005-010838-8084b01
2010,gbrt,eqnpo_me,0.0,20261005-010838-8084b01
2010,gbrt,sale_gr3,-5.19677996635437e-07,20261005-010838-8084b01
2010,gbrt,sale_gr1,0.0,20261005-010838-8084b01
2010,gbrt,ebitda_mev,-6.51925802230835e-08,20261005-010838-8084b01
2010,gbrt,sale_me,0.0,20261005-010838-8084b01
2010,gbrt,ocf_me,1.9371509552001953e-07,20261005-010838-8084b01
2010,gbrt,ival_me,-2.3655593395233154e-07,20261005-010838-8084b01
2010,gbrt,bev_mev,-5.062669515609741e-06,20261005-010838-8084b01
2010,gbrt,netdebt_me,3.85381281375885e-06,20261005-010838-8084b01
2010,gbrt,eq_dur,3.05473804473877e-07,20261005-010838-8084b01
2010,gbrt,capex_abn,0.0,20261005-010838-8084b01
2010,gbrt,at_gr1,0.0,20261005-010838-8084b01
2010,gbrt,ppeinv_gr1a,-1.0803341865539553e-07,20261005-010838-8084b01
2010,gbrt,noa_at,4.092231392860413e-06,20261005-010838-8084b01
2010,gbrt,noa_gr1a,-9.313225746154784e-09,20261005-010838-8084b01
2010,gbrt,lnoa_gr1a,0.0,20261005-010838-8084b01
2010,gbrt,capx_gr1,0.0,20261005-010838-8084b01
2010,gbrt,capx_gr2,0.0,20261005-010838-8084b01
2010,gbrt,capx_gr3,0.0,20261005-010838-8084b01
2010,gbrt,chcsho_12m,-3.2726675271987915e-06,20261005-010838-8084b01
2010,gbrt,eqnpo_12m,-6.588175892829895e-06,20261005-010838-8084b01
2010,gbrt,debt_gr3,0.0,20261005-010838-8084b01
2010,gbrt,inv_gr1,0.0,20261005-010838-8084b01
2010,gbrt,inv_gr1a,0.0,20261005-010838-8084b01
2010,gbrt,oaccruals_at,0.0,20261005-010838-8084b01
2010,gbrt,taccruals_at,0.0,20261005-010838-8084b01
2010,gbrt,cowc_gr1a,0.0,20261005-010838-8084b01
2010,gbrt,coa_gr1a,0.0,20261005-010838-8084b01
2010,gbrt,col_gr1a,0.0,20261005-010838-8084b01
2010,gbrt,nncoa_gr1a,0.0,20261005-010838-8084b01
2010,gbrt,ncoa_gr1a,0.0,20261005-010838-8084b01
2010,gbrt,ncol_gr1a,0.0,20261005-010838-8084b01
2010,gbrt,nfna_gr1a,0.0,20261005-010838-8084b01
2010,gbrt,sti_gr1a,-5.654431879520416e-05,20261005-010838-8084b01
2010,gbrt,lti_gr1a,2.942979335784912e-07,20261005-010838-8084b01
2010,gbrt,fnl_gr1a,0.0,20261005-010838-8084b01
2010,gbrt,be_gr1a,0.0,20261005-010838-8084b01
2010,gbrt,oaccruals_ni,0.0,20261005-010838-8084b01
2010,gbrt,taccruals_ni,0.0,20261005-010838-8084b01
2010,gbrt,netis_at,-3.9227306842803955e-06,20261005-010838-8084b01
2010,gbrt,eqnetis_at,0.0,20261005-010838-8084b01
2010,gbrt,dbnetis_at,0.0,20261005-010838-8084b01
2010,gbrt,niq_be,1.7192214727401731e-06,20261005-010838-8084b01
2010,gbrt,niq_be_chg1,0.0,20261005-010838-8084b01
2010,gbrt,niq_at,2.246350049972534e-06,20261005-010838-8084b01
2010,gbrt,niq_at_chg1,7.338821887969971e-07,20261005-010838-8084b01
2010,gbrt,ebit_bev,0.0,20261005-010838-8084b01
2010,gbrt,ebit_sale,0.0,20261005-010838-8084b01
2010,gbrt,sale_bev,0.0,20261005-010838-8084b01
2010,gbrt,at_turnover,0.0,20261005-010838-8084b01
2010,gbrt,gp_at,0.0,20261005-010838-8084b01
2010,gbrt,gp_atl1,0.0,20261005-010838-8084b01
2010,gbrt,ope_be,0.0,20261005-010838-8084b01
2010,gbrt,ope_bel1,0.0,20261005-010838-8084b01
2010,gbrt,op_at,-3.706663846969605e-06,20261005-010838-8084b01
2010,gbrt,op_atl1,0.0,20261005-010838-8084b01
2010,gbrt,cop_at,8.052214980125427e-06,20261005-010838-8084b01
2010,gbrt,cop_atl1,0.0,20261005-010838-8084b01
2010,gbrt,f_score,0.0,20261005-010838-8084b01
2010,gbrt,o_score,0.0,20261005-010838-8084b01
2010,gbrt,z_score,0.0,20261005-010838-8084b01
2010,gbrt,pi_nix,0.0,20261005-010838-8084b01
2010,gbrt,at_be,0.0,20261005-010838-8084b01
2010,gbrt,saleq_gr1,0.0,20261005-010838-8084b01
2010,gbrt,rd_me,1.4202669262886047e-05,20261005-010838-8084b01
2010,gbrt,rd_sale,0.0,20261005-010838-8084b01
2010,gbrt,opex_at,0.0,20261005-010838-8084b01
2010,gbrt,emp_gr1,0.0,20261005-010838-8084b01
2010,gbrt,rd5_at,1.5459954738616946e-07,20261005-010838-8084b01
2010,gbrt,age,1.7508864402771e-07,20261005-010838-8084b01
2010,gbrt,dsale_dinv,0.0,20261005-010838-8084b01
2010,gbrt,dsale_drec,0.0,20261005-010838-8084b01
2010,gbrt,dgp_dsale,0.0,20261005-010838-8084b01
2010,gbrt,dsale_dsga,0.0,20261005-010838-8084b01
2010,gbrt,sale_emp_gr1,0.0,20261005-010838-8084b01
2010,gbrt,tangibility,0.0,20261005-010838-8084b01
2010,gbrt,kz_index,-3.166496753692627e-07,20261005-010838-8084b01
2010,gbrt,ocfq_saleq_std,0.0,20261005-010838-8084b01
2010,gbrt,cash_at,0.0,20261005-010838-8084b01
2010,gbrt,ni_ar1,0.0,20261005-010838-8084b01
2010,gbrt,ni_ivol,0.0,20261005-010838-8084b01
2010,gbrt,earnings_variability,0.0,20261005-010838-8084b01
2010,gbrt,aliq_at,0.0,20261005-010838-8084b01
2010,gbrt,aliq_mat,0.0,20261005-010838-8084b01
2010,gbrt,seas_1_1an,2.9169023036956787e-06,20261005-010838-8084b01
2010,gbrt,seas_1_1na,3.6600977182388306e-06,20261005-010838-8084b01
2010,gbrt,seas_2_5an,-9.55536961555481e-06,20261005-010838-8084b01
2010,gbrt,seas_2_5na,-4.954636096954346e-07,20261005-010838-8084b01
2010,gbrt,seas_6_10an,0.0,20261005-010838-8084b01
2010,gbrt,seas_6_10na,0.0,20261005-010838-8084b01
2010,gbrt,seas_11_15an,0.0,20261005-010838-8084b01
2010,gbrt,seas_11_15na,0.0,20261005-010838-8084b01
2010,gbrt,seas_16_20an,0.0,20261005-010838-8084b01
2010,gbrt,seas_16_20na,0.0,20261005-010838-8084b01
2010,gbrt,market_equity,2.8368085622787476e-05,20261005-010838-8084b01
2010,gbrt,ivol_ff3_21d,-3.539025783538819e-07,20261005-010838-8084b01
2010,gbrt,ivol_capm_252d,-6.746500730514526e-06,20261005-010838-8084b01
2010,gbrt,ivol_capm_21d,3.166496753692627e-07,20261005-010838-8084b01
2010,gbrt,ivol_hxz4_21d,1.9276514649391174e-05,20261005-010838-8084b01
2010,gbrt,rvol_21d,3.427267074584961e-07,20261005-010838-8084b01
2010,gbrt,beta_60m,0.0,20261005-010838-8084b01
2010,gbrt,betabab_1260d,0.0,20261005-010838-8084b01
2010,gbrt,beta_dimson_21d,0.0,20261005-010838-8084b01
2010,gbrt,turnover_126d,7.992610335350037e-06,20261005-010838-8084b01
2010,gbrt,turnover_var_126d,0.0,20261005-010838-8084b01
2010,gbrt,dolvol_126d,-2.9373914003372192e-06,20261005-010838-8084b01
2010,gbrt,dolvol_var_126d,2.6561319828033447e-06,20261005-010838-8084b01
2010,gbrt,prc,2.3188069462776184e-05,20261005-010838-8084b01
2010,gbrt,ami_126d,-1.2293457984924316e-06,20261005-010838-8084b01
2010,gbrt,zero_trades_21d,2.1979212760925293e-07,20261005-010838-8084b01
2010,gbrt,zero_trades_126d,2.4847686290740967e-06,20261005-010838-8084b01
2010,gbrt,zero_trades_252d,1.1026859283447266e-06,20261005-010838-8084b01
2010,gbrt,rmax1_21d,6.798654794692993e-07,20261005-010838-8084b01
2010,gbrt,rskew_21d,0.0,20261005-010838-8084b01
2010,gbrt,iskew_capm_21d,0.0,20261005-010838-8084b01
2010,gbrt,iskew_ff3_21d,0.0,20261005-010838-8084b01
2010,gbrt,iskew_hxz4_21d,0.0,20261005-010838-8084b01
2010,gbrt,coskew_21d,0.0,20261005-010838-8084b01
2010,gbrt,ret_1_0,9.872205555438995e-05,20261005-010838-8084b01
2010,gbrt,betadown_252d,0.0,20261005-010838-8084b01
2010,gbrt,bidaskhl_21d,0.0,20261005-010838-8084b01
2010,gbrt,ret_3_1,1.0542571544647217e-06,20261005-010838-8084b01
2010,gbrt,ret_9_1,1.4472752809524536e-06,20261005-010838-8084b01
2010,gbrt,ret_12_7,3.607943654060364e-06,20261005-010838-8084b01
2010,gbrt,corr_1260d,0.0,20261005-010838-8084b01
2010,gbrt,rmax5_21d,1.667812466621399e-05,20261005-010838-8084b01
2010,gbrt,rmax5_rvol_21d,-2.346932888031006e-07,20261005-010838-8084b01
2010,gbrt,ni_be,0.0,20261005-010838-8084b01
2010,gbrt,ocf_at,0.0,20261005-010838-8084b01
2010,gbrt,ocf_at_chg1,0.0,20261005-010838-8084b01
2010,gbrt,mispricing_perf,3.915280103683472e-06,20261005-010838-8084b01
2010,gbrt,mispricing_mgmt,-5.6438148021698e-07,20261005-010838-8084b01
2010,gbrt,qmj,0.0,20261005-010838-8084b01
2010,gbrt,qmj_prof,-7.711350917816162e-07,20261005-010838-8084b01
2010,gbrt,qmj_growth,0.0,20261005-010838-8084b01
2010,gbrt,qmj_safety,0.0,20261005-010838-8084b01
2012,huber,niq_su,2.8870999813079834e-07,20261005-010838-8084b01
2012,huber,ret_6_1,-1.675449311733246e-05,20261005-010838-8084b01
2012,huber,ret_12_1,-1.3476237654685974e-05,20261005-010838-8084b01
2012,huber,saleq_su,-4.973262548446655e-07,20261005-010838-8084b01
2012,huber,tax_gr1a,2.123415470123291e-07,20261005-010838-8084b01
2012,huber,ni_inc8q,2.9616057872772217e-07,20261005-010838-8084b01
2012,huber,prc_highprc_252d,-2.346932888031006e-07,20261005-010838-8084b01
2012,huber,resff3_6_1,6.3069164752960205e-06,20261005-010838-8084b01
2012,huber,resff3_12_1,-2.3476779460906982e-05,20261005-010838-8084b01
2012,huber,be_me,4.5672059059143066e-05,20261005-010838-8084b01
2012,huber,debt_me,-4.1387975215911865e-06,20261005-010838-8084b01
2012,huber,at_me,1.0397285223007202e-05,20261005-010838-8084b01
2012,huber,ret_60_12,2.386979758739471e-05,20261005-010838-8084b01
2012,huber,ni_me,-2.4139881134033203e-06,20261005-010838-8084b01
2012,huber,fcf_me,-9.182840585708618e-07,20261005-010838-8084b01
2012,huber,div12m_me,-8.735805749893188e-07,20261005-010838-8084b01
2012,huber,eqpo_me,8.888542652130127e-06,20261005-010838-8084b01
2012,huber,eqnpo_me,-2.749264240264893e-06,20261005-010838-8084b01
2012,huber,sale_gr3,2.998858690261841e-07,20261005-010838-8084b01
2012,huber,sale_gr1,6.5248459577560425e-06,20261005-010838-8084b01
2012,huber,ebitda_mev,8.249655365943909e-06,20261005-010838-8084b01
2012,huber,sale_me,1.5148892998695374e-05,20261005-010838-8084b01
2012,huber,ocf_me,1.0337680578231812e-06,20261005-010838-8084b01
2012,huber,ival_me,-1.2461096048355105e-06,20261005-010838-8084b01
2012,huber,bev_mev,2.489425241947174e-05,20261005-010838-8084b01
2012,huber,netdebt_me,5.774199962615967e-06,20261005-010838-8084b01
2012,huber,eq_dur,-2.522021532058716e-06,20261005-010838-8084b01
2012,huber,capex_abn,-7.059425115585327e-07,20261005-010838-8084b01
2012,huber,at_gr1,-6.016343832015991e-07,20261005-010838-8084b01
2012,huber,ppeinv_gr1a,2.214685082435608e-06,20261005-010838-8084b01
2012,huber,noa_at,4.377216100692749e-06,20261005-010838-8084b01
2012,huber,noa_gr1a,1.4901161193847656e-08,20261005-010838-8084b01
2012,huber,lnoa_gr1a,1.7080456018447876e-06,20261005-010838-8084b01
2012,huber,capx_gr1,3.986060619354248e-07,20261005-010838-8084b01
2012,huber,capx_gr2,4.056841135025024e-06,20261005-010838-8084b01
2012,huber,capx_gr3,-1.6838312149047852e-06,20261005-010838-8084b01
2012,huber,chcsho_12m,-1.955777406692505e-07,20261005-010838-8084b01
2012,huber,eqnpo_12m,8.355826139450073e-06,20261005-010838-8084b01
2012,huber,debt_gr3,3.073364496231079e-06,20261005-010838-8084b01
2012,huber,inv_gr1,-2.048909664154053e-07,20261005-010838-8084b01
2012,huber,inv_gr1a,1.2703239917755127e-06,20261005-010838-8084b01
2012,huber,oaccruals_at,1.2256205081939695e-06,20261005-010838-8084b01
2012,huber,taccruals_at,-6.556510925292969e-07,20261005-010838-8084b01
2012,huber,cowc_gr1a,3.986060619354248e-07,20261005-010838-8084b01
2012,huber,coa_gr1a,5.029141902923584e-06,20261005-010838-8084b01
2012,huber,col_gr1a,-7.059425115585327e-07,20261005-010838-8084b01
2012,huber,nncoa_gr1a,-1.0244548320770264e-06,20261005-010838-8084b01
2012,huber,ncoa_gr1a,2.5238841772079468e-06,20261005-010838-8084b01
2012,huber,ncol_gr1a,-1.6130506992340088e-06,20261005-010838-8084b01
2012,huber,nfna_gr1a,-6.332993507385254e-08,20261005-010838-8084b01
2012,huber,sti_gr1a,1.2703239917755127e-06,20261005-010838-8084b01
2012,huber,lti_gr1a,-4.824250936508179e-07,20261005-010838-8084b01
2012,huber,fnl_gr1a,2.6263296604156494e-06,20261005-010838-8084b01
2012,huber,be_gr1a,2.044066786766052e-05,20261005-010838-8084b01
2012,huber,oaccruals_ni,6.183981895446777e-07,20261005-010838-8084b01
2012,huber,taccruals_ni,2.160668373107911e-07,20261005-010838-8084b01
2012,huber,netis_at,-1.0263174772262571e-06,20261005-010838-8084b01
2012,huber,eqnetis_at,-1.644715666770935e-06,20261005-010838-8084b01
2012,huber,dbnetis_at,-4.190951585769654e-07,20261005-010838-8084b01
2012,huber,niq_be,-7.152557373046875e-07,20261005-010838-8084b01
2012,huber,niq_be_chg1,4.284083843231201e-08,20261005-010838-8084b01
2012,huber,niq_at,-7.476657629013061e-06,20261005-010838-8084b01
2012,huber,niq_at_chg1,-3.8743019104003906e-07,20261005-010838-8084b01
2012,huber,ebit_bev,3.11434268951416e-05,20261005-010838-8084b01
2012,huber,ebit_sale,-5.295500159263611e-06,20261005-010838-8084b01
2012,huber,sale_bev,-4.103407263755798e-06,20261005-010838-8084b01
2012,huber,at_turnover,-1.0617077350616455e-06,20261005-010838-8084b01
2012,huber,gp_at,7.841736078262329e-07,20261005-010838-8084b01
2012,huber,gp_atl1,3.3192336559295654e-05,20261005-010838-8084b01
2012,huber,ope_be,4.591420292854309e-06,20261005-010838-8084b01
2012,huber,ope_bel1,-8.642673492431641e-07,20261005-010838-8084b01
2012,huber,op_at,-2.203509211540222e-05,20261005-010838-8084b01
2012,huber,op_atl1,-1.61733478307724e-05,20261005-010838-8084b01
2012,huber,cop_at,-1.7719343304634094e-05,20261005-010838-8084b01
2012,huber,cop_atl1,1.2993812561035156e-05,20261005-010838-8084b01
2012,huber,f_score,2.0954757928848267e-06,20261005-010838-8084b01
2012,huber,o_score,4.573352634906769e-05,20261005-010838-8084b01
2012,huber,z_score,1.657754182815552e-07,20261005-010838-8084b01
2012,huber,pi_nix,1.825392246246338e-07,20261005-010838-8084b01
2012,huber,at_be,-4.637986421585083e-06,20261005-010838-8084b01
2012,huber,saleq_gr1,-4.209578037261963e-07,20261005-010838-8084b01
2012,huber,rd_me,2.4847686290740967e-06,20261005-010838-8084b01
2012,huber,rd_sale,4.246830940246582e-07,20261005-010838-8084b01
2012,huber,opex_at,3.1534582376480103e-06,20261005-010838-8084b01
2012,huber,emp_gr1,7.078051567077638e-08,20261005-010838-8084b01
2012,huber,rd5_at,4.842877388000488e-08,20261005-010838-8084b01
2012,huber,age,1.1734664440155029e-07,20261005-010838-8084b01
2012,huber,dsale_dinv,-1.3653188943862915e-06,20261005-010838-8084b01
2012,huber,dsale_drec,1.2777745723724363e-06,20261005-010838-8084b01
2012,huber,dgp_dsale,1.6149133443832395e-06,20261005-010838-8084b01
2012,huber,dsale_dsga,4.135072231292725e-07,20261005-010838-8084b01
2012,huber,sale_emp_gr1,-2.272427082061768e-07,20261005-010838-8084b01
2012,huber,tangibility,-2.454966306686402e-06,20261005-010838-8084b01
2012,huber,kz_index,-2.214685082435608e-06,20261005-010838-8084b01
2012,huber,ocfq_saleq_std,-2.1979212760925293e-07,20261005-010838-8084b01
2012,huber,cash_at,-3.091990947723389e-07,20261005-010838-8084b01
2012,huber,ni_ar1,-8.381903171539309e-08,20261005-010838-8084b01
2012,huber,ni_ivol,2.2426247596740723e-06,20261005-010838-8084b01
2012,huber,earnings_variability,-7.078051567077637e-07,20261005-010838-8084b01
2012,huber,aliq_at,3.315508365631104e-07,20261005-010838-8084b01
2012,huber,aliq_mat,9.43988561630249e-06,20261005-010838-8084b01
2012,huber,seas_1_1an,-1.6130506992340088e-06,20261005-010838-8084b01
2012,huber,seas_1_1na,0.0001379735767841,20261005-010838-8084b01
2012,huber,seas_2_5an,1.4409422874450684e-05,20261005-010838-8084b01
2012,huber,seas_2_5na,3.6116689443588257e-06,20261005-010838-8084b01
2012,huber,seas_6_10an,7.461756467819214e-06,20261005-010838-8084b01
2012,huber,seas_6_10na,-6.50063157081604e-07,20261005-010838-8084b01
2012,huber,seas_11_15an,7.953494787216187e-07,20261005-010838-8084b01
2012,huber,seas_11_15na,1.657754182815552e-07,20261005-010838-8084b01
2012,huber,seas_16_20an,-4.4330954551696777e-07,20261005-010838-8084b01
2012,huber,seas_16_20na,6.705522537231445e-08,20261005-010838-8084b01
2012,huber,market_equity,-2.475455403327942e-06,20261005-010838-8084b01
2012,huber,ivol_ff3_21d,0.0001648757606744,20261005-010838-8084b01
2012,huber,ivol_capm_252d,-1.415051519870758e-05,20261005-010838-8084b01
2012,huber,ivol_capm_21d,4.906207323074341e-06,20261005-010838-8084b01
2012,huber,ivol_hxz4_21d,-1.1827796697616575e-06,20261005-010838-8084b01
2012,huber,rvol_21d,3.9150938391685486e-05,20261005-010838-8084b01
2012,huber,beta_60m,-2.514570951461792e-07,20261005-010838-8084b01
2012,huber,betabab_1260d,2.574175596237182e-06,20261005-010838-8084b01
2012,huber,beta_dimson_21d,4.302710294723511e-07,20261005-010838-8084b01
2012,huber,turnover_126d,6.659701466560364e-05,20261005-010838-8084b01
2012,huber,turnover_var_126d,0.0001894179731607,20261005-010838-8084b01
2012,huber,dolvol_126d,-5.666166543960571e-06,20261005-010838-8084b01
2012,huber,dolvol_var_126d,9.070895612239838e-05,20261005-010838-8084b01
2012,huber,prc,4.110857844352722e-06,20261005-010838-8084b01
2012,huber,ami_126d,3.14861536026001e-05,20261005-010838-8084b01
2012,huber,zero_trades_21d,0.0002432540059089,20261005-010838-8084b01
2012,huber,zero_trades_126d,5.7734549045562744e-05,20261005-010838-8084b01
2012,huber,zero_trades_252d,3.387965261936188e-05,20261005-010838-8084b01
2012,huber,rmax1_21d,-1.3774260878562927e-05,20261005-010838-8084b01
2012,huber,rskew_21d,-1.5050172805786133e-06,20261005-010838-8084b01
2012,huber,iskew_capm_21d,3.5241246223449707e-06,20261005-010838-8084b01
2012,huber,iskew_ff3_21d,5.172565579414368e-06,20261005-010838-8084b01
2012,huber,iskew_hxz4_21d,1.2051314115524292e-06,20261005-010838-8084b01
2012,huber,coskew_21d,-2.078711986541748e-06,20261005-010838-8084b01
2012,huber,ret_1_0,2.574175596237182e-06,20261005-010838-8084b01
2012,huber,betadown_252d,1.9371509552001953e-07,20261005-010838-8084b01
2012,huber,bidaskhl_21d,3.876164555549622e-06,20261005-010838-8084b01
2012,huber,ret_3_1,7.601454854011536e-06,20261005-010838-8084b01
2012,huber,ret_9_1,-2.018176019191742e-05,20261005-010838-8084b01
2012,huber,ret_12_7,3.159046173095703e-06,20261005-010838-8084b01
2012,huber,corr_1260d,9.994953870773315e-06,20261005-010838-8084b01
2012,huber,rmax5_21d,4.664063453674316e-06,20261005-010838-8084b01
2012,huber,rmax5_rvol_21d,-2.292729914188385e-05,20261005-010838-8084b01
2012,huber,ni_be,-3.421679139137268e-06,20261005-010838-8084b01
2012,huber,ocf_at,1.5893951058387756e-05,20261005-010838-8084b01
2012,huber,ocf_at_chg1,4.209578037261963e-07,20261005-010838-8084b01
2012,huber,mispricing_perf,6.821006536483765e-06,20261005-010838-8084b01
2012,huber,mispricing_mgmt,3.2391399145126343e-06,20261005-010838-8084b01
2012,huber,qmj,6.055459380149841e-05,20261005-010838-8084b01
2012,huber,qmj_prof,-9.957700967788696e-06,20261005-010838-8084b01
2012,huber,qmj_growth,-6.603077054023743e-06,20261005-010838-8084b01
2012,huber,qmj_safety,-3.259629011154175e-06,20261005-010838-8084b01
2012,gbrt,niq_su,0.0,20261005-010838-8084b01
2012,gbrt,ret_6_1,-2.056360244750977e-06,20261005-010838-8084b01
2012,gbrt,ret_12_1,-2.905726432800293e-07,20261005-010838-8084b01
2012,gbrt,saleq_su,0.0,20261005-010838-8084b01
2012,gbrt,tax_gr1a,0.0,20261005-010838-8084b01
2012,gbrt,ni_inc8q,0.0,20261005-010838-8084b01
2012,gbrt,prc_highprc_252d,5.811452865600586e-07,20261005-010838-8084b01
2012,gbrt,resff3_6_1,0.0,20261005-010838-8084b01
2012,gbrt,resff3_12_1,-2.0213425159454342e-05,20261005-010838-8084b01
2012,gbrt,be_me,2.3635104298591617e-05,20261005-010838-8084b01
2012,gbrt,debt_me,0.0,20261005-010838-8084b01
2012,gbrt,at_me,0.0,20261005-010838-8084b01
2012,gbrt,ret_60_12,0.0,20261005-010838-8084b01
2012,gbrt,ni_me,0.0,20261005-010838-8084b01
2012,gbrt,fcf_me,0.0,20261005-010838-8084b01
2012,gbrt,div12m_me,1.2310221791267397e-05,20261005-010838-8084b01
2012,gbrt,eqpo_me,-4.675239324569702e-07,20261005-010838-8084b01
2012,gbrt,eqnpo_me,6.51925802230835e-08,20261005-010838-8084b01
2012,gbrt,sale_gr3,0.0,20261005-010838-8084b01
2012,gbrt,sale_gr1,0.0,20261005-010838-8084b01
2012,gbrt,ebitda_mev,2.7008354663848877e-06,20261005-010838-8084b01
2012,gbrt,sale_me,0.0,20261005-010838-8084b01
2012,gbrt,ocf_me,2.7958303689956665e-06,20261005-010838-8084b01
2012,gbrt,ival_me,0.0,20261005-010838-8084b01
2012,gbrt,bev_mev,3.576278686523438e-07,20261005-010838-8084b01
2012,gbrt,netdebt_me,6.761401891708374e-07,20261005-010838-8084b01
2012,gbrt,eq_dur,0.0,20261005-010838-8084b01
2012,gbrt,capex_abn,0.0,20261005-010838-8084b01
2012,gbrt,at_gr1,0.0,20261005-010838-8084b01
2012,gbrt,ppeinv_gr1a,0.0,20261005-010838-8084b01
2012,gbrt,noa_at,3.825873136520386e-06,20261005-010838-8084b01
2012,gbrt,noa_gr1a,3.03611159324646e-07,20261005-010838-8084b01
2012,gbrt,lnoa_gr1a,0.0,20261005-010838-8084b01
2012,gbrt,capx_gr1,0.0,20261005-010838-8084b01
2012,gbrt,capx_gr2,0.0,20261005-010838-8084b01
2012,gbrt,capx_gr3,0.0,20261005-010838-8084b01
2012,gbrt,chcsho_12m,-1.169741153717041e-06,20261005-010838-8084b01
2012,gbrt,eqnpo_12m,-2.8815120458602905e-06,20261005-010838-8084b01
2012,gbrt,debt_gr3,0.0,20261005-010838-8084b01
2012,gbrt,inv_gr1,0.0,20261005-010838-8084b01
2012,gbrt,inv_gr1a,0.0,20261005-010838-8084b01
2012,gbrt,oaccruals_at,0.0,20261005-010838-8084b01
2012,gbrt,taccruals_at,0.0,20261005-010838-8084b01
2012,gbrt,cowc_gr1a,0.0,20261005-010838-8084b01
2012,gbrt,coa_gr1a,0.0,20261005-010838-8084b01
2012,gbrt,col_gr1a,0.0,20261005-010838-8084b01
2012,gbrt,nncoa_gr1a,0.0,20261005-010838-8084b01
2012,gbrt,ncoa_gr1a,0.0,20261005-010838-8084b01
2012,gbrt,ncol_gr1a,0.0,20261005-010838-8084b01
2012,gbrt,nfna_gr1a,0.0,20261005-010838-8084b01
2012,gbrt,sti_gr1a,0.0,20261005-010838-8084b01
2012,gbrt,lti_gr1a,-8.568167686462402e-08,20261005-010838-8084b01
2012,gbrt,fnl_gr1a,0.0,20261005-010838-8084b01
2012,gbrt,be_gr1a,0.0,20261005-010838-8084b01
2012,gbrt,oaccruals_ni,0.0,20261005-010838-8084b01
2012,gbrt,taccruals_ni,0.0,20261005-010838-8084b01
2012,gbrt,netis_at,-7.264316082000732e-08,20261005-010838-8084b01
2012,gbrt,eqnetis_at,0.0,20261005-010838-8084b01
2012,gbrt,dbnetis_at,0.0,20261005-010838-8084b01
2012,gbrt,niq_be,7.152557373046875e-07,20261005-010838-8084b01
2012,gbrt,niq_be_chg1,0.0,20261005-010838-8084b01
2012,gbrt,niq_at,2.7157366275787354e-06,20261005-010838-8084b01
2012,gbrt,niq_at_chg1,0.0,20261005-010838-8084b01
2012,gbrt,ebit_bev,0.0,20261005-010838-8084b01
2012,gbrt,ebit_sale,2.849847078323364e-07,20261005-010838-8084b01
2012,gbrt,sale_bev,0.0,20261005-010838-8084b01
2012,gbrt,at_turnover,0.0,20261005-010838-8084b01
2012,gbrt,gp_at,0.0,20261005-010838-8084b01
2012,gbrt,gp_atl1,0.0,20261005-010838-8084b01
2012,gbrt,ope_be,0.0,20261005-010838-8084b01
2012,gbrt,ope_bel1,0.0,20261005-010838-8084b01
2012,gbrt,op_at,0.0,20261005-010838-8084b01
2012,gbrt,op_atl1,0.0,20261005-010838-8084b01
2012,gbrt,cop_at,-2.436339855194092e-06,20261005-010838-8084b01
2012,gbrt,cop_atl1,-9.778887033462524e-07,20261005-010838-8084b01
2012,gbrt,f_score,0.0,20261005-010838-8084b01
2012,gbrt,o_score,0.0,20261005-010838-8084b01
2012,gbrt,z_score,0.0,20261005-010838-8084b01
2012,gbrt,pi_nix,0.0,20261005-010838-8084b01
2012,gbrt,at_be,0.0,20261005-010838-8084b01
2012,gbrt,saleq_gr1,0.0,20261005-010838-8084b01
2012,gbrt,rd_me,1.348927617073059e-05,20261005-010838-8084b01
2012,gbrt,rd_sale,0.0,20261005-010838-8084b01
2012,gbrt,opex_at,0.0,20261005-010838-8084b01
2012,gbrt,emp_gr1,0.0,20261005-010838-8084b01
2012,gbrt,rd5_at,0.0,20261005-010838-8084b01
2012,gbrt,age,0.0,20261005-010838-8084b01
2012,gbrt,dsale_dinv,0.0,20261005-010838-8084b01
2012,gbrt,dsale_drec,0.0,20261005-010838-8084b01
2012,gbrt,dgp_dsale,0.0,20261005-010838-8084b01
2012,gbrt,dsale_dsga,0.0,20261005-010838-8084b01
2012,gbrt,sale_emp_gr1,0.0,20261005-010838-8084b01
2012,gbrt,tangibility,0.0,20261005-010838-8084b01
2012,gbrt,kz_index,0.0,20261005-010838-8084b01
2012,gbrt,ocfq_saleq_std,0.0,20261005-010838-8084b01
2012,gbrt,cash_at,0.0,20261005-010838-8084b01
2012,gbrt,ni_ar1,0.0,20261005-010838-8084b01
2012,gbrt,ni_ivol,0.0,20261005-010838-8084b01
2012,gbrt,earnings_variability,0.0,20261005-010838-8084b01
2012,gbrt,aliq_at,0.0,20261005-010838-8084b01
2012,gbrt,aliq_mat,0.0,20261005-010838-8084b01
2012,gbrt,seas_1_1an,1.6614794731140137e-06,20261005-010838-8084b01
2012,gbrt,seas_1_1na,5.62518835067749e-07,20261005-010838-8084b01
2012,gbrt,seas_2_5an,3.959983587265015e-06,20261005-010838-8084b01
2012,gbrt,seas_2_5na,0.0,20261005-010838-8084b01
2012,gbrt,seas_6_10an,0.0,20261005-010838-8084b01
2012,gbrt,seas_6_10na,0.0,20261005-010838-8084b01
2012,gbrt,seas_11_15an,0.0,20261005-010838-8084b01
2012,gbrt,seas_11_15na,0.0,20261005-010838-8084b01
2012,gbrt,seas_16_20an,0.0,20261005-010838-8084b01
2012,gbrt,seas_16_20na,0.0,20261005-010838-8084b01
2012,gbrt,market_equity,3.136880695819855e-05,20261005-010838-8084b01
2012,gbrt,ivol_ff3_21d,1.695007085800171e-07,20261005-010838-8084b01
2012,gbrt,ivol_capm_252d,0.0,20261005-010838-8084b01
2012,gbrt,ivol_capm_21d,0.0,20261005-010838-8084b01
2012,gbrt,ivol_hxz4_21d,2.2314488887786865e-06,20261005-010838-8084b01
2012,gbrt,rvol_21d,2.570450305938721e-07,20261005-010838-8084b01
2012,gbrt,beta_60m,0.0,20261005-010838-8084b01
2012,gbrt,betabab_1260d,0.0,20261005-010838-8084b01
2012,gbrt,beta_dimson_21d,0.0,20261005-010838-8084b01
2012,gbrt,turnover_126d,3.937631845474243e-06,20261005-010838-8084b01
2012,gbrt,turnover_var_126d,0.0,20261005-010838-8084b01
2012,gbrt,dolvol_126d,1.3103708624839784e-05,20261005-010838-8084b01
2012,gbrt,dolvol_var_126d,1.7005950212478638e-06,20261005-010838-8084b01
2012,gbrt,prc,2.204813063144684e-05,20261005-010838-8084b01
2012,gbrt,ami_126d,0.0,20261005-010838-8084b01
2012,gbrt,zero_trades_21d,0.0,20261005-010838-8084b01
2012,gbrt,zero_trades_126d,0.0,20261005-010838-8084b01
2012,gbrt,zero_trades_252d,-2.235174179077149e-07,20261005-010838-8084b01
2012,gbrt,rmax1_21d,-1.8514692783355713e-06,20261005-010838-8084b01
2012,gbrt,rskew_21d,0.0,20261005-010838-8084b01
2012,gbrt,iskew_capm_21d,0.0,20261005-010838-8084b01
2012,gbrt,iskew_ff3_21d,0.0,20261005-010838-8084b01
2012,gbrt,iskew_hxz4_21d,0.0,20261005-010838-8084b01
2012,gbrt,coskew_21d,0.0,20261005-010838-8084b01
2012,gbrt,ret_1_0,6.843730807304382e-05,20261005-010838-8084b01
2012,gbrt,betadown_252d,0.0,20261005-010838-8084b01
2012,gbrt,bidaskhl_21d,0.0,20261005-010838-8084b01
2012,gbrt,ret_3_1,0.0,20261005-010838-8084b01
2012,gbrt,ret_9_1,0.0,20261005-010838-8084b01
2012,gbrt,ret_12_7,9.443610906600952e-07,20261005-010838-8084b01
2012,gbrt,corr_1260d,0.0,20261005-010838-8084b01
2012,gbrt,rmax5_21d,2.468004822731018e-06,20261005-010838-8084b01
2012,gbrt,rmax5_rvol_21d,0.0,20261005-010838-8084b01
2012,gbrt,ni_be,0.0,20261005-010838-8084b01
2012,gbrt,ocf_at,0.0,20261005-010838-8084b01
2012,gbrt,ocf_at_chg1,0.0,20261005-010838-8084b01
2012,gbrt,mispricing_perf,-2.380460500717163e-06,20261005-010838-8084b01
2012,gbrt,mispricing_mgmt,9.294599294662476e-07,20261005-010838-8084b01
2012,gbrt,qmj,0.0,20261005-010838-8084b01
2012,gbrt,qmj_prof,0.0,20261005-010838-8084b01
2012,gbrt,qmj_growth,0.0,20261005-010838-8084b01
2012,gbrt,qmj_safety,0.0,20261005-010838-8084b01
2014,huber,niq_su,-6.05359673500061e-07,20261005-010838-8084b01
2014,huber,ret_6_1,3.38628888130188e-06,20261005-010838-8084b01
2014,huber,ret_12_1,1.886114478111267e-05,20261005-010838-8084b01
2014,huber,saleq_su,-2.421438694000244e-08,20261005-010838-8084b01
2014,huber,tax_gr1a,-2.831220626831055e-07,20261005-010838-8084b01
2014,huber,ni_inc8q,3.725290298461914e-09,20261005-010838-8084b01
2014,huber,prc_highprc_252d,0.000117564573884,20261005-010838-8084b01
2014,huber,resff3_6_1,5.54695725440979e-06,20261005-010838-8084b01
2014,huber,resff3_12_1,-1.15223228931427e-05,20261005-010838-8084b01
2014,huber,be_me,-1.440197229385376e-05,20261005-010838-8084b01
2014,huber,debt_me,1.0183081030845642e-05,20261005-010838-8084b01
2014,huber,at_me,-1.600012183189392e-05,20261005-010838-8084b01
2014,huber,ret_60_12,-2.130866050720215e-05,20261005-010838-8084b01
2014,huber,ni_me,-3.416091203689575e-06,20261005-010838-8084b01
2014,huber,fcf_me,2.736225724220276e-06,20261005-010838-8084b01
2014,huber,div12m_me,2.508983016014099e-06,20261005-010838-8084b01
2014,huber,eqpo_me,-3.91155481338501e-06,20261005-010838-8084b01
2014,huber,eqnpo_me,1.73225998878479e-07,20261005-010838-8084b01
2014,huber,sale_gr3,3.4123659133911133e-06,20261005-010838-8084b01
2014,huber,sale_gr1,5.457550287246704e-07,20261005-010838-8084b01
2014,huber,ebitda_mev,5.19677996635437e-06,20261005-010838-8084b01
2014,huber,sale_me,1.2721866369247437e-06,20261005-010838-8084b01
2014,huber,ocf_me,-2.9355287551879883e-06,20261005-010838-8084b01
2014,huber,ival_me,-3.352761268615723e-07,20261005-010838-8084b01
2014,huber,bev_mev,-7.197260856628418e-06,20261005-010838-8084b01
2014,huber,netdebt_me,1.6959384083747864e-05,20261005-010838-8084b01
2014,huber,eq_dur,9.909272193908691e-07,20261005-010838-8084b01
2014,huber,capex_abn,1.5348196029663086e-06,20261005-010838-8084b01
2014,huber,at_gr1,5.124136805534363e-06,20261005-010838-8084b01
2014,huber,ppeinv_gr1a,2.7194619178771973e-07,20261005-010838-8084b01
2014,huber,noa_at,1.6687437891960144e-05,20261005-010838-8084b01
2014,huber,noa_gr1a,3.958120942115784e-06,20261005-010838-8084b01
2014,huber,lnoa_gr1a,-1.383945345878601e-06,20261005-010838-8084b01
2014,huber,capx_gr1,-4.343688488006592e-06,20261005-010838-8084b01
2014,huber,capx_gr2,-2.8032809495925903e-06,20261005-010838-8084b01
2014,huber,capx_gr3,2.080574631690979e-06,20261005-010838-8084b01
2014,huber,chcsho_12m,7.119029760360718e-06,20261005-010838-8084b01
2014,huber,eqnpo_12m,-1.5776604413986206e-06,20261005-010838-8084b01
2014,huber,debt_gr3,-1.4584511518478394e-06,20261005-010838-8084b01
2014,huber,inv_gr1,3.520399332046509e-07,20261005-010838-8084b01
2014,huber,inv_gr1a,-1.0989606380462646e-06,20261005-010838-8084b01
2014,huber,oaccruals_at,-8.959323167800903e-07,20261005-010838-8084b01
2014,huber,taccruals_at,-1.633539795875549e-06,20261005-010838-8084b01
2014,huber,cowc_gr1a,8.940696716308596e-08,20261005-010838-8084b01
2014,huber,coa_gr1a,-4.947185516357422e-06,20261005-010838-8084b01
2014,huber,col_gr1a,3.121793270111084e-06,20261005-010838-8084b01
2014,huber,nncoa_gr1a,1.3168901205062866e-06,20261005-010838-8084b01
2014,huber,ncoa_gr1a,-2.7548521757125854e-06,20261005-010838-8084b01
2014,huber,ncol_gr1a,2.6226043701171875e-06,20261005-010838-8084b01
2014,huber,nfna_gr1a,8.605420589447021e-07,20261005-010838-8084b01
2014,huber,sti_gr1a,-1.823529601097107e-06,20261005-010838-8084b01
2014,huber,lti_gr1a,-8.23289155960083e-07,20261005-010838-8084b01
2014,huber,fnl_gr1a,-7.078051567077638e-08,20261005-010838-8084b01
2014,huber,be_gr1a,-2.216547727584839e-06,20261005-010838-8084b01
2014,huber,oaccruals_ni,-2.60770320892334e-08,20261005-010838-8084b01
2014,huber,taccruals_ni,1.1380761861801147e-06,20261005-010838-8084b01
2014,huber,netis_at,-9.052455425262452e-07,20261005-010838-8084b01
2014,huber,eqnetis_at,-3.557652235031128e-07,20261005-010838-8084b01
2014,huber,dbnetis_at,2.6207417249679565e-06,20261005-010838-8084b01
2014,huber,niq_be,1.0479241609573364e-05,20261005-010838-8084b01
2014,huber,niq_be_chg1,-1.2479722499847412e-07,20261005-010838-8084b01
2014,huber,niq_at,6.368383765220642e-06,20261005-010838-8084b01
2014,huber,niq_at_chg1,5.923211574554443e-07,20261005-010838-8084b01
2014,huber,ebit_bev,-4.9229711294174194e-06,20261005-010838-8084b01
2014,huber,ebit_sale,7.448717951774597e-06,20261005-010838-8084b01
2014,huber,sale_bev,9.410083293914797e-06,20261005-010838-8084b01
2014,huber,at_turnover,2.566725015640259e-06,20261005-010838-8084b01
2014,huber,gp_at,4.665926098823547e-06,20261005-010838-8084b01
2014,huber,gp_atl1,7.3034316301345825e-06,20261005-010838-8084b01
2014,huber,ope_be,-4.3213367462158203e-07,20261005-010838-8084b01
2014,huber,ope_bel1,1.4957040548324585e-06,20261005-010838-8084b01
2014,huber,op_at,2.4205073714256287e-05,20261005-010838-8084b01
2014,huber,op_atl1,1.96211040019989e-05,20261005-010838-8084b01
2014,huber,cop_at,8.270144462585449e-07,20261005-010838-8084b01
2014,huber,cop_atl1,2.251937985420227e-06,20261005-010838-8084b01
2014,huber,f_score,-4.023313522338867e-07,20261005-010838-8084b01
2014,huber,o_score,8.981674909591675e-06,20261005-010838-8084b01
2014,huber,z_score,-4.950910806655884e-06,20261005-010838-8084b01
2014,huber,pi_nix,3.7997961044311523e-07,20261005-010838-8084b01
2014,huber,at_be,3.6526471376419063e-06,20261005-010838-8084b01
2014,huber,saleq_gr1,5.520880222320557e-06,20261005-010838-8084b01
2014,huber,rd_me,3.315508365631104e-07,20261005-010838-8084b01
2014,huber,rd_sale,1.4901161193847656e-07,20261005-010838-8084b01
2014,huber,opex_at,1.2293457984924316e-07,20261005-010838-8084b01
2014,huber,emp_gr1,4.870817065238953e-06,20261005-010838-8084b01
2014,huber,rd5_at,5.681067705154419e-07,20261005-010838-8084b01
2014,huber,age,-1.862645149230957e-09,20261005-010838-8084b01
2014,huber,dsale_dinv,6.910413503646851e-07,20261005-010838-8084b01
2014,huber,dsale_drec,7.264316082000732e-07,20261005-010838-8084b01
2014,huber,dgp_dsale,1.5757977962493896e-06,20261005-010838-8084b01
2014,huber,dsale_dsga,-2.328306436538697e-07,20261005-010838-8084b01
2014,huber,sale_emp_gr1,-5.0291419029235846e-08,20261005-010838-8084b01
2014,huber,tangibility,-2.998858690261841e-07,20261005-010838-8084b01
2014,huber,kz_index,2.292916178703308e-06,20261005-010838-8084b01
2014,huber,ocfq_saleq_std,2.1792948246002197e-07,20261005-010838-8084b01
2014,huber,cash_at,3.298744559288025e-06,20261005-010838-8084b01
2014,huber,ni_ar1,-3.501772880554199e-07,20261005-010838-8084b01
2014,huber,ni_ivol,-2.6579946279525757e-06,20261005-010838-8084b01
2014,huber,earnings_variability,1.559033989906311e-06,20261005-010838-8084b01
2014,huber,aliq_at,4.172325134277344e-06,20261005-010838-8084b01
2014,huber,aliq_mat,3.848224878311157e-05,20261005-010838-8084b01
2014,huber,seas_1_1an,-4.075467586517334e-06,20261005-010838-8084b01
2014,huber,seas_1_1na,2.714991569519043e-05,20261005-010838-8084b01
2014,huber,seas_2_5an,1.825392246246338e-05,20261005-010838-8084b01
2014,huber,seas_2_5na,1.9066035747528076e-05,20261005-010838-8084b01
2014,huber,seas_6_10an,1.3846904039382936e-05,20261005-010838-8084b01
2014,huber,seas_6_10na,2.251937985420227e-06,20261005-010838-8084b01
2014,huber,seas_11_15an,3.166496753692627e-06,20261005-010838-8084b01
2014,huber,seas_11_15na,2.980232238769531e-07,20261005-010838-8084b01
2014,huber,seas_16_20an,3.620982170104981e-06,20261005-010838-8084b01
2014,huber,seas_16_20na,-1.862645149230957e-08,20261005-010838-8084b01
2014,huber,market_equity,-9.842216968536375e-06,20261005-010838-8084b01
2014,huber,ivol_ff3_21d,3.724917769432068e-05,20261005-010838-8084b01
2014,huber,ivol_capm_252d,1.002475619316101e-05,20261005-010838-8084b01
2014,huber,ivol_capm_21d,0.0001375824213027,20261005-010838-8084b01
2014,huber,ivol_hxz4_21d,9.26963984966278e-05,20261005-010838-8084b01
2014,huber,rvol_21d,-4.628673195838928e-06,20261005-010838-8084b01
2014,huber,beta_60m,-8.77678394317627e-06,20261005-010838-8084b01
2014,huber,betabab_1260d,-1.228228211402893e-05,20261005-010838-8084b01
2014,huber,beta_dimson_21d,-2.1439045667648315e-06,20261005-010838-8084b01
2014,huber,turnover_126d,7.205083966255188e-05,20261005-010838-8084b01
2014,huber,turnover_var_126d,4.090741276741028e-05,20261005-010838-8084b01
2014,huber,dolvol_126d,8.36886465549469e-06,20261005-010838-8084b01
2014,huber,dolvol_var_126d,0.0001070778816938,20261005-010838-8084b01
2014,huber,prc,-1.3165175914764404e-05,20261005-010838-8084b01
2014,huber,ami_126d,-4.507601261138916e-06,20261005-010838-8084b01
2014,huber,zero_trades_21d,0.0003106221556663,20261005-010838-8084b01
2014,huber,zero_trades_126d,7.615610957145691e-05,20261005-010838-8084b01
2014,huber,zero_trades_252d,3.0023977160453796e-05,20261005-010838-8084b01
2014,huber,rmax1_21d,8.266419172286987e-06,20261005-010838-8084b01
2014,huber,rskew_21d,-1.1455267667770386e-06,20261005-010838-8084b01
2014,huber,iskew_capm_21d,2.294778823852539e-06,20261005-010838-8084b01
2014,huber,iskew_ff3_21d,4.893168807029724e-06,20261005-010838-8084b01
2014,huber,iskew_hxz4_21d,2.132728695869446e-06,20261005-010838-8084b01
2014,huber,coskew_21d,6.817281246185303e-07,20261005-010838-8084b01
2014,huber,ret_1_0,-1.2647360563278198e-05,20261005-010838-8084b01
2014,huber,betadown_252d,-4.861503839492798e-07,20261005-010838-8084b01
2014,huber,bidaskhl_21d,-5.725771188735962e-06,20261005-010838-8084b01
2014,huber,ret_3_1,8.549541234970093e-06,20261005-010838-8084b01
2014,huber,ret_9_1,3.509223461151123e-06,20261005-010838-8084b01
2014,huber,ret_12_7,-2.4605542421340942e-06,20261005-010838-8084b01
2014,huber,corr_1260d,1.2293457984924316e-06,20261005-010838-8084b01
2014,huber,rmax5_21d,-4.099681973457336e-06,20261005-010838-8084b01
2014,huber,rmax5_rvol_21d,6.925314664840698e-06,20261005-010838-8084b01
2014,huber,ni_be,6.5267086029052734e-06,20261005-010838-8084b01
2014,huber,ocf_at,5.29363751411438e-06,20261005-010838-8084b01
2014,huber,ocf_at_chg1,-6.109476089477539e-07,20261005-010838-8084b01
2014,huber,mispricing_perf,-7.82310962677002e-08,20261005-010838-8084b01
2014,huber,mispricing_mgmt,1.3522803783416748e-06,20261005-010838-8084b01
2014,huber,qmj,-7.189810276031494e-07,20261005-010838-8084b01
2014,huber,qmj_prof,1.2720003724098206e-05,20261005-010838-8084b01
2014,huber,qmj_growth,1.00061297416687e-05,20261005-010838-8084b01
2014,huber,qmj_safety,4.561617970466614e-06,20261005-010838-8084b01
2014,gbrt,niq_su,0.0,20261005-010838-8084b01
2014,gbrt,ret_6_1,2.808868885040283e-06,20261005-010838-8084b01
2014,gbrt,ret_12_1,2.7175992727279663e-06,20261005-010838-8084b01
2014,gbrt,saleq_su,0.0,20261005-010838-8084b01
2014,gbrt,tax_gr1a,0.0,20261005-010838-8084b01
2014,gbrt,ni_inc8q,0.0,20261005-010838-8084b01
2014,gbrt,prc_highprc_252d,5.297362804412842e-06,20261005-010838-8084b01
2014,gbrt,resff3_6_1,0.0,20261005-010838-8084b01
2014,gbrt,resff3_12_1,-5.912035703659058e-06,20261005-010838-8084b01
2014,gbrt,be_me,-8.005648851394653e-06,20261005-010838-8084b01
2014,gbrt,debt_me,0.0,20261005-010838-8084b01
2014,gbrt,at_me,0.0,20261005-010838-8084b01
2014,gbrt,ret_60_12,0.0,20261005-010838-8084b01
2014,gbrt,ni_me,1.4901161193847656e-07,20261005-010838-8084b01
2014,gbrt,fcf_me,0.0,20261005-010838-8084b01
2014,gbrt,div12m_me,2.7045607566833496e-06,20261005-010838-8084b01
2014,gbrt,eqpo_me,-1.1529773473739624e-06,20261005-010838-8084b01
2014,gbrt,eqnpo_me,0.0,20261005-010838-8084b01
2014,gbrt,sale_gr3,0.0,20261005-010838-8084b01
2014,gbrt,sale_gr1,0.0,20261005-010838-8084b01
2014,gbrt,ebitda_mev,1.2349337339401243e-06,20261005-010838-8084b01
2014,gbrt,sale_me,0.0,20261005-010838-8084b01
2014,gbrt,ocf_me,-3.993511199951172e-06,20261005-010838-8084b01
2014,gbrt,ival_me,0.0,20261005-010838-8084b01
2014,gbrt,bev_mev,5.159527063369751e-06,20261005-010838-8084b01
2014,gbrt,netdebt_me,-4.0084123611450195e-06,20261005-010838-8084b01
2014,gbrt,eq_dur,1.0244548320770265e-07,20261005-010838-8084b01
2014,gbrt,capex_abn,0.0,20261005-010838-8084b01
2014,gbrt,at_gr1,0.0,20261005-010838-8084b01
2014,gbrt,ppeinv_gr1a,9.704381227493286e-07,20261005-010838-8084b01
2014,gbrt,noa_at,2.089887857437134e-06,20261005-010838-8084b01
2014,gbrt,noa_gr1a,-3.2223761081695557e-07,20261005-010838-8084b01
2014,gbrt,lnoa_gr1a,0.0,20261005-010838-8084b01
2014,gbrt,capx_gr1,0.0,20261005-010838-8084b01
2014,gbrt,capx_gr2,0.0,20261005-010838-8084b01
2014,gbrt,capx_gr3,0.0,20261005-010838-8084b01
2014,gbrt,chcsho_12m,8.72090458869934e-06,20261005-010838-8084b01
2014,gbrt,eqnpo_12m,1.3802200555801392e-06,20261005-010838-8084b01
2014,gbrt,debt_gr3,0.0,20261005-010838-8084b01
2014,gbrt,inv_gr1,0.0,20261005-010838-8084b01
2014,gbrt,inv_gr1a,0.0,20261005-010838-8084b01
2014,gbrt,oaccruals_at,0.0,20261005-010838-8084b01
2014,gbrt,taccruals_at,0.0,20261005-010838-8084b01
2014,gbrt,cowc_gr1a,0.0,20261005-010838-8084b01
2014,gbrt,coa_gr1a,0.0,20261005-010838-8084b01
2014,gbrt,col_gr1a,0.0,20261005-010838-8084b01
2014,gbrt,nncoa_gr1a,0.0,20261005-010838-8084b01
2014,gbrt,ncoa_gr1a,0.0,20261005-010838-8084b01
2014,gbrt,ncol_gr1a,0.0,20261005-010838-8084b01
2014,gbrt,nfna_gr1a,0.0,20261005-010838-8084b01
2014,gbrt,sti_gr1a,0.0,20261005-010838-8084b01
2014,gbrt,lti_gr1a,8.940696716308596e-08,20261005-010838-8084b01
2014,gbrt,fnl_gr1a,0.0,20261005-010838-8084b01
2014,gbrt,be_gr1a,0.0,20261005-010838-8084b01
2014,gbrt,oaccruals_ni,0.0,20261005-010838-8084b01
2014,gbrt,taccruals_ni,0.0,20261005-010838-8084b01
2014,gbrt,netis_at,-4.842877388000488e-07,20261005-010838-8084b01
2014,gbrt,eqnetis_at,0.0,20261005-010838-8084b01
2014,gbrt,dbnetis_at,0.0,20261005-010838-8084b01
2014,gbrt,niq_be,1.0933727025985718e-06,20261005-010838-8084b01
2014,gbrt,niq_be_chg1,8.624047040939331e-07,20261005-010838-8084b01
2014,gbrt,niq_at,4.675239324569702e-07,20261005-010838-8084b01
2014,gbrt,niq_at_chg1,0.0,20261005-010838-8084b01
2014,gbrt,ebit_bev,0.0,20261005-010838-8084b01
2014,gbrt,ebit_sale,0.0,20261005-010838-8084b01
2014,gbrt,sale_bev,0.0,20261005-010838-8084b01
2014,gbrt,at_turnover,0.0,20261005-010838-8084b01
2014,gbrt,gp_at,0.0,20261005-010838-8084b01
2014,gbrt,gp_atl1,0.0,20261005-010838-8084b01
2014,gbrt,ope_be,0.0,20261005-010838-8084b01
2014,gbrt,ope_bel1,0.0,20261005-010838-8084b01
2014,gbrt,op_at,1.2479722499847412e-07,20261005-010838-8084b01
2014,gbrt,op_atl1,4.079192876815796e-07,20261005-010838-8084b01
2014,gbrt,cop_at,1.5273690223693848e-06,20261005-010838-8084b01
2014,gbrt,cop_atl1,0.0,20261005-010838-8084b01
2014,gbrt,f_score,0.0,20261005-010838-8084b01
2014,gbrt,o_score,0.0,20261005-010838-8084b01
2014,gbrt,z_score,0.0,20261005-010838-8084b01
2014,gbrt,pi_nix,0.0,20261005-010838-8084b01
2014,gbrt,at_be,0.0,20261005-010838-8084b01
2014,gbrt,saleq_gr1,0.0,20261005-010838-8084b01
2014,gbrt,rd_me,1.687556505203247e-06,20261005-010838-8084b01
2014,gbrt,rd_sale,0.0,20261005-010838-8084b01
2014,gbrt,opex_at,0.0,20261005-010838-8084b01
2014,gbrt,emp_gr1,0.0,20261005-010838-8084b01
2014,gbrt,rd5_at,-3.3061951398849487e-06,20261005-010838-8084b01
2014,gbrt,age,1.5087425708770752e-07,20261005-010838-8084b01
2014,gbrt,dsale_dinv,0.0,20261005-010838-8084b01
2014,gbrt,dsale_drec,0.0,20261005-010838-8084b01
2014,gbrt,dgp_dsale,0.0,20261005-010838-8084b01
2014,gbrt,dsale_dsga,0.0,20261005-010838-8084b01
2014,gbrt,sale_emp_gr1,0.0,20261005-010838-8084b01
2014,gbrt,tangibility,7.133930921554565e-07,20261005-010838-8084b01
2014,gbrt,kz_index,0.0,20261005-010838-8084b01
2014,gbrt,ocfq_saleq_std,0.0,20261005-010838-8084b01
2014,gbrt,cash_at,0.0,20261005-010838-8084b01
2014,gbrt,ni_ar1,0.0,20261005-010838-8084b01
2014,gbrt,ni_ivol,0.0,20261005-010838-8084b01
2014,gbrt,earnings_variability,0.0,20261005-010838-8084b01
2014,gbrt,aliq_at,0.0,20261005-010838-8084b01
2014,gbrt,aliq_mat,0.0,20261005-010838-8084b01
2014,gbrt,seas_1_1an,-3.1851232051849365e-07,20261005-010838-8084b01
2014,gbrt,seas_1_1na,-2.2388994693756104e-06,20261005-010838-8084b01
2014,gbrt,seas_2_5an,5.623325705528259e-06,20261005-010838-8084b01
2014,gbrt,seas_2_5na,0.0,20261005-010838-8084b01
2014,gbrt,seas_6_10an,0.0,20261005-010838-8084b01
2014,gbrt,seas_6_10na,0.0,20261005-010838-8084b01
2014,gbrt,seas_11_15an,0.0,20261005-010838-8084b01
2014,gbrt,seas_11_15na,0.0,20261005-010838-8084b01
2014,gbrt,seas_16_20an,0.0,20261005-010838-8084b01
2014,gbrt,seas_16_20na,0.0,20261005-010838-8084b01
2014,gbrt,market_equity,-6.3497573137283325e-06,20261005-010838-8084b01
2014,gbrt,ivol_ff3_21d,0.0,20261005-010838-8084b01
2014,gbrt,ivol_capm_252d,0.0,20261005-010838-8084b01
2014,gbrt,ivol_capm_21d,0.0,20261005-010838-8084b01
2014,gbrt,ivol_hxz4_21d,2.4337321519851685e-05,20261005-010838-8084b01
2014,gbrt,rvol_21d,1.4472752809524536e-06,20261005-010838-8084b01
2014,gbrt,beta_60m,0.0,20261005-010838-8084b01
2014,gbrt,betabab_1260d,0.0,20261005-010838-8084b01
2014,gbrt,beta_dimson_21d,0.0,20261005-010838-8084b01
2014,gbrt,turnover_126d,8.808448910713196e-06,20261005-010838-8084b01
2014,gbrt,turnover_var_126d,-2.0302832126617434e-07,20261005-010838-8084b01
2014,gbrt,dolvol_126d,-3.622844815254211e-06,20261005-010838-8084b01
2014,gbrt,dolvol_var_126d,0.0,20261005-010838-8084b01
2014,gbrt,prc,-1.453980803489685e-05,20261005-010838-8084b01
2014,gbrt,ami_126d,-4.246830940246582e-07,20261005-010838-8084b01
2014,gbrt,zero_trades_21d,3.607943654060364e-06,20261005-010838-8084b01
2014,gbrt,zero_trades_126d,1.475214958190918e-06,20261005-010838-8084b01
2014,gbrt,zero_trades_252d,3.475695848464966e-06,20261005-010838-8084b01
2014,gbrt,rmax1_21d,5.569308996200562e-07,20261005-010838-8084b01
2014,gbrt,rskew_21d,0.0,20261005-010838-8084b01
2014,gbrt,iskew_capm_21d,0.0,20261005-010838-8084b01
2014,gbrt,iskew_ff3_21d,0.0,20261005-010838-8084b01
2014,gbrt,iskew_hxz4_21d,8.922070264816284e-07,20261005-010838-8084b01
2014,gbrt,coskew_21d,0.0,20261005-010838-8084b01
2014,gbrt,ret_1_0,-2.987310290336609e-05,20261005-010838-8084b01
2014,gbrt,betadown_252d,0.0,20261005-010838-8084b01
2014,gbrt,bidaskhl_21d,-1.8458813428878784e-06,20261005-010838-8084b01
2014,gbrt,ret_3_1,-1.0710209608078005e-06,20261005-010838-8084b01
2014,gbrt,ret_9_1,1.0039657354354858e-06,20261005-010838-8084b01
2014,gbrt,ret_12_7,-2.1047890186309817e-07,20261005-010838-8084b01
2014,gbrt,corr_1260d,0.0,20261005-010838-8084b01
2014,gbrt,rmax5_21d,1.0404735803604126e-05,20261005-010838-8084b01
2014,gbrt,rmax5_rvol_21d,6.146728992462158e-08,20261005-010838-8084b01
2014,gbrt,ni_be,0.0,20261005-010838-8084b01
2014,gbrt,ocf_at,0.0,20261005-010838-8084b01
2014,gbrt,ocf_at_chg1,0.0,20261005-010838-8084b01
2014,gbrt,mispricing_perf,2.4586915969848633e-06,20261005-010838-8084b01
2014,gbrt,mispricing_mgmt,3.810971975326538e-06,20261005-010838-8084b01
2014,gbrt,qmj,0.0,20261005-010838-8084b01
2014,gbrt,qmj_prof,-1.0989606380462646e-07,20261005-010838-8084b01
2014,gbrt,qmj_growth,0.0,20261005-010838-8084b01
2014,gbrt,qmj_safety,0.0,20261005-010838-8084b01
2016,huber,niq_su,-1.2889504432678225e-06,20261005-010838-8084b01
2016,huber,ret_6_1,-5.54695725440979e-06,20261005-010838-8084b01
2016,huber,ret_12_1,-2.378225326538086e-05,20261005-010838-8084b01
2016,huber,saleq_su,-1.7061829566955566e-06,20261005-010838-8084b01
2016,huber,tax_gr1a,1.814216375350952e-06,20261005-010838-8084b01
2016,huber,ni_inc8q,5.960464477539065e-08,20261005-010838-8084b01
2016,huber,prc_highprc_252d,3.691017627716065e-05,20261005-010838-8084b01
2016,huber,resff3_6_1,8.787959814071655e-06,20261005-010838-8084b01
2016,huber,resff3_12_1,-2.4281442165374756e-05,20261005-010838-8084b01
2016,huber,be_me,7.600709795951843e-05,20261005-010838-8084b01
2016,huber,debt_me,-9.80868935585022e-06,20261005-010838-8084b01
2016,huber,at_me,6.803125143051147e-05,20261005-010838-8084b01
2016,huber,ret_60_12,1.0337680578231812e-05,20261005-010838-8084b01
2016,huber,ni_me,-3.46451997756958e-07,20261005-010838-8084b01
2016,huber,fcf_me,1.344829797744751e-06,20261005-010838-8084b01
2016,huber,div12m_me,3.5688281059265137e-06,20261005-010838-8084b01
2016,huber,eqpo_me,-4.231929779052734e-06,20261005-010838-8084b01
2016,huber,eqnpo_me,4.351139068603516e-06,20261005-010838-8084b01
2016,huber,sale_gr3,-5.9194862842559814e-06,20261005-010838-8084b01
2016,huber,sale_gr1,1.0598450899124146e-05,20261005-010838-8084b01
2016,huber,ebitda_mev,-6.861984729766846e-06,20261005-010838-8084b01
2016,huber,sale_me,3.742426633834839e-05,20261005-010838-8084b01
2016,huber,ocf_me,2.109631896018982e-05,20261005-010838-8084b01
2016,huber,ival_me,-7.450580596923828e-09,20261005-010838-8084b01
2016,huber,bev_mev,4.040077328681946e-05,20261005-010838-8084b01
2016,huber,netdebt_me,-1.9107013940811157e-05,20261005-010838-8084b01
2016,huber,eq_dur,5.271285772323608e-06,20261005-010838-8084b01
2016,huber,capex_abn,4.842877388000488e-08,20261005-010838-8084b01
2016,huber,at_gr1,-1.6689300537109375e-06,20261005-010838-8084b01
2016,huber,ppeinv_gr1a,-1.7136335372924805e-07,20261005-010838-8084b01
2016,huber,noa_at,-1.7605721950531006e-05,20261005-010838-8084b01
2016,huber,noa_gr1a,-1.944601535797119e-06,20261005-010838-8084b01
2016,huber,lnoa_gr1a,1.4230608940124512e-06,20261005-010838-8084b01
2016,huber,capx_gr1,5.759298801422119e-06,20261005-010838-8084b01
2016,huber,capx_gr2,4.805624485015869e-06,20261005-010838-8084b01
2016,huber,capx_gr3,-9.424984455108644e-07,20261005-010838-8084b01
2016,huber,chcsho_12m,1.1228024959564207e-05,20261005-010838-8084b01
2016,huber,eqnpo_12m,-5.017966032028198e-06,20261005-010838-8084b01
2016,huber,debt_gr3,-2.045184373855591e-06,20261005-010838-8084b01
2016,huber,inv_gr1,-4.172325134277344e-07,20261005-010838-8084b01
2016,huber,inv_gr1a,3.781169652938843e-06,20261005-010838-8084b01
2016,huber,oaccruals_at,1.4901161193847656e-08,20261005-010838-8084b01
2016,huber,taccruals_at,1.471489667892456e-06,20261005-010838-8084b01
2016,huber,cowc_gr1a,1.0058283805847169e-07,20261005-010838-8084b01
2016,huber,coa_gr1a,6.154179573059082e-06,20261005-010838-8084b01
2016,huber,col_gr1a,-3.259629011154175e-06,20261005-010838-8084b01
2016,huber,nncoa_gr1a,-7.152557373046875e-07,20261005-010838-8084b01
2016,huber,ncoa_gr1a,2.857297658920288e-06,20261005-010838-8084b01
2016,huber,ncol_gr1a,3.0174851417541504e-07,20261005-010838-8084b01
2016,huber,nfna_gr1a,-5.140900611877441e-07,20261005-010838-8084b01
2016,huber,sti_gr1a,2.2426247596740723e-06,20261005-010838-8084b01
2016,huber,lti_gr1a,-5.960464477539062e-07,20261005-010838-8084b01
2016,huber,fnl_gr1a,1.564621925354004e-07,20261005-010838-8084b01
2016,huber,be_gr1a,1.94646418094635e-05,20261005-010838-8084b01
2016,huber,oaccruals_ni,3.0063092708587646e-06,20261005-010838-8084b01
2016,huber,taccruals_ni,-6.329268217086792e-06,20261005-010838-8084b01
2016,huber,netis_at,2.3096799850463867e-06,20261005-010838-8084b01
2016,huber,eqnetis_at,2.6337802410125732e-06,20261005-010838-8084b01
2016,huber,dbnetis_at,-1.5273690223693848e-06,20261005-010838-8084b01
2016,huber,niq_be,3.945082426071167e-06,20261005-010838-8084b01
2016,huber,niq_be_chg1,-8.195638656616212e-08,20261005-010838-8084b01
2016,huber,niq_at,1.2230128049850464e-05,20261005-010838-8084b01
2016,huber,niq_at_chg1,-1.8700957298278809e-06,20261005-010838-8084b01
2016,huber,ebit_bev,1.9069761037826535e-05,20261005-010838-8084b01
2016,huber,ebit_sale,6.109476089477539e-06,20261005-010838-8084b01
2016,huber,sale_bev,1.7508864402771e-07,20261005-010838-8084b01
2016,huber,at_turnover,4.149973392486572e-06,20261005-010838-8084b01
2016,huber,gp_at,-3.8817524909973145e-06,20261005-010838-8084b01
2016,huber,gp_atl1,1.1142343282699583e-05,20261005-010838-8084b01
2016,huber,ope_be,-9.648501873016355e-07,20261005-010838-8084b01
2016,huber,ope_bel1,1.6763806343078613e-07,20261005-010838-8084b01
2016,huber,op_at,1.00061297416687e-05,20261005-010838-8084b01
2016,huber,op_atl1,1.0170042514801024e-05,20261005-010838-8084b01
2016,huber,cop_at,3.416091203689575e-06,20261005-010838-8084b01
2016,huber,cop_atl1,2.808868885040283e-06,20261005-010838-8084b01
2016,huber,f_score,3.751367330551147e-06,20261005-010838-8084b01
2016,huber,o_score,9.942799806594849e-06,20261005-010838-8084b01
2016,huber,z_score,2.037733793258667e-06,20261005-010838-8084b01
2016,huber,pi_nix,4.209578037261963e-07,20261005-010838-8084b01
2016,huber,at_be,2.2351741790771484e-06,20261005-010838-8084b01
2016,huber,saleq_gr1,-1.6354024410247803e-05,20261005-010838-8084b01
2016,huber,rd_me,-1.4040619134902954e-05,20261005-010838-8084b01
2016,huber,rd_sale,2.3543834686279297e-06,20261005-010838-8084b01
2016,huber,opex_at,1.0021030902862549e-06,20261005-010838-8084b01
2016,huber,emp_gr1,-5.0924718379974365e-06,20261005-010838-8084b01
2016,huber,rd5_at,2.8349459171295166e-06,20261005-010838-8084b01
2016,huber,age,4.991888999938965e-07,20261005-010838-8084b01
2016,huber,dsale_dinv,1.1920928955078125e-07,20261005-010838-8084b01
2016,huber,dsale_drec,7.972121238708496e-07,20261005-010838-8084b01
2016,huber,dgp_dsale,-5.46872615814209e-06,20261005-010838-8084b01
2016,huber,dsale_dsga,-1.959502696990967e-06,20261005-010838-8084b01
2016,huber,sale_emp_gr1,1.1920928955078125e-07,20261005-010838-8084b01
2016,huber,tangibility,-1.903623342514038e-06,20261005-010838-8084b01
2016,huber,kz_index,-3.688037395477295e-07,20261005-010838-8084b01
2016,huber,ocfq_saleq_std,2.868473529815674e-07,20261005-010838-8084b01
2016,huber,cash_at,-1.5731900930404663e-05,20261005-010838-8084b01
2016,huber,ni_ar1,-4.842877388000488e-08,20261005-010838-8084b01
2016,huber,ni_ivol,-2.0526349544525142e-06,20261005-010838-8084b01
2016,huber,earnings_variability,-6.146728992462158e-07,20261005-010838-8084b01
2016,huber,aliq_at,-4.08664345741272e-06,20261005-010838-8084b01
2016,huber,aliq_mat,-1.1943280696868896e-05,20261005-010838-8084b01
2016,huber,seas_1_1an,-3.576278686523438e-07,20261005-010838-8084b01
2016,huber,seas_1_1na,9.541958570480348e-05,20261005-010838-8084b01
2016,huber,seas_2_5an,-1.5210360288619997e-05,20261005-010838-8084b01
2016,huber,seas_2_5na,-1.0058283805847169e-07,20261005-010838-8084b01
2016,huber,seas_6_10an,7.62939453125e-06,20261005-010838-8084b01
2016,huber,seas_6_10na,-3.501772880554199e-07,20261005-010838-8084b01
2016,huber,seas_11_15an,-3.3229589462280273e-06,20261005-010838-8084b01
2016,huber,seas_11_15na,-2.507120370864868e-06,20261005-010838-8084b01
2016,huber,seas_16_20an,2.4586915969848633e-07,20261005-010838-8084b01
2016,huber,seas_16_20na,3.390014171600342e-07,20261005-010838-8084b01
2016,huber,market_equity,-7.078051567077637e-07,20261005-010838-8084b01
2016,huber,ivol_ff3_21d,9.205564856529236e-05,20261005-010838-8084b01
2016,huber,ivol_capm_252d,1.214444637298584e-06,20261005-010838-8084b01
2016,huber,ivol_capm_21d,6.160140037536621e-05,20261005-010838-8084b01
2016,huber,ivol_hxz4_21d,3.781169652938843e-05,20261005-010838-8084b01
2016,huber,rvol_21d,8.918344974517822e-06,20261005-010838-8084b01
2016,huber,beta_60m,1.434236764907837e-06,20261005-010838-8084b01
2016,huber,betabab_1260d,1.0713934898376465e-05,20261005-010838-8084b01
2016,huber,beta_dimson_21d,2.1457672119140625e-06,20261005-010838-8084b01
2016,huber,turnover_126d,5.9723854064941406e-05,20261005-010838-8084b01
2016,huber,turnover_var_126d,2.683699131011963e-05,20261005-010838-8084b01
2016,huber,dolvol_126d,2.0265579223632812e-06,20261005-010838-8084b01
2016,huber,dolvol_var_126d,9.706243872642516e-05,20261005-010838-8084b01
2016,huber,prc,4.2282044887542725e-06,20261005-010838-8084b01
2016,huber,ami_126d,3.0174851417541504e-07,20261005-010838-8084b01
2016,huber,zero_trades_21d,0.0002771541476249,20261005-010838-8084b01
2016,huber,zero_trades_126d,8.140876889228821e-05,20261005-010838-8084b01
2016,huber,zero_trades_252d,3.544241189956665e-05,20261005-010838-8084b01
2016,huber,rmax1_21d,-8.09505581855774e-06,20261005-010838-8084b01
2016,huber,rskew_21d,1.2665987014770508e-07,20261005-010838-8084b01
2016,huber,iskew_capm_21d,1.7695128917694092e-06,20261005-010838-8084b01
2016,huber,iskew_ff3_21d,3.4011900424957275e-06,20261005-010838-8084b01
2016,huber,iskew_hxz4_21d,1.7434358596801758e-06,20261005-010838-8084b01
2016,huber,coskew_21d,-8.381903171539307e-07,20261005-010838-8084b01
2016,huber,ret_1_0,3.2410025596618652e-06,20261005-010838-8084b01
2016,huber,betadown_252d,3.241002559661865e-07,20261005-010838-8084b01
2016,huber,bidaskhl_21d,2.4177134037017822e-06,20261005-010838-8084b01
2016,huber,ret_3_1,2.524629235267639e-05,20261005-010838-8084b01
2016,huber,ret_9_1,-1.9956380128860474e-05,20261005-010838-8084b01
2016,huber,ret_12_7,-1.667812466621399e-05,20261005-010838-8084b01
2016,huber,corr_1260d,-1.9334256649017334e-06,20261005-010838-8084b01
2016,huber,rmax5_21d,1.4547258615493774e-05,20261005-010838-8084b01
2016,huber,rmax5_rvol_21d,-1.1574476957321169e-05,20261005-010838-8084b01
2016,huber,ni_be,4.92483377456665e-06,20261005-010838-8084b01
2016,huber,ocf_at,-7.20098614692688e-06,20261005-010838-8084b01
2016,huber,ocf_at_chg1,1.2330710887908936e-06,20261005-010838-8084b01
2016,huber,mispricing_perf,-4.023313522338867e-07,20261005-010838-8084b01
2016,huber,mispricing_mgmt,-1.4081597328186035e-06,20261005-010838-8084b01
2016,huber,qmj,2.3059546947479248e-05,20261005-010838-8084b01
2016,huber,qmj_prof,3.688037395477295e-06,20261005-010838-8084b01
2016,huber,qmj_growth,-1.0229647159576416e-05,20261005-010838-8084b01
2016,huber,qmj_safety,-9.797513484954834e-07,20261005-010838-8084b01
2016,gbrt,niq_su,0.0,20261005-010838-8084b01
2016,gbrt,ret_6_1,-3.080815076828003e-06,20261005-010838-8084b01
2016,gbrt,ret_12_1,-1.3940036296844482e-05,20261005-010838-8084b01
2016,gbrt,saleq_su,0.0,20261005-010838-8084b01
2016,gbrt,tax_gr1a,0.0,20261005-010838-8084b01
2016,gbrt,ni_inc8q,0.0,20261005-010838-8084b01
2016,gbrt,prc_highprc_252d,1.7471611499786377e-06,20261005-010838-8084b01
2016,gbrt,resff3_6_1,1.0058283805847169e-07,20261005-010838-8084b01
2016,gbrt,resff3_12_1,-4.0531158447265625e-06,20261005-010838-8084b01
2016,gbrt,be_me,4.954636096954346e-05,20261005-010838-8084b01
2016,gbrt,debt_me,0.0,20261005-010838-8084b01
2016,gbrt,at_me,1.4901161193847656e-08,20261005-010838-8084b01
2016,gbrt,ret_60_12,-4.4330954551696777e-07,20261005-010838-8084b01
2016,gbrt,ni_me,3.427267074584961e-07,20261005-010838-8084b01
2016,gbrt,fcf_me,0.0,20261005-010838-8084b01
2016,gbrt,div12m_me,2.0835548639297485e-05,20261005-010838-8084b01
2016,gbrt,eqpo_me,4.3958425521850586e-07,20261005-010838-8084b01
2016,gbrt,eqnpo_me,0.0,20261005-010838-8084b01
2016,gbrt,sale_gr3,0.0,20261005-010838-8084b01
2016,gbrt,sale_gr1,7.264316082000732e-07,20261005-010838-8084b01
2016,gbrt,ebitda_mev,1.1492520570755003e-05,20261005-010838-8084b01
2016,gbrt,sale_me,5.289912223815918e-07,20261005-010838-8084b01
2016,gbrt,ocf_me,1.33514404296875e-05,20261005-010838-8084b01
2016,gbrt,ival_me,0.0,20261005-010838-8084b01
2016,gbrt,bev_mev,-3.3229589462280273e-06,20261005-010838-8084b01
2016,gbrt,netdebt_me,-2.689659595489502e-06,20261005-010838-8084b01
2016,gbrt,eq_dur,3.613531589508057e-07,20261005-010838-8084b01
2016,gbrt,capex_abn,0.0,20261005-010838-8084b01
2016,gbrt,at_gr1,0.0,20261005-010838-8084b01
2016,gbrt,ppeinv_gr1a,5.736947059631348e-07,20261005-010838-8084b01
2016,gbrt,noa_at,-5.148351192474365e-06,20261005-010838-8084b01
2016,gbrt,noa_gr1a,1.1399388313293457e-06,20261005-010838-8084b01
2016,gbrt,lnoa_gr1a,0.0,20261005-010838-8084b01
2016,gbrt,capx_gr1,5.5879354476928724e-08,20261005-010838-8084b01
2016,gbrt,capx_gr2,0.0,20261005-010838-8084b01
2016,gbrt,capx_gr3,0.0,20261005-010838-8084b01
2016,gbrt,chcsho_12m,7.450580596923828e-07,20261005-010838-8084b01
2016,gbrt,eqnpo_12m,-1.3288110494613647e-05,20261005-010838-8084b01
2016,gbrt,debt_gr3,0.0,20261005-010838-8084b01
2016,gbrt,inv_gr1,0.0,20261005-010838-8084b01
2016,gbrt,inv_gr1a,-3.278255462646485e-07,20261005-010838-8084b01
2016,gbrt,oaccruals_at,0.0,20261005-010838-8084b01
2016,gbrt,taccruals_at,0.0,20261005-010838-8084b01
2016,gbrt,cowc_gr1a,-2.011656761169434e-07,20261005-010838-8084b01
2016,gbrt,coa_gr1a,0.0,20261005-010838-8084b01
2016,gbrt,col_gr1a,0.0,20261005-010838-8084b01
2016,gbrt,nncoa_gr1a,1.1585652828216553e-06,20261005-010838-8084b01
2016,gbrt,ncoa_gr1a,0.0,20261005-010838-8084b01
2016,gbrt,ncol_gr1a,0.0,20261005-010838-8084b01
2016,gbrt,nfna_gr1a,0.0,20261005-010838-8084b01
2016,gbrt,sti_gr1a,-7.692724466323853e-06,20261005-010838-8084b01
2016,gbrt,lti_gr1a,3.688037395477295e-07,20261005-010838-8084b01
2016,gbrt,fnl_gr1a,3.576278686523438e-07,20261005-010838-8084b01
2016,gbrt,be_gr1a,0.0,20261005-010838-8084b01
2016,gbrt,oaccruals_ni,0.0,20261005-010838-8084b01
2016,gbrt,taccruals_ni,0.0,20261005-010838-8084b01
2016,gbrt,netis_at,3.5874545574188232e-06,20261005-010838-8084b01
2016,gbrt,eqnetis_at,7.189810276031494e-07,20261005-010838-8084b01
2016,gbrt,dbnetis_at,0.0,20261005-010838-8084b01
2016,gbrt,niq_be,5.088746547698975e-06,20261005-010838-8084b01
2016,gbrt,niq_be_chg1,0.0,20261005-010838-8084b01
2016,gbrt,niq_at,1.0091811418533324e-05,20261005-010838-8084b01
2016,gbrt,niq_at_chg1,-1.9222497940063477e-06,20261005-010838-8084b01
2016,gbrt,ebit_bev,0.0,20261005-010838-8084b01
2016,gbrt,ebit_sale,0.0,20261005-010838-8084b01
2016,gbrt,sale_bev,0.0,20261005-010838-8084b01
2016,gbrt,at_turnover,0.0,20261005-010838-8084b01
2016,gbrt,gp_at,1.0058283805847169e-07,20261005-010838-8084b01
2016,gbrt,gp_atl1,0.0,20261005-010838-8084b01
2016,gbrt,ope_be,6.258487701416016e-07,20261005-010838-8084b01
2016,gbrt,ope_bel1,-3.725290298461914e-08,20261005-010838-8084b01
2016,gbrt,op_at,8.009374141693115e-07,20261005-010838-8084b01
2016,gbrt,op_atl1,7.897615432739258e-07,20261005-010838-8084b01
2016,gbrt,cop_at,-2.384185791015625e-07,20261005-010838-8084b01
2016,gbrt,cop_atl1,4.246830940246582e-07,20261005-010838-8084b01
2016,gbrt,f_score,0.0,20261005-010838-8084b01
2016,gbrt,o_score,0.0,20261005-010838-8084b01
2016,gbrt,z_score,0.0,20261005-010838-8084b01
2016,gbrt,pi_nix,0.0,20261005-010838-8084b01
2016,gbrt,at_be,7.189810276031494e-07,20261005-010838-8084b01
2016,gbrt,saleq_gr1,-2.5331974029541016e-07,20261005-010838-8084b01
2016,gbrt,rd_me,-1.877546310424805e-06,20261005-010838-8084b01
2016,gbrt,rd_sale,-2.235174179077149e-07,20261005-010838-8084b01
2016,gbrt,opex_at,0.0,20261005-010838-8084b01
2016,gbrt,emp_gr1,0.0,20261005-010838-8084b01
2016,gbrt,rd5_at,4.4703483581542975e-08,20261005-010838-8084b01
2016,gbrt,age,1.166015863418579e-06,20261005-010838-8084b01
2016,gbrt,dsale_dinv,0.0,20261005-010838-8084b01
2016,gbrt,dsale_drec,0.0,20261005-010838-8084b01
2016,gbrt,dgp_dsale,0.0,20261005-010838-8084b01
2016,gbrt,dsale_dsga,0.0,20261005-010838-8084b01
2016,gbrt,sale_emp_gr1,0.0,20261005-010838-8084b01
2016,gbrt,tangibility,0.0,20261005-010838-8084b01
2016,gbrt,kz_index,-2.011656761169434e-07,20261005-010838-8084b01
2016,gbrt,ocfq_saleq_std,0.0,20261005-010838-8084b01
2016,gbrt,cash_at,-2.4847686290740967e-06,20261005-010838-8084b01
2016,gbrt,ni_ar1,0.0,20261005-010838-8084b01
2016,gbrt,ni_ivol,0.0,20261005-010838-8084b01
2016,gbrt,earnings_variability,0.0,20261005-010838-8084b01
2016,gbrt,aliq_at,-8.568167686462402e-08,20261005-010838-8084b01
2016,gbrt,aliq_mat,0.0,20261005-010838-8084b01
2016,gbrt,seas_1_1an,2.942979335784912e-07,20261005-010838-8084b01
2016,gbrt,seas_1_1na,2.0079314708709717e-06,20261005-010838-8084b01
2016,gbrt,seas_2_5an,-7.499009370803833e-06,20261005-010838-8084b01
2016,gbrt,seas_2_5na,0.0,20261005-010838-8084b01
2016,gbrt,seas_6_10an,0.0,20261005-010838-8084b01
2016,gbrt,seas_6_10na,0.0,20261005-010838-8084b01
2016,gbrt,seas_11_15an,0.0,20261005-010838-8084b01
2016,gbrt,seas_11_15na,0.0,20261005-010838-8084b01
2016,gbrt,seas_16_20an,0.0,20261005-010838-8084b01
2016,gbrt,seas_16_20na,0.0,20261005-010838-8084b01
2016,gbrt,market_equity,2.037733793258667e-05,20261005-010838-8084b01
2016,gbrt,ivol_ff3_21d,2.950429916381836e-06,20261005-010838-8084b01
2016,gbrt,ivol_capm_252d,3.21120023727417e-06,20261005-010838-8084b01
2016,gbrt,ivol_capm_21d,3.948807716369629e-06,20261005-010838-8084b01
2016,gbrt,ivol_hxz4_21d,9.384006261825562e-06,20261005-010838-8084b01
2016,gbrt,rvol_21d,-6.07222318649292e-07,20261005-010838-8084b01
2016,gbrt,beta_60m,0.0,20261005-010838-8084b01
2016,gbrt,betabab_1260d,0.0,20261005-010838-8084b01
2016,gbrt,beta_dimson_21d,0.0,20261005-010838-8084b01
2016,gbrt,turnover_126d,1.4800578355789185e-05,20261005-010838-8084b01
2016,gbrt,turnover_var_126d,3.121793270111084e-06,20261005-010838-8084b01
2016,gbrt,dolvol_126d,5.9604644775390625e-06,20261005-010838-8084b01
2016,gbrt,dolvol_var_126d,1.825392246246338e-06,20261005-010838-8084b01
2016,gbrt,prc,2.011656761169434e-07,20261005-010838-8084b01
2016,gbrt,ami_126d,2.436339855194092e-06,20261005-010838-8084b01
2016,gbrt,zero_trades_21d,-2.7529895305633545e-06,20261005-010838-8084b01
2016,gbrt,zero_trades_126d,8.188188076019287e-06,20261005-010838-8084b01
2016,gbrt,zero_trades_252d,7.569789886474609e-06,20261005-010838-8084b01
2016,gbrt,rmax1_21d,-1.3187527656555176e-06,20261005-010838-8084b01
2016,gbrt,rskew_21d,0.0,20261005-010838-8084b01
2016,gbrt,iskew_capm_21d,0.0,20261005-010838-8084b01
2016,gbrt,iskew_ff3_21d,0.0,20261005-010838-8084b01
2016,gbrt,iskew_hxz4_21d,0.0,20261005-010838-8084b01
2016,gbrt,coskew_21d,0.0,20261005-010838-8084b01
2016,gbrt,ret_1_0,9.287148714065552e-06,20261005-010838-8084b01
2016,gbrt,betadown_252d,0.0,20261005-010838-8084b01
2016,gbrt,bidaskhl_21d,2.0638108253479004e-06,20261005-010838-8084b01
2016,gbrt,ret_3_1,3.948807716369629e-07,20261005-010838-8084b01
2016,gbrt,ret_9_1,-2.9169023036956787e-06,20261005-010838-8084b01
2016,gbrt,ret_12_7,7.115304470062256e-07,20261005-010838-8084b01
2016,gbrt,corr_1260d,0.0,20261005-010838-8084b01
2016,gbrt,rmax5_21d,5.852431058883667e-06,20261005-010838-8084b01
2016,gbrt,rmax5_rvol_21d,-5.252659320831299e-07,20261005-010838-8084b01
2016,gbrt,ni_be,0.0,20261005-010838-8084b01
2016,gbrt,ocf_at,1.7657876014709473e-06,20261005-010838-8084b01
2016,gbrt,ocf_at_chg1,0.0,20261005-010838-8084b01
2016,gbrt,mispricing_perf,6.042420864105225e-06,20261005-010838-8084b01
2016,gbrt,mispricing_mgmt,3.0919909477233887e-06,20261005-010838-8084b01
2016,gbrt,qmj,0.0,20261005-010838-8084b01
2016,gbrt,qmj_prof,-4.135072231292725e-07,20261005-010838-8084b01
2016,gbrt,qmj_growth,0.0,20261005-010838-8084b01
2016,gbrt,qmj_safety,-1.043081283569336e-06,20261005-010838-8084b01
2018,huber,niq_su,-5.345791578292847e-07,20261005-010838-8084b01
2018,huber,ret_6_1,9.385868906974792e-06,20261005-010838-8084b01
2018,huber,ret_12_1,1.9505620002746585e-05,20261005-010838-8084b01
2018,huber,saleq_su,-7.189810276031494e-07,20261005-010838-8084b01
2018,huber,tax_gr1a,1.3113021850585938e-06,20261005-010838-8084b01
2018,huber,ni_inc8q,-1.862645149230957e-09,20261005-010838-8084b01
2018,huber,prc_highprc_252d,0.0001245643943548,20261005-010838-8084b01
2018,huber,resff3_6_1,-1.9799917936325073e-06,20261005-010838-8084b01
2018,huber,resff3_12_1,-4.505738615989685e-06,20261005-010838-8084b01
2018,huber,be_me,-3.37306410074234e-05,20261005-010838-8084b01
2018,huber,debt_me,2.0051375031471252e-05,20261005-010838-8084b01
2018,huber,at_me,-3.8543716073036194e-05,20261005-010838-8084b01
2018,huber,ret_60_12,-1.8637627363204956e-05,20261005-010838-8084b01
2018,huber,ni_me,-5.422160029411316e-06,20261005-010838-8084b01
2018,huber,fcf_me,2.032145857810974e-06,20261005-010838-8084b01
2018,huber,div12m_me,2.5779008865356445e-06,20261005-010838-8084b01
2018,huber,eqpo_me,-5.178153514862061e-07,20261005-010838-8084b01
2018,huber,eqnpo_me,6.807968020439148e-06,20261005-010838-8084b01
2018,huber,sale_gr3,4.759058356285095e-06,20261005-010838-8084b01
2018,huber,sale_gr1,-4.842877388000488e-07,20261005-010838-8084b01
2018,huber,ebitda_mev,1.914799213409424e-06,20261005-010838-8084b01
2018,huber,sale_me,-1.3917684555053713e-05,20261005-010838-8084b01
2018,huber,ocf_me,4.388391971588135e-06,20261005-010838-8084b01
2018,huber,ival_me,-2.942979335784912e-07,20261005-010838-8084b01
2018,huber,bev_mev,-2.2677704691886905e-05,20261005-010838-8084b01
2018,huber,netdebt_me,1.7201527953147888e-05,20261005-010838-8084b01
2018,huber,eq_dur,-1.255422830581665e-06,20261005-010838-8084b01
2018,huber,capex_abn,4.749745130538941e-07,20261005-010838-8084b01
2018,huber,at_gr1,2.3245811462402344e-06,20261005-010838-8084b01
2018,huber,ppeinv_gr1a,-5.178153514862061e-07,20261005-010838-8084b01
2018,huber,noa_at,5.736947059631348e-06,20261005-010838-8084b01
2018,huber,noa_gr1a,2.812594175338745e-06,20261005-010838-8084b01
2018,huber,lnoa_gr1a,-9.462237358093262e-07,20261005-010838-8084b01
2018,huber,capx_gr1,1.9371509552001953e-07,20261005-010838-8084b01
2018,huber,capx_gr2,-1.169741153717041e-06,20261005-010838-8084b01
2018,huber,capx_gr3,1.7005950212478638e-06,20261005-010838-8084b01
2018,huber,chcsho_12m,1.2429431080818176e-05,20261005-010838-8084b01
2018,huber,eqnpo_12m,-5.669891834259033e-06,20261005-010838-8084b01
2018,huber,debt_gr3,-3.6098062992095943e-06,20261005-010838-8084b01
2018,huber,inv_gr1,1.2852251529693606e-07,20261005-010838-8084b01
2018,huber,inv_gr1a,-3.539025783538819e-07,20261005-010838-8084b01
2018,huber,oaccruals_at,-2.309679985046387e-07,20261005-010838-8084b01
2018,huber,taccruals_at,1.7117708921432495e-06,20261005-010838-8084b01
2018,huber,cowc_gr1a,6.891787052154541e-08,20261005-010838-8084b01
2018,huber,coa_gr1a,-2.989545464515686e-06,20261005-010838-8084b01
2018,huber,col_gr1a,9.462237358093262e-07,20261005-010838-8084b01
2018,huber,nncoa_gr1a,1.47894024848938e-06,20261005-010838-8084b01
2018,huber,ncoa_gr1a,-5.2247196435928345e-06,20261005-010838-8084b01
2018,huber,ncol_gr1a,2.514570951461792e-07,20261005-010838-8084b01
2018,huber,nfna_gr1a,-5.867332220077515e-07,20261005-010838-8084b01
2018,huber,sti_gr1a,-1.5888363122940063e-06,20261005-010838-8084b01
2018,huber,lti_gr1a,4.76837158203125e-07,20261005-010838-8084b01
2018,huber,fnl_gr1a,-3.0659139156341553e-06,20261005-010838-8084b01
2018,huber,be_gr1a,2.0246952772140503e-06,20261005-010838-8084b01
2018,huber,oaccruals_ni,-5.867332220077515e-07,20261005-010838-8084b01
2018,huber,taccruals_ni,-2.820044755935669e-06,20261005-010838-8084b01
2018,huber,netis_at,-4.6566128730773926e-08,20261005-010838-8084b01
2018,huber,eqnetis_at,1.0542571544647217e-06,20261005-010838-8084b01
2018,huber,dbnetis_at,2.4959444999694824e-06,20261005-010838-8084b01
2018,huber,niq_be,1.9043684005737305e-05,20261005-010838-8084b01
2018,huber,niq_be_chg1,-2.384185791015625e-07,20261005-010838-8084b01
2018,huber,niq_at,1.155957579612732e-05,20261005-010838-8084b01
2018,huber,niq_at_chg1,1.4528632164001465e-07,20261005-010838-8084b01
2018,huber,ebit_bev,2.7939677238464355e-08,20261005-010838-8084b01
2018,huber,ebit_sale,6.11133873462677e-06,20261005-010838-8084b01
2018,huber,sale_bev,6.0070306062698364e-06,20261005-010838-8084b01
2018,huber,at_turnover,-5.554407835006714e-06,20261005-010838-8084b01
2018,huber,gp_at,1.8266960978507996e-05,20261005-010838-8084b01
2018,huber,gp_atl1,-1.4137476682662964e-05,20261005-010838-8084b01
2018,huber,ope_be,-1.3113021850585938e-06,20261005-010838-8084b01
2018,huber,ope_bel1,1.0915100574493408e-06,20261005-010838-8084b01
2018,huber,op_at,3.261864185333252e-05,20261005-010838-8084b01
2018,huber,op_atl1,3.3307820558547974e-05,20261005-010838-8084b01
2018,huber,cop_at,2.1768733859062195e-05,20261005-010838-8084b01
2018,huber,cop_atl1,1.136213541030884e-07,20261005-010838-8084b01
2018,huber,f_score,3.4458935260772705e-07,20261005-010838-8084b01
2018,huber,o_score,-3.427267074584961e-06,20261005-010838-8084b01
2018,huber,z_score,-8.016824722290039e-06,20261005-010838-8084b01
2018,huber,pi_nix,1.0989606380462646e-07,20261005-010838-8084b01
2018,huber,at_be,1.1160969734191896e-05,20261005-010838-8084b01
2018,huber,saleq_gr1,7.4375420808792114e-06,20261005-010838-8084b01
2018,huber,rd_me,-8.633360266685486e-06,20261005-010838-8084b01
2018,huber,rd_sale,5.364418029785156e-07,20261005-010838-8084b01
2018,huber,opex_at,-2.644956111907959e-07,20261005-010838-8084b01
2018,huber,emp_gr1,2.766028046607971e-06,20261005-010838-8084b01
2018,huber,rd5_at,2.592802047729492e-06,20261005-010838-8084b01
2018,huber,age,-1.2852251529693606e-07,20261005-010838-8084b01
2018,huber,dsale_dinv,-1.1119991540908811e-06,20261005-010838-8084b01
2018,huber,dsale_drec,3.986060619354248e-07,20261005-010838-8084b01
2018,huber,dgp_dsale,-4.451721906661988e-07,20261005-010838-8084b01
2018,huber,dsale_dsga,-1.4174729585647583e-06,20261005-010838-8084b01
2018,huber,sale_emp_gr1,-1.3727694749832151e-06,20261005-010838-8084b01
2018,huber,tangibility,-5.120411515235901e-06,20261005-010838-8084b01
2018,huber,kz_index,-1.1865049600601196e-06,20261005-010838-8084b01
2018,huber,ocfq_saleq_std,2.3636966943740845e-06,20261005-010838-8084b01
2018,huber,cash_at,6.113201379776001e-06,20261005-010838-8084b01
2018,huber,ni_ar1,5.4016709327697754e-08,20261005-010838-8084b01
2018,huber,ni_ivol,-4.129484295845032e-06,20261005-010838-8084b01
2018,huber,earnings_variability,3.1348317861557007e-06,20261005-010838-8084b01
2018,huber,aliq_at,2.7958303689956665e-06,20261005-010838-8084b01
2018,huber,aliq_mat,2.9725953936576843e-05,20261005-010838-8084b01
2018,huber,seas_1_1an,-2.3208558559417725e-06,20261005-010838-8084b01
2018,huber,seas_1_1na,-1.027435064315796e-05,20261005-010838-8084b01
2018,huber,seas_2_5an,1.7773360013961792e-05,20261005-010838-8084b01
2018,huber,seas_2_5na,1.2381002306938171e-05,20261005-010838-8084b01
2018,huber,seas_6_10an,5.31412661075592e-06,20261005-010838-8084b01
2018,huber,seas_6_10na,1.5832483768463137e-06,20261005-010838-8084b01
2018,huber,seas_11_15an,-9.12696123123169e-08,20261005-010838-8084b01
2018,huber,seas_11_15na,-8.717179298400879e-07,20261005-010838-8084b01
2018,huber,seas_16_20an,-1.730397343635559e-06,20261005-010838-8084b01
2018,huber,seas_16_20na,1.1734664440155029e-07,20261005-010838-8084b01
2018,huber,market_equity,-1.424551010131836e-05,20261005-010838-8084b01
2018,huber,ivol_ff3_21d,1.3574957847595217e-05,20261005-010838-8084b01
2018,huber,ivol_capm_252d,1.1768192052841188e-05,20261005-010838-8084b01
2018,huber,ivol_capm_21d,0.0001732446253299,20261005-010838-8084b01
2018,huber,ivol_hxz4_21d,8.272379636764526e-05,20261005-010838-8084b01
2018,huber,rvol_21d,-1.5210360288619997e-05,20261005-010838-8084b01
2018,huber,beta_60m,-1.380033791065216e-05,20261005-010838-8084b01
2018,huber,betabab_1260d,-9.648501873016356e-06,20261005-010838-8084b01
2018,huber,beta_dimson_21d,1.1548399925231934e-06,20261005-010838-8084b01
2018,huber,turnover_126d,8.733198046684265e-05,20261005-010838-8084b01
2018,huber,turnover_var_126d,8.208677172660828e-06,20261005-010838-8084b01
2018,huber,dolvol_126d,1.2077391147613524e-05,20261005-010838-8084b01
2018,huber,dolvol_var_126d,0.0001024380326271,20261005-010838-8084b01
2018,huber,prc,-2.2182241082191467e-05,20261005-010838-8084b01
2018,huber,ami_126d,-1.1567026376724243e-06,20261005-010838-8084b01
2018,huber,zero_trades_21d,0.0002145748585462,20261005-010838-8084b01
2018,huber,zero_trades_126d,0.0001012701541185,20261005-010838-8084b01
2018,huber,zero_trades_252d,4.7594308853149414e-05,20261005-010838-8084b01
2018,huber,rmax1_21d,8.52532684803009e-06,20261005-010838-8084b01
2018,huber,rskew_21d,-7.450580596923828e-09,20261005-010838-8084b01
2018,huber,iskew_capm_21d,-8.381903171539309e-08,20261005-010838-8084b01
2018,huber,iskew_ff3_21d,6.463378667831421e-07,20261005-010838-8084b01
2018,huber,iskew_hxz4_21d,8.493661880493164e-07,20261005-010838-8084b01
2018,huber,coskew_21d,1.7546117305755615e-06,20261005-010838-8084b01
2018,huber,ret_1_0,-1.469440758228302e-05,20261005-010838-8084b01
2018,huber,betadown_252d,-1.0486692190170288e-06,20261005-010838-8084b01
2018,huber,bidaskhl_21d,-7.61076807975769e-06,20261005-010838-8084b01
2018,huber,ret_3_1,-1.2092292308807371e-05,20261005-010838-8084b01
2018,huber,ret_9_1,3.0936673283576965e-05,20261005-010838-8084b01
2018,huber,ret_12_7,9.92603600025177e-06,20261005-010838-8084b01
2018,huber,corr_1260d,-1.5124678611755371e-06,20261005-010838-8084b01
2018,huber,rmax5_21d,-9.447336196899414e-06,20261005-010838-8084b01
2018,huber,rmax5_rvol_21d,-1.5497207641601562e-06,20261005-010838-8084b01
2018,huber,ni_be,1.0233372449874878e-05,20261005-010838-8084b01
2018,huber,ocf_at,-7.933005690574646e-06,20261005-010838-8084b01
2018,huber,ocf_at_chg1,-4.712492227554322e-07,20261005-010838-8084b01
2018,huber,mispricing_perf,8.303672075271606e-06,20261005-010838-8084b01
2018,huber,mispricing_mgmt,1.3522803783416748e-06,20261005-010838-8084b01
2018,huber,qmj,-1.350603997707367e-05,20261005-010838-8084b01
2018,huber,qmj_prof,3.789551556110382e-05,20261005-010838-8084b01
2018,huber,qmj_growth,6.0927122831344604e-06,20261005-010838-8084b01
2018,huber,qmj_safety,2.7976930141448975e-06,20261005-010838-8084b01
2018,gbrt,niq_su,0.0,20261005-010838-8084b01
2018,gbrt,ret_6_1,-1.169741153717041e-06,20261005-010838-8084b01
2018,gbrt,ret_12_1,-1.47894024848938e-06,20261005-010838-8084b01
2018,gbrt,saleq_su,0.0,20261005-010838-8084b01
2018,gbrt,tax_gr1a,0.0,20261005-010838-8084b01
2018,gbrt,ni_inc8q,0.0,20261005-010838-8084b01
2018,gbrt,prc_highprc_252d,2.0308420062065125e-05,20261005-010838-8084b01
2018,gbrt,resff3_6_1,0.0,20261005-010838-8084b01
2018,gbrt,resff3_12_1,1.2075528502464294e-05,20261005-010838-8084b01
2018,gbrt,be_me,-3.386661410331726e-05,20261005-010838-8084b01
2018,gbrt,debt_me,2.3953616619110107e-06,20261005-010838-8084b01
2018,gbrt,at_me,1.0654330253601074e-06,20261005-010838-8084b01
2018,gbrt,ret_60_12,-6.239861249923706e-07,20261005-010838-8084b01
2018,gbrt,ni_me,4.507601261138916e-07,20261005-010838-8084b01
2018,gbrt,fcf_me,4.699453711509705e-06,20261005-010838-8084b01
2018,gbrt,div12m_me,-2.6231631636619568e-05,20261005-010838-8084b01
2018,gbrt,eqpo_me,-1.9496306777000427e-05,20261005-010838-8084b01
2018,gbrt,eqnpo_me,0.0,20261005-010838-8084b01
2018,gbrt,sale_gr3,0.0,20261005-010838-8084b01
2018,gbrt,sale_gr1,0.0,20261005-010838-8084b01
2018,gbrt,ebitda_mev,-8.171424269676208e-06,20261005-010838-8084b01
2018,gbrt,sale_me,-7.450580596923828e-07,20261005-010838-8084b01
2018,gbrt,ocf_me,5.338340997695923e-06,20261005-010838-8084b01
2018,gbrt,ival_me,0.0,20261005-010838-8084b01
2018,gbrt,bev_mev,-1.12876296043396e-06,20261005-010838-8084b01
2018,gbrt,netdebt_me,-4.0514394640922546e-05,20261005-010838-8084b01
2018,gbrt,eq_dur,0.0,20261005-010838-8084b01
2018,gbrt,capex_abn,0.0,20261005-010838-8084b01
2018,gbrt,at_gr1,0.0,20261005-010838-8084b01
2018,gbrt,ppeinv_gr1a,0.0,20261005-010838-8084b01
2018,gbrt,noa_at,-7.154420018196106e-06,20261005-010838-8084b01
2018,gbrt,noa_gr1a,-7.245689630508423e-07,20261005-010838-8084b01
2018,gbrt,lnoa_gr1a,0.0,20261005-010838-8084b01
2018,gbrt,capx_gr1,0.0,20261005-010838-8084b01
2018,gbrt,capx_gr2,0.0,20261005-010838-8084b01
2018,gbrt,capx_gr3,0.0,20261005-010838-8084b01
2018,gbrt,chcsho_12m,1.132860779762268e-05,20261005-010838-8084b01
2018,gbrt,eqnpo_12m,5.539506673812866e-06,20261005-010838-8084b01
2018,gbrt,debt_gr3,0.0,20261005-010838-8084b01
2018,gbrt,inv_gr1,0.0,20261005-010838-8084b01
2018,gbrt,inv_gr1a,1.3578683137893677e-06,20261005-010838-8084b01
2018,gbrt,oaccruals_at,0.0,20261005-010838-8084b01
2018,gbrt,taccruals_at,0.0,20261005-010838-8084b01
2018,gbrt,cowc_gr1a,0.0,20261005-010838-8084b01
2018,gbrt,coa_gr1a,0.0,20261005-010838-8084b01
2018,gbrt,col_gr1a,0.0,20261005-010838-8084b01
2018,gbrt,nncoa_gr1a,-2.8461217880249023e-06,20261005-010838-8084b01
2018,gbrt,ncoa_gr1a,0.0,20261005-010838-8084b01
2018,gbrt,ncol_gr1a,0.0,20261005-010838-8084b01
2018,gbrt,nfna_gr1a,0.0,20261005-010838-8084b01
2018,gbrt,sti_gr1a,1.9315630197525024e-06,20261005-010838-8084b01
2018,gbrt,lti_gr1a,-6.480515003204346e-05,20261005-010838-8084b01
2018,gbrt,fnl_gr1a,0.0,20261005-010838-8084b01
2018,gbrt,be_gr1a,0.0,20261005-010838-8084b01
2018,gbrt,oaccruals_ni,0.0,20261005-010838-8084b01
2018,gbrt,taccruals_ni,0.0,20261005-010838-8084b01
2018,gbrt,netis_at,1.1567026376724243e-06,20261005-010838-8084b01
2018,gbrt,eqnetis_at,0.0,20261005-010838-8084b01
2018,gbrt,dbnetis_at,0.0,20261005-010838-8084b01
2018,gbrt,niq_be,1.1451542377471924e-05,20261005-010838-8084b01
2018,gbrt,niq_be_chg1,9.10833477973938e-07,20261005-010838-8084b01
2018,gbrt,niq_at,-6.668269634246826e-07,20261005-010838-8084b01
2018,gbrt,niq_at_chg1,0.0,20261005-010838-8084b01
2018,gbrt,ebit_bev,0.0,20261005-010838-8084b01
2018,gbrt,ebit_sale,0.0,20261005-010838-8084b01
2018,gbrt,sale_bev,0.0,20261005-010838-8084b01
2018,gbrt,at_turnover,1.73225998878479e-07,20261005-010838-8084b01
2018,gbrt,gp_at,0.0,20261005-010838-8084b01
2018,gbrt,gp_atl1,0.0,20261005-010838-8084b01
2018,gbrt,ope_be,0.0,20261005-010838-8084b01
2018,gbrt,ope_bel1,0.0,20261005-010838-8084b01
2018,gbrt,op_at,2.2370368242263794e-06,20261005-010838-8084b01
2018,gbrt,op_atl1,2.2836029529571533e-06,20261005-010838-8084b01
2018,gbrt,cop_at,9.4585120677948e-06,20261005-010838-8084b01
2018,gbrt,cop_atl1,0.0,20261005-010838-8084b01
2018,gbrt,f_score,0.0,20261005-010838-8084b01
2018,gbrt,o_score,0.0,20261005-010838-8084b01
2018,gbrt,z_score,0.0,20261005-010838-8084b01
2018,gbrt,pi_nix,0.0,20261005-010838-8084b01
2018,gbrt,at_be,0.0,20261005-010838-8084b01
2018,gbrt,saleq_gr1,3.0174851417541504e-06,20261005-010838-8084b01
2018,gbrt,rd_me,-4.4386833906173706e-05,20261005-010838-8084b01
2018,gbrt,rd_sale,-9.369105100631714e-07,20261005-010838-8084b01
2018,gbrt,opex_at,0.0,20261005-010838-8084b01
2018,gbrt,emp_gr1,0.0,20261005-010838-8084b01
2018,gbrt,rd5_at,0.0,20261005-010838-8084b01
2018,gbrt,age,9.927898645401e-07,20261005-010838-8084b01
2018,gbrt,dsale_dinv,0.0,20261005-010838-8084b01
2018,gbrt,dsale_drec,0.0,20261005-010838-8084b01
2018,gbrt,dgp_dsale,0.0,20261005-010838-8084b01
2018,gbrt,dsale_dsga,0.0,20261005-010838-8084b01
2018,gbrt,sale_emp_gr1,0.0,20261005-010838-8084b01
2018,gbrt,tangibility,0.0,20261005-010838-8084b01
2018,gbrt,kz_index,0.0,20261005-010838-8084b01
2018,gbrt,ocfq_saleq_std,0.0,20261005-010838-8084b01
2018,gbrt,cash_at,-5.2638351917266846e-06,20261005-010838-8084b01
2018,gbrt,ni_ar1,0.0,20261005-010838-8084b01
2018,gbrt,ni_ivol,0.0,20261005-010838-8084b01
2018,gbrt,earnings_variability,0.0,20261005-010838-8084b01
2018,gbrt,aliq_at,0.0,20261005-010838-8084b01
2018,gbrt,aliq_mat,0.0,20261005-010838-8084b01
2018,gbrt,seas_1_1an,1.7099082469940186e-06,20261005-010838-8084b01
2018,gbrt,seas_1_1na,-3.824010491371155e-06,20261005-010838-8084b01
2018,gbrt,seas_2_5an,8.121132850646973e-06,20261005-010838-8084b01
2018,gbrt,seas_2_5na,0.0,20261005-010838-8084b01
2018,gbrt,seas_6_10an,0.0,20261005-010838-8084b01
2018,gbrt,seas_6_10na,0.0,20261005-010838-8084b01
2018,gbrt,seas_11_15an,0.0,20261005-010838-8084b01
2018,gbrt,seas_11_15na,0.0,20261005-010838-8084b01
2018,gbrt,seas_16_20an,0.0,20261005-010838-8084b01
2018,gbrt,seas_16_20na,0.0,20261005-010838-8084b01
2018,gbrt,market_equity,-3.249756991863251e-05,20261005-010838-8084b01
2018,gbrt,ivol_ff3_21d,7.394701242446899e-07,20261005-010838-8084b01
2018,gbrt,ivol_capm_252d,6.102025508880615e-06,20261005-010838-8084b01
2018,gbrt,ivol_capm_21d,1.488998532295227e-05,20261005-010838-8084b01
2018,gbrt,ivol_hxz4_21d,2.2178515791893005e-05,20261005-010838-8084b01
2018,gbrt,rvol_21d,1.32247805595398e-07,20261005-010838-8084b01
2018,gbrt,beta_60m,-1.8440186977386477e-07,20261005-010838-8084b01
2018,gbrt,betabab_1260d,0.0,20261005-010838-8084b01
2018,gbrt,beta_dimson_21d,0.0,20261005-010838-8084b01
2018,gbrt,turnover_126d,6.104819476604462e-05,20261005-010838-8084b01
2018,gbrt,turnover_var_126d,-9.872019290924072e-07,20261005-010838-8084b01
2018,gbrt,dolvol_126d,6.50063157081604e-07,20261005-010838-8084b01
2018,gbrt,dolvol_var_126d,0.0,20261005-010838-8084b01
2018,gbrt,prc,-2.16066837310791e-05,20261005-010838-8084b01
2018,gbrt,ami_126d,5.3085386753082275e-06,20261005-010838-8084b01
2018,gbrt,zero_trades_21d,-1.084059476852417e-06,20261005-010838-8084b01
2018,gbrt,zero_trades_126d,1.6497448086738586e-05,20261005-010838-8084b01
2018,gbrt,zero_trades_252d,4.567205905914307e-06,20261005-010838-8084b01
2018,gbrt,rmax1_21d,4.675239324569702e-06,20261005-010838-8084b01
2018,gbrt,rskew_21d,0.0,20261005-010838-8084b01
2018,gbrt,iskew_capm_21d,0.0,20261005-010838-8084b01
2018,gbrt,iskew_ff3_21d,0.0,20261005-010838-8084b01
2018,gbrt,iskew_hxz4_21d,0.0,20261005-010838-8084b01
2018,gbrt,coskew_21d,0.0,20261005-010838-8084b01
2018,gbrt,ret_1_0,-4.231743514537811e-05,20261005-010838-8084b01
2018,gbrt,betadown_252d,0.0,20261005-010838-8084b01
2018,gbrt,bidaskhl_21d,8.104369044303894e-06,20261005-010838-8084b01
2018,gbrt,ret_3_1,-3.4477561712265015e-06,20261005-010838-8084b01
2018,gbrt,ret_9_1,2.6300549507141113e-06,20261005-010838-8084b01
2018,gbrt,ret_12_7,-6.51925802230835e-08,20261005-010838-8084b01
2018,gbrt,corr_1260d,0.0,20261005-010838-8084b01
2018,gbrt,rmax5_21d,2.368912100791931e-05,20261005-010838-8084b01
2018,gbrt,rmax5_rvol_21d,-2.2351741790771484e-08,20261005-010838-8084b01
2018,gbrt,ni_be,0.0,20261005-010838-8084b01
2018,gbrt,ocf_at,0.0,20261005-010838-8084b01
2018,gbrt,ocf_at_chg1,0.0,20261005-010838-8084b01
2018,gbrt,mispricing_perf,1.4854595065116882e-05,20261005-010838-8084b01
2018,gbrt,mispricing_mgmt,-7.078051567077638e-08,20261005-010838-8084b01
2018,gbrt,qmj,0.0,20261005-010838-8084b01
2018,gbrt,qmj_prof,4.92483377456665e-06,20261005-010838-8084b01
2018,gbrt,qmj_growth,0.0,20261005-010838-8084b01
2018,gbrt,qmj_safety,0.0,20261005-010838-8084b01
2020,huber,niq_su,-1.4901161193847656e-08,20261005-010838-8084b01
2020,huber,ret_6_1,-8.396804332733154e-06,20261005-010838-8084b01
2020,huber,ret_12_1,-7.635354995727539e-05,20261005-010838-8084b01
2020,huber,saleq_su,8.270144462585449e-07,20261005-010838-8084b01
2020,huber,tax_gr1a,2.6151537895202637e-06,20261005-010838-8084b01
2020,huber,ni_inc8q,1.8030405044555664e-06,20261005-010838-8084b01
2020,huber,prc_highprc_252d,-0.000127650797367,20261005-010838-8084b01
2020,huber,resff3_6_1,-1.944601535797119e-06,20261005-010838-8084b01
2020,huber,resff3_12_1,-3.5688281059265137e-06,20261005-010838-8084b01
2020,huber,be_me,-1.7426908016204834e-05,20261005-010838-8084b01
2020,huber,debt_me,1.5795230865478516e-05,20261005-010838-8084b01
2020,huber,at_me,-1.5430152416229248e-05,20261005-010838-8084b01
2020,huber,ret_60_12,2.205371856689453e-05,20261005-010838-8084b01
2020,huber,ni_me,-3.9070844650268555e-05,20261005-010838-8084b01
2020,huber,fcf_me,-8.77678394317627e-06,20261005-010838-8084b01
2020,huber,div12m_me,-8.620321750640869e-06,20261005-010838-8084b01
2020,huber,eqpo_me,4.3004751205444336e-05,20261005-010838-8084b01
2020,huber,eqnpo_me,-2.909451723098755e-05,20261005-010838-8084b01
2020,huber,sale_gr3,-3.0621886253356938e-06,20261005-010838-8084b01
2020,huber,sale_gr1,6.370246410369873e-06,20261005-010838-8084b01
2020,huber,ebitda_mev,-4.172325134277344e-07,20261005-010838-8084b01
2020,huber,sale_me,-4.157423973083496e-06,20261005-010838-8084b01
2020,huber,ocf_me,-6.762892007827759e-05,20261005-010838-8084b01
2020,huber,ival_me,-2.86102294921875e-06,20261005-010838-8084b01
2020,huber,bev_mev,-1.5228986740112305e-05,20261005-010838-8084b01
2020,huber,netdebt_me,2.368539571762085e-05,20261005-010838-8084b01
2020,huber,eq_dur,-2.903491258621216e-05,20261005-010838-8084b01
2020,huber,capex_abn,-6.556510925292969e-07,20261005-010838-8084b01
2020,huber,at_gr1,-1.475214958190918e-06,20261005-010838-8084b01
2020,huber,ppeinv_gr1a,1.2218952178955078e-06,20261005-010838-8084b01
2020,huber,noa_at,3.9227306842803955e-05,20261005-010838-8084b01
2020,huber,noa_gr1a,8.121132850646973e-07,20261005-010838-8084b01
2020,huber,lnoa_gr1a,-9.909272193908691e-07,20261005-010838-8084b01
2020,huber,capx_gr1,1.2069940567016602e-06,20261005-010838-8084b01
2020,huber,capx_gr2,7.301568984985352e-07,20261005-010838-8084b01
2020,huber,capx_gr3,-3.121793270111084e-06,20261005-010838-8084b01
2020,huber,chcsho_12m,-5.8867037296295166e-05,20261005-010838-8084b01
2020,huber,eqnpo_12m,4.392862319946289e-05,20261005-010838-8084b01
2020,huber,debt_gr3,-5.5655837059021e-06,20261005-010838-8084b01
2020,huber,inv_gr1,-7.301568984985352e-07,20261005-010838-8084b01
2020,huber,inv_gr1a,1.1175870895385742e-06,20261005-010838-8084b01
2020,huber,oaccruals_at,-2.2873282432556152e-06,20261005-010838-8084b01
2020,huber,taccruals_at,1.5124678611755373e-05,20261005-010838-8084b01
2020,huber,cowc_gr1a,-2.60770320892334e-07,20261005-010838-8084b01
2020,huber,coa_gr1a,2.9653310775756836e-06,20261005-010838-8084b01
2020,huber,col_gr1a,9.685754776000977e-08,20261005-010838-8084b01
2020,huber,nncoa_gr1a,-1.2665987014770508e-07,20261005-010838-8084b01
2020,huber,ncoa_gr1a,2.518296241760254e-06,20261005-010838-8084b01
2020,huber,ncol_gr1a,-3.129243850708008e-06,20261005-010838-8084b01
2020,huber,nfna_gr1a,-5.245208740234375e-06,20261005-010838-8084b01
2020,huber,sti_gr1a,4.172325134277344e-07,20261005-010838-8084b01
2020,huber,lti_gr1a,1.5795230865478516e-06,20261005-010838-8084b01
2020,huber,fnl_gr1a,-6.780028343200684e-06,20261005-010838-8084b01
2020,huber,be_gr1a,2.834945917129517e-05,20261005-010838-8084b01
2020,huber,oaccruals_ni,-2.9280781745910645e-06,20261005-010838-8084b01
2020,huber,taccruals_ni,4.030764102935791e-06,20261005-010838-8084b01
2020,huber,netis_at,-1.017749309539795e-05,20261005-010838-8084b01
2020,huber,eqnetis_at,-1.2293457984924316e-06,20261005-010838-8084b01
2020,huber,dbnetis_at,2.6598572731018062e-06,20261005-010838-8084b01
2020,huber,niq_be,-9.722262620925905e-05,20261005-010838-8084b01
2020,huber,niq_be_chg1,-2.8759241104125977e-06,20261005-010838-8084b01
2020,huber,niq_at,-6.146728992462158e-05,20261005-010838-8084b01
2020,huber,niq_at_chg1,-5.438923835754395e-07,20261005-010838-8084b01
2020,huber,ebit_bev,0.0001188069581985,20261005-010838-8084b01
2020,huber,ebit_sale,-6.575137376785278e-05,20261005-010838-8084b01
2020,huber,sale_bev,1.583993434906006e-05,20261005-010838-8084b01
2020,huber,at_turnover,-5.364418029785156e-07,20261005-010838-8084b01
2020,huber,gp_at,1.1920928955078125e-06,20261005-010838-8084b01
2020,huber,gp_atl1,3.0875205993652344e-05,20261005-010838-8084b01
2020,huber,ope_be,1.6108155250549316e-05,20261005-010838-8084b01
2020,huber,ope_bel1,-7.338821887969971e-06,20261005-010838-8084b01
2020,huber,op_at,-9.10833477973938e-05,20261005-010838-8084b01
2020,huber,op_atl1,-7.890164852142334e-05,20261005-010838-8084b01
2020,huber,cop_at,-3.3058226108551025e-05,20261005-010838-8084b01
2020,huber,cop_atl1,2.4706125259399417e-05,20261005-010838-8084b01
2020,huber,f_score,2.635270357131958e-05,20261005-010838-8084b01
2020,huber,o_score,0.0001450031995773,20261005-010838-8084b01
2020,huber,z_score,-7.674098014831543e-06,20261005-010838-8084b01
2020,huber,pi_nix,6.705522537231445e-08,20261005-010838-8084b01
2020,huber,at_be,1.33514404296875e-05,20261005-010838-8084b01
2020,huber,saleq_gr1,-7.53253698348999e-06,20261005-010838-8084b01
2020,huber,rd_me,7.38874077796936e-05,20261005-010838-8084b01
2020,huber,rd_sale,-2.5853514671325684e-06,20261005-010838-8084b01
2020,huber,opex_at,-7.659941911697388e-05,20261005-010838-8084b01
2020,huber,emp_gr1,8.791685104370117e-07,20261005-010838-8084b01
2020,huber,rd5_at,-7.033348083496094e-06,20261005-010838-8084b01
2020,huber,age,-5.1781535148620605e-06,20261005-010838-8084b01
2020,huber,dsale_dinv,4.544854164123535e-07,20261005-010838-8084b01
2020,huber,dsale_drec,-1.914799213409424e-06,20261005-010838-8084b01
2020,huber,dgp_dsale,-1.475214958190918e-06,20261005-010838-8084b01
2020,huber,dsale_dsga,-5.2228569984436035e-06,20261005-010838-8084b01
2020,huber,sale_emp_gr1,-4.097819328308106e-07,20261005-010838-8084b01
2020,huber,tangibility,8.52346420288086e-06,20261005-010838-8084b01
2020,huber,kz_index,-1.7508864402770996e-06,20261005-010838-8084b01
2020,huber,ocfq_saleq_std,-1.3165175914764404e-05,20261005-010838-8084b01
2020,huber,cash_at,4.128366708755493e-05,20261005-010838-8084b01
2020,huber,ni_ar1,-7.37607479095459e-07,20261005-010838-8084b01
2020,huber,ni_ivol,3.4689903259277344e-05,20261005-010838-8084b01
2020,huber,earnings_variability,-8.337199687957764e-06,20261005-010838-8084b01
2020,huber,aliq_at,1.0527670383453367e-05,20261005-010838-8084b01
2020,huber,aliq_mat,1.4819204807281494e-05,20261005-010838-8084b01
2020,huber,seas_1_1an,-4.604458808898926e-06,20261005-010838-8084b01
2020,huber,seas_1_1na,0.0001219511032104,20261005-010838-8084b01
2020,huber,seas_2_5an,2.0109117031097412e-05,20261005-010838-8084b01
2020,huber,seas_2_5na,-3.032386302947998e-06,20261005-010838-8084b01
2020,huber,seas_6_10an,-1.529604196548462e-05,20261005-010838-8084b01
2020,huber,seas_6_10na,-1.3336539268493652e-06,20261005-010838-8084b01
2020,huber,seas_11_15an,2.0265579223632812e-06,20261005-010838-8084b01
2020,huber,seas_11_15na,-9.238719940185548e-07,20261005-010838-8084b01
2020,huber,seas_16_20an,-4.217028617858887e-06,20261005-010838-8084b01
2020,huber,seas_16_20na,-2.7567148208618164e-07,20261005-010838-8084b01
2020,huber,market_equity,-3.1717121601104736e-05,20261005-010838-8084b01
2020,huber,ivol_ff3_21d,0.0004087314009666,20261005-010838-8084b01
2020,huber,ivol_capm_252d,-8.694827556610107e-05,20261005-010838-8084b01
2020,huber,ivol_capm_21d,-0.0002232193946838,20261005-010838-8084b01
2020,huber,ivol_hxz4_21d,-0.000208057463169,20261005-010838-8084b01
2020,huber,rvol_21d,0.0001057907938957,20261005-010838-8084b01
2020,huber,beta_60m,2.7202069759368896e-05,20261005-010838-8084b01
2020,huber,betabab_1260d,1.2211501598358154e-05,20261005-010838-8084b01
2020,huber,beta_dimson_21d,-2.905726432800293e-07,20261005-010838-8084b01
2020,huber,turnover_126d,-0.0001005306839942,20261005-010838-8084b01
2020,huber,turnover_var_126d,0.0003601983189582,20261005-010838-8084b01
2020,huber,dolvol_126d,-1.7814338207244873e-05,20261005-010838-8084b01
2020,huber,dolvol_var_126d,-0.0001673102378845,20261005-010838-8084b01
2020,huber,prc,5.02467155456543e-05,20261005-010838-8084b01
2020,huber,ami_126d,5.192309617996216e-05,20261005-010838-8084b01
2020,huber,zero_trades_21d,0.000606395304203,20261005-010838-8084b01
2020,huber,zero_trades_126d,-0.0001369416713714,20261005-010838-8084b01
2020,huber,zero_trades_252d,-6.315857172012329e-05,20261005-010838-8084b01
2020,huber,rmax1_21d,-4.427134990692139e-05,20261005-010838-8084b01
2020,huber,rskew_21d,-1.4901161193847656e-07,20261005-010838-8084b01
2020,huber,iskew_capm_21d,2.518296241760254e-06,20261005-010838-8084b01
2020,huber,iskew_ff3_21d,9.015202522277832e-06,20261005-010838-8084b01
2020,huber,iskew_hxz4_21d,5.029141902923584e-06,20261005-010838-8084b01
2020,huber,coskew_21d,-2.972781658172607e-06,20261005-010838-8084b01
2020,huber,ret_1_0,3.739446401596069e-05,20261005-010838-8084b01
2020,huber,betadown_252d,2.5853514671325684e-06,20261005-010838-8084b01
2020,huber,bidaskhl_21d,1.214444637298584e-05,20261005-010838-8084b01
2020,huber,ret_3_1,1.8544495105743408e-05,20261005-010838-8084b01
2020,huber,ret_9_1,-5.424767732620239e-05,20261005-010838-8084b01
2020,huber,ret_12_7,-6.239861249923706e-05,20261005-010838-8084b01
2020,huber,corr_1260d,4.205852746963501e-05,20261005-010838-8084b01
2020,huber,rmax5_21d,2.57641077041626e-05,20261005-010838-8084b01
2020,huber,rmax5_rvol_21d,5.6959688663482666e-05,20261005-010838-8084b01
2020,huber,ni_be,-2.4668872356414795e-05,20261005-010838-8084b01
2020,huber,ocf_at,3.0294060707092285e-05,20261005-010838-8084b01
2020,huber,ocf_at_chg1,3.591179847717285e-06,20261005-010838-8084b01
2020,huber,mispricing_perf,-1.0207295417785645e-06,20261005-010838-8084b01
2020,huber,mispricing_mgmt,1.1846423149108888e-05,20261005-010838-8084b01
2020,huber,qmj,0.0001407265663146,20261005-010838-8084b01
2020,huber,qmj_prof,-4.6253204345703125e-05,20261005-010838-8084b01
2020,huber,qmj_growth,-1.531839370727539e-05,20261005-010838-8084b01
2020,huber,qmj_safety,-1.583993434906006e-05,20261005-010838-8084b01
2020,gbrt,niq_su,0.0,20261005-010838-8084b01
2020,gbrt,ret_6_1,0.0,20261005-010838-8084b01
2020,gbrt,ret_12_1,-8.99285078048706e-06,20261005-010838-8084b01
2020,gbrt,saleq_su,0.0,20261005-010838-8084b01
2020,gbrt,tax_gr1a,0.0,20261005-010838-8084b01
2020,gbrt,ni_inc8q,0.0,20261005-010838-8084b01
2020,gbrt,prc_highprc_252d,-7.227063179016113e-06,20261005-010838-8084b01
2020,gbrt,resff3_6_1,0.0,20261005-010838-8084b01
2020,gbrt,resff3_12_1,-5.856156349182129e-06,20261005-010838-8084b01
2020,gbrt,be_me,1.30385160446167e-05,20261005-010838-8084b01
2020,gbrt,debt_me,1.4007091522216797e-06,20261005-010838-8084b01
2020,gbrt,at_me,0.0,20261005-010838-8084b01
2020,gbrt,ret_60_12,0.0,20261005-010838-8084b01
2020,gbrt,ni_me,0.0,20261005-010838-8084b01
2020,gbrt,fcf_me,0.0,20261005-010838-8084b01
2020,gbrt,div12m_me,-6.189942359924316e-05,20261005-010838-8084b01
2020,gbrt,eqpo_me,0.0,20261005-010838-8084b01
2020,gbrt,eqnpo_me,0.0,20261005-010838-8084b01
2020,gbrt,sale_gr3,0.0,20261005-010838-8084b01
2020,gbrt,sale_gr1,0.0,20261005-010838-8084b01
2020,gbrt,ebitda_mev,-2.314150333404541e-05,20261005-010838-8084b01
2020,gbrt,sale_me,0.0,20261005-010838-8084b01
2020,gbrt,ocf_me,-1.2367963790893556e-05,20261005-010838-8084b01
2020,gbrt,ival_me,1.2665987014770508e-07,20261005-010838-8084b01
2020,gbrt,bev_mev,0.0,20261005-010838-8084b01
2020,gbrt,netdebt_me,1.0602176189422607e-05,20261005-010838-8084b01
2020,gbrt,eq_dur,0.0,20261005-010838-8084b01
2020,gbrt,capex_abn,0.0,20261005-010838-8084b01
2020,gbrt,at_gr1,0.0,20261005-010838-8084b01
2020,gbrt,ppeinv_gr1a,0.0,20261005-010838-8084b01
2020,gbrt,noa_at,0.0,20261005-010838-8084b01
2020,gbrt,noa_gr1a,1.3709068298339844e-06,20261005-010838-8084b01
2020,gbrt,lnoa_gr1a,0.0,20261005-010838-8084b01
2020,gbrt,capx_gr1,0.0,20261005-010838-8084b01
2020,gbrt,capx_gr2,0.0,20261005-010838-8084b01
2020,gbrt,capx_gr3,0.0,20261005-010838-8084b01
2020,gbrt,chcsho_12m,-8.347630500793457e-05,20261005-010838-8084b01
2020,gbrt,eqnpo_12m,-1.5683472156524658e-05,20261005-010838-8084b01
2020,gbrt,debt_gr3,0.0,20261005-010838-8084b01
2020,gbrt,inv_gr1,0.0,20261005-010838-8084b01
2020,gbrt,inv_gr1a,0.0,20261005-010838-8084b01
2020,gbrt,oaccruals_at,0.0,20261005-010838-8084b01
2020,gbrt,taccruals_at,0.0,20261005-010838-8084b01
2020,gbrt,cowc_gr1a,0.0,20261005-010838-8084b01
2020,gbrt,coa_gr1a,0.0,20261005-010838-8084b01
2020,gbrt,col_gr1a,0.0,20261005-010838-8084b01
2020,gbrt,nncoa_gr1a,9.685754776000977e-08,20261005-010838-8084b01
2020,gbrt,ncoa_gr1a,0.0,20261005-010838-8084b01
2020,gbrt,ncol_gr1a,0.0,20261005-010838-8084b01
2020,gbrt,nfna_gr1a,0.0,20261005-010838-8084b01
2020,gbrt,sti_gr1a,0.0,20261005-010838-8084b01
2020,gbrt,lti_gr1a,0.0,20261005-010838-8084b01
2020,gbrt,fnl_gr1a,0.0,20261005-010838-8084b01
2020,gbrt,be_gr1a,0.0,20261005-010838-8084b01
2020,gbrt,oaccruals_ni,0.0,20261005-010838-8084b01
2020,gbrt,taccruals_ni,0.0,20261005-010838-8084b01
2020,gbrt,netis_at,-1.0319054126739502e-05,20261005-010838-8084b01
2020,gbrt,eqnetis_at,0.0,20261005-010838-8084b01
2020,gbrt,dbnetis_at,0.0,20261005-010838-8084b01
2020,gbrt,niq_be,0.0,20261005-010838-8084b01
2020,gbrt,niq_be_chg1,0.0,20261005-010838-8084b01
2020,gbrt,niq_at,-3.2261013984680176e-06,20261005-010838-8084b01
2020,gbrt,niq_at_chg1,0.0,20261005-010838-8084b01
2020,gbrt,ebit_bev,0.0,20261005-010838-8084b01
2020,gbrt,ebit_sale,0.0,20261005-010838-8084b01
2020,gbrt,sale_bev,0.0,20261005-010838-8084b01
2020,gbrt,at_turnover,0.0,20261005-010838-8084b01
2020,gbrt,gp_at,0.0,20261005-010838-8084b01
2020,gbrt,gp_atl1,0.0,20261005-010838-8084b01
2020,gbrt,ope_be,0.0,20261005-010838-8084b01
2020,gbrt,ope_bel1,0.0,20261005-010838-8084b01
2020,gbrt,op_at,-1.329183578491211e-05,20261005-010838-8084b01
2020,gbrt,op_atl1,4.619359970092774e-07,20261005-010838-8084b01
2020,gbrt,cop_at,-1.4074146747589111e-05,20261005-010838-8084b01
2020,gbrt,cop_atl1,2.682209014892578e-07,20261005-010838-8084b01
2020,gbrt,f_score,0.0,20261005-010838-8084b01
2020,gbrt,o_score,0.0,20261005-010838-8084b01
2020,gbrt,z_score,0.0,20261005-010838-8084b01
2020,gbrt,pi_nix,0.0,20261005-010838-8084b01
2020,gbrt,at_be,0.0,20261005-010838-8084b01
2020,gbrt,saleq_gr1,0.0,20261005-010838-8084b01
2020,gbrt,rd_me,4.988908767700195e-05,20261005-010838-8084b01
2020,gbrt,rd_sale,0.0,20261005-010838-8084b01
2020,gbrt,opex_at,0.0,20261005-010838-8084b01
2020,gbrt,emp_gr1,0.0,20261005-010838-8084b01
2020,gbrt,rd5_at,0.0,20261005-010838-8084b01
2020,gbrt,age,-2.384185791015625e-07,20261005-010838-8084b01
2020,gbrt,dsale_dinv,0.0,20261005-010838-8084b01
2020,gbrt,dsale_drec,0.0,20261005-010838-8084b01
2020,gbrt,dgp_dsale,0.0,20261005-010838-8084b01
2020,gbrt,dsale_dsga,0.0,20261005-010838-8084b01
2020,gbrt,sale_emp_gr1,0.0,20261005-010838-8084b01
2020,gbrt,tangibility,0.0,20261005-010838-8084b01
2020,gbrt,kz_index,0.0,20261005-010838-8084b01
2020,gbrt,ocfq_saleq_std,0.0,20261005-010838-8084b01
2020,gbrt,cash_at,0.0,20261005-010838-8084b01
2020,gbrt,ni_ar1,0.0,20261005-010838-8084b01
2020,gbrt,ni_ivol,0.0,20261005-010838-8084b01
2020,gbrt,earnings_variability,0.0,20261005-010838-8084b01
2020,gbrt,aliq_at,0.0,20261005-010838-8084b01
2020,gbrt,aliq_mat,0.0,20261005-010838-8084b01
2020,gbrt,seas_1_1an,0.0,20261005-010838-8084b01
2020,gbrt,seas_1_1na,2.8908252716064453e-06,20261005-010838-8084b01
2020,gbrt,seas_2_5an,2.8908252716064453e-06,20261005-010838-8084b01
2020,gbrt,seas_2_5na,0.0,20261005-010838-8084b01
2020,gbrt,seas_6_10an,0.0,20261005-010838-8084b01
2020,gbrt,seas_6_10na,0.0,20261005-010838-8084b01
2020,gbrt,seas_11_15an,0.0,20261005-010838-8084b01
2020,gbrt,seas_11_15na,0.0,20261005-010838-8084b01
2020,gbrt,seas_16_20an,0.0,20261005-010838-8084b01
2020,gbrt,seas_16_20na,0.0,20261005-010838-8084b01
2020,gbrt,market_equity,5.1841139793396e-05,20261005-010838-8084b01
2020,gbrt,ivol_ff3_21d,-6.034970283508301e-07,20261005-010838-8084b01
2020,gbrt,ivol_capm_252d,-4.3213367462158203e-07,20261005-010838-8084b01
2020,gbrt,ivol_capm_21d,-2.689659595489502e-06,20261005-010838-8084b01
2020,gbrt,ivol_hxz4_21d,-1.7940998077392578e-05,20261005-010838-8084b01
2020,gbrt,rvol_21d,-2.7567148208618164e-06,20261005-010838-8084b01
2020,gbrt,beta_60m,0.0,20261005-010838-8084b01
2020,gbrt,betabab_1260d,0.0,20261005-010838-8084b01
2020,gbrt,beta_dimson_21d,0.0,20261005-010838-8084b01
2020,gbrt,turnover_126d,-3.844499588012695e-06,20261005-010838-8084b01
2020,gbrt,turnover_var_126d,0.0,20261005-010838-8084b01
2020,gbrt,dolvol_126d,9.08970832824707e-06,20261005-010838-8084b01
2020,gbrt,dolvol_var_126d,0.0,20261005-010838-8084b01
2020,gbrt,prc,1.9021332263946533e-05,20261005-010838-8084b01
2020,gbrt,ami_126d,1.780688762664795e-06,20261005-010838-8084b01
2020,gbrt,zero_trades_21d,-6.07222318649292e-06,20261005-010838-8084b01
2020,gbrt,zero_trades_126d,-2.302229404449463e-06,20261005-010838-8084b01
2020,gbrt,zero_trades_252d,-5.5283308029174805e-06,20261005-010838-8084b01
2020,gbrt,rmax1_21d,-6.9141387939453125e-06,20261005-010838-8084b01
2020,gbrt,rskew_21d,0.0,20261005-010838-8084b01
2020,gbrt,iskew_capm_21d,0.0,20261005-010838-8084b01
2020,gbrt,iskew_ff3_21d,0.0,20261005-010838-8084b01
2020,gbrt,iskew_hxz4_21d,0.0,20261005-010838-8084b01
2020,gbrt,coskew_21d,0.0,20261005-010838-8084b01
2020,gbrt,ret_1_0,7.321685552597046e-05,20261005-010838-8084b01
2020,gbrt,betadown_252d,0.0,20261005-010838-8084b01
2020,gbrt,bidaskhl_21d,0.0,20261005-010838-8084b01
2020,gbrt,ret_3_1,0.0,20261005-010838-8084b01
2020,gbrt,ret_9_1,-9.015202522277832e-07,20261005-010838-8084b01
2020,gbrt,ret_12_7,-3.8743019104003906e-07,20261005-010838-8084b01
2020,gbrt,corr_1260d,0.0,20261005-010838-8084b01
2020,gbrt,rmax5_21d,-2.002716064453125e-05,20261005-010838-8084b01
2020,gbrt,rmax5_rvol_21d,1.467764377593994e-06,20261005-010838-8084b01
2020,gbrt,ni_be,0.0,20261005-010838-8084b01
2020,gbrt,ocf_at,0.0,20261005-010838-8084b01
2020,gbrt,ocf_at_chg1,0.0,20261005-010838-8084b01
2020,gbrt,mispricing_perf,-3.901869058609009e-05,20261005-010838-8084b01
2020,gbrt,mispricing_mgmt,-8.046627044677734e-07,20261005-010838-8084b01
2020,gbrt,qmj,0.0,20261005-010838-8084b01
2020,gbrt,qmj_prof,0.0,20261005-010838-8084b01
2020,gbrt,qmj_growth,0.0,20261005-010838-8084b01
2020,gbrt,qmj_safety,0.0,20261005-010838-8084b01
2022,huber,niq_su,3.352761268615723e-07,20261005-010838-8084b01
2022,huber,ret_6_1,9.365379810333252e-06,20261005-010838-8084b01
2022,huber,ret_12_1,6.527826189994812e-05,20261005-010838-8084b01
2022,huber,saleq_su,2.3245811462402344e-06,20261005-010838-8084b01
2022,huber,tax_gr1a,-2.559274435043335e-06,20261005-010838-8084b01
2022,huber,ni_inc8q,1.043081283569336e-07,20261005-010838-8084b01
2022,huber,prc_highprc_252d,0.0001970790326595,20261005-010838-8084b01
2022,huber,resff3_6_1,-2.726912498474121e-06,20261005-010838-8084b01
2022,huber,resff3_12_1,1.0844320058822632e-05,20261005-010838-8084b01
2022,huber,be_me,1.457706093788147e-05,20261005-010838-8084b01
2022,huber,debt_me,-1.4547258615493774e-05,20261005-010838-8084b01
2022,huber,at_me,4.688650369644165e-05,20261005-010838-8084b01
2022,huber,ret_60_12,-6.854534149169922e-07,20261005-010838-8084b01
2022,huber,ni_me,-1.4852732419967651e-05,20261005-010838-8084b01
2022,huber,fcf_me,1.091882586479187e-05,20261005-010838-8084b01
2022,huber,div12m_me,7.499009370803833e-06,20261005-010838-8084b01
2022,huber,eqpo_me,-1.5225261449813844e-05,20261005-010838-8084b01
2022,huber,eqnpo_me,1.5128403902053831e-05,20261005-010838-8084b01
2022,huber,sale_gr3,-6.861984729766846e-06,20261005-010838-8084b01
2022,huber,sale_gr1,1.38990581035614e-05,20261005-010838-8084b01
2022,huber,ebitda_mev,-1.125037670135498e-05,20261005-010838-8084b01
2022,huber,sale_me,3.300979733467102e-05,20261005-010838-8084b01
2022,huber,ocf_me,3.6090612411499023e-05,20261005-010838-8084b01
2022,huber,ival_me,2.4959444999694824e-07,20261005-010838-8084b01
2022,huber,bev_mev,1.81347131729126e-05,20261005-010838-8084b01
2022,huber,netdebt_me,-2.9537826776504517e-05,20261005-010838-8084b01
2022,huber,eq_dur,2.678483724594116e-06,20261005-010838-8084b01
2022,huber,capex_abn,-1.341104507446289e-07,20261005-010838-8084b01
2022,huber,at_gr1,-3.516674041748047e-06,20261005-010838-8084b01
2022,huber,ppeinv_gr1a,8.307397365570068e-07,20261005-010838-8084b01
2022,huber,noa_at,-1.138448715209961e-05,20261005-010838-8084b01
2022,huber,noa_gr1a,-2.425163984298706e-06,20261005-010838-8084b01
2022,huber,lnoa_gr1a,1.5534460544586182e-06,20261005-010838-8084b01
2022,huber,capx_gr1,6.668269634246826e-06,20261005-010838-8084b01
2022,huber,capx_gr2,1.739710569381714e-06,20261005-010838-8084b01
2022,huber,capx_gr3,-1.6801059246063232e-06,20261005-010838-8084b01
2022,huber,chcsho_12m,3.7513673305511475e-05,20261005-010838-8084b01
2022,huber,eqnpo_12m,-1.9762665033340457e-05,20261005-010838-8084b01
2022,huber,debt_gr3,1.6652047634124756e-06,20261005-010838-8084b01
2022,huber,inv_gr1,-2.1979212760925293e-07,20261005-010838-8084b01
2022,huber,inv_gr1a,-3.613531589508057e-07,20261005-010838-8084b01
2022,huber,oaccruals_at,-1.087784767150879e-06,20261005-010838-8084b01
2022,huber,taccruals_at,-2.4065375328063965e-06,20261005-010838-8084b01
2022,huber,cowc_gr1a,1.30385160446167e-07,20261005-010838-8084b01
2022,huber,coa_gr1a,2.305954694747925e-06,20261005-010838-8084b01
2022,huber,col_gr1a,-4.023313522338867e-07,20261005-010838-8084b01
2022,huber,nncoa_gr1a,-1.1958181858062744e-06,20261005-010838-8084b01
2022,huber,ncoa_gr1a,7.215887308120728e-06,20261005-010838-8084b01
2022,huber,ncol_gr1a,6.370246410369873e-07,20261005-010838-8084b01
2022,huber,nfna_gr1a,2.60770320892334e-07,20261005-010838-8084b01
2022,huber,sti_gr1a,2.4996697902679443e-06,20261005-010838-8084b01
2022,huber,lti_gr1a,-5.960464477539062e-07,20261005-010838-8084b01
2022,huber,fnl_gr1a,3.576278686523438e-07,20261005-010838-8084b01
2022,huber,be_gr1a,1.8037855625152588e-05,20261005-010838-8084b01
2022,huber,oaccruals_ni,7.748603820800781e-07,20261005-010838-8084b01
2022,huber,taccruals_ni,-4.027038812637329e-06,20261005-010838-8084b01
2022,huber,netis_at,2.775341272354126e-06,20261005-010838-8084b01
2022,huber,eqnetis_at,3.866851329803467e-06,20261005-010838-8084b01
2022,huber,dbnetis_at,-3.915280103683472e-06,20261005-010838-8084b01
2022,huber,niq_be,3.8780272006988525e-05,20261005-010838-8084b01
2022,huber,niq_be_chg1,4.4703483581542975e-08,20261005-010838-8084b01
2022,huber,niq_at,3.4440308809280396e-05,20261005-010838-8084b01
2022,huber,niq_at_chg1,-6.332993507385254e-08,20261005-010838-8084b01
2022,huber,ebit_bev,-4.211440682411194e-05,20261005-010838-8084b01
2022,huber,ebit_sale,2.767890691757202e-05,20261005-010838-8084b01
2022,huber,sale_bev,6.146728992462158e-06,20261005-010838-8084b01
2022,huber,at_turnover,-4.410743713378906e-06,20261005-010838-8084b01
2022,huber,gp_at,1.3872981071472168e-05,20261005-010838-8084b01
2022,huber,gp_atl1,3.5427510738372803e-06,20261005-010838-8084b01
2022,huber,ope_be,6.407499313354492e-07,20261005-010838-8084b01
2022,huber,ope_bel1,2.142041921615601e-06,20261005-010838-8084b01
2022,huber,op_at,7.480010390281677e-05,20261005-010838-8084b01
2022,huber,op_atl1,4.939734935760498e-05,20261005-010838-8084b01
2022,huber,cop_at,3.311038017272949e-05,20261005-010838-8084b01
2022,huber,cop_atl1,-4.123896360397339e-06,20261005-010838-8084b01
2022,huber,f_score,-5.211681127548218e-06,20261005-010838-8084b01
2022,huber,o_score,-4.667788743972778e-05,20261005-010838-8084b01
2022,huber,z_score,-2.246350049972534e-06,20261005-010838-8084b01
2022,huber,pi_nix,1.9371509552001953e-07,20261005-010838-8084b01
2022,huber,at_be,-2.2951513528823853e-05,20261005-010838-8084b01
2022,huber,saleq_gr1,-1.1399388313293457e-06,20261005-010838-8084b01
2022,huber,rd_me,-3.9692968130111694e-05,20261005-010838-8084b01
2022,huber,rd_sale,7.636845111846924e-07,20261005-010838-8084b01
2022,huber,opex_at,-1.6763806343078611e-06,20261005-010838-8084b01
2022,huber,emp_gr1,-6.508082151412964e-06,20261005-010838-8084b01
2022,huber,rd5_at,8.773058652877808e-06,20261005-010838-8084b01
2022,huber,age,2.518296241760254e-06,20261005-010838-8084b01
2022,huber,dsale_dinv,-1.039355993270874e-06,20261005-010838-8084b01
2022,huber,dsale_drec,2.0153820514678955e-06,20261005-010838-8084b01
2022,huber,dgp_dsale,-1.959502696990967e-06,20261005-010838-8084b01
2022,huber,dsale_dsga,-1.0542571544647217e-06,20261005-010838-8084b01
2022,huber,sale_emp_gr1,-3.129243850708008e-07,20261005-010838-8084b01
2022,huber,tangibility,-1.7695128917694092e-06,20261005-010838-8084b01
2022,huber,kz_index,2.60770320892334e-08,20261005-010838-8084b01
2022,huber,ocfq_saleq_std,6.0461461544036865e-06,20261005-010838-8084b01
2022,huber,cash_at,-2.7779489755630493e-05,20261005-010838-8084b01
2022,huber,ni_ar1,4.4703483581542975e-08,20261005-010838-8084b01
2022,huber,ni_ivol,-5.04031777381897e-06,20261005-010838-8084b01
2022,huber,earnings_variability,2.380460500717163e-06,20261005-010838-8084b01
2022,huber,aliq_at,-9.529292583465576e-06,20261005-010838-8084b01
2022,huber,aliq_mat,-1.175329089164734e-05,20261005-010838-8084b01
2022,huber,seas_1_1an,1.3928860425949097e-05,20261005-010838-8084b01
2022,huber,seas_1_1na,-6.398558616638184e-05,20261005-010838-8084b01
2022,huber,seas_2_5an,-8.411705493927002e-06,20261005-010838-8084b01
2022,huber,seas_2_5na,-1.3299286365509031e-06,20261005-010838-8084b01
2022,huber,seas_6_10an,4.325062036514282e-06,20261005-010838-8084b01
2022,huber,seas_6_10na,6.07222318649292e-07,20261005-010838-8084b01
2022,huber,seas_11_15an,5.699694156646729e-07,20261005-010838-8084b01
2022,huber,seas_11_15na,-7.562339305877686e-07,20261005-010838-8084b01
2022,huber,seas_16_20an,1.9781291484832764e-06,20261005-010838-8084b01
2022,huber,seas_16_20na,-1.7508864402771e-07,20261005-010838-8084b01
2022,huber,market_equity,-1.888349652290344e-05,20261005-010838-8084b01
2022,huber,ivol_ff3_21d,-0.0001427270472049,20261005-010838-8084b01
2022,huber,ivol_capm_252d,2.9910355806350708e-05,20261005-010838-8084b01
2022,huber,ivol_capm_21d,0.0003766417503356,20261005-010838-8084b01
2022,huber,ivol_hxz4_21d,0.0001816973090171,20261005-010838-8084b01
2022,huber,rvol_21d,-6.789341568946838e-05,20261005-010838-8084b01
2022,huber,beta_60m,-8.281320333480835e-06,20261005-010838-8084b01
2022,huber,betabab_1260d,-5.900859832763672e-06,20261005-010838-8084b01
2022,huber,beta_dimson_21d,-5.360692739486694e-06,20261005-010838-8084b01
2022,huber,turnover_126d,0.0001254752278327,20261005-010838-8084b01
2022,huber,turnover_var_126d,-2.347305417060852e-05,20261005-010838-8084b01
2022,huber,dolvol_126d,9.920448064804075e-06,20261005-010838-8084b01
2022,huber,dolvol_var_126d,0.0001642331480979,20261005-010838-8084b01
2022,huber,prc,-3.628432750701904e-05,20261005-010838-8084b01
2022,huber,ami_126d,-3.676861524581909e-06,20261005-010838-8084b01
2022,huber,zero_trades_21d,0.0001126192510128,20261005-010838-8084b01
2022,huber,zero_trades_126d,0.0001666098833084,20261005-010838-8084b01
2022,huber,zero_trades_252d,9.639933705329896e-05,20261005-010838-8084b01
2022,huber,rmax1_21d,3.0275434255599976e-05,20261005-010838-8084b01
2022,huber,rskew_21d,6.705522537231445e-07,20261005-010838-8084b01
2022,huber,iskew_capm_21d,-7.003545761108398e-07,20261005-010838-8084b01
2022,huber,iskew_ff3_21d,-4.325062036514282e-06,20261005-010838-8084b01
2022,huber,iskew_hxz4_21d,-2.071261405944824e-06,20261005-010838-8084b01
2022,huber,coskew_21d,-1.8812716007232664e-06,20261005-010838-8084b01
2022,huber,ret_1_0,-5.132704973220825e-05,20261005-010838-8084b01
2022,huber,betadown_252d,-5.081295967102051e-06,20261005-010838-8084b01
2022,huber,bidaskhl_21d,-1.7423182725906372e-05,20261005-010838-8084b01
2022,huber,ret_3_1,-1.613423228263855e-05,20261005-010838-8084b01
2022,huber,ret_9_1,6.24731183052063e-05,20261005-010838-8084b01
2022,huber,ret_12_7,5.032867193222046e-05,20261005-010838-8084b01
2022,huber,corr_1260d,-7.748603820800781e-06,20261005-010838-8084b01
2022,huber,rmax5_21d,-4.5727938413619995e-05,20261005-010838-8084b01
2022,huber,rmax5_rvol_21d,1.911446452140808e-05,20261005-010838-8084b01
2022,huber,ni_be,1.2755393981933594e-05,20261005-010838-8084b01
2022,huber,ocf_at,-3.214925527572632e-05,20261005-010838-8084b01
2022,huber,ocf_at_chg1,-2.682209014892578e-07,20261005-010838-8084b01
2022,huber,mispricing_perf,4.563480615615845e-06,20261005-010838-8084b01
2022,huber,mispricing_mgmt,-1.134723424911499e-05,20261005-010838-8084b01
2022,huber,qmj,-1.7434358596801758e-06,20261005-010838-8084b01
2022,huber,qmj_prof,4.9833208322525024e-05,20261005-010838-8084b01
2022,huber,qmj_growth,-1.8030405044555664e-06,20261005-010838-8084b01
2022,huber,qmj_safety,2.4884939193725586e-06,20261005-010838-8084b01
2022,gbrt,niq_su,0.0,20261005-010838-8084b01
2022,gbrt,ret_6_1,0.0,20261005-010838-8084b01
2022,gbrt,ret_12_1,2.113357186317444e-05,20261005-010838-8084b01
2022,gbrt,saleq_su,0.0,20261005-010838-8084b01
2022,gbrt,tax_gr1a,0.0,20261005-010838-8084b01
2022,gbrt,ni_inc8q,0.0,20261005-010838-8084b01
2022,gbrt,prc_highprc_252d,2.438575029373169e-05,20261005-010838-8084b01
2022,gbrt,resff3_6_1,0.0,20261005-010838-8084b01
2022,gbrt,resff3_12_1,2.3696571588516235e-05,20261005-010838-8084b01
2022,gbrt,be_me,-1.2658536434173584e-05,20261005-010838-8084b01
2022,gbrt,debt_me,0.0,20261005-010838-8084b01
2022,gbrt,at_me,8.642673492431641e-07,20261005-010838-8084b01
2022,gbrt,ret_60_12,0.0,20261005-010838-8084b01
2022,gbrt,ni_me,0.0,20261005-010838-8084b01
2022,gbrt,fcf_me,0.0,20261005-010838-8084b01
2022,gbrt,div12m_me,-1.4901161193847656e-08,20261005-010838-8084b01
2022,gbrt,eqpo_me,0.0,20261005-010838-8084b01
2022,gbrt,eqnpo_me,0.0,20261005-010838-8084b01
2022,gbrt,sale_gr3,0.0,20261005-010838-8084b01
2022,gbrt,sale_gr1,0.0,20261005-010838-8084b01
2022,gbrt,ebitda_mev,1.813843846321106e-05,20261005-010838-8084b01
2022,gbrt,sale_me,0.0,20261005-010838-8084b01
2022,gbrt,ocf_me,3.1482428312301636e-05,20261005-010838-8084b01
2022,gbrt,ival_me,0.0,20261005-010838-8084b01
2022,gbrt,bev_mev,0.0,20261005-010838-8084b01
2022,gbrt,netdebt_me,-6.94766640663147e-06,20261005-010838-8084b01
2022,gbrt,eq_dur,0.0,20261005-010838-8084b01
2022,gbrt,capex_abn,0.0,20261005-010838-8084b01
2022,gbrt,at_gr1,0.0,20261005-010838-8084b01
2022,gbrt,ppeinv_gr1a,1.0728836059570312e-06,20261005-010838-8084b01
2022,gbrt,noa_at,0.0,20261005-010838-8084b01
2022,gbrt,noa_gr1a,2.60770320892334e-08,20261005-010838-8084b01
2022,gbrt,lnoa_gr1a,0.0,20261005-010838-8084b01
2022,gbrt,capx_gr1,0.0,20261005-010838-8084b01
2022,gbrt,capx_gr2,0.0,20261005-010838-8084b01
2022,gbrt,capx_gr3,0.0,20261005-010838-8084b01
2022,gbrt,chcsho_12m,2.399832010269165e-05,20261005-010838-8084b01
2022,gbrt,eqnpo_12m,1.7844140529632568e-06,20261005-010838-8084b01
2022,gbrt,debt_gr3,0.0,20261005-010838-8084b01
2022,gbrt,inv_gr1,0.0,20261005-010838-8084b01
2022,gbrt,inv_gr1a,0.0,20261005-010838-8084b01
2022,gbrt,oaccruals_at,0.0,20261005-010838-8084b01
2022,gbrt,taccruals_at,0.0,20261005-010838-8084b01
2022,gbrt,cowc_gr1a,0.0,20261005-010838-8084b01
2022,gbrt,coa_gr1a,0.0,20261005-010838-8084b01
2022,gbrt,col_gr1a,0.0,20261005-010838-8084b01
2022,gbrt,nncoa_gr1a,3.352761268615723e-07,20261005-010838-8084b01
2022,gbrt,ncoa_gr1a,0.0,20261005-010838-8084b01
2022,gbrt,ncol_gr1a,0.0,20261005-010838-8084b01
2022,gbrt,nfna_gr1a,0.0,20261005-010838-8084b01
2022,gbrt,sti_gr1a,0.0,20261005-010838-8084b01
2022,gbrt,lti_gr1a,-1.259148120880127e-06,20261005-010838-8084b01
2022,gbrt,fnl_gr1a,0.0,20261005-010838-8084b01
2022,gbrt,be_gr1a,0.0,20261005-010838-8084b01
2022,gbrt,oaccruals_ni,0.0,20261005-010838-8084b01
2022,gbrt,taccruals_ni,0.0,20261005-010838-8084b01
2022,gbrt,netis_at,3.8929283618927e-06,20261005-010838-8084b01
2022,gbrt,eqnetis_at,0.0,20261005-010838-8084b01
2022,gbrt,dbnetis_at,0.0,20261005-010838-8084b01
2022,gbrt,niq_be,0.0,20261005-010838-8084b01
2022,gbrt,niq_be_chg1,0.0,20261005-010838-8084b01
2022,gbrt,niq_at,0.0,20261005-010838-8084b01
2022,gbrt,niq_at_chg1,0.0,20261005-010838-8084b01
2022,gbrt,ebit_bev,0.0,20261005-010838-8084b01
2022,gbrt,ebit_sale,0.0,20261005-010838-8084b01
2022,gbrt,sale_bev,0.0,20261005-010838-8084b01
2022,gbrt,at_turnover,0.0,20261005-010838-8084b01
2022,gbrt,gp_at,0.0,20261005-010838-8084b01
2022,gbrt,gp_atl1,0.0,20261005-010838-8084b01
2022,gbrt,ope_be,0.0,20261005-010838-8084b01
2022,gbrt,ope_bel1,0.0,20261005-010838-8084b01
2022,gbrt,op_at,4.32133674621582e-06,20261005-010838-8084b01
2022,gbrt,op_atl1,0.0,20261005-010838-8084b01
2022,gbrt,cop_at,9.667128324508669e-06,20261005-010838-8084b01
2022,gbrt,cop_atl1,0.0,20261005-010838-8084b01
2022,gbrt,f_score,0.0,20261005-010838-8084b01
2022,gbrt,o_score,0.0,20261005-010838-8084b01
2022,gbrt,z_score,0.0,20261005-010838-8084b01
2022,gbrt,pi_nix,0.0,20261005-010838-8084b01
2022,gbrt,at_be,0.0,20261005-010838-8084b01
2022,gbrt,saleq_gr1,0.0,20261005-010838-8084b01
2022,gbrt,rd_me,-2.394244074821472e-05,20261005-010838-8084b01
2022,gbrt,rd_sale,1.2330710887908936e-06,20261005-010838-8084b01
2022,gbrt,opex_at,0.0,20261005-010838-8084b01
2022,gbrt,emp_gr1,0.0,20261005-010838-8084b01
2022,gbrt,rd5_at,0.0,20261005-010838-8084b01
2022,gbrt,age,0.0,20261005-010838-8084b01
2022,gbrt,dsale_dinv,0.0,20261005-010838-8084b01
2022,gbrt,dsale_drec,0.0,20261005-010838-8084b01
2022,gbrt,dgp_dsale,0.0,20261005-010838-8084b01
2022,gbrt,dsale_dsga,0.0,20261005-010838-8084b01
2022,gbrt,sale_emp_gr1,0.0,20261005-010838-8084b01
2022,gbrt,tangibility,0.0,20261005-010838-8084b01
2022,gbrt,kz_index,0.0,20261005-010838-8084b01
2022,gbrt,ocfq_saleq_std,0.0,20261005-010838-8084b01
2022,gbrt,cash_at,0.0,20261005-010838-8084b01
2022,gbrt,ni_ar1,0.0,20261005-010838-8084b01
2022,gbrt,ni_ivol,0.0,20261005-010838-8084b01
2022,gbrt,earnings_variability,0.0,20261005-010838-8084b01
2022,gbrt,aliq_at,0.0,20261005-010838-8084b01
2022,gbrt,aliq_mat,0.0,20261005-010838-8084b01
2022,gbrt,seas_1_1an,2.7567148208618164e-07,20261005-010838-8084b01
2022,gbrt,seas_1_1na,-2.6188790798187256e-06,20261005-010838-8084b01
2022,gbrt,seas_2_5an,0.0,20261005-010838-8084b01
2022,gbrt,seas_2_5na,0.0,20261005-010838-8084b01
2022,gbrt,seas_6_10an,0.0,20261005-010838-8084b01
2022,gbrt,seas_6_10na,0.0,20261005-010838-8084b01
2022,gbrt,seas_11_15an,0.0,20261005-010838-8084b01
2022,gbrt,seas_11_15na,0.0,20261005-010838-8084b01
2022,gbrt,seas_16_20an,0.0,20261005-010838-8084b01
2022,gbrt,seas_16_20na,0.0,20261005-010838-8084b01
2022,gbrt,market_equity,-2.6922672986984253e-05,20261005-010838-8084b01
2022,gbrt,ivol_ff3_21d,2.2277235984802246e-06,20261005-010838-8084b01
2022,gbrt,ivol_capm_252d,4.023313522338867e-07,20261005-010838-8084b01
2022,gbrt,ivol_capm_21d,7.286667823791504e-06,20261005-010838-8084b01
2022,gbrt,ivol_hxz4_21d,2.3502856492996216e-05,20261005-010838-8084b01
2022,gbrt,rvol_21d,-1.825392246246338e-07,20261005-010838-8084b01
2022,gbrt,beta_60m,0.0,20261005-010838-8084b01
2022,gbrt,betabab_1260d,0.0,20261005-010838-8084b01
2022,gbrt,beta_dimson_21d,0.0,20261005-010838-8084b01
2022,gbrt,turnover_126d,1.7624348402023315e-05,20261005-010838-8084b01
2022,gbrt,turnover_var_126d,0.0,20261005-010838-8084b01
2022,gbrt,dolvol_126d,4.589557647705078e-06,20261005-010838-8084b01
2022,gbrt,dolvol_var_126d,0.0,20261005-010838-8084b01
2022,gbrt,prc,-9.909272193908691e-06,20261005-010838-8084b01
2022,gbrt,ami_126d,1.1920928955078125e-07,20261005-010838-8084b01
2022,gbrt,zero_trades_21d,1.6763806343078613e-07,20261005-010838-8084b01
2022,gbrt,zero_trades_126d,0.0,20261005-010838-8084b01
2022,gbrt,zero_trades_252d,9.562820196151732e-06,20261005-010838-8084b01
2022,gbrt,rmax1_21d,1.2505799531936646e-05,20261005-010838-8084b01
2022,gbrt,rskew_21d,0.0,20261005-010838-8084b01
2022,gbrt,iskew_capm_21d,0.0,20261005-010838-8084b01
2022,gbrt,iskew_ff3_21d,0.0,20261005-010838-8084b01
2022,gbrt,iskew_hxz4_21d,0.0,20261005-010838-8084b01
2022,gbrt,coskew_21d,0.0,20261005-010838-8084b01
2022,gbrt,ret_1_0,-2.2172927856445312e-05,20261005-010838-8084b01
2022,gbrt,betadown_252d,0.0,20261005-010838-8084b01
2022,gbrt,bidaskhl_21d,0.0,20261005-010838-8084b01
2022,gbrt,ret_3_1,0.0,20261005-010838-8084b01
2022,gbrt,ret_9_1,3.378838300704956e-06,20261005-010838-8084b01
2022,gbrt,ret_12_7,5.289912223815918e-07,20261005-010838-8084b01
2022,gbrt,corr_1260d,0.0,20261005-010838-8084b01
2022,gbrt,rmax5_21d,5.65648078918457e-05,20261005-010838-8084b01
2022,gbrt,rmax5_rvol_21d,3.166496753692627e-07,20261005-010838-8084b01
2022,gbrt,ni_be,0.0,20261005-010838-8084b01
2022,gbrt,ocf_at,0.0,20261005-010838-8084b01
2022,gbrt,ocf_at_chg1,0.0,20261005-010838-8084b01
2022,gbrt,mispricing_perf,2.9783695936203003e-05,20261005-010838-8084b01
2022,gbrt,mispricing_mgmt,5.967915058135986e-06,20261005-010838-8084b01
2022,gbrt,qmj,0.0,20261005-010838-8084b01
2022,gbrt,qmj_prof,0.0,20261005-010838-8084b01
2022,gbrt,qmj_growth,0.0,20261005-010838-8084b01
2022,gbrt,qmj_safety,0.0,20261005-010838-8084b01
2024,huber,niq_su,1.043081283569336e-07,20261005-010838-8084b01
2024,huber,ret_6_1,2.3990869522094727e-06,20261005-010838-8084b01
2024,huber,ret_12_1,7.212162017822266e-06,20261005-010838-8084b01
2024,huber,saleq_su,3.576278686523438e-07,20261005-010838-8084b01
2024,huber,tax_gr1a,3.278255462646485e-07,20261005-010838-8084b01
2024,huber,ni_inc8q,-1.1920928955078125e-07,20261005-010838-8084b01
2024,huber,prc_highprc_252d,1.3500452041625977e-05,20261005-010838-8084b01
2024,huber,resff3_6_1,3.1888484954833984e-06,20261005-010838-8084b01
2024,huber,resff3_12_1,1.7434358596801758e-06,20261005-010838-8084b01
2024,huber,be_me,5.772709846496582e-05,20261005-010838-8084b01
2024,huber,debt_me,2.130866050720215e-06,20261005-010838-8084b01
2024,huber,at_me,1.6391277313232422e-06,20261005-010838-8084b01
2024,huber,ret_60_12,-1.3262033462524414e-06,20261005-010838-8084b01
2024,huber,ni_me,-7.107853889465332e-06,20261005-010838-8084b01
2024,huber,fcf_me,4.023313522338867e-07,20261005-010838-8084b01
2024,huber,div12m_me,8.940696716308596e-08,20261005-010838-8084b01
2024,huber,eqpo_me,2.1442770957946777e-05,20261005-010838-8084b01
2024,huber,eqnpo_me,-1.430511474609375e-06,20261005-010838-8084b01
2024,huber,sale_gr3,-6.854534149169922e-07,20261005-010838-8084b01
2024,huber,sale_gr1,2.7418136596679688e-06,20261005-010838-8084b01
2024,huber,ebitda_mev,4.4405460357666016e-06,20261005-010838-8084b01
2024,huber,sale_me,2.518296241760254e-06,20261005-010838-8084b01
2024,huber,ocf_me,-1.96695327758789e-06,20261005-010838-8084b01
2024,huber,ival_me,1.0132789611816406e-06,20261005-010838-8084b01
2024,huber,bev_mev,9.34302806854248e-06,20261005-010838-8084b01
2024,huber,netdebt_me,1.4916062355041504e-05,20261005-010838-8084b01
2024,huber,eq_dur,-4.708766937255859e-06,20261005-010838-8084b01
2024,huber,capex_abn,-1.4901161193847656e-07,20261005-010838-8084b01
2024,huber,at_gr1,-1.0281801223754885e-06,20261005-010838-8084b01
2024,huber,ppeinv_gr1a,2.7865171432495117e-06,20261005-010838-8084b01
2024,huber,noa_at,2.428889274597168e-05,20261005-010838-8084b01
2024,huber,noa_gr1a,2.4139881134033203e-06,20261005-010838-8084b01
2024,huber,lnoa_gr1a,-4.76837158203125e-07,20261005-010838-8084b01
2024,huber,capx_gr1,2.6971101760864258e-06,20261005-010838-8084b01
2024,huber,capx_gr2,1.2218952178955078e-06,20261005-010838-8084b01
2024,huber,capx_gr3,6.258487701416016e-07,20261005-010838-8084b01
2024,huber,chcsho_12m,1.9371509552001953e-06,20261005-010838-8084b01
2024,huber,eqnpo_12m,1.1801719665527344e-05,20261005-010838-8084b01
2024,huber,debt_gr3,-1.9222497940063477e-06,20261005-010838-8084b01
2024,huber,inv_gr1,-1.043081283569336e-07,20261005-010838-8084b01
2024,huber,inv_gr1a,1.4901161193847656e-06,20261005-010838-8084b01
2024,huber,oaccruals_at,-7.450580596923828e-08,20261005-010838-8084b01
2024,huber,taccruals_at,-8.344650268554688e-07,20261005-010838-8084b01
2024,huber,cowc_gr1a,1.1920928955078125e-07,20261005-010838-8084b01
2024,huber,coa_gr1a,-1.2665987014770508e-06,20261005-010838-8084b01
2024,huber,col_gr1a,1.341104507446289e-07,20261005-010838-8084b01
2024,huber,nncoa_gr1a,-1.4603137969970703e-06,20261005-010838-8084b01
2024,huber,ncoa_gr1a,6.571412086486816e-06,20261005-010838-8084b01
2024,huber,ncol_gr1a,-1.0579824447631836e-06,20261005-010838-8084b01
2024,huber,nfna_gr1a,-7.003545761108398e-07,20261005-010838-8084b01
2024,huber,sti_gr1a,-6.407499313354492e-07,20261005-010838-8084b01
2024,huber,lti_gr1a,-9.387731552124024e-07,20261005-010838-8084b01
2024,huber,fnl_gr1a,2.2202730178833008e-06,20261005-010838-8084b01
2024,huber,be_gr1a,1.6361474990844727e-05,20261005-010838-8084b01
2024,huber,oaccruals_ni,-1.2516975402832031e-06,20261005-010838-8084b01
2024,huber,taccruals_ni,5.662441253662109e-07,20261005-010838-8084b01
2024,huber,netis_at,-9.08970832824707e-07,20261005-010838-8084b01
2024,huber,eqnetis_at,-1.6093254089355469e-06,20261005-010838-8084b01
2024,huber,dbnetis_at,1.2069940567016602e-06,20261005-010838-8084b01
2024,huber,niq_be,-5.796551704406738e-06,20261005-010838-8084b01
2024,huber,niq_be_chg1,1.6540288925170898e-06,20261005-010838-8084b01
2024,huber,niq_at,-8.344650268554688e-07,20261005-010838-8084b01
2024,huber,niq_at_chg1,1.1771917343139648e-06,20261005-010838-8084b01
2024,huber,ebit_bev,1.5929341316223145e-05,20261005-010838-8084b01
2024,huber,ebit_sale,1.3709068298339844e-06,20261005-010838-8084b01
2024,huber,sale_bev,2.384185791015625e-06,20261005-010838-8084b01
2024,huber,at_turnover,-5.513429641723633e-07,20261005-010838-8084b01
2024,huber,gp_at,-4.470348358154297e-07,20261005-010838-8084b01
2024,huber,gp_atl1,1.986324787139893e-05,20261005-010838-8084b01
2024,huber,ope_be,1.5050172805786133e-06,20261005-010838-8084b01
2024,huber,ope_bel1,-2.6673078536987305e-06,20261005-010838-8084b01
2024,huber,op_at,-1.1920928955078123e-05,20261005-010838-8084b01
2024,huber,op_atl1,-5.945563316345215e-06,20261005-010838-8084b01
2024,huber,cop_at,-2.0265579223632812e-06,20261005-010838-8084b01
2024,huber,cop_atl1,4.976987838745117e-06,20261005-010838-8084b01
2024,huber,f_score,1.385807991027832e-06,20261005-010838-8084b01
2024,huber,o_score,2.987682819366455e-05,20261005-010838-8084b01
2024,huber,z_score,-9.685754776000977e-07,20261005-010838-8084b01
2024,huber,pi_nix,-2.9802322387695312e-08,20261005-010838-8084b01
2024,huber,at_be,2.250075340270996e-06,20261005-010838-8084b01
2024,huber,saleq_gr1,3.0100345611572266e-06,20261005-010838-8084b01
2024,huber,rd_me,2.206861972808838e-05,20261005-010838-8084b01
2024,huber,rd_sale,-3.8743019104003906e-07,20261005-010838-8084b01
2024,huber,opex_at,1.9729137420654297e-05,20261005-010838-8084b01
2024,huber,emp_gr1,-1.6540288925170898e-06,20261005-010838-8084b01
2024,huber,rd5_at,3.993511199951172e-06,20261005-010838-8084b01
2024,huber,age,-8.940696716308596e-08,20261005-010838-8084b01
2024,huber,dsale_dinv,9.685754776000977e-07,20261005-010838-8084b01
2024,huber,dsale_drec,-2.980232238769531e-07,20261005-010838-8084b01
2024,huber,dgp_dsale,2.816319465637207e-06,20261005-010838-8084b01
2024,huber,dsale_dsga,1.9371509552001953e-07,20261005-010838-8084b01
2024,huber,sale_emp_gr1,7.450580596923828e-07,20261005-010838-8084b01
2024,huber,tangibility,2.294778823852539e-06,20261005-010838-8084b01
2024,huber,kz_index,2.950429916381836e-06,20261005-010838-8084b01
2024,huber,ocfq_saleq_std,-3.1441450119018555e-06,20261005-010838-8084b01
2024,huber,cash_at,6.884336471557617e-06,20261005-010838-8084b01
2024,huber,ni_ar1,7.450580596923828e-08,20261005-010838-8084b01
2024,huber,ni_ivol,-3.0547380447387695e-06,20261005-010838-8084b01
2024,huber,earnings_variability,1.6540288925170898e-06,20261005-010838-8084b01
2024,huber,aliq_at,8.881092071533203e-06,20261005-010838-8084b01
2024,huber,aliq_mat,-6.556510925292969e-07,20261005-010838-8084b01
2024,huber,seas_1_1an,-1.2367963790893557e-06,20261005-010838-8084b01
2024,huber,seas_1_1na,3.740191459655762e-05,20261005-010838-8084b01
2024,huber,seas_2_5an,-3.978610038757324e-06,20261005-010838-8084b01
2024,huber,seas_2_5na,5.5283308029174805e-06,20261005-010838-8084b01
2024,huber,seas_6_10an,9.864568710327148e-06,20261005-010838-8084b01
2024,huber,seas_6_10na,-1.5348196029663086e-06,20261005-010838-8084b01
2024,huber,seas_11_15an,1.877546310424805e-06,20261005-010838-8084b01
2024,huber,seas_11_15na,1.728534698486328e-06,20261005-010838-8084b01
2024,huber,seas_16_20an,-2.905726432800293e-06,20261005-010838-8084b01
2024,huber,seas_16_20na,-5.811452865600586e-07,20261005-010838-8084b01
2024,huber,market_equity,1.043081283569336e-06,20261005-010838-8084b01
2024,huber,ivol_ff3_21d,0.0001679211854934,20261005-010838-8084b01
2024,huber,ivol_capm_252d,-7.88271427154541e-06,20261005-010838-8084b01
2024,huber,ivol_capm_21d,4.142522811889648e-05,20261005-010838-8084b01
2024,huber,ivol_hxz4_21d,1.138448715209961e-05,20261005-010838-8084b01
2024,huber,rvol_21d,1.5243887901306152e-05,20261005-010838-8084b01
2024,huber,beta_60m,-1.877546310424805e-06,20261005-010838-8084b01
2024,huber,betabab_1260d,-1.1473894119262695e-06,20261005-010838-8084b01
2024,huber,beta_dimson_21d,6.556510925292969e-07,20261005-010838-8084b01
2024,huber,turnover_126d,2.8133392333984375e-05,20261005-010838-8084b01
2024,huber,turnover_var_126d,0.0001216232776641,20261005-010838-8084b01
2024,huber,dolvol_126d,-4.649162292480469e-06,20261005-010838-8084b01
2024,huber,dolvol_var_126d,6.945431232452393e-05,20261005-010838-8084b01
2024,huber,prc,6.67572021484375e-06,20261005-010838-8084b01
2024,huber,ami_126d,7.3462724685668945e-06,20261005-010838-8084b01
2024,huber,zero_trades_21d,0.0001341253519058,20261005-010838-8084b01
2024,huber,zero_trades_126d,1.5527009963989258e-05,20261005-010838-8084b01
2024,huber,zero_trades_252d,1.940131187438965e-05,20261005-010838-8084b01
2024,huber,rmax1_21d,-7.510185241699219e-06,20261005-010838-8084b01
2024,huber,rskew_21d,-8.940696716308596e-08,20261005-010838-8084b01
2024,huber,iskew_capm_21d,2.205371856689453e-06,20261005-010838-8084b01
2024,huber,iskew_ff3_21d,5.766749382019043e-06,20261005-010838-8084b01
2024,huber,iskew_hxz4_21d,3.4123659133911133e-06,20261005-010838-8084b01
2024,huber,coskew_21d,0.0,20261005-010838-8084b01
2024,huber,ret_1_0,1.3008713722229004e-05,20261005-010838-8084b01
2024,huber,betadown_252d,1.296401023864746e-06,20261005-010838-8084b01
2024,huber,bidaskhl_21d,7.897615432739258e-07,20261005-010838-8084b01
2024,huber,ret_3_1,3.4868717193603516e-06,20261005-010838-8084b01
2024,huber,ret_9_1,8.627772331237793e-06,20261005-010838-8084b01
2024,huber,ret_12_7,1.5273690223693848e-05,20261005-010838-8084b01
2024,huber,corr_1260d,6.601214408874512e-06,20261005-010838-8084b01
2024,huber,rmax5_21d,7.167458534240723e-06,20261005-010838-8084b01
2024,huber,rmax5_rvol_21d,6.079673767089844e-06,20261005-010838-8084b01
2024,huber,ni_be,1.5944242477416992e-06,20261005-010838-8084b01
2024,huber,ocf_at,1.1727213859558104e-05,20261005-010838-8084b01
2024,huber,ocf_at_chg1,-2.384185791015625e-07,20261005-010838-8084b01
2024,huber,mispricing_perf,4.351139068603516e-06,20261005-010838-8084b01
2024,huber,mispricing_mgmt,-2.980232238769531e-07,20261005-010838-8084b01
2024,huber,qmj,6.899237632751465e-06,20261005-010838-8084b01
2024,huber,qmj_prof,-4.366040229797363e-06,20261005-010838-8084b01
2024,huber,qmj_growth,1.609325408935547e-05,20261005-010838-8084b01
2024,huber,qmj_safety,3.576278686523438e-07,20261005-010838-8084b01
2024,gbrt,niq_su,0.0,20261005-010838-8084b01
2024,gbrt,ret_6_1,1.564621925354004e-06,20261005-010838-8084b01
2024,gbrt,ret_12_1,1.4483928680419922e-05,20261005-010838-8084b01
2024,gbrt,saleq_su,0.0,20261005-010838-8084b01
2024,gbrt,tax_gr1a,0.0,20261005-010838-8084b01
2024,gbrt,ni_inc8q,0.0,20261005-010838-8084b01
2024,gbrt,prc_highprc_252d,2.0369887351989743e-05,20261005-010838-8084b01
2024,gbrt,resff3_6_1,0.0,20261005-010838-8084b01
2024,gbrt,resff3_12_1,1.4156103134155271e-06,20261005-010838-8084b01
2024,gbrt,be_me,3.992021083831787e-05,20261005-010838-8084b01
2024,gbrt,debt_me,3.0100345611572266e-06,20261005-010838-8084b01
2024,gbrt,at_me,2.428889274597168e-06,20261005-010838-8084b01
2024,gbrt,ret_60_12,0.0,20261005-010838-8084b01
2024,gbrt,ni_me,2.0265579223632812e-06,20261005-010838-8084b01
2024,gbrt,fcf_me,1.4156103134155271e-06,20261005-010838-8084b01
2024,gbrt,div12m_me,3.376603126525879e-05,20261005-010838-8084b01
2024,gbrt,eqpo_me,-9.5367431640625e-07,20261005-010838-8084b01
2024,gbrt,eqnpo_me,-6.407499313354492e-07,20261005-010838-8084b01
2024,gbrt,sale_gr3,0.0,20261005-010838-8084b01
2024,gbrt,sale_gr1,0.0,20261005-010838-8084b01
2024,gbrt,ebitda_mev,4.4405460357666016e-06,20261005-010838-8084b01
2024,gbrt,sale_me,0.0,20261005-010838-8084b01
2024,gbrt,ocf_me,8.970499038696289e-06,20261005-010838-8084b01
2024,gbrt,ival_me,0.0,20261005-010838-8084b01
2024,gbrt,bev_mev,2.3245811462402344e-06,20261005-010838-8084b01
2024,gbrt,netdebt_me,8.031725883483887e-06,20261005-010838-8084b01
2024,gbrt,eq_dur,0.0,20261005-010838-8084b01
2024,gbrt,capex_abn,0.0,20261005-010838-8084b01
2024,gbrt,at_gr1,0.0,20261005-010838-8084b01
2024,gbrt,ppeinv_gr1a,9.08970832824707e-07,20261005-010838-8084b01
2024,gbrt,noa_at,-4.9620866775512695e-06,20261005-010838-8084b01
2024,gbrt,noa_gr1a,-6.854534149169922e-07,20261005-010838-8084b01
2024,gbrt,lnoa_gr1a,0.0,20261005-010838-8084b01
2024,gbrt,capx_gr1,0.0,20261005-010838-8084b01
2024,gbrt,capx_gr2,0.0,20261005-010838-8084b01
2024,gbrt,capx_gr3,0.0,20261005-010838-8084b01
2024,gbrt,chcsho_12m,1.9490718841552734e-05,20261005-010838-8084b01
2024,gbrt,eqnpo_12m,5.766749382019043e-06,20261005-010838-8084b01
2024,gbrt,debt_gr3,0.0,20261005-010838-8084b01
2024,gbrt,inv_gr1,0.0,20261005-010838-8084b01
2024,gbrt,inv_gr1a,1.1920928955078125e-07,20261005-010838-8084b01
2024,gbrt,oaccruals_at,0.0,20261005-010838-8084b01
2024,gbrt,taccruals_at,0.0,20261005-010838-8084b01
2024,gbrt,cowc_gr1a,0.0,20261005-010838-8084b01
2024,gbrt,coa_gr1a,0.0,20261005-010838-8084b01
2024,gbrt,col_gr1a,0.0,20261005-010838-8084b01
2024,gbrt,nncoa_gr1a,0.0,20261005-010838-8084b01
2024,gbrt,ncoa_gr1a,0.0,20261005-010838-8084b01
2024,gbrt,ncol_gr1a,0.0,20261005-010838-8084b01
2024,gbrt,nfna_gr1a,0.0,20261005-010838-8084b01
2024,gbrt,sti_gr1a,0.0,20261005-010838-8084b01
2024,gbrt,lti_gr1a,-2.384185791015625e-07,20261005-010838-8084b01
2024,gbrt,fnl_gr1a,5.960464477539065e-08,20261005-010838-8084b01
2024,gbrt,be_gr1a,0.0,20261005-010838-8084b01
2024,gbrt,oaccruals_ni,0.0,20261005-010838-8084b01
2024,gbrt,taccruals_ni,0.0,20261005-010838-8084b01
2024,gbrt,netis_at,1.1473894119262695e-06,20261005-010838-8084b01
2024,gbrt,eqnetis_at,2.5331974029541016e-06,20261005-010838-8084b01
2024,gbrt,dbnetis_at,-4.76837158203125e-07,20261005-010838-8084b01
2024,gbrt,niq_be,7.748603820800781e-06,20261005-010838-8084b01
2024,gbrt,niq_be_chg1,8.642673492431641e-07,20261005-010838-8084b01
2024,gbrt,niq_at,2.250075340270996e-06,20261005-010838-8084b01
2024,gbrt,niq_at_chg1,0.0,20261005-010838-8084b01
2024,gbrt,ebit_bev,0.0,20261005-010838-8084b01
2024,gbrt,ebit_sale,0.0,20261005-010838-8084b01
2024,gbrt,sale_bev,0.0,20261005-010838-8084b01
2024,gbrt,at_turnover,0.0,20261005-010838-8084b01
2024,gbrt,gp_at,0.0,20261005-010838-8084b01
2024,gbrt,gp_atl1,0.0,20261005-010838-8084b01
2024,gbrt,ope_be,0.0,20261005-010838-8084b01
2024,gbrt,ope_bel1,0.0,20261005-010838-8084b01
2024,gbrt,op_at,3.4421682357788086e-06,20261005-010838-8084b01
2024,gbrt,op_atl1,1.4603137969970703e-06,20261005-010838-8084b01
2024,gbrt,cop_at,1.0222196578979492e-05,20261005-010838-8084b01
2024,gbrt,cop_atl1,0.0,20261005-010838-8084b01
2024,gbrt,f_score,0.0,20261005-010838-8084b01
2024,gbrt,o_score,0.0,20261005-010838-8084b01
2024,gbrt,z_score,0.0,20261005-010838-8084b01
2024,gbrt,pi_nix,0.0,20261005-010838-8084b01
2024,gbrt,at_be,0.0,20261005-010838-8084b01
2024,gbrt,saleq_gr1,0.0,20261005-010838-8084b01
2024,gbrt,rd_me,-4.1991472244262695e-05,20261005-010838-8084b01
2024,gbrt,rd_sale,0.0,20261005-010838-8084b01
2024,gbrt,opex_at,-2.980232238769531e-07,20261005-010838-8084b01
2024,gbrt,emp_gr1,0.0,20261005-010838-8084b01
2024,gbrt,rd5_at,5.066394805908203e-07,20261005-010838-8084b01
2024,gbrt,age,8.940696716308594e-07,20261005-010838-8084b01
2024,gbrt,dsale_dinv,0.0,20261005-010838-8084b01
2024,gbrt,dsale_drec,0.0,20261005-010838-8084b01
2024,gbrt,dgp_dsale,0.0,20261005-010838-8084b01
2024,gbrt,dsale_dsga,0.0,20261005-010838-8084b01
2024,gbrt,sale_emp_gr1,0.0,20261005-010838-8084b01
2024,gbrt,tangibility,-1.3560056686401367e-06,20261005-010838-8084b01
2024,gbrt,kz_index,0.0,20261005-010838-8084b01
2024,gbrt,ocfq_saleq_std,0.0,20261005-010838-8084b01
2024,gbrt,cash_at,2.831220626831055e-07,20261005-010838-8084b01
2024,gbrt,ni_ar1,0.0,20261005-010838-8084b01
2024,gbrt,ni_ivol,0.0,20261005-010838-8084b01
2024,gbrt,earnings_variability,0.0,20261005-010838-8084b01
2024,gbrt,aliq_at,0.0,20261005-010838-8084b01
2024,gbrt,aliq_mat,0.0,20261005-010838-8084b01
2024,gbrt,seas_1_1an,8.508563041687012e-06,20261005-010838-8084b01
2024,gbrt,seas_1_1na,3.457069396972656e-06,20261005-010838-8084b01
2024,gbrt,seas_2_5an,2.7418136596679688e-06,20261005-010838-8084b01
2024,gbrt,seas_2_5na,0.0,20261005-010838-8084b01
2024,gbrt,seas_6_10an,0.0,20261005-010838-8084b01
2024,gbrt,seas_6_10na,0.0,20261005-010838-8084b01
2024,gbrt,seas_11_15an,0.0,20261005-010838-8084b01
2024,gbrt,seas_11_15na,0.0,20261005-010838-8084b01
2024,gbrt,seas_16_20an,0.0,20261005-010838-8084b01
2024,gbrt,seas_16_20na,0.0,20261005-010838-8084b01
2024,gbrt,market_equity,9.387731552124023e-06,20261005-010838-8084b01
2024,gbrt,ivol_ff3_21d,7.748603820800781e-07,20261005-010838-8084b01
2024,gbrt,ivol_capm_252d,1.8328428268432615e-06,20261005-010838-8084b01
2024,gbrt,ivol_capm_21d,4.336237907409668e-06,20261005-010838-8084b01
2024,gbrt,ivol_hxz4_21d,3.357231616973877e-05,20261005-010838-8084b01
2024,gbrt,rvol_21d,0.0,20261005-010838-8084b01
2024,gbrt,beta_60m,0.0,20261005-010838-8084b01
2024,gbrt,betabab_1260d,0.0,20261005-010838-8084b01
2024,gbrt,beta_dimson_21d,0.0,20261005-010838-8084b01
2024,gbrt,turnover_126d,8.164346218109131e-05,20261005-010838-8084b01
2024,gbrt,turnover_var_126d,-4.0084123611450195e-06,20261005-010838-8084b01
2024,gbrt,dolvol_126d,1.9222497940063477e-06,20261005-010838-8084b01
2024,gbrt,dolvol_var_126d,0.0,20261005-010838-8084b01
2024,gbrt,prc,5.364418029785156e-07,20261005-010838-8084b01
2024,gbrt,ami_126d,2.235174179077149e-07,20261005-010838-8084b01
2024,gbrt,zero_trades_21d,2.0310282707214355e-05,20261005-010838-8084b01
2024,gbrt,zero_trades_126d,2.2724270820617676e-05,20261005-010838-8084b01
2024,gbrt,zero_trades_252d,1.138448715209961e-05,20261005-010838-8084b01
2024,gbrt,rmax1_21d,-1.0579824447631836e-06,20261005-010838-8084b01
2024,gbrt,rskew_21d,0.0,20261005-010838-8084b01
2024,gbrt,iskew_capm_21d,0.0,20261005-010838-8084b01
2024,gbrt,iskew_ff3_21d,0.0,20261005-010838-8084b01
2024,gbrt,iskew_hxz4_21d,0.0,20261005-010838-8084b01
2024,gbrt,coskew_21d,0.0,20261005-010838-8084b01
2024,gbrt,ret_1_0,2.2873282432556152e-05,20261005-010838-8084b01
2024,gbrt,betadown_252d,0.0,20261005-010838-8084b01
2024,gbrt,bidaskhl_21d,8.091330528259277e-06,20261005-010838-8084b01
2024,gbrt,ret_3_1,-4.470348358154297e-06,20261005-010838-8084b01
2024,gbrt,ret_9_1,2.2351741790771484e-06,20261005-010838-8084b01
2024,gbrt,ret_12_7,-7.748603820800781e-07,20261005-010838-8084b01
2024,gbrt,corr_1260d,0.0,20261005-010838-8084b01
2024,gbrt,rmax5_21d,8.666515350341797e-05,20261005-010838-8084b01
2024,gbrt,rmax5_rvol_21d,0.0,20261005-010838-8084b01
2024,gbrt,ni_be,5.960464477539065e-08,20261005-010838-8084b01
2024,gbrt,ocf_at,-8.046627044677734e-07,20261005-010838-8084b01
2024,gbrt,ocf_at_chg1,0.0,20261005-010838-8084b01
2024,gbrt,mispricing_perf,1.5735626220703125e-05,20261005-010838-8084b01
2024,gbrt,mispricing_mgmt,9.238719940185548e-07,20261005-010838-8084b01
2024,gbrt,qmj,0.0,20261005-010838-8084b01
2024,gbrt,qmj_prof,0.0,20261005-010838-8084b01
2024,gbrt,qmj_growth,0.0,20261005-010838-8084b01
2024,gbrt,qmj_safety,0.0,20261005-010838-8084b01
1996,nn3,niq_su,9.685754776000977e-08,20261005-010838-8084b01
1996,nn3,ret_6_1,7.90134072303772e-06,20261005-010838-8084b01
1996,nn3,ret_12_1,-4.820525646209717e-06,20261005-010838-8084b01
1996,nn3,saleq_su,3.1813979148864746e-06,20261005-010838-8084b01
1996,nn3,tax_gr1a,2.7939677238464355e-06,20261005-010838-8084b01
1996,nn3,ni_inc8q,1.0468065738677979e-05,20261005-010838-8084b01
1996,nn3,prc_highprc_252d,1.7240643501281738e-05,20261005-010838-8084b01
1996,nn3,resff3_6_1,6.787478923797607e-06,20261005-010838-8084b01
1996,nn3,resff3_12_1,2.6561319828033447e-06,20261005-010838-8084b01
1996,nn3,be_me,6.447359919548035e-05,20261005-010838-8084b01
1996,nn3,debt_me,-2.9802322387695312e-08,20261005-010838-8084b01
1996,nn3,at_me,9.924173355102539e-06,20261005-010838-8084b01
1996,nn3,ret_60_12,1.9259750843048096e-06,20261005-010838-8084b01
1996,nn3,ni_me,-2.421438694000244e-07,20261005-010838-8084b01
1996,nn3,fcf_me,4.6938657760620117e-07,20261005-010838-8084b01
1996,nn3,div12m_me,4.94346022605896e-06,20261005-010838-8084b01
1996,nn3,eqpo_me,-1.1436641216278076e-06,20261005-010838-8084b01
1996,nn3,eqnpo_me,2.812594175338745e-06,20261005-010838-8084b01
1996,nn3,sale_gr3,1.7434358596801758e-06,20261005-010838-8084b01
1996,nn3,sale_gr1,-3.8035213947296143e-06,20261005-010838-8084b01
1996,nn3,ebitda_mev,7.029622793197632e-06,20261005-010838-8084b01
1996,nn3,sale_me,1.751631498336792e-05,20261005-010838-8084b01
1996,nn3,ocf_me,1.5348196029663086e-05,20261005-010838-8084b01
1996,nn3,ival_me,4.325062036514282e-06,20261005-010838-8084b01
1996,nn3,bev_mev,2.7567148208618164e-07,20261005-010838-8084b01
1996,nn3,netdebt_me,-7.264316082000732e-07,20261005-010838-8084b01
1996,nn3,eq_dur,3.1404197216033936e-06,20261005-010838-8084b01
1996,nn3,capex_abn,6.146728992462158e-07,20261005-010838-8084b01
1996,nn3,at_gr1,-5.502253770828247e-06,20261005-010838-8084b01
1996,nn3,ppeinv_gr1a,5.111098289489746e-06,20261005-010838-8084b01
1996,nn3,noa_at,5.166977643966675e-06,20261005-010838-8084b01
1996,nn3,noa_gr1a,-2.0153820514678955e-06,20261005-010838-8084b01
1996,nn3,lnoa_gr1a,4.291534423828125e-06,20261005-010838-8084b01
1996,nn3,capx_gr1,2.4959444999694824e-06,20261005-010838-8084b01
1996,nn3,capx_gr2,-6.109476089477539e-07,20261005-010838-8084b01
1996,nn3,capx_gr3,2.60770320892334e-08,20261005-010838-8084b01
1996,nn3,chcsho_12m,1.0166317224502563e-05,20261005-010838-8084b01
1996,nn3,eqnpo_12m,-1.862645149230957e-08,20261005-010838-8084b01
1996,nn3,debt_gr3,5.587935447692871e-06,20261005-010838-8084b01
1996,nn3,inv_gr1,-5.62518835067749e-07,20261005-010838-8084b01
1996,nn3,inv_gr1a,8.158385753631592e-07,20261005-010838-8084b01
1996,nn3,oaccruals_at,2.9169023036956787e-06,20261005-010838-8084b01
1996,nn3,taccruals_at,3.7923455238342285e-06,20261005-010838-8084b01
1996,nn3,cowc_gr1a,-2.9578804969787598e-06,20261005-010838-8084b01
1996,nn3,coa_gr1a,4.902482032775879e-06,20261005-010838-8084b01
1996,nn3,col_gr1a,1.2703239917755127e-06,20261005-010838-8084b01
1996,nn3,nncoa_gr1a,-4.991888999938965e-07,20261005-010838-8084b01
1996,nn3,ncoa_gr1a,-2.346932888031006e-06,20261005-010838-8084b01
1996,nn3,ncol_gr1a,1.210719347000122e-06,20261005-010838-8084b01
1996,nn3,nfna_gr1a,3.635883331298828e-06,20261005-010838-8084b01
1996,nn3,sti_gr1a,-2.2314488887786865e-06,20261005-010838-8084b01
1996,nn3,lti_gr1a,-1.519918441772461e-06,20261005-010838-8084b01
1996,nn3,fnl_gr1a,4.038214683532715e-06,20261005-010838-8084b01
1996,nn3,be_gr1a,2.934783697128296e-05,20261005-010838-8084b01
1996,nn3,oaccruals_ni,-2.037733793258667e-06,20261005-010838-8084b01
1996,nn3,taccruals_ni,-1.4826655387878418e-06,20261005-010838-8084b01
1996,nn3,netis_at,-1.1213123798370361e-06,20261005-010838-8084b01
1996,nn3,eqnetis_at,6.709247827529907e-06,20261005-010838-8084b01
1996,nn3,dbnetis_at,9.052455425262451e-07,20261005-010838-8084b01
1996,nn3,niq_be,-3.8743019104003906e-07,20261005-010838-8084b01
1996,nn3,niq_be_chg1,-4.023313522338867e-06,20261005-010838-8084b01
1996,nn3,niq_at,-6.448477506637573e-06,20261005-010838-8084b01
1996,nn3,niq_at_chg1,-1.7434358596801758e-06,20261005-010838-8084b01
1996,nn3,ebit_bev,-5.755573511123657e-06,20261005-010838-8084b01
1996,nn3,ebit_sale,4.24310564994812e-06,20261005-010838-8084b01
1996,nn3,sale_bev,-1.1622905731201172e-06,20261005-010838-8084b01
1996,nn3,at_turnover,3.3080577850341797e-06,20261005-010838-8084b01
1996,nn3,gp_at,6.057322025299072e-06,20261005-010838-8084b01
1996,nn3,gp_atl1,-9.387731552124023e-07,20261005-010838-8084b01
1996,nn3,ope_be,-3.039836883544922e-06,20261005-010838-8084b01
1996,nn3,ope_bel1,-2.7194619178771973e-07,20261005-010838-8084b01
1996,nn3,op_at,5.766749382019043e-06,20261005-010838-8084b01
1996,nn3,op_atl1,4.656612873077393e-06,20261005-010838-8084b01
1996,nn3,cop_at,3.6247074604034424e-06,20261005-010838-8084b01
1996,nn3,cop_atl1,2.7194619178771973e-06,20261005-010838-8084b01
1996,nn3,f_score,-1.2852251529693604e-06,20261005-010838-8084b01
1996,nn3,o_score,1.0274350643157959e-05,20261005-010838-8084b01
1996,nn3,z_score,5.017966032028198e-06,20261005-010838-8084b01
1996,nn3,pi_nix,2.7939677238464355e-07,20261005-010838-8084b01
1996,nn3,at_be,5.621463060379028e-06,20261005-010838-8084b01
1996,nn3,saleq_gr1,3.6545097827911377e-06,20261005-010838-8084b01
1996,nn3,rd_me,1.842901110649109e-05,20261005-010838-8084b01
1996,nn3,rd_sale,-1.8589198589324951e-06,20261005-010838-8084b01
1996,nn3,opex_at,-1.3373792171478271e-06,20261005-010838-8084b01
1996,nn3,emp_gr1,1.2665987014770508e-07,20261005-010838-8084b01
1996,nn3,rd5_at,-1.0095536708831787e-06,20261005-010838-8084b01
1996,nn3,age,2.477318048477173e-05,20261005-010838-8084b01
1996,nn3,dsale_dinv,1.955777406692505e-06,20261005-010838-8084b01
1996,nn3,dsale_drec,7.450580596923828e-09,20261005-010838-8084b01
1996,nn3,dgp_dsale,-3.6135315895080566e-07,20261005-010838-8084b01
1996,nn3,dsale_dsga,2.3096799850463867e-06,20261005-010838-8084b01
1996,nn3,sale_emp_gr1,-6.51925802230835e-07,20261005-010838-8084b01
1996,nn3,tangibility,-1.4007091522216797e-06,20261005-010838-8084b01
1996,nn3,kz_index,8.642673492431641e-07,20261005-010838-8084b01
1996,nn3,ocfq_saleq_std,3.0174851417541504e-07,20261005-010838-8084b01
1996,nn3,cash_at,-4.280358552932739e-06,20261005-010838-8084b01
1996,nn3,ni_ar1,-1.8477439880371094e-06,20261005-010838-8084b01
1996,nn3,ni_ivol,1.8477439880371094e-06,20261005-010838-8084b01
1996,nn3,earnings_variability,1.341104507446289e-07,20261005-010838-8084b01
1996,nn3,aliq_at,-2.8833746910095215e-06,20261005-010838-8084b01
1996,nn3,aliq_mat,-3.0174851417541504e-07,20261005-010838-8084b01
1996,nn3,seas_1_1an,8.322298526763916e-06,20261005-010838-8084b01
1996,nn3,seas_1_1na,2.5313347578048706e-05,20261005-010838-8084b01
1996,nn3,seas_2_5an,2.08243727684021e-05,20261005-010838-8084b01
1996,nn3,seas_2_5na,-4.548579454421997e-06,20261005-010838-8084b01
1996,nn3,seas_6_10an,1.5035271644592285e-05,20261005-010838-8084b01
1996,nn3,seas_6_10na,2.171844244003296e-06,20261005-010838-8084b01
1996,nn3,seas_11_15an,2.9802322387695312e-06,20261005-010838-8084b01
1996,nn3,seas_11_15na,4.3958425521850586e-07,20261005-010838-8084b01
1996,nn3,seas_16_20an,1.471489667892456e-06,20261005-010838-8084b01
1996,nn3,seas_16_20na,-2.086162567138672e-07,20261005-010838-8084b01
1996,nn3,market_equity,1.6734004020690918e-05,20261005-010838-8084b01
1996,nn3,ivol_ff3_21d,1.109391450881958e-05,20261005-010838-8084b01
1996,nn3,ivol_capm_252d,2.078711986541748e-05,20261005-010838-8084b01
1996,nn3,ivol_capm_21d,2.300739288330078e-05,20261005-010838-8084b01
1996,nn3,ivol_hxz4_21d,7.873401045799255e-05,20261005-010838-8084b01
1996,nn3,rvol_21d,3.777071833610535e-05,20261005-010838-8084b01
1996,nn3,beta_60m,-1.1399388313293457e-06,20261005-010838-8084b01
1996,nn3,betabab_1260d,-5.140900611877441e-07,20261005-010838-8084b01
1996,nn3,beta_dimson_21d,2.682209014892578e-07,20261005-010838-8084b01
1996,nn3,turnover_126d,7.69197940826416e-05,20261005-010838-8084b01
1996,nn3,turnover_var_126d,2.8256326913833618e-05,20261005-010838-8084b01
1996,nn3,dolvol_126d,-1.1883676052093506e-06,20261005-010838-8084b01
1996,nn3,dolvol_var_126d,-1.0184943675994873e-05,20261005-010838-8084b01
1996,nn3,prc,6.223469972610474e-05,20261005-010838-8084b01
1996,nn3,ami_126d,9.287148714065552e-06,20261005-010838-8084b01
1996,nn3,zero_trades_21d,8.875131607055664e-05,20261005-010838-8084b01
1996,nn3,zero_trades_126d,7.550418376922607e-05,20261005-010838-8084b01
1996,nn3,zero_trades_252d,3.593415021896362e-05,20261005-010838-8084b01
1996,nn3,rmax1_21d,6.400048732757568e-06,20261005-010838-8084b01
1996,nn3,rskew_21d,8.754432201385498e-07,20261005-010838-8084b01
1996,nn3,iskew_capm_21d,6.258487701416016e-07,20261005-010838-8084b01
1996,nn3,iskew_ff3_21d,-1.3150274753570557e-06,20261005-010838-8084b01
1996,nn3,iskew_hxz4_21d,-1.8253922462463379e-06,20261005-010838-8084b01
1996,nn3,coskew_21d,8.717179298400879e-07,20261005-010838-8084b01
1996,nn3,ret_1_0,7.397308945655823e-05,20261005-010838-8084b01
1996,nn3,betadown_252d,-4.056841135025024e-06,20261005-010838-8084b01
1996,nn3,bidaskhl_21d,3.498047590255737e-05,20261005-010838-8084b01
1996,nn3,ret_3_1,1.2509524822235107e-05,20261005-010838-8084b01
1996,nn3,ret_9_1,4.045665264129639e-06,20261005-010838-8084b01
1996,nn3,ret_12_7,1.1470168828964233e-05,20261005-010838-8084b01
1996,nn3,corr_1260d,1.210719347000122e-06,20261005-010838-8084b01
1996,nn3,rmax5_21d,8.09505581855774e-06,20261005-010838-8084b01
1996,nn3,rmax5_rvol_21d,1.9144266843795776e-05,20261005-010838-8084b01
1996,nn3,ni_be,4.410743713378906e-06,20261005-010838-8084b01
1996,nn3,ocf_at,-3.468245267868042e-06,20261005-010838-8084b01
1996,nn3,ocf_at_chg1,1.8030405044555664e-06,20261005-010838-8084b01
1996,nn3,mispricing_perf,-6.534159183502197e-06,20261005-010838-8084b01
1996,nn3,mispricing_mgmt,-2.384185791015625e-06,20261005-010838-8084b01
1996,nn3,qmj,5.5283308029174805e-06,20261005-010838-8084b01
1996,nn3,qmj_prof,2.0600855350494385e-06,20261005-010838-8084b01
1996,nn3,qmj_growth,2.9765069484710693e-06,20261005-010838-8084b01
1996,nn3,qmj_safety,-3.7066638469696045e-06,20261005-010838-8084b01
1998,nn3,niq_su,-1.2740492820739746e-06,20261005-010838-8084b01
1998,nn3,ret_6_1,8.07642936706543e-06,20261005-010838-8084b01
1998,nn3,ret_12_1,6.621330976486206e-05,20261005-010838-8084b01
1998,nn3,saleq_su,2.43261456489563e-06,20261005-010838-8084b01
1998,nn3,tax_gr1a,-6.027519702911377e-06,20261005-010838-8084b01
1998,nn3,ni_inc8q,-2.909451723098755e-06,20261005-010838-8084b01
1998,nn3,prc_highprc_252d,2.3242086172103882e-05,20261005-010838-8084b01
1998,nn3,resff3_6_1,-1.30385160446167e-07,20261005-010838-8084b01
1998,nn3,resff3_12_1,8.530914783477783e-07,20261005-010838-8084b01
1998,nn3,be_me,2.6922672986984253e-05,20261005-010838-8084b01
1998,nn3,debt_me,2.380460500717163e-06,20261005-010838-8084b01
1998,nn3,at_me,7.402151823043823e-06,20261005-010838-8084b01
1998,nn3,ret_60_12,-1.640990376472473e-05,20261005-010838-8084b01
1998,nn3,ni_me,1.3932585716247559e-06,20261005-010838-8084b01
1998,nn3,fcf_me,-4.507601261138916e-07,20261005-010838-8084b01
1998,nn3,div12m_me,1.4454126358032227e-06,20261005-010838-8084b01
1998,nn3,eqpo_me,-1.4789402484893799e-06,20261005-010838-8084b01
1998,nn3,eqnpo_me,-1.0170042514801025e-06,20261005-010838-8084b01
1998,nn3,sale_gr3,-4.131346940994263e-06,20261005-010838-8084b01
1998,nn3,sale_gr1,5.21540641784668e-08,20261005-010838-8084b01
1998,nn3,ebitda_mev,-4.157423973083496e-06,20261005-010838-8084b01
1998,nn3,sale_me,9.488314390182495e-06,20261005-010838-8084b01
1998,nn3,ocf_me,8.370727300643921e-06,20261005-010838-8084b01
1998,nn3,ival_me,-7.972121238708496e-07,20261005-010838-8084b01
1998,nn3,bev_mev,3.201514482498169e-05,20261005-010838-8084b01
1998,nn3,netdebt_me,7.759779691696167e-06,20261005-010838-8084b01
1998,nn3,eq_dur,-7.811933755874634e-06,20261005-010838-8084b01
1998,nn3,capex_abn,4.6193599700927734e-07,20261005-010838-8084b01
1998,nn3,at_gr1,4.585832357406616e-06,20261005-010838-8084b01
1998,nn3,ppeinv_gr1a,1.0058283805847168e-07,20261005-010838-8084b01
1998,nn3,noa_at,1.65402889251709e-05,20261005-010838-8084b01
1998,nn3,noa_gr1a,-4.664063453674316e-06,20261005-010838-8084b01
1998,nn3,lnoa_gr1a,-2.6263296604156494e-06,20261005-010838-8084b01
1998,nn3,capx_gr1,-2.7641654014587402e-06,20261005-010838-8084b01
1998,nn3,capx_gr2,1.043081283569336e-07,20261005-010838-8084b01
1998,nn3,capx_gr3,9.126961231231689e-07,20261005-010838-8084b01
1998,nn3,chcsho_12m,2.3599714040756226e-05,20261005-010838-8084b01
1998,nn3,eqnpo_12m,4.64022159576416e-05,20261005-010838-8084b01
1998,nn3,debt_gr3,-2.5331974029541016e-07,20261005-010838-8084b01
1998,nn3,inv_gr1,2.950429916381836e-06,20261005-010838-8084b01
1998,nn3,inv_gr1a,2.086162567138672e-07,20261005-010838-8084b01
1998,nn3,oaccruals_at,-9.238719940185547e-07,20261005-010838-8084b01
1998,nn3,taccruals_at,3.2298266887664795e-06,20261005-010838-8084b01
1998,nn3,cowc_gr1a,2.205371856689453e-06,20261005-010838-8084b01
1998,nn3,coa_gr1a,-4.470348358154297e-06,20261005-010838-8084b01
1998,nn3,col_gr1a,8.195638656616211e-08,20261005-010838-8084b01
1998,nn3,nncoa_gr1a,-3.11434268951416e-06,20261005-010838-8084b01
1998,nn3,ncoa_gr1a,2.1979212760925293e-06,20261005-010838-8084b01
1998,nn3,ncol_gr1a,1.4528632164001465e-07,20261005-010838-8084b01
1998,nn3,nfna_gr1a,-3.915280103683472e-06,20261005-010838-8084b01
1998,nn3,sti_gr1a,-3.948807716369629e-07,20261005-010838-8084b01
1998,nn3,lti_gr1a,-1.0058283805847168e-06,20261005-010838-8084b01
1998,nn3,fnl_gr1a,4.023313522338867e-07,20261005-010838-8084b01
1998,nn3,be_gr1a,5.97536563873291e-06,20261005-010838-8084b01
1998,nn3,oaccruals_ni,3.244727849960327e-06,20261005-010838-8084b01
1998,nn3,taccruals_ni,1.3820827007293701e-06,20261005-010838-8084b01
1998,nn3,netis_at,7.82310962677002e-08,20261005-010838-8084b01
1998,nn3,eqnetis_at,2.1383166313171387e-06,20261005-010838-8084b01
1998,nn3,dbnetis_at,1.0132789611816406e-06,20261005-010838-8084b01
1998,nn3,niq_be,1.2516975402832031e-06,20261005-010838-8084b01
1998,nn3,niq_be_chg1,1.30385160446167e-06,20261005-010838-8084b01
1998,nn3,niq_at,5.986541509628296e-06,20261005-010838-8084b01
1998,nn3,niq_at_chg1,1.1622905731201172e-06,20261005-010838-8084b01
1998,nn3,ebit_bev,2.5331974029541016e-07,20261005-010838-8084b01
1998,nn3,ebit_sale,5.893409252166748e-06,20261005-010838-8084b01
1998,nn3,sale_bev,-5.960464477539063e-08,20261005-010838-8084b01
1998,nn3,at_turnover,2.0191073417663574e-06,20261005-010838-8084b01
1998,nn3,gp_at,1.998990774154663e-05,20261005-010838-8084b01
1998,nn3,gp_atl1,-4.470348358154297e-06,20261005-010838-8084b01
1998,nn3,ope_be,-3.974884748458862e-06,20261005-010838-8084b01
1998,nn3,ope_bel1,-1.4975666999816895e-06,20261005-010838-8084b01
1998,nn3,op_at,3.3602118492126465e-06,20261005-010838-8084b01
1998,nn3,op_atl1,3.6209821701049805e-06,20261005-010838-8084b01
1998,nn3,cop_at,9.872019290924072e-07,20261005-010838-8084b01
1998,nn3,cop_atl1,-9.872019290924072e-07,20261005-010838-8084b01
1998,nn3,f_score,-3.1962990760803223e-06,20261005-010838-8084b01
1998,nn3,o_score,1.6316771507263184e-06,20261005-010838-8084b01
1998,nn3,z_score,6.593763828277588e-06,20261005-010838-8084b01
1998,nn3,pi_nix,-1.2665987014770508e-07,20261005-010838-8084b01
1998,nn3,at_be,6.0014426708221436e-06,20261005-010838-8084b01
1998,nn3,saleq_gr1,6.910413503646851e-06,20261005-010838-8084b01
1998,nn3,rd_me,1.3634562492370605e-06,20261005-010838-8084b01
1998,nn3,rd_sale,3.1404197216033936e-06,20261005-010838-8084b01
1998,nn3,opex_at,4.239380359649658e-06,20261005-010838-8084b01
1998,nn3,emp_gr1,-2.693384885787964e-06,20261005-010838-8084b01
1998,nn3,rd5_at,1.039355993270874e-06,20261005-010838-8084b01
1998,nn3,age,3.3289194107055664e-05,20261005-010838-8084b01
1998,nn3,dsale_dinv,4.000961780548096e-06,20261005-010838-8084b01
1998,nn3,dsale_drec,2.2351741790771484e-08,20261005-010838-8084b01
1998,nn3,dgp_dsale,1.0915100574493408e-06,20261005-010838-8084b01
1998,nn3,dsale_dsga,1.4416873455047607e-06,20261005-010838-8084b01
1998,nn3,sale_emp_gr1,-1.8924474716186523e-06,20261005-010838-8084b01
1998,nn3,tangibility,4.51505184173584e-06,20261005-010838-8084b01
1998,nn3,kz_index,-9.238719940185547e-07,20261005-010838-8084b01
1998,nn3,ocfq_saleq_std,-2.551823854446411e-06,20261005-010838-8084b01
1998,nn3,cash_at,2.2310763597488403e-05,20261005-010838-8084b01
1998,nn3,ni_ar1,-1.5422701835632324e-06,20261005-010838-8084b01
1998,nn3,ni_ivol,-6.92903995513916e-06,20261005-010838-8084b01
1998,nn3,earnings_variability,-1.0058283805847168e-07,20261005-010838-8084b01
1998,nn3,aliq_at,2.6561319828033447e-06,20261005-010838-8084b01
1998,nn3,aliq_mat,3.774464130401611e-05,20261005-010838-8084b01
1998,nn3,seas_1_1an,-4.932284355163574e-06,20261005-010838-8084b01
1998,nn3,seas_1_1na,2.5879591703414917e-05,20261005-010838-8084b01
1998,nn3,seas_2_5an,-1.7177313566207886e-05,20261005-010838-8084b01
1998,nn3,seas_2_5na,-3.6209821701049805e-06,20261005-010838-8084b01
1998,nn3,seas_6_10an,1.5981495380401611e-06,20261005-010838-8084b01
1998,nn3,seas_6_10na,-2.9206275939941406e-06,20261005-010838-8084b01
1998,nn3,seas_11_15an,-7.040798664093018e-06,20261005-010838-8084b01
1998,nn3,seas_11_15na,-1.7471611499786377e-06,20261005-010838-8084b01
1998,nn3,seas_16_20an,2.682209014892578e-07,20261005-010838-8084b01
1998,nn3,seas_16_20na,1.4156103134155273e-07,20261005-010838-8084b01
1998,nn3,market_equity,1.5642493963241577e-05,20261005-010838-8084b01
1998,nn3,ivol_ff3_21d,-8.750706911087036e-06,20261005-010838-8084b01
1998,nn3,ivol_capm_252d,5.2012503147125244e-05,20261005-010838-8084b01
1998,nn3,ivol_capm_21d,-4.637986421585083e-06,20261005-010838-8084b01
1998,nn3,ivol_hxz4_21d,0.00020570307970046997,20261005-010838-8084b01
1998,nn3,rvol_21d,-1.1764466762542725e-05,20261005-010838-8084b01
1998,nn3,beta_60m,6.3963234424591064e-06,20261005-010838-8084b01
1998,nn3,betabab_1260d,-4.805624485015869e-06,20261005-010838-8084b01
1998,nn3,beta_dimson_21d,6.806105375289917e-06,20261005-010838-8084b01
1998,nn3,turnover_126d,3.742426633834839e-05,20261005-010838-8084b01
1998,nn3,turnover_var_126d,1.214444637298584e-05,20261005-010838-8084b01
1998,nn3,dolvol_126d,2.1629035472869873e-05,20261005-010838-8084b01
1998,nn3,dolvol_var_126d,4.7773122787475586e-05,20261005-010838-8084b01
1998,nn3,prc,4.609301686286926e-05,20261005-010838-8084b01
1998,nn3,ami_126d,-2.244114875793457e-05,20261005-010838-8084b01
1998,nn3,zero_trades_21d,0.00045235827565193176,20261005-010838-8084b01
1998,nn3,zero_trades_126d,-1.3727694749832153e-05,20261005-010838-8084b01
1998,nn3,zero_trades_252d,-3.170222043991089e-06,20261005-010838-8084b01
1998,nn3,rmax1_21d,6.865710020065308e-06,20261005-010838-8084b01
1998,nn3,rskew_21d,3.5241246223449707e-06,20261005-010838-8084b01
1998,nn3,iskew_capm_21d,3.0137598514556885e-06,20261005-010838-8084b01
1998,nn3,iskew_ff3_21d,4.276633262634277e-06,20261005-010838-8084b01
1998,nn3,iskew_hxz4_21d,4.015862941741943e-06,20261005-010838-8084b01
1998,nn3,coskew_21d,4.019588232040405e-06,20261005-010838-8084b01
1998,nn3,ret_1_0,0.0001845620572566986,20261005-010838-8084b01
1998,nn3,betadown_252d,2.3543834686279297e-06,20261005-010838-8084b01
1998,nn3,bidaskhl_21d,-1.3470649719238281e-05,20261005-010838-8084b01
1998,nn3,ret_3_1,2.6479363441467285e-05,20261005-010838-8084b01
1998,nn3,ret_9_1,1.963600516319275e-05,20261005-010838-8084b01
1998,nn3,ret_12_7,8.989125490188599e-06,20261005-010838-8084b01
1998,nn3,corr_1260d,-9.890645742416382e-06,20261005-010838-8084b01
1998,nn3,rmax5_21d,5.3182244300842285e-05,20261005-010838-8084b01
1998,nn3,rmax5_rvol_21d,7.935985922813416e-05,20261005-010838-8084b01
1998,nn3,ni_be,-1.7136335372924805e-07,20261005-010838-8084b01
1998,nn3,ocf_at,-4.0978193283081055e-08,20261005-010838-8084b01
1998,nn3,ocf_at_chg1,2.980232238769531e-07,20261005-010838-8084b01
1998,nn3,mispricing_perf,1.2606382369995117e-05,20261005-010838-8084b01
1998,nn3,mispricing_mgmt,-3.207474946975708e-06,20261005-010838-8084b01
1998,nn3,qmj,-1.7344951629638672e-05,20261005-010838-8084b01
1998,nn3,qmj_prof,-3.5688281059265137e-06,20261005-010838-8084b01
1998,nn3,qmj_growth,9.5367431640625e-07,20261005-010838-8084b01
1998,nn3,qmj_safety,9.067356586456299e-06,20261005-010838-8084b01
2000,nn3,niq_su,1.3418495655059814e-05,20261005-010838-8084b01
2000,nn3,ret_6_1,2.6866793632507324e-05,20261005-010838-8084b01
2000,nn3,ret_12_1,0.00012139230966567993,20261005-010838-8084b01
2000,nn3,saleq_su,2.9534101486206055e-05,20261005-010838-8084b01
2000,nn3,tax_gr1a,-1.3843178749084473e-05,20261005-010838-8084b01
2000,nn3,ni_inc8q,-8.42660665512085e-06,20261005-010838-8084b01
2000,nn3,prc_highprc_252d,0.00012002885341644287,20261005-010838-8084b01
2000,nn3,resff3_6_1,-1.5221536159515381e-05,20261005-010838-8084b01
2000,nn3,resff3_12_1,3.5412609577178955e-05,20261005-010838-8084b01
2000,nn3,be_me,-6.002187728881836e-05,20261005-010838-8084b01
2000,nn3,debt_me,-9.156763553619385e-06,20261005-010838-8084b01
2000,nn3,at_me,-3.112107515335083e-05,20261005-010838-8084b01
2000,nn3,ret_60_12,-9.2238187789917e-06,20261005-010838-8084b01
2000,nn3,ni_me,1.9632279872894287e-05,20261005-010838-8084b01
2000,nn3,fcf_me,4.984438419342041e-06,20261005-010838-8084b01
2000,nn3,div12m_me,3.863126039505005e-05,20261005-010838-8084b01
2000,nn3,eqpo_me,-1.0609626770019531e-05,20261005-010838-8084b01
2000,nn3,eqnpo_me,2.3797154426574707e-05,20261005-010838-8084b01
2000,nn3,sale_gr3,2.1457672119140625e-06,20261005-010838-8084b01
2000,nn3,sale_gr1,4.858523607254028e-05,20261005-010838-8084b01
2000,nn3,ebitda_mev,2.43261456489563e-05,20261005-010838-8084b01
2000,nn3,sale_me,-1.198798418045044e-05,20261005-010838-8084b01
2000,nn3,ocf_me,6.576627492904663e-05,20261005-010838-8084b01
2000,nn3,ival_me,-1.3142824172973633e-05,20261005-010838-8084b01
2000,nn3,bev_mev,8.553266525268555e-06,20261005-010838-8084b01
2000,nn3,netdebt_me,-1.6666948795318604e-05,20261005-010838-8084b01
2000,nn3,eq_dur,-7.554888725280762e-06,20261005-010838-8084b01
2000,nn3,capex_abn,-3.6209821701049805e-06,20261005-010838-8084b01
2000,nn3,at_gr1,2.5704503059387207e-06,20261005-010838-8084b01
2000,nn3,ppeinv_gr1a,1.2755393981933594e-05,20261005-010838-8084b01
2000,nn3,noa_at,3.186613321304321e-05,20261005-010838-8084b01
2000,nn3,noa_gr1a,-1.5914440155029297e-05,20261005-010838-8084b01
2000,nn3,lnoa_gr1a,7.957220077514648e-06,20261005-010838-8084b01
2000,nn3,capx_gr1,1.9505620002746582e-05,20261005-010838-8084b01
2000,nn3,capx_gr2,4.544854164123535e-07,20261005-010838-8084b01
2000,nn3,capx_gr3,-7.748603820800781e-07,20261005-010838-8084b01
2000,nn3,chcsho_12m,0.00012373924255371094,20261005-010838-8084b01
2000,nn3,eqnpo_12m,-8.380413055419922e-05,20261005-010838-8084b01
2000,nn3,debt_gr3,8.769333362579346e-06,20261005-010838-8084b01
2000,nn3,inv_gr1,4.075467586517334e-06,20261005-010838-8084b01
2000,nn3,inv_gr1a,2.5033950805664062e-06,20261005-010838-8084b01
2000,nn3,oaccruals_at,-1.233816146850586e-05,20261005-010838-8084b01
2000,nn3,taccruals_at,-1.0691583156585693e-05,20261005-010838-8084b01
2000,nn3,cowc_gr1a,4.649162292480469e-06,20261005-010838-8084b01
2000,nn3,coa_gr1a,5.62518835067749e-06,20261005-010838-8084b01
2000,nn3,col_gr1a,-9.685754776000977e-07,20261005-010838-8084b01
2000,nn3,nncoa_gr1a,6.6086649894714355e-06,20261005-010838-8084b01
2000,nn3,ncoa_gr1a,-4.909932613372803e-06,20261005-010838-8084b01
2000,nn3,ncol_gr1a,2.205371856689453e-06,20261005-010838-8084b01
2000,nn3,nfna_gr1a,4.641711711883545e-06,20261005-010838-8084b01
2000,nn3,sti_gr1a,-6.109476089477539e-07,20261005-010838-8084b01
2000,nn3,lti_gr1a,2.1010637283325195e-06,20261005-010838-8084b01
2000,nn3,fnl_gr1a,7.003545761108398e-07,20261005-010838-8084b01
2000,nn3,be_gr1a,2.0384788513183594e-05,20261005-010838-8084b01
2000,nn3,oaccruals_ni,-1.395493745803833e-05,20261005-010838-8084b01
2000,nn3,taccruals_ni,-7.599592208862305e-07,20261005-010838-8084b01
2000,nn3,netis_at,1.3075768947601318e-05,20261005-010838-8084b01
2000,nn3,eqnetis_at,3.346055746078491e-05,20261005-010838-8084b01
2000,nn3,dbnetis_at,1.430511474609375e-06,20261005-010838-8084b01
2000,nn3,niq_be,6.122887134552002e-05,20261005-010838-8084b01
2000,nn3,niq_be_chg1,1.989305019378662e-06,20261005-010838-8084b01
2000,nn3,niq_at,-8.910894393920898e-06,20261005-010838-8084b01
2000,nn3,niq_at_chg1,4.649162292480469e-06,20261005-010838-8084b01
2000,nn3,ebit_bev,-6.24731183052063e-05,20261005-010838-8084b01
2000,nn3,ebit_sale,4.088878631591797e-05,20261005-010838-8084b01
2000,nn3,sale_bev,2.339482307434082e-06,20261005-010838-8084b01
2000,nn3,at_turnover,-4.5299530029296875e-06,20261005-010838-8084b01
2000,nn3,gp_at,2.518296241760254e-06,20261005-010838-8084b01
2000,nn3,gp_atl1,2.8014183044433594e-06,20261005-010838-8084b01
2000,nn3,ope_be,-1.2665987014770508e-05,20261005-010838-8084b01
2000,nn3,ope_bel1,2.086162567138672e-07,20261005-010838-8084b01
2000,nn3,op_at,7.555633783340454e-05,20261005-010838-8084b01
2000,nn3,op_atl1,6.571412086486816e-05,20261005-010838-8084b01
2000,nn3,cop_at,5.424022674560547e-06,20261005-010838-8084b01
2000,nn3,cop_atl1,4.015117883682251e-05,20261005-010838-8084b01
2000,nn3,f_score,-1.566857099533081e-05,20261005-010838-8084b01
2000,nn3,o_score,-5.951523780822754e-05,20261005-010838-8084b01
2000,nn3,z_score,2.7485191822052002e-05,20261005-010838-8084b01
2000,nn3,pi_nix,2.853572368621826e-06,20261005-010838-8084b01
2000,nn3,at_be,-3.5859644412994385e-05,20261005-010838-8084b01
2000,nn3,saleq_gr1,4.678964614868164e-06,20261005-010838-8084b01
2000,nn3,rd_me,3.1068921089172363e-06,20261005-010838-8084b01
2000,nn3,rd_sale,-2.0429491996765137e-05,20261005-010838-8084b01
2000,nn3,opex_at,-7.197260856628418e-06,20261005-010838-8084b01
2000,nn3,emp_gr1,-1.0356307029724121e-05,20261005-010838-8084b01
2000,nn3,rd5_at,1.564621925354004e-07,20261005-010838-8084b01
2000,nn3,age,2.047419548034668e-05,20261005-010838-8084b01
2000,nn3,dsale_dinv,-7.152557373046875e-07,20261005-010838-8084b01
2000,nn3,dsale_drec,4.582107067108154e-06,20261005-010838-8084b01
2000,nn3,dgp_dsale,3.0174851417541504e-06,20261005-010838-8084b01
2000,nn3,dsale_dsga,-1.4454126358032227e-06,20261005-010838-8084b01
2000,nn3,sale_emp_gr1,-1.817941665649414e-06,20261005-010838-8084b01
2000,nn3,tangibility,5.438923835754395e-07,20261005-010838-8084b01
2000,nn3,kz_index,-1.76355242729187e-05,20261005-010838-8084b01
2000,nn3,ocfq_saleq_std,-6.102025508880615e-06,20261005-010838-8084b01
2000,nn3,cash_at,-6.616115570068359e-06,20261005-010838-8084b01
2000,nn3,ni_ar1,8.940696716308594e-07,20261005-010838-8084b01
2000,nn3,ni_ivol,-2.5704503059387207e-06,20261005-010838-8084b01
2000,nn3,earnings_variability,1.7136335372924805e-06,20261005-010838-8084b01
2000,nn3,aliq_at,1.33514404296875e-05,20261005-010838-8084b01
2000,nn3,aliq_mat,7.696449756622314e-06,20261005-010838-8084b01
2000,nn3,seas_1_1an,5.543231964111328e-06,20261005-010838-8084b01
2000,nn3,seas_1_1na,-8.35806131362915e-05,20261005-010838-8084b01
2000,nn3,seas_2_5an,3.255903720855713e-05,20261005-010838-8084b01
2000,nn3,seas_2_5na,-2.0042061805725098e-06,20261005-010838-8084b01
2000,nn3,seas_6_10an,2.0362436771392822e-05,20261005-010838-8084b01
2000,nn3,seas_6_10na,5.848705768585205e-06,20261005-010838-8084b01
2000,nn3,seas_11_15an,6.273388862609863e-06,20261005-010838-8084b01
2000,nn3,seas_11_15na,9.611248970031738e-07,20261005-010838-8084b01
2000,nn3,seas_16_20an,3.293156623840332e-06,20261005-010838-8084b01
2000,nn3,seas_16_20na,2.60770320892334e-07,20261005-010838-8084b01
2000,nn3,market_equity,-5.5767595767974854e-05,20261005-010838-8084b01
2000,nn3,ivol_ff3_21d,-3.5822391510009766e-05,20261005-010838-8084b01
2000,nn3,ivol_capm_252d,0.00019896775484085083,20261005-010838-8084b01
2000,nn3,ivol_capm_21d,-3.2708048820495605e-05,20261005-010838-8084b01
2000,nn3,ivol_hxz4_21d,0.00047113746404647827,20261005-010838-8084b01
2000,nn3,rvol_21d,-0.00010772794485092163,20261005-010838-8084b01
2000,nn3,beta_60m,-2.2143125534057617e-05,20261005-010838-8084b01
2000,nn3,betabab_1260d,-2.187490463256836e-05,20261005-010838-8084b01
2000,nn3,beta_dimson_21d,-9.097158908843994e-06,20261005-010838-8084b01
2000,nn3,turnover_126d,0.00022638589143753052,20261005-010838-8084b01
2000,nn3,turnover_var_126d,4.663318395614624e-05,20261005-010838-8084b01
2000,nn3,dolvol_126d,2.0191073417663574e-06,20261005-010838-8084b01
2000,nn3,dolvol_var_126d,3.283470869064331e-05,20261005-010838-8084b01
2000,nn3,prc,-0.00017026811838150024,20261005-010838-8084b01
2000,nn3,ami_126d,-1.0110437870025635e-05,20261005-010838-8084b01
2000,nn3,zero_trades_21d,0.00042165815830230713,20261005-010838-8084b01
2000,nn3,zero_trades_126d,0.00018427520990371704,20261005-010838-8084b01
2000,nn3,zero_trades_252d,0.00013096630573272705,20261005-010838-8084b01
2000,nn3,rmax1_21d,1.7642974853515625e-05,20261005-010838-8084b01
2000,nn3,rskew_21d,-7.4356794357299805e-06,20261005-010838-8084b01
2000,nn3,iskew_capm_21d,-1.4156103134155273e-06,20261005-010838-8084b01
2000,nn3,iskew_ff3_21d,-9.73045825958252e-06,20261005-010838-8084b01
2000,nn3,iskew_hxz4_21d,-1.8775463104248047e-06,20261005-010838-8084b01
2000,nn3,coskew_21d,-9.685754776000977e-08,20261005-010838-8084b01
2000,nn3,ret_1_0,-0.00023233890533447266,20261005-010838-8084b01
2000,nn3,betadown_252d,-2.6211142539978027e-05,20261005-010838-8084b01
2000,nn3,bidaskhl_21d,-9.010732173919678e-05,20261005-010838-8084b01
2000,nn3,ret_3_1,-7.778406143188477e-05,20261005-010838-8084b01
2000,nn3,ret_9_1,9.28342342376709e-06,20261005-010838-8084b01
2000,nn3,ret_12_7,-1.2740492820739746e-05,20261005-010838-8084b01
2000,nn3,corr_1260d,-8.724629878997803e-06,20261005-010838-8084b01
2000,nn3,rmax5_21d,7.432699203491211e-05,20261005-010838-8084b01
2000,nn3,rmax5_rvol_21d,4.564225673675537e-05,20261005-010838-8084b01
2000,nn3,ni_be,-2.5585293769836426e-05,20261005-010838-8084b01
2000,nn3,ocf_at,-4.924088716506958e-05,20261005-010838-8084b01
2000,nn3,ocf_at_chg1,-2.041459083557129e-06,20261005-010838-8084b01
2000,nn3,mispricing_perf,6.0267746448516846e-05,20261005-010838-8084b01
2000,nn3,mispricing_mgmt,-1.73225998878479e-05,20261005-010838-8084b01
2000,nn3,qmj,-1.691281795501709e-05,20261005-010838-8084b01
2000,nn3,qmj_prof,5.140900611877441e-07,20261005-010838-8084b01
2000,nn3,qmj_growth,1.115351915359497e-05,20261005-010838-8084b01
2000,nn3,qmj_safety,5.5477023124694824e-05,20261005-010838-8084b01
2002,nn3,niq_su,7.450580596923828e-08,20261005-010838-8084b01
2002,nn3,ret_6_1,4.1835010051727295e-06,20261005-010838-8084b01
2002,nn3,ret_12_1,0.0001552589237689972,20261005-010838-8084b01
2002,nn3,saleq_su,5.479902029037476e-06,20261005-010838-8084b01
2002,nn3,tax_gr1a,-6.966292858123779e-07,20261005-010838-8084b01
2002,nn3,ni_inc8q,-8.322298526763916e-06,20261005-010838-8084b01
2002,nn3,prc_highprc_252d,6.180256605148315e-05,20261005-010838-8084b01
2002,nn3,resff3_6_1,-1.7974525690078735e-05,20261005-010838-8084b01
2002,nn3,resff3_12_1,2.1941959857940674e-06,20261005-010838-8084b01
2002,nn3,be_me,1.1377036571502686e-05,20261005-010838-8084b01
2002,nn3,debt_me,-8.340924978256226e-06,20261005-010838-8084b01
2002,nn3,at_me,1.2148171663284302e-05,20261005-010838-8084b01
2002,nn3,ret_60_12,-1.4144927263259888e-05,20261005-010838-8084b01
2002,nn3,ni_me,-5.2638351917266846e-06,20261005-010838-8084b01
2002,nn3,fcf_me,1.8551945686340332e-06,20261005-010838-8084b01
2002,nn3,div12m_me,-2.3506581783294678e-06,20261005-010838-8084b01
2002,nn3,eqpo_me,-5.815178155899048e-06,20261005-010838-8084b01
2002,nn3,eqnpo_me,1.9077211618423462e-05,20261005-010838-8084b01
2002,nn3,sale_gr3,-1.0032206773757935e-05,20261005-010838-8084b01
2002,nn3,sale_gr1,1.7952173948287964e-05,20261005-010838-8084b01
2002,nn3,ebitda_mev,-5.6996941566467285e-06,20261005-010838-8084b01
2002,nn3,sale_me,6.509944796562195e-05,20261005-010838-8084b01
2002,nn3,ocf_me,0.00013600662350654602,20261005-010838-8084b01
2002,nn3,ival_me,-1.2394040822982788e-05,20261005-010838-8084b01
2002,nn3,bev_mev,2.1867454051971436e-06,20261005-010838-8084b01
2002,nn3,netdebt_me,-3.463029861450195e-05,20261005-010838-8084b01
2002,nn3,eq_dur,-1.718848943710327e-05,20261005-010838-8084b01
2002,nn3,capex_abn,-7.860362529754639e-07,20261005-010838-8084b01
2002,nn3,at_gr1,2.8099864721298218e-05,20261005-010838-8084b01
2002,nn3,ppeinv_gr1a,6.370246410369873e-07,20261005-010838-8084b01
2002,nn3,noa_at,-3.4362077713012695e-05,20261005-010838-8084b01
2002,nn3,noa_gr1a,-4.585832357406616e-06,20261005-010838-8084b01
2002,nn3,lnoa_gr1a,6.92903995513916e-07,20261005-010838-8084b01
2002,nn3,capx_gr1,8.340924978256226e-06,20261005-010838-8084b01
2002,nn3,capx_gr2,-7.4729323387146e-06,20261005-010838-8084b01
2002,nn3,capx_gr3,3.155320882797241e-06,20261005-010838-8084b01
2002,nn3,chcsho_12m,7.307901978492737e-05,20261005-010838-8084b01
2002,nn3,eqnpo_12m,-9.569153189659119e-05,20261005-010838-8084b01
2002,nn3,debt_gr3,-4.995614290237427e-06,20261005-010838-8084b01
2002,nn3,inv_gr1,5.017966032028198e-06,20261005-010838-8084b01
2002,nn3,inv_gr1a,2.723187208175659e-06,20261005-010838-8084b01
2002,nn3,oaccruals_at,-2.8606504201889038e-05,20261005-010838-8084b01
2002,nn3,taccruals_at,-1.4808028936386108e-05,20261005-010838-8084b01
2002,nn3,cowc_gr1a,6.183981895446777e-06,20261005-010838-8084b01
2002,nn3,coa_gr1a,-1.8402934074401855e-06,20261005-010838-8084b01
2002,nn3,col_gr1a,1.3262033462524414e-06,20261005-010838-8084b01
2002,nn3,nncoa_gr1a,-7.208436727523804e-06,20261005-010838-8084b01
2002,nn3,ncoa_gr1a,-2.298504114151001e-06,20261005-010838-8084b01
2002,nn3,ncol_gr1a,6.15045428276062e-06,20261005-010838-8084b01
2002,nn3,nfna_gr1a,1.0244548320770264e-05,20261005-010838-8084b01
2002,nn3,sti_gr1a,-4.76837158203125e-07,20261005-010838-8084b01
2002,nn3,lti_gr1a,1.8253922462463379e-06,20261005-010838-8084b01
2002,nn3,fnl_gr1a,-4.6566128730773926e-07,20261005-010838-8084b01
2002,nn3,be_gr1a,-6.204843521118164e-05,20261005-010838-8084b01
2002,nn3,oaccruals_ni,-2.2448599338531494e-05,20261005-010838-8084b01
2002,nn3,taccruals_ni,-1.9475817680358887e-05,20261005-010838-8084b01
2002,nn3,netis_at,-2.4177134037017822e-06,20261005-010838-8084b01
2002,nn3,eqnetis_at,1.0833144187927246e-05,20261005-010838-8084b01
2002,nn3,dbnetis_at,-8.605420589447021e-07,20261005-010838-8084b01
2002,nn3,niq_be,3.065541386604309e-05,20261005-010838-8084b01
2002,nn3,niq_be_chg1,5.7406723499298096e-06,20261005-010838-8084b01
2002,nn3,niq_at,9.000301361083984e-06,20261005-010838-8084b01
2002,nn3,niq_at_chg1,1.6994774341583252e-05,20261005-010838-8084b01
2002,nn3,ebit_bev,-3.436580300331116e-05,20261005-010838-8084b01
2002,nn3,ebit_sale,4.7031790018081665e-05,20261005-010838-8084b01
2002,nn3,sale_bev,9.94652509689331e-07,20261005-010838-8084b01
2002,nn3,at_turnover,-3.509223461151123e-05,20261005-010838-8084b01
2002,nn3,gp_at,4.213303327560425e-06,20261005-010838-8084b01
2002,nn3,gp_atl1,-1.0848045349121094e-05,20261005-010838-8084b01
2002,nn3,ope_be,-1.3522803783416748e-05,20261005-010838-8084b01
2002,nn3,ope_bel1,-2.8833746910095215e-06,20261005-010838-8084b01
2002,nn3,op_at,0.00010586902499198914,20261005-010838-8084b01
2002,nn3,op_atl1,3.0703842639923096e-05,20261005-010838-8084b01
2002,nn3,cop_at,-2.7157366275787354e-06,20261005-010838-8084b01
2002,nn3,cop_atl1,5.330890417098999e-06,20261005-010838-8084b01
2002,nn3,f_score,-3.061816096305847e-05,20261005-010838-8084b01
2002,nn3,o_score,-6.0968101024627686e-05,20261005-010838-8084b01
2002,nn3,z_score,5.405396223068237e-06,20261005-010838-8084b01
2002,nn3,pi_nix,3.4831464290618896e-06,20261005-010838-8084b01
2002,nn3,at_be,-1.8477439880371094e-06,20261005-010838-8084b01
2002,nn3,saleq_gr1,1.6689300537109375e-05,20261005-010838-8084b01
2002,nn3,rd_me,-9.587407112121582e-05,20261005-010838-8084b01
2002,nn3,rd_sale,-5.375966429710388e-05,20261005-010838-8084b01
2002,nn3,opex_at,-4.384666681289673e-06,20261005-010838-8084b01
2002,nn3,emp_gr1,-5.241483449935913e-06,20261005-010838-8084b01
2002,nn3,rd5_at,-2.0965933799743652e-05,20261005-010838-8084b01
2002,nn3,age,-3.166496753692627e-07,20261005-010838-8084b01
2002,nn3,dsale_dinv,-1.3820827007293701e-06,20261005-010838-8084b01
2002,nn3,dsale_drec,2.0936131477355957e-06,20261005-010838-8084b01
2002,nn3,dgp_dsale,-1.0058283805847168e-07,20261005-010838-8084b01
2002,nn3,dsale_dsga,-2.168118953704834e-06,20261005-010838-8084b01
2002,nn3,sale_emp_gr1,-4.507601261138916e-07,20261005-010838-8084b01
2002,nn3,tangibility,-3.5725533962249756e-06,20261005-010838-8084b01
2002,nn3,kz_index,-6.966292858123779e-06,20261005-010838-8084b01
2002,nn3,ocfq_saleq_std,-1.6946345567703247e-05,20261005-010838-8084b01
2002,nn3,cash_at,-3.91155481338501e-05,20261005-010838-8084b01
2002,nn3,ni_ar1,3.11434268951416e-06,20261005-010838-8084b01
2002,nn3,ni_ivol,-9.648501873016357e-06,20261005-010838-8084b01
2002,nn3,earnings_variability,-1.0401010513305664e-05,20261005-010838-8084b01
2002,nn3,aliq_at,1.8518418073654175e-05,20261005-010838-8084b01
2002,nn3,aliq_mat,-1.1127442121505737e-05,20261005-010838-8084b01
2002,nn3,seas_1_1an,8.699670433998108e-05,20261005-010838-8084b01
2002,nn3,seas_1_1na,-3.644824028015137e-05,20261005-010838-8084b01
2002,nn3,seas_2_5an,1.5400350093841553e-05,20261005-010838-8084b01
2002,nn3,seas_2_5na,4.135072231292725e-06,20261005-010838-8084b01
2002,nn3,seas_6_10an,5.122274160385132e-06,20261005-010838-8084b01
2002,nn3,seas_6_10na,7.499009370803833e-06,20261005-010838-8084b01
2002,nn3,seas_11_15an,7.100403308868408e-06,20261005-010838-8084b01
2002,nn3,seas_11_15na,2.0116567611694336e-07,20261005-010838-8084b01
2002,nn3,seas_16_20an,7.413327693939209e-07,20261005-010838-8084b01
2002,nn3,seas_16_20na,1.0356307029724121e-06,20261005-010838-8084b01
2002,nn3,market_equity,-8.415058255195618e-05,20261005-010838-8084b01
2002,nn3,ivol_ff3_21d,-4.684180021286011e-05,20261005-010838-8084b01
2002,nn3,ivol_capm_252d,0.00016075000166893005,20261005-010838-8084b01
2002,nn3,ivol_capm_21d,-5.519390106201172e-05,20261005-010838-8084b01
2002,nn3,ivol_hxz4_21d,0.0003042072057723999,20261005-010838-8084b01
2002,nn3,rvol_21d,-0.00013446062803268433,20261005-010838-8084b01
2002,nn3,beta_60m,-1.950189471244812e-05,20261005-010838-8084b01
2002,nn3,betabab_1260d,-1.7236918210983276e-05,20261005-010838-8084b01
2002,nn3,beta_dimson_21d,-1.8045306205749512e-05,20261005-010838-8084b01
2002,nn3,turnover_126d,0.000182274729013443,20261005-010838-8084b01
2002,nn3,turnover_var_126d,5.908310413360596e-06,20261005-010838-8084b01
2002,nn3,dolvol_126d,2.298876643180847e-05,20261005-010838-8084b01
2002,nn3,dolvol_var_126d,6.695091724395752e-05,20261005-010838-8084b01
2002,nn3,prc,-0.00010921433568000793,20261005-010838-8084b01
2002,nn3,ami_126d,1.0367482900619507e-05,20261005-010838-8084b01
2002,nn3,zero_trades_21d,0.00045575574040412903,20261005-010838-8084b01
2002,nn3,zero_trades_126d,9.013712406158447e-05,20261005-010838-8084b01
2002,nn3,zero_trades_252d,4.645437002182007e-05,20261005-010838-8084b01
2002,nn3,rmax1_21d,-3.997236490249634e-06,20261005-010838-8084b01
2002,nn3,rskew_21d,-1.0728836059570312e-06,20261005-010838-8084b01
2002,nn3,iskew_capm_21d,2.1085143089294434e-06,20261005-010838-8084b01
2002,nn3,iskew_ff3_21d,-1.5273690223693848e-07,20261005-010838-8084b01
2002,nn3,iskew_hxz4_21d,2.592802047729492e-06,20261005-010838-8084b01
2002,nn3,coskew_21d,-7.37607479095459e-07,20261005-010838-8084b01
2002,nn3,ret_1_0,-7.490068674087524e-05,20261005-010838-8084b01
2002,nn3,betadown_252d,-2.3573637008666992e-05,20261005-010838-8084b01
2002,nn3,bidaskhl_21d,-7.998570799827576e-05,20261005-010838-8084b01
2002,nn3,ret_3_1,-6.223469972610474e-05,20261005-010838-8084b01
2002,nn3,ret_9_1,-4.217028617858887e-06,20261005-010838-8084b01
2002,nn3,ret_12_7,6.554648280143738e-05,20261005-010838-8084b01
2002,nn3,corr_1260d,-2.4922192096710205e-06,20261005-010838-8084b01
2002,nn3,rmax5_21d,7.595494389533997e-05,20261005-010838-8084b01
2002,nn3,rmax5_rvol_21d,2.5857239961624146e-05,20261005-010838-8084b01
2002,nn3,ni_be,-2.5141984224319458e-05,20261005-010838-8084b01
2002,nn3,ocf_at,-9.308382868766785e-05,20261005-010838-8084b01
2002,nn3,ocf_at_chg1,1.823902130126953e-05,20261005-010838-8084b01
2002,nn3,mispricing_perf,2.672523260116577e-05,20261005-010838-8084b01
2002,nn3,mispricing_mgmt,-6.239861249923706e-06,20261005-010838-8084b01
2002,nn3,qmj,-4.3798238039016724e-05,20261005-010838-8084b01
2002,nn3,qmj_prof,-9.201467037200928e-07,20261005-010838-8084b01
2002,nn3,qmj_growth,1.566857099533081e-05,20261005-010838-8084b01
2002,nn3,qmj_safety,4.814937710762024e-05,20261005-010838-8084b01
2004,nn3,niq_su,1.55717134475708e-06,20261005-010838-8084b01
2004,nn3,ret_6_1,-1.5305355191230774e-05,20261005-010838-8084b01
2004,nn3,ret_12_1,-5.770474672317505e-06,20261005-010838-8084b01
2004,nn3,saleq_su,1.7825514078140259e-06,20261005-010838-8084b01
2004,nn3,tax_gr1a,5.234032869338989e-06,20261005-010838-8084b01
2004,nn3,ni_inc8q,3.7960708141326904e-06,20261005-010838-8084b01
2004,nn3,prc_highprc_252d,-3.129243850708008e-06,20261005-010838-8084b01
2004,nn3,resff3_6_1,7.975846529006958e-06,20261005-010838-8084b01
2004,nn3,resff3_12_1,9.136274456977844e-06,20261005-010838-8084b01
2004,nn3,be_me,2.1202489733695984e-05,20261005-010838-8084b01
2004,nn3,debt_me,-2.337619662284851e-06,20261005-010838-8084b01
2004,nn3,at_me,7.286667823791504e-06,20261005-010838-8084b01
2004,nn3,ret_60_12,1.0700896382331848e-05,20261005-010838-8084b01
2004,nn3,ni_me,-1.6205012798309326e-07,20261005-010838-8084b01
2004,nn3,fcf_me,5.798414349555969e-06,20261005-010838-8084b01
2004,nn3,div12m_me,-1.473352313041687e-06,20261005-010838-8084b01
2004,nn3,eqpo_me,-4.675239324569702e-07,20261005-010838-8084b01
2004,nn3,eqnpo_me,-2.8461217880249023e-06,20261005-010838-8084b01
2004,nn3,sale_gr3,6.731599569320679e-06,20261005-010838-8084b01
2004,nn3,sale_gr1,-2.473592758178711e-06,20261005-010838-8084b01
2004,nn3,ebitda_mev,5.505979061126709e-06,20261005-010838-8084b01
2004,nn3,sale_me,2.160109579563141e-05,20261005-010838-8084b01
2004,nn3,ocf_me,1.1574476957321167e-05,20261005-010838-8084b01
2004,nn3,ival_me,2.473592758178711e-06,20261005-010838-8084b01
2004,nn3,bev_mev,1.5087425708770752e-07,20261005-010838-8084b01
2004,nn3,netdebt_me,-1.2218952178955078e-06,20261005-010838-8084b01
2004,nn3,eq_dur,-2.7567148208618164e-06,20261005-010838-8084b01
2004,nn3,capex_abn,1.2479722499847412e-06,20261005-010838-8084b01
2004,nn3,at_gr1,1.3224780559539795e-07,20261005-010838-8084b01
2004,nn3,ppeinv_gr1a,-1.1865049600601196e-06,20261005-010838-8084b01
2004,nn3,noa_at,-1.0520219802856445e-05,20261005-010838-8084b01
2004,nn3,noa_gr1a,2.60770320892334e-06,20261005-010838-8084b01
2004,nn3,lnoa_gr1a,-2.2370368242263794e-06,20261005-010838-8084b01
2004,nn3,capx_gr1,-3.507360816001892e-06,20261005-010838-8084b01
2004,nn3,capx_gr2,-5.774199962615967e-07,20261005-010838-8084b01
2004,nn3,capx_gr3,-4.023313522338867e-07,20261005-010838-8084b01
2004,nn3,chcsho_12m,4.855915904045105e-06,20261005-010838-8084b01
2004,nn3,eqnpo_12m,2.466142177581787e-06,20261005-010838-8084b01
2004,nn3,debt_gr3,-2.1364539861679077e-06,20261005-010838-8084b01
2004,nn3,inv_gr1,-1.1473894119262695e-06,20261005-010838-8084b01
2004,nn3,inv_gr1a,-4.602596163749695e-06,20261005-010838-8084b01
2004,nn3,oaccruals_at,-5.960464477539063e-08,20261005-010838-8084b01
2004,nn3,taccruals_at,-2.6207417249679565e-06,20261005-010838-8084b01
2004,nn3,cowc_gr1a,3.91155481338501e-07,20261005-010838-8084b01
2004,nn3,coa_gr1a,-6.202608346939087e-06,20261005-010838-8084b01
2004,nn3,col_gr1a,-3.7439167499542236e-07,20261005-010838-8084b01
2004,nn3,nncoa_gr1a,-3.6694109439849854e-06,20261005-010838-8084b01
2004,nn3,ncoa_gr1a,-9.927898645401e-07,20261005-010838-8084b01
2004,nn3,ncol_gr1a,-2.25752592086792e-06,20261005-010838-8084b01
2004,nn3,nfna_gr1a,7.618218660354614e-07,20261005-010838-8084b01
2004,nn3,sti_gr1a,2.60770320892334e-07,20261005-010838-8084b01
2004,nn3,lti_gr1a,-1.0076910257339478e-06,20261005-010838-8084b01
2004,nn3,fnl_gr1a,-3.9301812648773193e-07,20261005-010838-8084b01
2004,nn3,be_gr1a,-3.887340426445007e-06,20261005-010838-8084b01
2004,nn3,oaccruals_ni,-1.5981495380401611e-06,20261005-010838-8084b01
2004,nn3,taccruals_ni,4.192814230918884e-06,20261005-010838-8084b01
2004,nn3,netis_at,-1.0244548320770264e-06,20261005-010838-8084b01
2004,nn3,eqnetis_at,1.3299286365509033e-06,20261005-010838-8084b01
2004,nn3,dbnetis_at,-2.0116567611694336e-07,20261005-010838-8084b01
2004,nn3,niq_be,9.313225746154785e-08,20261005-010838-8084b01
2004,nn3,niq_be_chg1,6.258487701416016e-07,20261005-010838-8084b01
2004,nn3,niq_at,7.050111889839172e-06,20261005-010838-8084b01
2004,nn3,niq_at_chg1,-7.748603820800781e-07,20261005-010838-8084b01
2004,nn3,ebit_bev,2.635642886161804e-06,20261005-010838-8084b01
2004,nn3,ebit_sale,-8.823350071907043e-06,20261005-010838-8084b01
2004,nn3,sale_bev,2.551823854446411e-07,20261005-010838-8084b01
2004,nn3,at_turnover,-3.296881914138794e-07,20261005-010838-8084b01
2004,nn3,gp_at,4.8764050006866455e-06,20261005-010838-8084b01
2004,nn3,gp_atl1,-4.805624485015869e-07,20261005-010838-8084b01
2004,nn3,ope_be,1.6856938600540161e-06,20261005-010838-8084b01
2004,nn3,ope_bel1,-8.307397365570068e-07,20261005-010838-8084b01
2004,nn3,op_at,-2.8312206268310547e-07,20261005-010838-8084b01
2004,nn3,op_atl1,2.6561319828033447e-06,20261005-010838-8084b01
2004,nn3,cop_at,9.98377799987793e-07,20261005-010838-8084b01
2004,nn3,cop_atl1,1.3373792171478271e-06,20261005-010838-8084b01
2004,nn3,f_score,0.0,20261005-010838-8084b01
2004,nn3,o_score,6.239861249923706e-06,20261005-010838-8084b01
2004,nn3,z_score,-3.429129719734192e-06,20261005-010838-8084b01
2004,nn3,pi_nix,3.9301812648773193e-07,20261005-010838-8084b01
2004,nn3,at_be,-2.086162567138672e-07,20261005-010838-8084b01
2004,nn3,saleq_gr1,2.158805727958679e-06,20261005-010838-8084b01
2004,nn3,rd_me,-6.368383765220642e-06,20261005-010838-8084b01
2004,nn3,rd_sale,-5.727633833885193e-06,20261005-010838-8084b01
2004,nn3,opex_at,4.056841135025024e-06,20261005-010838-8084b01
2004,nn3,emp_gr1,-1.214444637298584e-06,20261005-010838-8084b01
2004,nn3,rd5_at,-9.624287486076355e-06,20261005-010838-8084b01
2004,nn3,age,1.7119571566581726e-05,20261005-010838-8084b01
2004,nn3,dsale_dinv,2.723187208175659e-06,20261005-010838-8084b01
2004,nn3,dsale_drec,-4.544854164123535e-07,20261005-010838-8084b01
2004,nn3,dgp_dsale,-1.341104507446289e-06,20261005-010838-8084b01
2004,nn3,dsale_dsga,2.2333115339279175e-06,20261005-010838-8084b01
2004,nn3,sale_emp_gr1,1.2274831533432007e-06,20261005-010838-8084b01
2004,nn3,tangibility,-1.735985279083252e-06,20261005-010838-8084b01
2004,nn3,kz_index,5.383044481277466e-07,20261005-010838-8084b01
2004,nn3,ocfq_saleq_std,1.146458089351654e-05,20261005-010838-8084b01
2004,nn3,cash_at,-9.236857295036316e-06,20261005-010838-8084b01
2004,nn3,ni_ar1,-1.471489667892456e-07,20261005-010838-8084b01
2004,nn3,ni_ivol,5.705282092094421e-06,20261005-010838-8084b01
2004,nn3,earnings_variability,2.9709190130233765e-06,20261005-010838-8084b01
2004,nn3,aliq_at,2.7082860469818115e-06,20261005-010838-8084b01
2004,nn3,aliq_mat,-1.1239200830459595e-05,20261005-010838-8084b01
2004,nn3,seas_1_1an,-5.204230546951294e-06,20261005-010838-8084b01
2004,nn3,seas_1_1na,2.6887282729148865e-05,20261005-010838-8084b01
2004,nn3,seas_2_5an,3.024376928806305e-05,20261005-010838-8084b01
2004,nn3,seas_2_5na,7.834285497665405e-06,20261005-010838-8084b01
2004,nn3,seas_6_10an,2.2668391466140747e-06,20261005-010838-8084b01
2004,nn3,seas_6_10na,5.5301934480667114e-06,20261005-010838-8084b01
2004,nn3,seas_11_15an,4.064291715621948e-06,20261005-010838-8084b01
2004,nn3,seas_11_15na,1.9352883100509644e-06,20261005-010838-8084b01
2004,nn3,seas_16_20an,2.6617199182510376e-06,20261005-010838-8084b01
2004,nn3,seas_16_20na,9.704381227493286e-07,20261005-010838-8084b01
2004,nn3,market_equity,2.0854175090789795e-05,20261005-010838-8084b01
2004,nn3,ivol_ff3_21d,2.4512410163879395e-05,20261005-010838-8084b01
2004,nn3,ivol_capm_252d,1.364201307296753e-05,20261005-010838-8084b01
2004,nn3,ivol_capm_21d,1.8855556845664978e-05,20261005-010838-8084b01
2004,nn3,ivol_hxz4_21d,5.027651786804199e-05,20261005-010838-8084b01
2004,nn3,rvol_21d,6.111524999141693e-05,20261005-010838-8084b01
2004,nn3,beta_60m,-7.333233952522278e-06,20261005-010838-8084b01
2004,nn3,betabab_1260d,-3.885477781295776e-06,20261005-010838-8084b01
2004,nn3,beta_dimson_21d,-1.4398247003555298e-06,20261005-010838-8084b01
2004,nn3,turnover_126d,0.00010910071432590485,20261005-010838-8084b01
2004,nn3,turnover_var_126d,5.534663796424866e-05,20261005-010838-8084b01
2004,nn3,dolvol_126d,-1.4275312423706055e-05,20261005-010838-8084b01
2004,nn3,dolvol_var_126d,6.634742021560669e-06,20261005-010838-8084b01
2004,nn3,prc,2.747960388660431e-05,20261005-010838-8084b01
2004,nn3,ami_126d,1.58604234457016e-05,20261005-010838-8084b01
2004,nn3,zero_trades_21d,0.00017856992781162262,20261005-010838-8084b01
2004,nn3,zero_trades_126d,7.933750748634338e-05,20261005-010838-8084b01
2004,nn3,zero_trades_252d,3.548525273799896e-05,20261005-010838-8084b01
2004,nn3,rmax1_21d,3.0566006898880005e-06,20261005-010838-8084b01
2004,nn3,rskew_21d,-2.2910535335540771e-07,20261005-010838-8084b01
2004,nn3,iskew_capm_21d,-1.7210841178894043e-06,20261005-010838-8084b01
2004,nn3,iskew_ff3_21d,7.314607501029968e-06,20261005-010838-8084b01
2004,nn3,iskew_hxz4_21d,4.4330954551696777e-07,20261005-010838-8084b01
2004,nn3,coskew_21d,-5.885958671569824e-07,20261005-010838-8084b01
2004,nn3,ret_1_0,4.205852746963501e-05,20261005-010838-8084b01
2004,nn3,betadown_252d,-3.1329691410064697e-06,20261005-010838-8084b01
2004,nn3,bidaskhl_21d,5.345791578292847e-07,20261005-010838-8084b01
2004,nn3,ret_3_1,1.1641532182693481e-05,20261005-010838-8084b01
2004,nn3,ret_9_1,-3.3508986234664917e-06,20261005-010838-8084b01
2004,nn3,ret_12_7,-1.6780570149421692e-05,20261005-010838-8084b01
2004,nn3,corr_1260d,7.092952728271484e-06,20261005-010838-8084b01
2004,nn3,rmax5_21d,-1.4062970876693726e-06,20261005-010838-8084b01
2004,nn3,rmax5_rvol_21d,1.0851770639419556e-05,20261005-010838-8084b01
2004,nn3,ni_be,4.561617970466614e-06,20261005-010838-8084b01
2004,nn3,ocf_at,1.1473894119262695e-06,20261005-010838-8084b01
2004,nn3,ocf_at_chg1,-2.0246952772140503e-06,20261005-010838-8084b01
2004,nn3,mispricing_perf,-6.575137376785278e-07,20261005-010838-8084b01
2004,nn3,mispricing_mgmt,2.2687017917633057e-06,20261005-010838-8084b01
2004,nn3,qmj,8.66129994392395e-06,20261005-010838-8084b01
2004,nn3,qmj_prof,1.8123537302017212e-06,20261005-010838-8084b01
2004,nn3,qmj_growth,-3.3155083656311035e-06,20261005-010838-8084b01
2004,nn3,qmj_safety,1.6298145055770874e-06,20261005-010838-8084b01
2006,nn3,niq_su,-2.8312206268310547e-07,20261005-010838-8084b01
2006,nn3,ret_6_1,-8.527189493179321e-06,20261005-010838-8084b01
2006,nn3,ret_12_1,7.361173629760742e-06,20261005-010838-8084b01
2006,nn3,saleq_su,2.5890767574310303e-07,20261005-010838-8084b01
2006,nn3,tax_gr1a,-7.599592208862305e-07,20261005-010838-8084b01
2006,nn3,ni_inc8q,-2.384185791015625e-07,20261005-010838-8084b01
2006,nn3,prc_highprc_252d,-3.6098062992095947e-06,20261005-010838-8084b01
2006,nn3,resff3_6_1,2.520158886909485e-06,20261005-010838-8084b01
2006,nn3,resff3_12_1,3.7830322980880737e-06,20261005-010838-8084b01
2006,nn3,be_me,9.844079613685608e-06,20261005-010838-8084b01
2006,nn3,debt_me,9.909272193908691e-07,20261005-010838-8084b01
2006,nn3,at_me,1.218169927597046e-06,20261005-010838-8084b01
2006,nn3,ret_60_12,-5.027279257774353e-06,20261005-010838-8084b01
2006,nn3,ni_me,5.912035703659058e-06,20261005-010838-8084b01
2006,nn3,fcf_me,2.5704503059387207e-06,20261005-010838-8084b01
2006,nn3,div12m_me,-1.3969838619232178e-06,20261005-010838-8084b01
2006,nn3,eqpo_me,1.1399388313293457e-06,20261005-010838-8084b01
2006,nn3,eqnpo_me,-3.4868717193603516e-06,20261005-010838-8084b01
2006,nn3,sale_gr3,2.913177013397217e-06,20261005-010838-8084b01
2006,nn3,sale_gr1,1.3709068298339844e-06,20261005-010838-8084b01
2006,nn3,ebitda_mev,5.185604095458984e-06,20261005-010838-8084b01
2006,nn3,sale_me,1.358427107334137e-05,20261005-010838-8084b01
2006,nn3,ocf_me,1.309998333454132e-05,20261005-010838-8084b01
2006,nn3,ival_me,1.9688159227371216e-06,20261005-010838-8084b01
2006,nn3,bev_mev,-2.555549144744873e-06,20261005-010838-8084b01
2006,nn3,netdebt_me,1.1511147022247314e-06,20261005-010838-8084b01
2006,nn3,eq_dur,3.8333237171173096e-06,20261005-010838-8084b01
2006,nn3,capex_abn,3.91155481338501e-07,20261005-010838-8084b01
2006,nn3,at_gr1,2.1550804376602173e-06,20261005-010838-8084b01
2006,nn3,ppeinv_gr1a,-1.301988959312439e-06,20261005-010838-8084b01
2006,nn3,noa_at,-1.8347054719924927e-06,20261005-010838-8084b01
2006,nn3,noa_gr1a,9.071081876754761e-07,20261005-010838-8084b01
2006,nn3,lnoa_gr1a,1.3224780559539795e-07,20261005-010838-8084b01
2006,nn3,capx_gr1,5.345791578292847e-07,20261005-010838-8084b01
2006,nn3,capx_gr2,3.855675458908081e-07,20261005-010838-8084b01
2006,nn3,capx_gr3,7.618218660354614e-07,20261005-010838-8084b01
2006,nn3,chcsho_12m,1.4871358871459961e-05,20261005-010838-8084b01
2006,nn3,eqnpo_12m,3.296881914138794e-07,20261005-010838-8084b01
2006,nn3,debt_gr3,-7.469207048416138e-07,20261005-010838-8084b01
2006,nn3,inv_gr1,-3.2223761081695557e-07,20261005-010838-8084b01
2006,nn3,inv_gr1a,-5.5711716413497925e-06,20261005-010838-8084b01
2006,nn3,oaccruals_at,4.6193599700927734e-07,20261005-010838-8084b01
2006,nn3,taccruals_at,-1.0989606380462646e-06,20261005-010838-8084b01
2006,nn3,cowc_gr1a,-8.940696716308594e-07,20261005-010838-8084b01
2006,nn3,coa_gr1a,-2.522021532058716e-06,20261005-010838-8084b01
2006,nn3,col_gr1a,-2.3096799850463867e-07,20261005-010838-8084b01
2006,nn3,nncoa_gr1a,1.1362135410308838e-07,20261005-010838-8084b01
2006,nn3,ncoa_gr1a,1.862645149230957e-09,20261005-010838-8084b01
2006,nn3,ncol_gr1a,-1.564621925354004e-07,20261005-010838-8084b01
2006,nn3,nfna_gr1a,3.46451997756958e-07,20261005-010838-8084b01
2006,nn3,sti_gr1a,-3.0174851417541504e-07,20261005-010838-8084b01
2006,nn3,lti_gr1a,-4.805624485015869e-07,20261005-010838-8084b01
2006,nn3,fnl_gr1a,-9.238719940185547e-07,20261005-010838-8084b01
2006,nn3,be_gr1a,-7.0426613092422485e-06,20261005-010838-8084b01
2006,nn3,oaccruals_ni,2.3096799850463867e-07,20261005-010838-8084b01
2006,nn3,taccruals_ni,7.702037692070007e-06,20261005-010838-8084b01
2006,nn3,netis_at,-7.636845111846924e-08,20261005-010838-8084b01
2006,nn3,eqnetis_at,2.1792948246002197e-07,20261005-010838-8084b01
2006,nn3,dbnetis_at,3.46451997756958e-07,20261005-010838-8084b01
2006,nn3,niq_be,1.1157244443893433e-06,20261005-010838-8084b01
2006,nn3,niq_be_chg1,2.769753336906433e-06,20261005-010838-8084b01
2006,nn3,niq_at,7.871538400650024e-06,20261005-010838-8084b01
2006,nn3,niq_at_chg1,1.2870877981185913e-06,20261005-010838-8084b01
2006,nn3,ebit_bev,2.8051435947418213e-06,20261005-010838-8084b01
2006,nn3,ebit_sale,-9.987503290176392e-06,20261005-010838-8084b01
2006,nn3,sale_bev,-8.288770914077759e-07,20261005-010838-8084b01
2006,nn3,at_turnover,2.376735210418701e-06,20261005-010838-8084b01
2006,nn3,gp_at,3.155320882797241e-06,20261005-010838-8084b01
2006,nn3,gp_atl1,1.0598450899124146e-06,20261005-010838-8084b01
2006,nn3,ope_be,-1.389533281326294e-06,20261005-010838-8084b01
2006,nn3,ope_bel1,7.990747690200806e-07,20261005-010838-8084b01
2006,nn3,op_at,1.0728836059570312e-06,20261005-010838-8084b01
2006,nn3,op_atl1,3.557652235031128e-07,20261005-010838-8084b01
2006,nn3,cop_at,-1.6689300537109375e-06,20261005-010838-8084b01
2006,nn3,cop_atl1,-1.7508864402770996e-07,20261005-010838-8084b01
2006,nn3,f_score,5.830079317092896e-07,20261005-010838-8084b01
2006,nn3,o_score,2.3655593395233154e-07,20261005-010838-8084b01
2006,nn3,z_score,-6.854534149169922e-07,20261005-010838-8084b01
2006,nn3,pi_nix,-1.5273690223693848e-06,20261005-010838-8084b01
2006,nn3,at_be,6.32554292678833e-06,20261005-010838-8084b01
2006,nn3,saleq_gr1,-6.146728992462158e-07,20261005-010838-8084b01
2006,nn3,rd_me,2.0675361156463623e-06,20261005-010838-8084b01
2006,nn3,rd_sale,-1.601874828338623e-06,20261005-010838-8084b01
2006,nn3,opex_at,-4.991888999938965e-07,20261005-010838-8084b01
2006,nn3,emp_gr1,5.494803190231323e-07,20261005-010838-8084b01
2006,nn3,rd5_at,-3.458932042121887e-06,20261005-010838-8084b01
2006,nn3,age,1.57821923494339e-05,20261005-010838-8084b01
2006,nn3,dsale_dinv,-2.6691704988479614e-06,20261005-010838-8084b01
2006,nn3,dsale_drec,-4.079192876815796e-07,20261005-010838-8084b01
2006,nn3,dgp_dsale,3.287568688392639e-06,20261005-010838-8084b01
2006,nn3,dsale_dsga,9.275972843170166e-07,20261005-010838-8084b01
2006,nn3,sale_emp_gr1,1.434236764907837e-06,20261005-010838-8084b01
2006,nn3,tangibility,-7.245689630508423e-07,20261005-010838-8084b01
2006,nn3,kz_index,-1.8868595361709595e-06,20261005-010838-8084b01
2006,nn3,ocfq_saleq_std,2.5387853384017944e-06,20261005-010838-8084b01
2006,nn3,cash_at,5.95487654209137e-06,20261005-010838-8084b01
2006,nn3,ni_ar1,1.3224780559539795e-07,20261005-010838-8084b01
2006,nn3,ni_ivol,3.7904828786849976e-06,20261005-010838-8084b01
2006,nn3,earnings_variability,-4.7124922275543213e-07,20261005-010838-8084b01
2006,nn3,aliq_at,4.129484295845032e-06,20261005-010838-8084b01
2006,nn3,aliq_mat,9.095296263694763e-06,20261005-010838-8084b01
2006,nn3,seas_1_1an,-1.1567026376724243e-05,20261005-010838-8084b01
2006,nn3,seas_1_1na,5.044043064117432e-06,20261005-010838-8084b01
2006,nn3,seas_2_5an,1.54934823513031e-05,20261005-010838-8084b01
2006,nn3,seas_2_5na,-1.9669532775878906e-06,20261005-010838-8084b01
2006,nn3,seas_6_10an,8.927658200263977e-06,20261005-010838-8084b01
2006,nn3,seas_6_10na,-8.754432201385498e-08,20261005-010838-8084b01
2006,nn3,seas_11_15an,4.492700099945068e-06,20261005-010838-8084b01
2006,nn3,seas_11_15na,2.034008502960205e-06,20261005-010838-8084b01
2006,nn3,seas_16_20an,6.882473826408386e-06,20261005-010838-8084b01
2006,nn3,seas_16_20na,-1.4901161193847656e-07,20261005-010838-8084b01
2006,nn3,market_equity,-1.7678365111351013e-05,20261005-010838-8084b01
2006,nn3,ivol_ff3_21d,1.3686716556549072e-05,20261005-010838-8084b01
2006,nn3,ivol_capm_252d,-9.354203939437866e-06,20261005-010838-8084b01
2006,nn3,ivol_capm_21d,9.924173355102539e-06,20261005-010838-8084b01
2006,nn3,ivol_hxz4_21d,3.48556786775589e-05,20261005-010838-8084b01
2006,nn3,rvol_21d,3.6422163248062134e-05,20261005-010838-8084b01
2006,nn3,beta_60m,-1.6540288925170898e-06,20261005-010838-8084b01
2006,nn3,betabab_1260d,-9.927898645401e-07,20261005-010838-8084b01
2006,nn3,beta_dimson_21d,6.036832928657532e-06,20261005-010838-8084b01
2006,nn3,turnover_126d,3.831833600997925e-05,20261005-010838-8084b01
2006,nn3,turnover_var_126d,1.5776604413986206e-05,20261005-010838-8084b01
2006,nn3,dolvol_126d,-9.741634130477905e-07,20261005-010838-8084b01
2006,nn3,dolvol_var_126d,2.2534281015396118e-05,20261005-010838-8084b01
2006,nn3,prc,-2.666190266609192e-05,20261005-010838-8084b01
2006,nn3,ami_126d,1.1529773473739624e-06,20261005-010838-8084b01
2006,nn3,zero_trades_21d,0.00025628507137298584,20261005-010838-8084b01
2006,nn3,zero_trades_126d,3.621913492679596e-05,20261005-010838-8084b01
2006,nn3,zero_trades_252d,5.8300793170928955e-06,20261005-010838-8084b01
2006,nn3,rmax1_21d,-4.449859261512756e-06,20261005-010838-8084b01
2006,nn3,rskew_21d,3.462657332420349e-06,20261005-010838-8084b01
2006,nn3,iskew_capm_21d,4.880130290985107e-07,20261005-010838-8084b01
2006,nn3,iskew_ff3_21d,1.0313466191291809e-05,20261005-010838-8084b01
2006,nn3,iskew_hxz4_21d,1.9371509552001953e-07,20261005-010838-8084b01
2006,nn3,coskew_21d,-2.076849341392517e-06,20261005-010838-8084b01
2006,nn3,ret_1_0,-2.175569534301758e-06,20261005-010838-8084b01
2006,nn3,betadown_252d,3.129243850708008e-06,20261005-010838-8084b01
2006,nn3,bidaskhl_21d,-2.8112903237342834e-05,20261005-010838-8084b01
2006,nn3,ret_3_1,-4.4405460357666016e-06,20261005-010838-8084b01
2006,nn3,ret_9_1,-1.3304874300956726e-05,20261005-010838-8084b01
2006,nn3,ret_12_7,-1.049041748046875e-05,20261005-010838-8084b01
2006,nn3,corr_1260d,-2.084299921989441e-06,20261005-010838-8084b01
2006,nn3,rmax5_21d,-6.200745701789856e-06,20261005-010838-8084b01
2006,nn3,rmax5_rvol_21d,8.352100849151611e-06,20261005-010838-8084b01
2006,nn3,ni_be,2.1569430828094482e-06,20261005-010838-8084b01
2006,nn3,ocf_at,-2.2277235984802246e-06,20261005-010838-8084b01
2006,nn3,ocf_at_chg1,1.3373792171478271e-06,20261005-010838-8084b01
2006,nn3,mispricing_perf,4.850327968597412e-06,20261005-010838-8084b01
2006,nn3,mispricing_mgmt,2.9578804969787598e-06,20261005-010838-8084b01
2006,nn3,qmj,6.07222318649292e-06,20261005-010838-8084b01
2006,nn3,qmj_prof,-9.94652509689331e-07,20261005-010838-8084b01
2006,nn3,qmj_growth,3.1422823667526245e-06,20261005-010838-8084b01
2006,nn3,qmj_safety,9.553506970405579e-06,20261005-010838-8084b01
2008,nn3,niq_su,-1.959502696990967e-06,20261005-010838-8084b01
2008,nn3,ret_6_1,-4.7363340854644775e-05,20261005-010838-8084b01
2008,nn3,ret_12_1,7.912889122962952e-05,20261005-010838-8084b01
2008,nn3,saleq_su,6.511807441711426e-06,20261005-010838-8084b01
2008,nn3,tax_gr1a,-3.296881914138794e-06,20261005-010838-8084b01
2008,nn3,ni_inc8q,-4.101544618606567e-06,20261005-010838-8084b01
2008,nn3,prc_highprc_252d,9.557977318763733e-05,20261005-010838-8084b01
2008,nn3,resff3_6_1,-6.112456321716309e-05,20261005-010838-8084b01
2008,nn3,resff3_12_1,-9.350478649139404e-07,20261005-010838-8084b01
2008,nn3,be_me,-0.00017961859703063965,20261005-010838-8084b01
2008,nn3,debt_me,-9.715557098388672e-06,20261005-010838-8084b01
2008,nn3,at_me,-7.944554090499878e-05,20261005-010838-8084b01
2008,nn3,ret_60_12,-7.105991244316101e-05,20261005-010838-8084b01
2008,nn3,ni_me,9.36165452003479e-06,20261005-010838-8084b01
2008,nn3,fcf_me,4.145503044128418e-05,20261005-010838-8084b01
2008,nn3,div12m_me,-6.875023245811462e-05,20261005-010838-8084b01
2008,nn3,eqpo_me,-3.1016767024993896e-05,20261005-010838-8084b01
2008,nn3,eqnpo_me,-3.2745301723480225e-06,20261005-010838-8084b01
2008,nn3,sale_gr3,-4.027038812637329e-06,20261005-010838-8084b01
2008,nn3,sale_gr1,3.3117830753326416e-06,20261005-010838-8084b01
2008,nn3,ebitda_mev,1.8991529941558838e-05,20261005-010838-8084b01
2008,nn3,sale_me,-2.5216490030288696e-05,20261005-010838-8084b01
2008,nn3,ocf_me,3.781169652938843e-05,20261005-010838-8084b01
2008,nn3,ival_me,-8.616596460342407e-06,20261005-010838-8084b01
2008,nn3,bev_mev,-2.9627233743667603e-05,20261005-010838-8084b01
2008,nn3,netdebt_me,-7.99819827079773e-06,20261005-010838-8084b01
2008,nn3,eq_dur,-2.1785497665405273e-05,20261005-010838-8084b01
2008,nn3,capex_abn,2.1047890186309814e-06,20261005-010838-8084b01
2008,nn3,at_gr1,2.1930783987045288e-05,20261005-010838-8084b01
2008,nn3,ppeinv_gr1a,-8.66129994392395e-06,20261005-010838-8084b01
2008,nn3,noa_at,-2.5037676095962524e-05,20261005-010838-8084b01
2008,nn3,noa_gr1a,-2.902001142501831e-06,20261005-010838-8084b01
2008,nn3,lnoa_gr1a,5.811452865600586e-07,20261005-010838-8084b01
2008,nn3,capx_gr1,5.107372999191284e-06,20261005-010838-8084b01
2008,nn3,capx_gr2,-2.25752592086792e-06,20261005-010838-8084b01
2008,nn3,capx_gr3,8.638948202133179e-06,20261005-010838-8084b01
2008,nn3,chcsho_12m,6.972253322601318e-05,20261005-010838-8084b01
2008,nn3,eqnpo_12m,-0.00010558217763900757,20261005-010838-8084b01
2008,nn3,debt_gr3,-2.682209014892578e-06,20261005-010838-8084b01
2008,nn3,inv_gr1,5.39049506187439e-06,20261005-010838-8084b01
2008,nn3,inv_gr1a,1.4789402484893799e-06,20261005-010838-8084b01
2008,nn3,oaccruals_at,-2.6188790798187256e-06,20261005-010838-8084b01
2008,nn3,taccruals_at,-4.2691826820373535e-06,20261005-010838-8084b01
2008,nn3,cowc_gr1a,2.119690179824829e-06,20261005-010838-8084b01
2008,nn3,coa_gr1a,-9.164214134216309e-06,20261005-010838-8084b01
2008,nn3,col_gr1a,-4.198402166366577e-06,20261005-010838-8084b01
2008,nn3,nncoa_gr1a,-8.840113878250122e-06,20261005-010838-8084b01
2008,nn3,ncoa_gr1a,-2.0638108253479004e-06,20261005-010838-8084b01
2008,nn3,ncol_gr1a,1.2721866369247437e-05,20261005-010838-8084b01
2008,nn3,nfna_gr1a,-2.812594175338745e-06,20261005-010838-8084b01
2008,nn3,sti_gr1a,-2.25752592086792e-06,20261005-010838-8084b01
2008,nn3,lti_gr1a,-6.407499313354492e-07,20261005-010838-8084b01
2008,nn3,fnl_gr1a,-3.170222043991089e-06,20261005-010838-8084b01
2008,nn3,be_gr1a,-4.29004430770874e-05,20261005-010838-8084b01
2008,nn3,oaccruals_ni,-4.51505184173584e-06,20261005-010838-8084b01
2008,nn3,taccruals_ni,-2.802535891532898e-05,20261005-010838-8084b01
2008,nn3,netis_at,-5.494803190231323e-06,20261005-010838-8084b01
2008,nn3,eqnetis_at,1.4469027519226074e-05,20261005-010838-8084b01
2008,nn3,dbnetis_at,-2.6673078536987305e-06,20261005-010838-8084b01
2008,nn3,niq_be,6.98380172252655e-05,20261005-010838-8084b01
2008,nn3,niq_be_chg1,-9.313225746154785e-08,20261005-010838-8084b01
2008,nn3,niq_at,6.264075636863708e-05,20261005-010838-8084b01
2008,nn3,niq_at_chg1,5.833804607391357e-06,20261005-010838-8084b01
2008,nn3,ebit_bev,-4.882737994194031e-05,20261005-010838-8084b01
2008,nn3,ebit_sale,3.835558891296387e-05,20261005-010838-8084b01
2008,nn3,sale_bev,-1.7743557691574097e-05,20261005-010838-8084b01
2008,nn3,at_turnover,-8.91461968421936e-06,20261005-010838-8084b01
2008,nn3,gp_at,-8.754432201385498e-06,20261005-010838-8084b01
2008,nn3,gp_atl1,-7.99819827079773e-06,20261005-010838-8084b01
2008,nn3,ope_be,-5.271285772323608e-06,20261005-010838-8084b01
2008,nn3,ope_bel1,1.0609626770019531e-05,20261005-010838-8084b01
2008,nn3,op_at,0.00011275336146354675,20261005-010838-8084b01
2008,nn3,op_atl1,3.7785619497299194e-05,20261005-010838-8084b01
2008,nn3,cop_at,-4.61190938949585e-06,20261005-010838-8084b01
2008,nn3,cop_atl1,-2.1189451217651367e-05,20261005-010838-8084b01
2008,nn3,f_score,-9.07108187675476e-06,20261005-010838-8084b01
2008,nn3,o_score,-5.674734711647034e-05,20261005-010838-8084b01
2008,nn3,z_score,-7.696449756622314e-06,20261005-010838-8084b01
2008,nn3,pi_nix,2.6971101760864258e-06,20261005-010838-8084b01
2008,nn3,at_be,-8.780509233474731e-06,20261005-010838-8084b01
2008,nn3,saleq_gr1,-1.36643648147583e-05,20261005-010838-8084b01
2008,nn3,rd_me,-0.00011399760842323303,20261005-010838-8084b01
2008,nn3,rd_sale,-2.6416033506393433e-05,20261005-010838-8084b01
2008,nn3,opex_at,-1.4368444681167603e-05,20261005-010838-8084b01
2008,nn3,emp_gr1,5.140900611877441e-06,20261005-010838-8084b01
2008,nn3,rd5_at,-2.928823232650757e-05,20261005-010838-8084b01
2008,nn3,age,-6.583705544471741e-05,20261005-010838-8084b01
2008,nn3,dsale_dinv,-2.775341272354126e-06,20261005-010838-8084b01
2008,nn3,dsale_drec,7.636845111846924e-07,20261005-010838-8084b01
2008,nn3,dgp_dsale,9.812414646148682e-06,20261005-010838-8084b01
2008,nn3,dsale_dsga,1.7434358596801758e-06,20261005-010838-8084b01
2008,nn3,sale_emp_gr1,-1.2814998626708984e-06,20261005-010838-8084b01
2008,nn3,tangibility,-3.818795084953308e-05,20261005-010838-8084b01
2008,nn3,kz_index,1.125037670135498e-06,20261005-010838-8084b01
2008,nn3,ocfq_saleq_std,6.742775440216064e-07,20261005-010838-8084b01
2008,nn3,cash_at,-7.721409201622009e-05,20261005-010838-8084b01
2008,nn3,ni_ar1,-2.391636371612549e-06,20261005-010838-8084b01
2008,nn3,ni_ivol,-3.781169652938843e-05,20261005-010838-8084b01
2008,nn3,earnings_variability,-6.400048732757568e-06,20261005-010838-8084b01
2008,nn3,aliq_at,2.0079314708709717e-05,20261005-010838-8084b01
2008,nn3,aliq_mat,6.783753633499146e-05,20261005-010838-8084b01
2008,nn3,seas_1_1an,3.641098737716675e-05,20261005-010838-8084b01
2008,nn3,seas_1_1na,-0.00020060688257217407,20261005-010838-8084b01
2008,nn3,seas_2_5an,1.0870397090911865e-05,20261005-010838-8084b01
2008,nn3,seas_2_5na,2.6125460863113403e-05,20261005-010838-8084b01
2008,nn3,seas_6_10an,1.7508864402770996e-06,20261005-010838-8084b01
2008,nn3,seas_6_10na,6.560236215591431e-06,20261005-010838-8084b01
2008,nn3,seas_11_15an,5.733221769332886e-06,20261005-010838-8084b01
2008,nn3,seas_11_15na,-9.611248970031738e-07,20261005-010838-8084b01
2008,nn3,seas_16_20an,1.0378658771514893e-05,20261005-010838-8084b01
2008,nn3,seas_16_20na,6.705522537231445e-08,20261005-010838-8084b01
2008,nn3,market_equity,-0.00025700032711029053,20261005-010838-8084b01
2008,nn3,ivol_ff3_21d,-6.198137998580933e-05,20261005-010838-8084b01
2008,nn3,ivol_capm_252d,0.00016900524497032166,20261005-010838-8084b01
2008,nn3,ivol_capm_21d,-2.559646964073181e-05,20261005-010838-8084b01
2008,nn3,ivol_hxz4_21d,0.0003405176103115082,20261005-010838-8084b01
2008,nn3,rvol_21d,-0.0001741759479045868,20261005-010838-8084b01
2008,nn3,beta_60m,-3.0115246772766113e-05,20261005-010838-8084b01
2008,nn3,betabab_1260d,-2.3521482944488525e-05,20261005-010838-8084b01
2008,nn3,beta_dimson_21d,-5.982816219329834e-06,20261005-010838-8084b01
2008,nn3,turnover_126d,3.9171427488327026e-05,20261005-010838-8084b01
2008,nn3,turnover_var_126d,-0.00016009807586669922,20261005-010838-8084b01
2008,nn3,dolvol_126d,5.087628960609436e-05,20261005-010838-8084b01
2008,nn3,dolvol_var_126d,0.00010379776358604431,20261005-010838-8084b01
2008,nn3,prc,-0.0003794953227043152,20261005-010838-8084b01
2008,nn3,ami_126d,-3.8582831621170044e-05,20261005-010838-8084b01
2008,nn3,zero_trades_21d,0.0010343454778194427,20261005-010838-8084b01
2008,nn3,zero_trades_126d,-0.00013073161244392395,20261005-010838-8084b01
2008,nn3,zero_trades_252d,-0.00012610852718353271,20261005-010838-8084b01
2008,nn3,rmax1_21d,-2.8721988201141357e-06,20261005-010838-8084b01
2008,nn3,rskew_21d,4.973262548446655e-06,20261005-010838-8084b01
2008,nn3,iskew_capm_21d,3.2298266887664795e-06,20261005-010838-8084b01
2008,nn3,iskew_ff3_21d,-4.284083843231201e-06,20261005-010838-8084b01
2008,nn3,iskew_hxz4_21d,-2.1867454051971436e-06,20261005-010838-8084b01
2008,nn3,coskew_21d,-2.0936131477355957e-06,20261005-010838-8084b01
2008,nn3,ret_1_0,-0.0001608245074748993,20261005-010838-8084b01
2008,nn3,betadown_252d,-2.571195363998413e-05,20261005-010838-8084b01
2008,nn3,bidaskhl_21d,-0.0001317039132118225,20261005-010838-8084b01
2008,nn3,ret_3_1,-0.00011511147022247314,20261005-010838-8084b01
2008,nn3,ret_9_1,-2.4847686290740967e-06,20261005-010838-8084b01
2008,nn3,ret_12_7,5.116686224937439e-05,20261005-010838-8084b01
2008,nn3,corr_1260d,-1.8883496522903442e-05,20261005-010838-8084b01
2008,nn3,rmax5_21d,6.498396396636963e-05,20261005-010838-8084b01
2008,nn3,rmax5_rvol_21d,7.732957601547241e-05,20261005-010838-8084b01
2008,nn3,ni_be,-3.93986701965332e-05,20261005-010838-8084b01
2008,nn3,ocf_at,-7.442384958267212e-05,20261005-010838-8084b01
2008,nn3,ocf_at_chg1,1.1008232831954956e-05,20261005-010838-8084b01
2008,nn3,mispricing_perf,3.8858503103256226e-05,20261005-010838-8084b01
2008,nn3,mispricing_mgmt,2.343207597732544e-06,20261005-010838-8084b01
2008,nn3,qmj,-4.902482032775879e-05,20261005-010838-8084b01
2008,nn3,qmj_prof,6.452202796936035e-06,20261005-010838-8084b01
2008,nn3,qmj_growth,2.3856759071350098e-05,20261005-010838-8084b01
2008,nn3,qmj_safety,0.0001072511076927185,20261005-010838-8084b01
2010,nn3,niq_su,1.082196831703186e-06,20261005-010838-8084b01
2010,nn3,ret_6_1,-1.3224780559539795e-07,20261005-010838-8084b01
2010,nn3,ret_12_1,1.1941418051719666e-05,20261005-010838-8084b01
2010,nn3,saleq_su,3.602355718612671e-06,20261005-010838-8084b01
2010,nn3,tax_gr1a,2.1811574697494507e-06,20261005-010838-8084b01
2010,nn3,ni_inc8q,1.3243407011032104e-06,20261005-010838-8084b01
2010,nn3,prc_highprc_252d,-1.7870217561721802e-05,20261005-010838-8084b01
2010,nn3,resff3_6_1,8.367002010345459e-06,20261005-010838-8084b01
2010,nn3,resff3_12_1,-2.3562461137771606e-06,20261005-010838-8084b01
2010,nn3,be_me,5.0123780965805054e-05,20261005-010838-8084b01
2010,nn3,debt_me,6.709247827529907e-06,20261005-010838-8084b01
2010,nn3,at_me,3.3136457204818726e-05,20261005-010838-8084b01
2010,nn3,ret_60_12,4.3585896492004395e-06,20261005-010838-8084b01
2010,nn3,ni_me,-4.805624485015869e-07,20261005-010838-8084b01
2010,nn3,fcf_me,-4.945322871208191e-06,20261005-010838-8084b01
2010,nn3,div12m_me,1.0283663868904114e-05,20261005-010838-8084b01
2010,nn3,eqpo_me,5.9157609939575195e-06,20261005-010838-8084b01
2010,nn3,eqnpo_me,-4.7497451305389404e-07,20261005-010838-8084b01
2010,nn3,sale_gr3,2.1569430828094482e-06,20261005-010838-8084b01
2010,nn3,sale_gr1,6.38328492641449e-06,20261005-010838-8084b01
2010,nn3,ebitda_mev,2.4903565645217896e-06,20261005-010838-8084b01
2010,nn3,sale_me,1.7138198018074036e-05,20261005-010838-8084b01
2010,nn3,ocf_me,-2.8405338525772095e-06,20261005-010838-8084b01
2010,nn3,ival_me,8.959323167800903e-07,20261005-010838-8084b01
2010,nn3,bev_mev,8.268281817436218e-06,20261005-010838-8084b01
2010,nn3,netdebt_me,-2.1774321794509888e-06,20261005-010838-8084b01
2010,nn3,eq_dur,3.6749988794326782e-06,20261005-010838-8084b01
2010,nn3,capex_abn,-2.514570951461792e-07,20261005-010838-8084b01
2010,nn3,at_gr1,1.7955899238586426e-06,20261005-010838-8084b01
2010,nn3,ppeinv_gr1a,-3.030523657798767e-06,20261005-010838-8084b01
2010,nn3,noa_at,3.6600977182388306e-06,20261005-010838-8084b01
2010,nn3,noa_gr1a,9.12696123123169e-08,20261005-010838-8084b01
2010,nn3,lnoa_gr1a,-1.7508864402770996e-07,20261005-010838-8084b01
2010,nn3,capx_gr1,2.428889274597168e-06,20261005-010838-8084b01
2010,nn3,capx_gr2,-4.246830940246582e-07,20261005-010838-8084b01
2010,nn3,capx_gr3,6.873160600662231e-07,20261005-010838-8084b01
2010,nn3,chcsho_12m,-9.300187230110168e-06,20261005-010838-8084b01
2010,nn3,eqnpo_12m,1.625344157218933e-05,20261005-010838-8084b01
2010,nn3,debt_gr3,-5.178153514862061e-07,20261005-010838-8084b01
2010,nn3,inv_gr1,-4.805624485015869e-07,20261005-010838-8084b01
2010,nn3,inv_gr1a,4.6566128730773926e-08,20261005-010838-8084b01
2010,nn3,oaccruals_at,-8.083879947662354e-07,20261005-010838-8084b01
2010,nn3,taccruals_at,1.8794089555740356e-06,20261005-010838-8084b01
2010,nn3,cowc_gr1a,2.9355287551879883e-06,20261005-010838-8084b01
2010,nn3,coa_gr1a,-2.1476298570632935e-06,20261005-010838-8084b01
2010,nn3,col_gr1a,-5.252659320831299e-07,20261005-010838-8084b01
2010,nn3,nncoa_gr1a,1.2088567018508911e-06,20261005-010838-8084b01
2010,nn3,ncoa_gr1a,-2.9616057872772217e-07,20261005-010838-8084b01
2010,nn3,ncol_gr1a,-1.6652047634124756e-06,20261005-010838-8084b01
2010,nn3,nfna_gr1a,1.341104507446289e-07,20261005-010838-8084b01
2010,nn3,sti_gr1a,-6.388872861862183e-07,20261005-010838-8084b01
2010,nn3,lti_gr1a,-8.028000593185425e-07,20261005-010838-8084b01
2010,nn3,fnl_gr1a,8.996576070785522e-07,20261005-010838-8084b01
2010,nn3,be_gr1a,5.941838026046753e-07,20261005-010838-8084b01
2010,nn3,oaccruals_ni,2.9299408197402954e-06,20261005-010838-8084b01
2010,nn3,taccruals_ni,3.3695250749588013e-06,20261005-010838-8084b01
2010,nn3,netis_at,-7.245689630508423e-07,20261005-010838-8084b01
2010,nn3,eqnetis_at,-5.278736352920532e-06,20261005-010838-8084b01
2010,nn3,dbnetis_at,-4.6566128730773926e-07,20261005-010838-8084b01
2010,nn3,niq_be,-8.48621129989624e-06,20261005-010838-8084b01
2010,nn3,niq_be_chg1,-1.0058283805847168e-07,20261005-010838-8084b01
2010,nn3,niq_at,-8.670613169670105e-06,20261005-010838-8084b01
2010,nn3,niq_at_chg1,8.866190910339355e-07,20261005-010838-8084b01
2010,nn3,ebit_bev,1.1125579476356506e-05,20261005-010838-8084b01
2010,nn3,ebit_sale,-1.5139579772949219e-05,20261005-010838-8084b01
2010,nn3,sale_bev,6.295740604400635e-07,20261005-010838-8084b01
2010,nn3,at_turnover,3.829598426818848e-06,20261005-010838-8084b01
2010,nn3,gp_at,-1.0747462511062622e-06,20261005-010838-8084b01
2010,nn3,gp_atl1,1.9799917936325073e-06,20261005-010838-8084b01
2010,nn3,ope_be,2.2444874048233032e-06,20261005-010838-8084b01
2010,nn3,ope_bel1,3.520399332046509e-06,20261005-010838-8084b01
2010,nn3,op_at,-1.0453164577484131e-05,20261005-010838-8084b01
2010,nn3,op_atl1,-5.867332220077515e-06,20261005-010838-8084b01
2010,nn3,cop_at,5.8282166719436646e-06,20261005-010838-8084b01
2010,nn3,cop_atl1,7.495284080505371e-06,20261005-010838-8084b01
2010,nn3,f_score,3.95067036151886e-06,20261005-010838-8084b01
2010,nn3,o_score,-2.259388566017151e-06,20261005-010838-8084b01
2010,nn3,z_score,2.428889274597168e-06,20261005-010838-8084b01
2010,nn3,pi_nix,-5.457550287246704e-07,20261005-010838-8084b01
2010,nn3,at_be,6.146728992462158e-08,20261005-010838-8084b01
2010,nn3,saleq_gr1,3.941357135772705e-06,20261005-010838-8084b01
2010,nn3,rd_me,8.964911103248596e-06,20261005-010838-8084b01
2010,nn3,rd_sale,5.185604095458984e-06,20261005-010838-8084b01
2010,nn3,opex_at,9.57399606704712e-07,20261005-010838-8084b01
2010,nn3,emp_gr1,-3.5688281059265137e-06,20261005-010838-8084b01
2010,nn3,rd5_at,1.9818544387817383e-06,20261005-010838-8084b01
2010,nn3,age,1.169554889202118e-05,20261005-010838-8084b01
2010,nn3,dsale_dinv,-1.8421560525894165e-06,20261005-010838-8084b01
2010,nn3,dsale_drec,-1.0244548320770264e-07,20261005-010838-8084b01
2010,nn3,dgp_dsale,-1.646578311920166e-06,20261005-010838-8084b01
2010,nn3,dsale_dsga,-1.4919787645339966e-06,20261005-010838-8084b01
2010,nn3,sale_emp_gr1,-6.742775440216064e-07,20261005-010838-8084b01
2010,nn3,tangibility,8.840113878250122e-06,20261005-010838-8084b01
2010,nn3,kz_index,-1.0784715414047241e-06,20261005-010838-8084b01
2010,nn3,ocfq_saleq_std,4.8335641622543335e-06,20261005-010838-8084b01
2010,nn3,cash_at,8.374452590942383e-06,20261005-010838-8084b01
2010,nn3,ni_ar1,5.979090929031372e-07,20261005-010838-8084b01
2010,nn3,ni_ivol,8.633360266685486e-06,20261005-010838-8084b01
2010,nn3,earnings_variability,6.668269634246826e-07,20261005-010838-8084b01
2010,nn3,aliq_at,-2.818182110786438e-06,20261005-010838-8084b01
2010,nn3,aliq_mat,1.2133270502090454e-05,20261005-010838-8084b01
2010,nn3,seas_1_1an,3.6265701055526733e-06,20261005-010838-8084b01
2010,nn3,seas_1_1na,2.339296042919159e-05,20261005-010838-8084b01
2010,nn3,seas_2_5an,-1.1090189218521118e-05,20261005-010838-8084b01
2010,nn3,seas_2_5na,-3.371387720108032e-07,20261005-010838-8084b01
2010,nn3,seas_6_10an,-1.6881152987480164e-05,20261005-010838-8084b01
2010,nn3,seas_6_10na,6.48200511932373e-07,20261005-010838-8084b01
2010,nn3,seas_11_15an,-1.2237578630447388e-06,20261005-010838-8084b01
2010,nn3,seas_11_15na,6.109476089477539e-07,20261005-010838-8084b01
2010,nn3,seas_16_20an,-2.1997839212417603e-06,20261005-010838-8084b01
2010,nn3,seas_16_20na,-5.941838026046753e-07,20261005-010838-8084b01
2010,nn3,market_equity,1.4871358871459961e-05,20261005-010838-8084b01
2010,nn3,ivol_ff3_21d,4.461035132408142e-06,20261005-010838-8084b01
2010,nn3,ivol_capm_252d,-2.0468607544898987e-05,20261005-010838-8084b01
2010,nn3,ivol_capm_21d,3.077089786529541e-06,20261005-010838-8084b01
2010,nn3,ivol_hxz4_21d,-3.197789192199707e-05,20261005-010838-8084b01
2010,nn3,rvol_21d,1.6994774341583252e-05,20261005-010838-8084b01
2010,nn3,beta_60m,5.8747828006744385e-06,20261005-010838-8084b01
2010,nn3,betabab_1260d,8.987262845039368e-06,20261005-010838-8084b01
2010,nn3,beta_dimson_21d,2.855435013771057e-06,20261005-010838-8084b01
2010,nn3,turnover_126d,3.295391798019409e-05,20261005-010838-8084b01
2010,nn3,turnover_var_126d,2.329424023628235e-05,20261005-010838-8084b01
2010,nn3,dolvol_126d,-3.5390257835388184e-06,20261005-010838-8084b01
2010,nn3,dolvol_var_126d,5.947425961494446e-06,20261005-010838-8084b01
2010,nn3,prc,4.106014966964722e-05,20261005-010838-8084b01
2010,nn3,ami_126d,6.560236215591431e-06,20261005-010838-8084b01
2010,nn3,zero_trades_21d,0.000280650332570076,20261005-010838-8084b01
2010,nn3,zero_trades_126d,6.455183029174805e-05,20261005-010838-8084b01
2010,nn3,zero_trades_252d,3.92422080039978e-05,20261005-010838-8084b01
2010,nn3,rmax1_21d,-1.1146068572998047e-05,20261005-010838-8084b01
2010,nn3,rskew_21d,-9.611248970031738e-07,20261005-010838-8084b01
2010,nn3,iskew_capm_21d,5.807727575302124e-06,20261005-010838-8084b01
2010,nn3,iskew_ff3_21d,-1.4994293451309204e-06,20261005-010838-8084b01
2010,nn3,iskew_hxz4_21d,-3.2726675271987915e-06,20261005-010838-8084b01
2010,nn3,coskew_21d,1.3094395399093628e-06,20261005-010838-8084b01
2010,nn3,ret_1_0,0.00010037235915660858,20261005-010838-8084b01
2010,nn3,betadown_252d,6.215646862983704e-06,20261005-010838-8084b01
2010,nn3,bidaskhl_21d,5.7872384786605835e-06,20261005-010838-8084b01
2010,nn3,ret_3_1,6.85080885887146e-06,20261005-010838-8084b01
2010,nn3,ret_9_1,-5.807727575302124e-06,20261005-010838-8084b01
2010,nn3,ret_12_7,9.6149742603302e-06,20261005-010838-8084b01
2010,nn3,corr_1260d,1.5106052160263062e-06,20261005-010838-8084b01
2010,nn3,rmax5_21d,-1.733936369419098e-05,20261005-010838-8084b01
2010,nn3,rmax5_rvol_21d,1.0896474123001099e-05,20261005-010838-8084b01
2010,nn3,ni_be,5.986541509628296e-06,20261005-010838-8084b01
2010,nn3,ocf_at,1.004151999950409e-05,20261005-010838-8084b01
2010,nn3,ocf_at_chg1,-5.444511771202087e-06,20261005-010838-8084b01
2010,nn3,mispricing_perf,-5.967915058135986e-06,20261005-010838-8084b01
2010,nn3,mispricing_mgmt,-4.295259714126587e-06,20261005-010838-8084b01
2010,nn3,qmj,9.359791874885559e-06,20261005-010838-8084b01
2010,nn3,qmj_prof,-3.2838433980941772e-06,20261005-010838-8084b01
2010,nn3,qmj_growth,7.368624210357666e-06,20261005-010838-8084b01
2010,nn3,qmj_safety,-1.3388693332672119e-05,20261005-010838-8084b01
2012,nn3,niq_su,-3.246590495109558e-06,20261005-010838-8084b01
2012,nn3,ret_6_1,-1.8466264009475708e-05,20261005-010838-8084b01
2012,nn3,ret_12_1,-7.538124918937683e-06,20261005-010838-8084b01
2012,nn3,saleq_su,-7.957220077514648e-06,20261005-010838-8084b01
2012,nn3,tax_gr1a,5.010515451431274e-07,20261005-010838-8084b01
2012,nn3,ni_inc8q,5.159527063369751e-07,20261005-010838-8084b01
2012,nn3,prc_highprc_252d,-1.5323981642723083e-05,20261005-010838-8084b01
2012,nn3,resff3_6_1,1.63298100233078e-05,20261005-010838-8084b01
2012,nn3,resff3_12_1,-2.4458393454551697e-05,20261005-010838-8084b01
2012,nn3,be_me,5.758367478847504e-05,20261005-010838-8084b01
2012,nn3,debt_me,6.310641765594482e-06,20261005-010838-8084b01
2012,nn3,at_me,5.1412731409072876e-05,20261005-010838-8084b01
2012,nn3,ret_60_12,2.0587816834449768e-05,20261005-010838-8084b01
2012,nn3,ni_me,-2.7026981115341187e-06,20261005-010838-8084b01
2012,nn3,fcf_me,-1.0654330253601074e-06,20261005-010838-8084b01
2012,nn3,div12m_me,1.039355993270874e-05,20261005-010838-8084b01
2012,nn3,eqpo_me,3.0901283025741577e-06,20261005-010838-8084b01
2012,nn3,eqnpo_me,-7.059425115585327e-06,20261005-010838-8084b01
2012,nn3,sale_gr3,2.2724270820617676e-06,20261005-010838-8084b01
2012,nn3,sale_gr1,5.170702934265137e-06,20261005-010838-8084b01
2012,nn3,ebitda_mev,-3.7141144275665283e-06,20261005-010838-8084b01
2012,nn3,sale_me,1.360289752483368e-05,20261005-010838-8084b01
2012,nn3,ocf_me,-8.344650268554688e-07,20261005-010838-8084b01
2012,nn3,ival_me,-3.850087523460388e-06,20261005-010838-8084b01
2012,nn3,bev_mev,1.0816380381584167e-05,20261005-010838-8084b01
2012,nn3,netdebt_me,9.86643135547638e-06,20261005-010838-8084b01
2012,nn3,eq_dur,6.735324859619141e-06,20261005-010838-8084b01
2012,nn3,capex_abn,-1.1194497346878052e-06,20261005-010838-8084b01
2012,nn3,at_gr1,4.524365067481995e-06,20261005-010838-8084b01
2012,nn3,ppeinv_gr1a,2.780929207801819e-06,20261005-010838-8084b01
2012,nn3,noa_at,5.327165126800537e-06,20261005-010838-8084b01
2012,nn3,noa_gr1a,-1.1939555406570435e-06,20261005-010838-8084b01
2012,nn3,lnoa_gr1a,1.5404075384140015e-06,20261005-010838-8084b01
2012,nn3,capx_gr1,4.6193599700927734e-07,20261005-010838-8084b01
2012,nn3,capx_gr2,7.797032594680786e-06,20261005-010838-8084b01
2012,nn3,capx_gr3,-9.94652509689331e-07,20261005-010838-8084b01
2012,nn3,chcsho_12m,1.7601996660232544e-06,20261005-010838-8084b01
2012,nn3,eqnpo_12m,9.924173355102539e-06,20261005-010838-8084b01
2012,nn3,debt_gr3,6.821006536483765e-06,20261005-010838-8084b01
2012,nn3,inv_gr1,-2.117827534675598e-06,20261005-010838-8084b01
2012,nn3,inv_gr1a,1.4621764421463013e-06,20261005-010838-8084b01
2012,nn3,oaccruals_at,-3.0100345611572266e-06,20261005-010838-8084b01
2012,nn3,taccruals_at,-5.211681127548218e-06,20261005-010838-8084b01
2012,nn3,cowc_gr1a,-8.828938007354736e-07,20261005-010838-8084b01
2012,nn3,coa_gr1a,5.073845386505127e-06,20261005-010838-8084b01
2012,nn3,col_gr1a,-1.6745179891586304e-06,20261005-010838-8084b01
2012,nn3,nncoa_gr1a,-1.8291175365447998e-06,20261005-010838-8084b01
2012,nn3,ncoa_gr1a,2.4829059839248657e-06,20261005-010838-8084b01
2012,nn3,ncol_gr1a,2.0489096641540527e-07,20261005-010838-8084b01
2012,nn3,nfna_gr1a,4.116445779800415e-07,20261005-010838-8084b01
2012,nn3,sti_gr1a,2.4903565645217896e-06,20261005-010838-8084b01
2012,nn3,lti_gr1a,-3.127381205558777e-06,20261005-010838-8084b01
2012,nn3,fnl_gr1a,-1.1883676052093506e-06,20261005-010838-8084b01
2012,nn3,be_gr1a,1.6361474990844727e-05,20261005-010838-8084b01
2012,nn3,oaccruals_ni,2.304092049598694e-06,20261005-010838-8084b01
2012,nn3,taccruals_ni,-2.9802322387695312e-08,20261005-010838-8084b01
2012,nn3,netis_at,-9.424984455108643e-07,20261005-010838-8084b01
2012,nn3,eqnetis_at,-2.0228326320648193e-06,20261005-010838-8084b01
2012,nn3,dbnetis_at,-6.668269634246826e-07,20261005-010838-8084b01
2012,nn3,niq_be,-6.584450602531433e-06,20261005-010838-8084b01
2012,nn3,niq_be_chg1,-3.166496753692627e-07,20261005-010838-8084b01
2012,nn3,niq_at,-1.3476237654685974e-05,20261005-010838-8084b01
2012,nn3,niq_at_chg1,-2.9243528842926025e-06,20261005-010838-8084b01
2012,nn3,ebit_bev,9.268522262573242e-06,20261005-010838-8084b01
2012,nn3,ebit_sale,-6.6515058279037476e-06,20261005-010838-8084b01
2012,nn3,sale_bev,-5.317851901054382e-06,20261005-010838-8084b01
2012,nn3,at_turnover,7.715076208114624e-06,20261005-010838-8084b01
2012,nn3,gp_at,2.3171305656433105e-06,20261005-010838-8084b01
2012,nn3,gp_atl1,-4.369765520095825e-06,20261005-010838-8084b01
2012,nn3,ope_be,1.033581793308258e-05,20261005-010838-8084b01
2012,nn3,ope_bel1,-2.0582228899002075e-06,20261005-010838-8084b01
2012,nn3,op_at,-2.843327820301056e-05,20261005-010838-8084b01
2012,nn3,op_atl1,-1.3552606105804443e-05,20261005-010838-8084b01
2012,nn3,cop_at,-7.41519033908844e-06,20261005-010838-8084b01
2012,nn3,cop_atl1,1.2531876564025879e-05,20261005-010838-8084b01
2012,nn3,f_score,2.769753336906433e-06,20261005-010838-8084b01
2012,nn3,o_score,2.7759000658988953e-05,20261005-010838-8084b01
2012,nn3,z_score,6.73346221446991e-06,20261005-010838-8084b01
2012,nn3,pi_nix,1.0952353477478027e-06,20261005-010838-8084b01
2012,nn3,at_be,-8.4657222032547e-06,20261005-010838-8084b01
2012,nn3,saleq_gr1,4.246830940246582e-06,20261005-010838-8084b01
2012,nn3,rd_me,1.4163553714752197e-05,20261005-010838-8084b01
2012,nn3,rd_sale,2.944841980934143e-06,20261005-010838-8084b01
2012,nn3,opex_at,-3.5706907510757446e-06,20261005-010838-8084b01
2012,nn3,emp_gr1,-6.09084963798523e-07,20261005-010838-8084b01
2012,nn3,rd5_at,2.4549663066864014e-06,20261005-010838-8084b01
2012,nn3,age,1.6298145055770874e-05,20261005-010838-8084b01
2012,nn3,dsale_dinv,-1.4156103134155273e-07,20261005-010838-8084b01
2012,nn3,dsale_drec,1.993030309677124e-07,20261005-010838-8084b01
2012,nn3,dgp_dsale,7.860362529754639e-07,20261005-010838-8084b01
2012,nn3,dsale_dsga,1.3597309589385986e-07,20261005-010838-8084b01
2012,nn3,sale_emp_gr1,-4.861503839492798e-07,20261005-010838-8084b01
2012,nn3,tangibility,-4.075467586517334e-06,20261005-010838-8084b01
2012,nn3,kz_index,1.4454126358032227e-06,20261005-010838-8084b01
2012,nn3,ocfq_saleq_std,8.735805749893188e-07,20261005-010838-8084b01
2012,nn3,cash_at,1.6111880540847778e-06,20261005-010838-8084b01
2012,nn3,ni_ar1,-2.3283064365386963e-07,20261005-010838-8084b01
2012,nn3,ni_ivol,6.489455699920654e-06,20261005-010838-8084b01
2012,nn3,earnings_variability,1.993030309677124e-07,20261005-010838-8084b01
2012,nn3,aliq_at,-9.778887033462524e-07,20261005-010838-8084b01
2012,nn3,aliq_mat,2.5508925318717957e-05,20261005-010838-8084b01
2012,nn3,seas_1_1an,2.1923333406448364e-06,20261005-010838-8084b01
2012,nn3,seas_1_1na,6.515532732009888e-05,20261005-010838-8084b01
2012,nn3,seas_2_5an,2.8248876333236694e-05,20261005-010838-8084b01
2012,nn3,seas_2_5na,2.289190888404846e-06,20261005-010838-8084b01
2012,nn3,seas_6_10an,8.244067430496216e-06,20261005-010838-8084b01
2012,nn3,seas_6_10na,9.499490261077881e-08,20261005-010838-8084b01
2012,nn3,seas_11_15an,-4.898756742477417e-07,20261005-010838-8084b01
2012,nn3,seas_11_15na,2.205371856689453e-06,20261005-010838-8084b01
2012,nn3,seas_16_20an,-7.878988981246948e-07,20261005-010838-8084b01
2012,nn3,seas_16_20na,3.4086406230926514e-07,20261005-010838-8084b01
2012,nn3,market_equity,4.992634057998657e-05,20261005-010838-8084b01
2012,nn3,ivol_ff3_21d,2.275407314300537e-05,20261005-010838-8084b01
2012,nn3,ivol_capm_252d,-4.6741217374801636e-05,20261005-010838-8084b01
2012,nn3,ivol_capm_21d,1.0848045349121094e-05,20261005-010838-8084b01
2012,nn3,ivol_hxz4_21d,-3.2046809792518616e-05,20261005-010838-8084b01
2012,nn3,rvol_21d,2.4709850549697876e-05,20261005-010838-8084b01
2012,nn3,beta_60m,6.346032023429871e-06,20261005-010838-8084b01
2012,nn3,betabab_1260d,6.152316927909851e-06,20261005-010838-8084b01
2012,nn3,beta_dimson_21d,1.0784715414047241e-06,20261005-010838-8084b01
2012,nn3,turnover_126d,0.00012300722301006317,20261005-010838-8084b01
2012,nn3,turnover_var_126d,4.1229650378227234e-05,20261005-010838-8084b01
2012,nn3,dolvol_126d,-2.2407621145248413e-06,20261005-010838-8084b01
2012,nn3,dolvol_var_126d,1.7918646335601807e-06,20261005-010838-8084b01
2012,nn3,prc,3.6697834730148315e-05,20261005-010838-8084b01
2012,nn3,ami_126d,4.827976226806641e-06,20261005-010838-8084b01
2012,nn3,zero_trades_21d,0.00033355318009853363,20261005-010838-8084b01
2012,nn3,zero_trades_126d,4.240870475769043e-05,20261005-010838-8084b01
2012,nn3,zero_trades_252d,9.637326002120972e-05,20261005-010838-8084b01
2012,nn3,rmax1_21d,-2.9355287551879883e-06,20261005-010838-8084b01
2012,nn3,rskew_21d,-2.9206275939941406e-06,20261005-010838-8084b01
2012,nn3,iskew_capm_21d,-9.313225746154785e-08,20261005-010838-8084b01
2012,nn3,iskew_ff3_21d,2.5350600481033325e-06,20261005-010838-8084b01
2012,nn3,iskew_hxz4_21d,-2.72504985332489e-06,20261005-010838-8084b01
2012,nn3,coskew_21d,-4.67151403427124e-06,20261005-010838-8084b01
2012,nn3,ret_1_0,-1.0538846254348755e-05,20261005-010838-8084b01
2012,nn3,betadown_252d,2.4121254682540894e-06,20261005-010838-8084b01
2012,nn3,bidaskhl_21d,-1.5890225768089294e-05,20261005-010838-8084b01
2012,nn3,ret_3_1,2.304092049598694e-05,20261005-010838-8084b01
2012,nn3,ret_9_1,-2.8291717171669006e-05,20261005-010838-8084b01
2012,nn3,ret_12_7,-1.5981495380401611e-06,20261005-010838-8084b01
2012,nn3,corr_1260d,2.738088369369507e-06,20261005-010838-8084b01
2012,nn3,rmax5_21d,-2.964027225971222e-05,20261005-010838-8084b01
2012,nn3,rmax5_rvol_21d,-4.910677671432495e-05,20261005-010838-8084b01
2012,nn3,ni_be,7.117167115211487e-06,20261005-010838-8084b01
2012,nn3,ocf_at,1.8905848264694214e-06,20261005-010838-8084b01
2012,nn3,ocf_at_chg1,-1.9185245037078857e-06,20261005-010838-8084b01
2012,nn3,mispricing_perf,-1.7501413822174072e-05,20261005-010838-8084b01
2012,nn3,mispricing_mgmt,-6.761401891708374e-07,20261005-010838-8084b01
2012,nn3,qmj,2.6948750019073486e-05,20261005-010838-8084b01
2012,nn3,qmj_prof,-1.2889504432678223e-06,20261005-010838-8084b01
2012,nn3,qmj_growth,-9.10833477973938e-06,20261005-010838-8084b01
2012,nn3,qmj_safety,3.6507844924926758e-06,20261005-010838-8084b01
2014,nn3,niq_su,-8.456408977508545e-07,20261005-010838-8084b01
2014,nn3,ret_6_1,-2.2236257791519165e-05,20261005-010838-8084b01
2014,nn3,ret_12_1,5.662441253662109e-06,20261005-010838-8084b01
2014,nn3,saleq_su,3.42540442943573e-06,20261005-010838-8084b01
2014,nn3,tax_gr1a,-1.5720725059509277e-06,20261005-010838-8084b01
2014,nn3,ni_inc8q,1.989305019378662e-06,20261005-010838-8084b01
2014,nn3,prc_highprc_252d,5.8108940720558167e-05,20261005-010838-8084b01
2014,nn3,resff3_6_1,-5.9586018323898315e-06,20261005-010838-8084b01
2014,nn3,resff3_12_1,-1.5722587704658508e-05,20261005-010838-8084b01
2014,nn3,be_me,-3.6502256989479065e-05,20261005-010838-8084b01
2014,nn3,debt_me,-1.4156103134155273e-07,20261005-010838-8084b01
2014,nn3,at_me,-2.4331733584403992e-05,20261005-010838-8084b01
2014,nn3,ret_60_12,-2.6401132345199585e-05,20261005-010838-8084b01
2014,nn3,ni_me,-2.596527338027954e-06,20261005-010838-8084b01
2014,nn3,fcf_me,3.3695250749588013e-06,20261005-010838-8084b01
2014,nn3,div12m_me,-6.334856152534485e-06,20261005-010838-8084b01
2014,nn3,eqpo_me,-4.233792424201965e-06,20261005-010838-8084b01
2014,nn3,eqnpo_me,-5.17629086971283e-06,20261005-010838-8084b01
2014,nn3,sale_gr3,2.820044755935669e-06,20261005-010838-8084b01
2014,nn3,sale_gr1,-2.304092049598694e-06,20261005-010838-8084b01
2014,nn3,ebitda_mev,3.721565008163452e-06,20261005-010838-8084b01
2014,nn3,sale_me,-1.1650845408439636e-05,20261005-010838-8084b01
2014,nn3,ocf_me,-2.8703361749649048e-06,20261005-010838-8084b01
2014,nn3,ival_me,-6.891787052154541e-07,20261005-010838-8084b01
2014,nn3,bev_mev,-4.770234227180481e-06,20261005-010838-8084b01
2014,nn3,netdebt_me,1.0604038834571838e-05,20261005-010838-8084b01
2014,nn3,eq_dur,-5.867332220077515e-07,20261005-010838-8084b01
2014,nn3,capex_abn,-2.779066562652588e-06,20261005-010838-8084b01
2014,nn3,at_gr1,8.67992639541626e-06,20261005-010838-8084b01
2014,nn3,ppeinv_gr1a,1.1492520570755005e-06,20261005-010838-8084b01
2014,nn3,noa_at,1.3884156942367554e-05,20261005-010838-8084b01
2014,nn3,noa_gr1a,1.948326826095581e-06,20261005-010838-8084b01
2014,nn3,lnoa_gr1a,-9.275972843170166e-07,20261005-010838-8084b01
2014,nn3,capx_gr1,-2.766028046607971e-06,20261005-010838-8084b01
2014,nn3,capx_gr2,-6.215646862983704e-06,20261005-010838-8084b01
2014,nn3,capx_gr3,2.1904706954956055e-06,20261005-010838-8084b01
2014,nn3,chcsho_12m,1.7005950212478638e-05,20261005-010838-8084b01
2014,nn3,eqnpo_12m,-8.514150977134705e-06,20261005-010838-8084b01
2014,nn3,debt_gr3,-2.035871148109436e-06,20261005-010838-8084b01
2014,nn3,inv_gr1,-5.569308996200562e-07,20261005-010838-8084b01
2014,nn3,inv_gr1a,-6.426125764846802e-07,20261005-010838-8084b01
2014,nn3,oaccruals_at,2.2687017917633057e-06,20261005-010838-8084b01
2014,nn3,taccruals_at,-3.3285468816757202e-06,20261005-010838-8084b01
2014,nn3,cowc_gr1a,1.5739351511001587e-06,20261005-010838-8084b01
2014,nn3,coa_gr1a,-6.94766640663147e-07,20261005-010838-8084b01
2014,nn3,col_gr1a,3.935769200325012e-06,20261005-010838-8084b01
2014,nn3,nncoa_gr1a,-1.1473894119262695e-06,20261005-010838-8084b01
2014,nn3,ncoa_gr1a,-2.378597855567932e-06,20261005-010838-8084b01
2014,nn3,ncol_gr1a,4.110857844352722e-06,20261005-010838-8084b01
2014,nn3,nfna_gr1a,4.431232810020447e-06,20261005-010838-8084b01
2014,nn3,sti_gr1a,-1.953914761543274e-06,20261005-010838-8084b01
2014,nn3,lti_gr1a,2.868473529815674e-07,20261005-010838-8084b01
2014,nn3,fnl_gr1a,2.1420419216156006e-07,20261005-010838-8084b01
2014,nn3,be_gr1a,-1.3673678040504456e-05,20261005-010838-8084b01
2014,nn3,oaccruals_ni,-1.4156103134155273e-06,20261005-010838-8084b01
2014,nn3,taccruals_ni,1.4025717973709106e-06,20261005-010838-8084b01
2014,nn3,netis_at,5.4016709327697754e-08,20261005-010838-8084b01
2014,nn3,eqnetis_at,-1.2759119272232056e-06,20261005-010838-8084b01
2014,nn3,dbnetis_at,1.9166618585586548e-06,20261005-010838-8084b01
2014,nn3,niq_be,5.031004548072815e-06,20261005-010838-8084b01
2014,nn3,niq_be_chg1,-4.470348358154297e-08,20261005-010838-8084b01
2014,nn3,niq_at,6.681308150291443e-06,20261005-010838-8084b01
2014,nn3,niq_at_chg1,1.2833625078201294e-06,20261005-010838-8084b01
2014,nn3,ebit_bev,-9.659677743911743e-06,20261005-010838-8084b01
2014,nn3,ebit_sale,1.2014061212539673e-06,20261005-010838-8084b01
2014,nn3,sale_bev,2.1494925022125244e-06,20261005-010838-8084b01
2014,nn3,at_turnover,1.6186386346817017e-06,20261005-010838-8084b01
2014,nn3,gp_at,-1.4919787645339966e-06,20261005-010838-8084b01
2014,nn3,gp_atl1,8.66129994392395e-07,20261005-010838-8084b01
2014,nn3,ope_be,-1.3299286365509033e-06,20261005-010838-8084b01
2014,nn3,ope_bel1,2.4586915969848633e-07,20261005-010838-8084b01
2014,nn3,op_at,1.2425705790519714e-05,20261005-010838-8084b01
2014,nn3,op_atl1,7.499009370803833e-06,20261005-010838-8084b01
2014,nn3,cop_at,-2.1010637283325195e-06,20261005-010838-8084b01
2014,nn3,cop_atl1,-9.369105100631714e-07,20261005-010838-8084b01
2014,nn3,f_score,-3.9711594581604e-06,20261005-010838-8084b01
2014,nn3,o_score,-1.1939555406570435e-05,20261005-010838-8084b01
2014,nn3,z_score,-5.282461643218994e-06,20261005-010838-8084b01
2014,nn3,pi_nix,-3.91155481338501e-08,20261005-010838-8084b01
2014,nn3,at_be,1.1237338185310364e-05,20261005-010838-8084b01
2014,nn3,saleq_gr1,2.073124051094055e-06,20261005-010838-8084b01
2014,nn3,rd_me,5.550682544708252e-07,20261005-010838-8084b01
2014,nn3,rd_sale,-6.146728992462158e-07,20261005-010838-8084b01
2014,nn3,opex_at,3.6749988794326782e-06,20261005-010838-8084b01
2014,nn3,emp_gr1,5.329027771949768e-06,20261005-010838-8084b01
2014,nn3,rd5_at,-5.260109901428223e-06,20261005-010838-8084b01
2014,nn3,age,1.1531636118888855e-05,20261005-010838-8084b01
2014,nn3,dsale_dinv,1.955777406692505e-06,20261005-010838-8084b01
2014,nn3,dsale_drec,6.668269634246826e-07,20261005-010838-8084b01
2014,nn3,dgp_dsale,5.587935447692871e-07,20261005-010838-8084b01
2014,nn3,dsale_dsga,3.9674341678619385e-07,20261005-010838-8084b01
2014,nn3,sale_emp_gr1,6.798654794692993e-07,20261005-010838-8084b01
2014,nn3,tangibility,3.5818666219711304e-06,20261005-010838-8084b01
2014,nn3,kz_index,-2.6263296604156494e-06,20261005-010838-8084b01
2014,nn3,ocfq_saleq_std,5.083158612251282e-06,20261005-010838-8084b01
2014,nn3,cash_at,6.340444087982178e-06,20261005-010838-8084b01
2014,nn3,ni_ar1,-7.953494787216187e-07,20261005-010838-8084b01
2014,nn3,ni_ivol,-7.502734661102295e-06,20261005-010838-8084b01
2014,nn3,earnings_variability,4.507601261138916e-07,20261005-010838-8084b01
2014,nn3,aliq_at,3.2335519790649414e-06,20261005-010838-8084b01
2014,nn3,aliq_mat,4.66909259557724e-05,20261005-010838-8084b01
2014,nn3,seas_1_1an,-2.434477210044861e-06,20261005-010838-8084b01
2014,nn3,seas_1_1na,-2.9614195227622986e-05,20261005-010838-8084b01
2014,nn3,seas_2_5an,1.8011778593063354e-05,20261005-010838-8084b01
2014,nn3,seas_2_5na,-1.6186386346817017e-06,20261005-010838-8084b01
2014,nn3,seas_6_10an,1.33514404296875e-05,20261005-010838-8084b01
2014,nn3,seas_6_10na,3.3937394618988037e-06,20261005-010838-8084b01
2014,nn3,seas_11_15an,1.6819685697555542e-06,20261005-010838-8084b01
2014,nn3,seas_11_15na,1.562759280204773e-06,20261005-010838-8084b01
2014,nn3,seas_16_20an,5.207955837249756e-06,20261005-010838-8084b01
2014,nn3,seas_16_20na,-2.1792948246002197e-07,20261005-010838-8084b01
2014,nn3,market_equity,-3.579072654247284e-05,20261005-010838-8084b01
2014,nn3,ivol_ff3_21d,-6.258487701416016e-06,20261005-010838-8084b01
2014,nn3,ivol_capm_252d,2.8230249881744385e-05,20261005-010838-8084b01
2014,nn3,ivol_capm_21d,-9.145587682723999e-07,20261005-010838-8084b01
2014,nn3,ivol_hxz4_21d,8.344277739524841e-05,20261005-010838-8084b01
2014,nn3,rvol_21d,-4.759058356285095e-06,20261005-010838-8084b01
2014,nn3,beta_60m,-1.6577541828155518e-05,20261005-010838-8084b01
2014,nn3,betabab_1260d,-1.0116025805473328e-05,20261005-010838-8084b01
2014,nn3,beta_dimson_21d,1.5273690223693848e-07,20261005-010838-8084b01
2014,nn3,turnover_126d,0.00011045671999454498,20261005-010838-8084b01
2014,nn3,turnover_var_126d,-1.9030645489692688e-05,20261005-010838-8084b01
2014,nn3,dolvol_126d,-9.125098586082458e-06,20261005-010838-8084b01
2014,nn3,dolvol_var_126d,2.3787841200828552e-05,20261005-010838-8084b01
2014,nn3,prc,-7.470138370990753e-05,20261005-010838-8084b01
2014,nn3,ami_126d,-9.162351489067078e-06,20261005-010838-8084b01
2014,nn3,zero_trades_21d,0.0003010910004377365,20261005-010838-8084b01
2014,nn3,zero_trades_126d,4.914030432701111e-05,20261005-010838-8084b01
2014,nn3,zero_trades_252d,3.055483102798462e-05,20261005-010838-8084b01
2014,nn3,rmax1_21d,6.202608346939087e-06,20261005-010838-8084b01
2014,nn3,rskew_21d,-1.7136335372924805e-07,20261005-010838-8084b01
2014,nn3,iskew_capm_21d,1.1567026376724243e-06,20261005-010838-8084b01
2014,nn3,iskew_ff3_21d,6.1318278312683105e-06,20261005-010838-8084b01
2014,nn3,iskew_hxz4_21d,1.0281801223754883e-06,20261005-010838-8084b01
2014,nn3,coskew_21d,1.6111880540847778e-06,20261005-010838-8084b01
2014,nn3,ret_1_0,-3.734603524208069e-05,20261005-010838-8084b01
2014,nn3,betadown_252d,-2.2333115339279175e-06,20261005-010838-8084b01
2014,nn3,bidaskhl_21d,-3.14321368932724e-05,20261005-010838-8084b01
2014,nn3,ret_3_1,-5.370005965232849e-06,20261005-010838-8084b01
2014,nn3,ret_9_1,-1.142546534538269e-05,20261005-010838-8084b01
2014,nn3,ret_12_7,-2.9187649488449097e-06,20261005-010838-8084b01
2014,nn3,corr_1260d,-5.988404154777527e-06,20261005-010838-8084b01
2014,nn3,rmax5_21d,3.0606985092163086e-05,20261005-010838-8084b01
2014,nn3,rmax5_rvol_21d,5.343928933143616e-06,20261005-010838-8084b01
2014,nn3,ni_be,-5.166977643966675e-06,20261005-010838-8084b01
2014,nn3,ocf_at,-3.6247074604034424e-06,20261005-010838-8084b01
2014,nn3,ocf_at_chg1,7.729977369308472e-06,20261005-010838-8084b01
2014,nn3,mispricing_perf,-9.12696123123169e-08,20261005-010838-8084b01
2014,nn3,mispricing_mgmt,1.0114163160324097e-06,20261005-010838-8084b01
2014,nn3,qmj,-6.061047315597534e-06,20261005-010838-8084b01
2014,nn3,qmj_prof,9.220093488693237e-07,20261005-010838-8084b01
2014,nn3,qmj_growth,5.2247196435928345e-06,20261005-010838-8084b01
2014,nn3,qmj_safety,1.7795711755752563e-05,20261005-010838-8084b01
2016,nn3,niq_su,-3.974884748458862e-06,20261005-010838-8084b01
2016,nn3,ret_6_1,-1.5780329704284668e-05,20261005-010838-8084b01
2016,nn3,ret_12_1,-1.2140721082687378e-05,20261005-010838-8084b01
2016,nn3,saleq_su,-2.2314488887786865e-06,20261005-010838-8084b01
2016,nn3,tax_gr1a,2.037733793258667e-06,20261005-010838-8084b01
2016,nn3,ni_inc8q,1.3522803783416748e-06,20261005-010838-8084b01
2016,nn3,prc_highprc_252d,7.320195436477661e-06,20261005-010838-8084b01
2016,nn3,resff3_6_1,1.6983598470687866e-05,20261005-010838-8084b01
2016,nn3,resff3_12_1,-1.7665326595306396e-05,20261005-010838-8084b01
2016,nn3,be_me,7.839873433113098e-05,20261005-010838-8084b01
2016,nn3,debt_me,-8.568167686462402e-08,20261005-010838-8084b01
2016,nn3,at_me,2.4218112230300903e-05,20261005-010838-8084b01
2016,nn3,ret_60_12,4.686415195465088e-06,20261005-010838-8084b01
2016,nn3,ni_me,-8.642673492431641e-07,20261005-010838-8084b01
2016,nn3,fcf_me,-3.0919909477233887e-07,20261005-010838-8084b01
2016,nn3,div12m_me,5.532056093215942e-06,20261005-010838-8084b01
2016,nn3,eqpo_me,6.332993507385254e-08,20261005-010838-8084b01
2016,nn3,eqnpo_me,-1.695007085800171e-06,20261005-010838-8084b01
2016,nn3,sale_gr3,-2.0973384380340576e-06,20261005-010838-8084b01
2016,nn3,sale_gr1,1.2211501598358154e-05,20261005-010838-8084b01
2016,nn3,ebitda_mev,1.3377517461776733e-05,20261005-010838-8084b01
2016,nn3,sale_me,4.9639493227005005e-05,20261005-010838-8084b01
2016,nn3,ocf_me,1.5616416931152344e-05,20261005-010838-8084b01
2016,nn3,ival_me,-2.473592758178711e-06,20261005-010838-8084b01
2016,nn3,bev_mev,2.045556902885437e-05,20261005-010838-8084b01
2016,nn3,netdebt_me,-8.948147296905518e-06,20261005-010838-8084b01
2016,nn3,eq_dur,4.734843969345093e-06,20261005-010838-8084b01
2016,nn3,capex_abn,1.3075768947601318e-06,20261005-010838-8084b01
2016,nn3,at_gr1,-2.16066837310791e-06,20261005-010838-8084b01
2016,nn3,ppeinv_gr1a,-9.201467037200928e-07,20261005-010838-8084b01
2016,nn3,noa_at,-9.465962648391724e-06,20261005-010838-8084b01
2016,nn3,noa_gr1a,-5.289912223815918e-07,20261005-010838-8084b01
2016,nn3,lnoa_gr1a,-7.152557373046875e-07,20261005-010838-8084b01
2016,nn3,capx_gr1,7.763504981994629e-06,20261005-010838-8084b01
2016,nn3,capx_gr2,4.664063453674316e-06,20261005-010838-8084b01
2016,nn3,capx_gr3,-3.762543201446533e-07,20261005-010838-8084b01
2016,nn3,chcsho_12m,1.5676021575927734e-05,20261005-010838-8084b01
2016,nn3,eqnpo_12m,3.5278499126434326e-06,20261005-010838-8084b01
2016,nn3,debt_gr3,-6.183981895446777e-07,20261005-010838-8084b01
2016,nn3,inv_gr1,3.8370490074157715e-07,20261005-010838-8084b01
2016,nn3,inv_gr1a,6.787478923797607e-06,20261005-010838-8084b01
2016,nn3,oaccruals_at,-8.247792720794678e-06,20261005-010838-8084b01
2016,nn3,taccruals_at,2.3990869522094727e-06,20261005-010838-8084b01
2016,nn3,cowc_gr1a,1.3262033462524414e-06,20261005-010838-8084b01
2016,nn3,coa_gr1a,3.0025839805603027e-06,20261005-010838-8084b01
2016,nn3,col_gr1a,-5.364418029785156e-06,20261005-010838-8084b01
2016,nn3,nncoa_gr1a,7.972121238708496e-07,20261005-010838-8084b01
2016,nn3,ncoa_gr1a,1.862645149230957e-07,20261005-010838-8084b01
2016,nn3,ncol_gr1a,-2.905726432800293e-07,20261005-010838-8084b01
2016,nn3,nfna_gr1a,2.2351741790771484e-07,20261005-010838-8084b01
2016,nn3,sti_gr1a,-2.905726432800293e-07,20261005-010838-8084b01
2016,nn3,lti_gr1a,-8.568167686462402e-08,20261005-010838-8084b01
2016,nn3,fnl_gr1a,1.1064112186431885e-06,20261005-010838-8084b01
2016,nn3,be_gr1a,8.303672075271606e-06,20261005-010838-8084b01
2016,nn3,oaccruals_ni,6.15045428276062e-06,20261005-010838-8084b01
2016,nn3,taccruals_ni,-1.780688762664795e-06,20261005-010838-8084b01
2016,nn3,netis_at,-8.67992639541626e-07,20261005-010838-8084b01
2016,nn3,eqnetis_at,-7.078051567077637e-08,20261005-010838-8084b01
2016,nn3,dbnetis_at,-3.1441450119018555e-06,20261005-010838-8084b01
2016,nn3,niq_be,-8.977949619293213e-07,20261005-010838-8084b01
2016,nn3,niq_be_chg1,-8.977949619293213e-07,20261005-010838-8084b01
2016,nn3,niq_at,1.1771917343139648e-06,20261005-010838-8084b01
2016,nn3,niq_at_chg1,-3.3043324947357178e-06,20261005-010838-8084b01
2016,nn3,ebit_bev,1.2218952178955078e-05,20261005-010838-8084b01
2016,nn3,ebit_sale,-2.1867454051971436e-06,20261005-010838-8084b01
2016,nn3,sale_bev,1.3262033462524414e-06,20261005-010838-8084b01
2016,nn3,at_turnover,3.4123659133911133e-06,20261005-010838-8084b01
2016,nn3,gp_at,4.813075065612793e-06,20261005-010838-8084b01
2016,nn3,gp_atl1,2.3692846298217773e-06,20261005-010838-8084b01
2016,nn3,ope_be,3.390014171600342e-06,20261005-010838-8084b01
2016,nn3,ope_bel1,2.0712614059448242e-06,20261005-010838-8084b01
2016,nn3,op_at,-3.069639205932617e-06,20261005-010838-8084b01
2016,nn3,op_atl1,-1.1436641216278076e-06,20261005-010838-8084b01
2016,nn3,cop_at,-1.3746321201324463e-06,20261005-010838-8084b01
2016,nn3,cop_atl1,2.8908252716064453e-06,20261005-010838-8084b01
2016,nn3,f_score,7.20098614692688e-06,20261005-010838-8084b01
2016,nn3,o_score,2.682209014892578e-06,20261005-010838-8084b01
2016,nn3,z_score,5.7406723499298096e-06,20261005-010838-8084b01
2016,nn3,pi_nix,1.5944242477416992e-06,20261005-010838-8084b01
2016,nn3,at_be,1.529604196548462e-05,20261005-010838-8084b01
2016,nn3,saleq_gr1,-1.957640051841736e-05,20261005-010838-8084b01
2016,nn3,rd_me,-8.903443813323975e-07,20261005-010838-8084b01
2016,nn3,rd_sale,-4.559755325317383e-06,20261005-010838-8084b01
2016,nn3,opex_at,9.860843420028687e-06,20261005-010838-8084b01
2016,nn3,emp_gr1,-3.7513673305511475e-06,20261005-010838-8084b01
2016,nn3,rd5_at,-6.780028343200684e-07,20261005-010838-8084b01
2016,nn3,age,2.8312206268310547e-07,20261005-010838-8084b01
2016,nn3,dsale_dinv,1.8440186977386475e-06,20261005-010838-8084b01
2016,nn3,dsale_drec,2.4959444999694824e-07,20261005-010838-8084b01
2016,nn3,dgp_dsale,-2.294778823852539e-06,20261005-010838-8084b01
2016,nn3,dsale_dsga,-2.212822437286377e-06,20261005-010838-8084b01
2016,nn3,sale_emp_gr1,-3.390014171600342e-07,20261005-010838-8084b01
2016,nn3,tangibility,1.9185245037078857e-06,20261005-010838-8084b01
2016,nn3,kz_index,5.152076482772827e-06,20261005-010838-8084b01
2016,nn3,ocfq_saleq_std,-3.427267074584961e-07,20261005-010838-8084b01
2016,nn3,cash_at,-1.0486692190170288e-05,20261005-010838-8084b01
2016,nn3,ni_ar1,-2.2351741790771484e-08,20261005-010838-8084b01
2016,nn3,ni_ivol,1.7397105693817139e-06,20261005-010838-8084b01
2016,nn3,earnings_variability,3.602355718612671e-06,20261005-010838-8084b01
2016,nn3,aliq_at,1.7657876014709473e-06,20261005-010838-8084b01
2016,nn3,aliq_mat,-8.400529623031616e-06,20261005-010838-8084b01
2016,nn3,seas_1_1an,2.7604401111602783e-06,20261005-010838-8084b01
2016,nn3,seas_1_1na,4.6756118535995483e-05,20261005-010838-8084b01
2016,nn3,seas_2_5an,-3.540515899658203e-05,20261005-010838-8084b01
2016,nn3,seas_2_5na,-3.7886202335357666e-06,20261005-010838-8084b01
2016,nn3,seas_6_10an,-1.6838312149047852e-06,20261005-010838-8084b01
2016,nn3,seas_6_10na,2.8312206268310547e-07,20261005-010838-8084b01
2016,nn3,seas_11_15an,-6.50063157081604e-06,20261005-010838-8084b01
2016,nn3,seas_11_15na,-7.759779691696167e-06,20261005-010838-8084b01
2016,nn3,seas_16_20an,-2.0973384380340576e-06,20261005-010838-8084b01
2016,nn3,seas_16_20na,2.7194619178771973e-07,20261005-010838-8084b01
2016,nn3,market_equity,6.992369890213013e-06,20261005-010838-8084b01
2016,nn3,ivol_ff3_21d,1.1187046766281128e-05,20261005-010838-8084b01
2016,nn3,ivol_capm_252d,-2.2701919078826904e-05,20261005-010838-8084b01
2016,nn3,ivol_capm_21d,6.4782798290252686e-06,20261005-010838-8084b01
2016,nn3,ivol_hxz4_21d,2.7194619178771973e-07,20261005-010838-8084b01
2016,nn3,rvol_21d,1.4886260032653809e-05,20261005-010838-8084b01
2016,nn3,beta_60m,-2.130866050720215e-06,20261005-010838-8084b01
2016,nn3,betabab_1260d,8.814036846160889e-06,20261005-010838-8084b01
2016,nn3,beta_dimson_21d,3.0025839805603027e-06,20261005-010838-8084b01
2016,nn3,turnover_126d,5.2347779273986816e-05,20261005-010838-8084b01
2016,nn3,turnover_var_126d,1.5463680028915405e-05,20261005-010838-8084b01
2016,nn3,dolvol_126d,-3.248453140258789e-06,20261005-010838-8084b01
2016,nn3,dolvol_var_126d,1.4953315258026123e-05,20261005-010838-8084b01
2016,nn3,prc,7.35744833946228e-06,20261005-010838-8084b01
2016,nn3,ami_126d,5.733221769332886e-06,20261005-010838-8084b01
2016,nn3,zero_trades_21d,0.000273190438747406,20261005-010838-8084b01
2016,nn3,zero_trades_126d,4.4967979192733765e-05,20261005-010838-8084b01
2016,nn3,zero_trades_252d,4.246458411216736e-05,20261005-010838-8084b01
2016,nn3,rmax1_21d,-3.818422555923462e-06,20261005-010838-8084b01
2016,nn3,rskew_21d,-3.5651028156280518e-06,20261005-010838-8084b01
2016,nn3,iskew_capm_21d,1.2032687664031982e-06,20261005-010838-8084b01
2016,nn3,iskew_ff3_21d,4.641711711883545e-06,20261005-010838-8084b01
2016,nn3,iskew_hxz4_21d,-9.685754776000977e-07,20261005-010838-8084b01
2016,nn3,coskew_21d,-2.1941959857940674e-06,20261005-010838-8084b01
2016,nn3,ret_1_0,-5.367770791053772e-05,20261005-010838-8084b01
2016,nn3,betadown_252d,1.1771917343139648e-06,20261005-010838-8084b01
2016,nn3,bidaskhl_21d,-1.368299126625061e-05,20261005-010838-8084b01
2016,nn3,ret_3_1,2.4158507585525513e-05,20261005-010838-8084b01
2016,nn3,ret_9_1,-2.5171786546707153e-05,20261005-010838-8084b01
2016,nn3,ret_12_7,-8.016824722290039e-06,20261005-010838-8084b01
2016,nn3,corr_1260d,-1.6391277313232422e-07,20261005-010838-8084b01
2016,nn3,rmax5_21d,-1.640990376472473e-05,20261005-010838-8084b01
2016,nn3,rmax5_rvol_21d,1.2181699275970459e-05,20261005-010838-8084b01
2016,nn3,ni_be,5.45009970664978e-06,20261005-010838-8084b01
2016,nn3,ocf_at,7.934868335723877e-07,20261005-010838-8084b01
2016,nn3,ocf_at_chg1,-6.269663572311401e-06,20261005-010838-8084b01
2016,nn3,mispricing_perf,-7.525086402893066e-06,20261005-010838-8084b01
2016,nn3,mispricing_mgmt,-8.381903171539307e-07,20261005-010838-8084b01
2016,nn3,qmj,9.436160326004028e-06,20261005-010838-8084b01
2016,nn3,qmj_prof,-9.94652509689331e-07,20261005-010838-8084b01
2016,nn3,qmj_growth,4.842877388000488e-08,20261005-010838-8084b01
2016,nn3,qmj_safety,-1.2345612049102783e-05,20261005-010838-8084b01
2018,nn3,niq_su,-9.778887033462524e-07,20261005-010838-8084b01
2018,nn3,ret_6_1,-1.9641593098640442e-05,20261005-010838-8084b01
2018,nn3,ret_12_1,1.4184042811393738e-05,20261005-010838-8084b01
2018,nn3,saleq_su,9.000301361083984e-06,20261005-010838-8084b01
2018,nn3,tax_gr1a,5.62518835067749e-07,20261005-010838-8084b01
2018,nn3,ni_inc8q,-1.775100827217102e-06,20261005-010838-8084b01
2018,nn3,prc_highprc_252d,0.0001125875860452652,20261005-010838-8084b01
2018,nn3,resff3_6_1,-2.228282392024994e-05,20261005-010838-8084b01
2018,nn3,resff3_12_1,1.4128163456916809e-05,20261005-010838-8084b01
2018,nn3,be_me,-7.665902376174927e-05,20261005-010838-8084b01
2018,nn3,debt_me,-1.2777745723724365e-06,20261005-010838-8084b01
2018,nn3,at_me,-4.0022656321525574e-05,20261005-010838-8084b01
2018,nn3,ret_60_12,-1.4925375580787659e-05,20261005-010838-8084b01
2018,nn3,ni_me,2.4922192096710205e-06,20261005-010838-8084b01
2018,nn3,fcf_me,1.214444637298584e-05,20261005-010838-8084b01
2018,nn3,div12m_me,-2.2571533918380737e-05,20261005-010838-8084b01
2018,nn3,eqpo_me,-9.46037471294403e-06,20261005-010838-8084b01
2018,nn3,eqnpo_me,-2.1029263734817505e-06,20261005-010838-8084b01
2018,nn3,sale_gr3,1.2014061212539673e-06,20261005-010838-8084b01
2018,nn3,sale_gr1,-7.245689630508423e-07,20261005-010838-8084b01
2018,nn3,ebitda_mev,2.5158748030662537e-05,20261005-010838-8084b01
2018,nn3,sale_me,-2.6188790798187256e-06,20261005-010838-8084b01
2018,nn3,ocf_me,2.5102868676185608e-05,20261005-010838-8084b01
2018,nn3,ival_me,3.3564865589141846e-06,20261005-010838-8084b01
2018,nn3,bev_mev,-7.800757884979248e-06,20261005-010838-8084b01
2018,nn3,netdebt_me,-5.2228569984436035e-06,20261005-010838-8084b01
2018,nn3,eq_dur,-1.0320916771888733e-05,20261005-010838-8084b01
2018,nn3,capex_abn,-3.0975788831710815e-06,20261005-010838-8084b01
2018,nn3,at_gr1,3.7867575883865356e-06,20261005-010838-8084b01
2018,nn3,ppeinv_gr1a,7.485970854759216e-06,20261005-010838-8084b01
2018,nn3,noa_at,-9.16607677936554e-06,20261005-010838-8084b01
2018,nn3,noa_gr1a,4.213303327560425e-06,20261005-010838-8084b01
2018,nn3,lnoa_gr1a,-4.78699803352356e-07,20261005-010838-8084b01
2018,nn3,capx_gr1,1.5459954738616943e-06,20261005-010838-8084b01
2018,nn3,capx_gr2,-1.9241124391555786e-06,20261005-010838-8084b01
2018,nn3,capx_gr3,4.53554093837738e-06,20261005-010838-8084b01
2018,nn3,chcsho_12m,4.739686846733093e-05,20261005-010838-8084b01
2018,nn3,eqnpo_12m,-3.9672479033470154e-05,20261005-010838-8084b01
2018,nn3,debt_gr3,-6.75395131111145e-06,20261005-010838-8084b01
2018,nn3,inv_gr1,1.8067657947540283e-06,20261005-010838-8084b01
2018,nn3,inv_gr1a,-1.8980354070663452e-06,20261005-010838-8084b01
2018,nn3,oaccruals_at,5.3104013204574585e-06,20261005-010838-8084b01
2018,nn3,taccruals_at,-3.335997462272644e-06,20261005-010838-8084b01
2018,nn3,cowc_gr1a,7.320195436477661e-07,20261005-010838-8084b01
2018,nn3,coa_gr1a,-2.941116690635681e-06,20261005-010838-8084b01
2018,nn3,col_gr1a,-1.041218638420105e-06,20261005-010838-8084b01
2018,nn3,nncoa_gr1a,9.98377799987793e-07,20261005-010838-8084b01
2018,nn3,ncoa_gr1a,-3.60049307346344e-06,20261005-010838-8084b01
2018,nn3,ncol_gr1a,-7.841736078262329e-07,20261005-010838-8084b01
2018,nn3,nfna_gr1a,-5.085021257400513e-07,20261005-010838-8084b01
2018,nn3,sti_gr1a,-3.207474946975708e-06,20261005-010838-8084b01
2018,nn3,lti_gr1a,1.9744038581848145e-07,20261005-010838-8084b01
2018,nn3,fnl_gr1a,1.0468065738677979e-06,20261005-010838-8084b01
2018,nn3,be_gr1a,-7.68899917602539e-06,20261005-010838-8084b01
2018,nn3,oaccruals_ni,9.592622518539429e-07,20261005-010838-8084b01
2018,nn3,taccruals_ni,-5.669891834259033e-06,20261005-010838-8084b01
2018,nn3,netis_at,-3.999099135398865e-06,20261005-010838-8084b01
2018,nn3,eqnetis_at,8.044764399528503e-06,20261005-010838-8084b01
2018,nn3,dbnetis_at,1.037493348121643e-06,20261005-010838-8084b01
2018,nn3,niq_be,2.9981136322021484e-05,20261005-010838-8084b01
2018,nn3,niq_be_chg1,1.7024576663970947e-06,20261005-010838-8084b01
2018,nn3,niq_at,1.6532838344573975e-05,20261005-010838-8084b01
2018,nn3,niq_at_chg1,8.139759302139282e-07,20261005-010838-8084b01
2018,nn3,ebit_bev,-2.212822437286377e-05,20261005-010838-8084b01
2018,nn3,ebit_sale,1.4854595065116882e-05,20261005-010838-8084b01
2018,nn3,sale_bev,6.221234798431396e-07,20261005-010838-8084b01
2018,nn3,at_turnover,-7.782131433486938e-06,20261005-010838-8084b01
2018,nn3,gp_at,-5.252659320831299e-07,20261005-010838-8084b01
2018,nn3,gp_atl1,-3.1497329473495483e-06,20261005-010838-8084b01
2018,nn3,ope_be,-1.648813486099243e-05,20261005-010838-8084b01
2018,nn3,ope_bel1,-8.624047040939331e-07,20261005-010838-8084b01
2018,nn3,op_at,4.0998682379722595e-05,20261005-010838-8084b01
2018,nn3,op_atl1,1.965463161468506e-05,20261005-010838-8084b01
2018,nn3,cop_at,1.2759119272232056e-06,20261005-010838-8084b01
2018,nn3,cop_atl1,-5.392357707023621e-06,20261005-010838-8084b01
2018,nn3,f_score,-5.366280674934387e-06,20261005-010838-8084b01
2018,nn3,o_score,-3.0996277928352356e-05,20261005-010838-8084b01
2018,nn3,z_score,1.1550262570381165e-05,20261005-010838-8084b01
2018,nn3,pi_nix,-4.302710294723511e-07,20261005-010838-8084b01
2018,nn3,at_be,-1.393444836139679e-05,20261005-010838-8084b01
2018,nn3,saleq_gr1,1.006387174129486e-05,20261005-010838-8084b01
2018,nn3,rd_me,-5.063600838184357e-05,20261005-010838-8084b01
2018,nn3,rd_sale,-1.080334186553955e-05,20261005-010838-8084b01
2018,nn3,opex_at,1.7795711755752563e-05,20261005-010838-8084b01
2018,nn3,emp_gr1,1.125037670135498e-06,20261005-010838-8084b01
2018,nn3,rd5_at,-2.691522240638733e-06,20261005-010838-8084b01
2018,nn3,age,1.1350959539413452e-05,20261005-010838-8084b01
2018,nn3,dsale_dinv,-6.761401891708374e-07,20261005-010838-8084b01
2018,nn3,dsale_drec,-5.420297384262085e-07,20261005-010838-8084b01
2018,nn3,dgp_dsale,2.1532177925109863e-06,20261005-010838-8084b01
2018,nn3,dsale_dsga,-1.5404075384140015e-06,20261005-010838-8084b01
2018,nn3,sale_emp_gr1,-1.166015863418579e-06,20261005-010838-8084b01
2018,nn3,tangibility,-1.5072524547576904e-05,20261005-010838-8084b01
2018,nn3,kz_index,-7.741153240203857e-06,20261005-010838-8084b01
2018,nn3,ocfq_saleq_std,8.167698979377747e-06,20261005-010838-8084b01
2018,nn3,cash_at,-1.609884202480316e-05,20261005-010838-8084b01
2018,nn3,ni_ar1,-1.130625605583191e-06,20261005-010838-8084b01
2018,nn3,ni_ivol,-7.355585694313049e-06,20261005-010838-8084b01
2018,nn3,earnings_variability,2.825632691383362e-06,20261005-010838-8084b01
2018,nn3,aliq_at,8.50670039653778e-06,20261005-010838-8084b01
2018,nn3,aliq_mat,5.30686229467392e-05,20261005-010838-8084b01
2018,nn3,seas_1_1an,1.0192394256591797e-05,20261005-010838-8084b01
2018,nn3,seas_1_1na,-7.739104330539703e-05,20261005-010838-8084b01
2018,nn3,seas_2_5an,2.3618340492248535e-05,20261005-010838-8084b01
2018,nn3,seas_2_5na,-3.296881914138794e-06,20261005-010838-8084b01
2018,nn3,seas_6_10an,6.765127182006836e-06,20261005-010838-8084b01
2018,nn3,seas_6_10na,1.9241124391555786e-06,20261005-010838-8084b01
2018,nn3,seas_11_15an,1.994892954826355e-06,20261005-010838-8084b01
2018,nn3,seas_11_15na,-7.580965757369995e-07,20261005-010838-8084b01
2018,nn3,seas_16_20an,-2.0116567611694336e-07,20261005-010838-8084b01
2018,nn3,seas_16_20na,7.394701242446899e-07,20261005-010838-8084b01
2018,nn3,market_equity,-6.711110472679138e-05,20261005-010838-8084b01
2018,nn3,ivol_ff3_21d,-1.125037670135498e-06,20261005-010838-8084b01
2018,nn3,ivol_capm_252d,7.184408605098724e-05,20261005-010838-8084b01
2018,nn3,ivol_capm_21d,7.245689630508423e-06,20261005-010838-8084b01
2018,nn3,ivol_hxz4_21d,0.00019842013716697693,20261005-010838-8084b01
2018,nn3,rvol_21d,-2.275221049785614e-05,20261005-010838-8084b01
2018,nn3,beta_60m,-1.2779608368873596e-05,20261005-010838-8084b01
2018,nn3,betabab_1260d,-1.638755202293396e-05,20261005-010838-8084b01
2018,nn3,beta_dimson_21d,2.4419277906417847e-06,20261005-010838-8084b01
2018,nn3,turnover_126d,0.00023119524121284485,20261005-010838-8084b01
2018,nn3,turnover_var_126d,-5.077756941318512e-05,20261005-010838-8084b01
2018,nn3,dolvol_126d,-8.035451173782349e-06,20261005-010838-8084b01
2018,nn3,dolvol_var_126d,5.7773664593696594e-05,20261005-010838-8084b01
2018,nn3,prc,-0.00014612264931201935,20261005-010838-8084b01
2018,nn3,ami_126d,-2.7630478143692017e-05,20261005-010838-8084b01
2018,nn3,zero_trades_21d,0.00023453682661056519,20261005-010838-8084b01
2018,nn3,zero_trades_126d,9.389221668243408e-05,20261005-010838-8084b01
2018,nn3,zero_trades_252d,6.088241934776306e-05,20261005-010838-8084b01
2018,nn3,rmax1_21d,7.741153240203857e-06,20261005-010838-8084b01
2018,nn3,rskew_21d,-3.4049153327941895e-06,20261005-010838-8084b01
2018,nn3,iskew_capm_21d,6.51925802230835e-07,20261005-010838-8084b01
2018,nn3,iskew_ff3_21d,-1.6205012798309326e-07,20261005-010838-8084b01
2018,nn3,iskew_hxz4_21d,2.896413207054138e-06,20261005-010838-8084b01
2018,nn3,coskew_21d,1.6186386346817017e-06,20261005-010838-8084b01
2018,nn3,ret_1_0,-8.69017094373703e-05,20261005-010838-8084b01
2018,nn3,betadown_252d,-2.166256308555603e-06,20261005-010838-8084b01
2018,nn3,bidaskhl_21d,-6.940960884094238e-05,20261005-010838-8084b01
2018,nn3,ret_3_1,-6.28884881734848e-05,20261005-010838-8084b01
2018,nn3,ret_9_1,1.0687857866287231e-05,20261005-010838-8084b01
2018,nn3,ret_12_7,8.00006091594696e-06,20261005-010838-8084b01
2018,nn3,corr_1260d,-4.153698682785034e-07,20261005-010838-8084b01
2018,nn3,rmax5_21d,4.298798739910126e-05,20261005-010838-8084b01
2018,nn3,rmax5_rvol_21d,-9.698793292045593e-06,20261005-010838-8084b01
2018,nn3,ni_be,-1.9369646906852722e-05,20261005-010838-8084b01
2018,nn3,ocf_at,-2.8070062398910522e-06,20261005-010838-8084b01
2018,nn3,ocf_at_chg1,3.7904828786849976e-06,20261005-010838-8084b01
2018,nn3,mispricing_perf,1.1920928955078125e-05,20261005-010838-8084b01
2018,nn3,mispricing_mgmt,-6.165355443954468e-07,20261005-010838-8084b01
2018,nn3,qmj,-7.599592208862305e-06,20261005-010838-8084b01
2018,nn3,qmj_prof,3.1031668186187744e-06,20261005-010838-8084b01
2018,nn3,qmj_growth,4.449859261512756e-06,20261005-010838-8084b01
2018,nn3,qmj_safety,3.164447844028473e-05,20261005-010838-8084b01
2020,nn3,niq_su,1.7583370208740234e-06,20261005-010838-8084b01
2020,nn3,ret_6_1,2.826005220413208e-05,20261005-010838-8084b01
2020,nn3,ret_12_1,-2.1785497665405273e-05,20261005-010838-8084b01
2020,nn3,saleq_su,-7.4729323387146e-06,20261005-010838-8084b01
2020,nn3,tax_gr1a,1.7583370208740234e-06,20261005-010838-8084b01
2020,nn3,ni_inc8q,2.041459083557129e-06,20261005-010838-8084b01
2020,nn3,prc_highprc_252d,-0.00014837831258773804,20261005-010838-8084b01
2020,nn3,resff3_6_1,7.078051567077637e-07,20261005-010838-8084b01
2020,nn3,resff3_12_1,1.9982457160949707e-05,20261005-010838-8084b01
2020,nn3,be_me,0.00010320544242858887,20261005-010838-8084b01
2020,nn3,debt_me,6.683170795440674e-06,20261005-010838-8084b01
2020,nn3,at_me,6.075948476791382e-05,20261005-010838-8084b01
2020,nn3,ret_60_12,7.078051567077637e-06,20261005-010838-8084b01
2020,nn3,ni_me,1.4230608940124512e-06,20261005-010838-8084b01
2020,nn3,fcf_me,-9.916722774505615e-06,20261005-010838-8084b01
2020,nn3,div12m_me,8.568167686462402e-07,20261005-010838-8084b01
2020,nn3,eqpo_me,2.070516347885132e-05,20261005-010838-8084b01
2020,nn3,eqnpo_me,-3.8370490074157715e-06,20261005-010838-8084b01
2020,nn3,sale_gr3,4.500150680541992e-06,20261005-010838-8084b01
2020,nn3,sale_gr1,9.037554264068604e-06,20261005-010838-8084b01
2020,nn3,ebitda_mev,-3.139674663543701e-05,20261005-010838-8084b01
2020,nn3,sale_me,3.6425888538360596e-05,20261005-010838-8084b01
2020,nn3,ocf_me,-3.563612699508667e-05,20261005-010838-8084b01
2020,nn3,ival_me,-8.448958396911621e-06,20261005-010838-8084b01
2020,nn3,bev_mev,7.5623393058776855e-06,20261005-010838-8084b01
2020,nn3,netdebt_me,1.5340745449066162e-05,20261005-010838-8084b01
2020,nn3,eq_dur,2.5838613510131836e-05,20261005-010838-8084b01
2020,nn3,capex_abn,3.375113010406494e-06,20261005-010838-8084b01
2020,nn3,at_gr1,-7.405877113342285e-06,20261005-010838-8084b01
2020,nn3,ppeinv_gr1a,-1.019984483718872e-05,20261005-010838-8084b01
2020,nn3,noa_at,3.851205110549927e-05,20261005-010838-8084b01
2020,nn3,noa_gr1a,-2.980232238769531e-07,20261005-010838-8084b01
2020,nn3,lnoa_gr1a,3.1888484954833984e-06,20261005-010838-8084b01
2020,nn3,capx_gr1,2.9653310775756836e-06,20261005-010838-8084b01
2020,nn3,capx_gr2,3.285706043243408e-06,20261005-010838-8084b01
2020,nn3,capx_gr3,-9.685754776000977e-07,20261005-010838-8084b01
2020,nn3,chcsho_12m,-6.558746099472046e-05,20261005-010838-8084b01
2020,nn3,eqnpo_12m,4.758685827255249e-05,20261005-010838-8084b01
2020,nn3,debt_gr3,1.4528632164001465e-06,20261005-010838-8084b01
2020,nn3,inv_gr1,-4.209578037261963e-06,20261005-010838-8084b01
2020,nn3,inv_gr1a,-3.7848949432373047e-06,20261005-010838-8084b01
2020,nn3,oaccruals_at,-2.9727816581726074e-06,20261005-010838-8084b01
2020,nn3,taccruals_at,1.7277896404266357e-05,20261005-010838-8084b01
2020,nn3,cowc_gr1a,-8.940696716308594e-07,20261005-010838-8084b01
2020,nn3,coa_gr1a,3.039836883544922e-06,20261005-010838-8084b01
2020,nn3,col_gr1a,2.3618340492248535e-06,20261005-010838-8084b01
2020,nn3,nncoa_gr1a,3.5837292671203613e-06,20261005-010838-8084b01
2020,nn3,ncoa_gr1a,4.276633262634277e-06,20261005-010838-8084b01
2020,nn3,ncol_gr1a,1.9371509552001953e-07,20261005-010838-8084b01
2020,nn3,nfna_gr1a,-6.712973117828369e-06,20261005-010838-8084b01
2020,nn3,sti_gr1a,1.5720725059509277e-06,20261005-010838-8084b01
2020,nn3,lti_gr1a,3.039836883544922e-06,20261005-010838-8084b01
2020,nn3,fnl_gr1a,-7.599592208862305e-07,20261005-010838-8084b01
2020,nn3,be_gr1a,3.890693187713623e-05,20261005-010838-8084b01
2020,nn3,oaccruals_ni,1.3031065464019775e-05,20261005-010838-8084b01
2020,nn3,taccruals_ni,1.364201307296753e-05,20261005-010838-8084b01
2020,nn3,netis_at,-3.2782554626464844e-07,20261005-010838-8084b01
2020,nn3,eqnetis_at,-1.2665987014770508e-05,20261005-010838-8084b01
2020,nn3,dbnetis_at,5.304813385009766e-06,20261005-010838-8084b01
2020,nn3,niq_be,-4.176795482635498e-05,20261005-010838-8084b01
2020,nn3,niq_be_chg1,-3.501772880554199e-07,20261005-010838-8084b01
2020,nn3,niq_at,-5.056709051132202e-05,20261005-010838-8084b01
2020,nn3,niq_at_chg1,1.2516975402832031e-06,20261005-010838-8084b01
2020,nn3,ebit_bev,5.276501178741455e-05,20261005-010838-8084b01
2020,nn3,ebit_sale,-7.095932960510254e-05,20261005-010838-8084b01
2020,nn3,sale_bev,1.0319054126739502e-05,20261005-010838-8084b01
2020,nn3,at_turnover,1.3999640941619873e-05,20261005-010838-8084b01
2020,nn3,gp_at,-3.255903720855713e-06,20261005-010838-8084b01
2020,nn3,gp_atl1,1.080334186553955e-06,20261005-010838-8084b01
2020,nn3,ope_be,2.3066997528076172e-05,20261005-010838-8084b01
2020,nn3,ope_bel1,1.0609626770019531e-05,20261005-010838-8084b01
2020,nn3,op_at,-0.00012636184692382812,20261005-010838-8084b01
2020,nn3,op_atl1,-4.817545413970947e-05,20261005-010838-8084b01
2020,nn3,cop_at,-6.0051679611206055e-06,20261005-010838-8084b01
2020,nn3,cop_atl1,6.7427754402160645e-06,20261005-010838-8084b01
2020,nn3,f_score,1.9297003746032715e-05,20261005-010838-8084b01
2020,nn3,o_score,6.848573684692383e-05,20261005-010838-8084b01
2020,nn3,z_score,5.2675604820251465e-06,20261005-010838-8084b01
2020,nn3,pi_nix,2.2277235984802246e-06,20261005-010838-8084b01
2020,nn3,at_be,-3.46451997756958e-06,20261005-010838-8084b01
2020,nn3,saleq_gr1,7.055699825286865e-06,20261005-010838-8084b01
2020,nn3,rd_me,0.00011438876390457153,20261005-010838-8084b01
2020,nn3,rd_sale,3.1188130378723145e-05,20261005-010838-8084b01
2020,nn3,opex_at,-1.6883015632629395e-05,20261005-010838-8084b01
2020,nn3,emp_gr1,3.725290298461914e-07,20261005-010838-8084b01
2020,nn3,rd5_at,1.0453164577484131e-05,20261005-010838-8084b01
2020,nn3,age,2.5391578674316406e-05,20261005-010838-8084b01
2020,nn3,dsale_dinv,-1.4007091522216797e-06,20261005-010838-8084b01
2020,nn3,dsale_drec,9.238719940185547e-07,20261005-010838-8084b01
2020,nn3,dgp_dsale,3.7997961044311523e-07,20261005-010838-8084b01
2020,nn3,dsale_dsga,-3.8817524909973145e-06,20261005-010838-8084b01
2020,nn3,sale_emp_gr1,-2.466142177581787e-06,20261005-010838-8084b01
2020,nn3,tangibility,2.2679567337036133e-05,20261005-010838-8084b01
2020,nn3,kz_index,1.1272728443145752e-05,20261005-010838-8084b01
2020,nn3,ocfq_saleq_std,7.02589750289917e-06,20261005-010838-8084b01
2020,nn3,cash_at,6.458908319473267e-05,20261005-010838-8084b01
2020,nn3,ni_ar1,-1.0356307029724121e-06,20261005-010838-8084b01
2020,nn3,ni_ivol,2.4788081645965576e-05,20261005-010838-8084b01
2020,nn3,earnings_variability,6.042420864105225e-06,20261005-010838-8084b01
2020,nn3,aliq_at,-1.1198222637176514e-05,20261005-010838-8084b01
2020,nn3,aliq_mat,-3.330409526824951e-06,20261005-010838-8084b01
2020,nn3,seas_1_1an,-1.163780689239502e-05,20261005-010838-8084b01
2020,nn3,seas_1_1na,0.00010598450899124146,20261005-010838-8084b01
2020,nn3,seas_2_5an,2.0660459995269775e-05,20261005-010838-8084b01
2020,nn3,seas_2_5na,-3.4570693969726562e-06,20261005-010838-8084b01
2020,nn3,seas_6_10an,-1.6421079635620117e-05,20261005-010838-8084b01
2020,nn3,seas_6_10na,-4.544854164123535e-07,20261005-010838-8084b01
2020,nn3,seas_11_15an,5.364418029785156e-06,20261005-010838-8084b01
2020,nn3,seas_11_15na,9.015202522277832e-07,20261005-010838-8084b01
2020,nn3,seas_16_20an,-7.383525371551514e-06,20261005-010838-8084b01
2020,nn3,seas_16_20na,5.364418029785156e-07,20261005-010838-8084b01
2020,nn3,market_equity,5.266815423965454e-05,20261005-010838-8084b01
2020,nn3,ivol_ff3_21d,-4.149973392486572e-06,20261005-010838-8084b01
2020,nn3,ivol_capm_252d,-0.0001354515552520752,20261005-010838-8084b01
2020,nn3,ivol_capm_21d,-2.498924732208252e-05,20261005-010838-8084b01
2020,nn3,ivol_hxz4_21d,-0.0003056079149246216,20261005-010838-8084b01
2020,nn3,rvol_21d,6.535649299621582e-05,20261005-010838-8084b01
2020,nn3,beta_60m,8.258968591690063e-05,20261005-010838-8084b01
2020,nn3,betabab_1260d,6.8247318267822266e-06,20261005-010838-8084b01
2020,nn3,beta_dimson_21d,-1.601874828338623e-06,20261005-010838-8084b01
2020,nn3,turnover_126d,-0.0001867935061454773,20261005-010838-8084b01
2020,nn3,turnover_var_126d,0.00010925531387329102,20261005-010838-8084b01
2020,nn3,dolvol_126d,-2.3692846298217773e-06,20261005-010838-8084b01
2020,nn3,dolvol_var_126d,-8.005648851394653e-05,20261005-010838-8084b01
2020,nn3,prc,0.0002144351601600647,20261005-010838-8084b01
2020,nn3,ami_126d,3.5896897315979004e-05,20261005-010838-8084b01
2020,nn3,zero_trades_21d,0.00038185715675354004,20261005-010838-8084b01
2020,nn3,zero_trades_126d,-0.0001234188675880432,20261005-010838-8084b01
2020,nn3,zero_trades_252d,-2.8759241104125977e-06,20261005-010838-8084b01
2020,nn3,rmax1_21d,-2.2239983081817627e-05,20261005-010838-8084b01
2020,nn3,rskew_21d,7.972121238708496e-06,20261005-010838-8084b01
2020,nn3,iskew_capm_21d,4.410743713378906e-06,20261005-010838-8084b01
2020,nn3,iskew_ff3_21d,4.589557647705078e-06,20261005-010838-8084b01
2020,nn3,iskew_hxz4_21d,7.82310962677002e-07,20261005-010838-8084b01
2020,nn3,coskew_21d,5.543231964111328e-06,20261005-010838-8084b01
2020,nn3,ret_1_0,0.00013608485460281372,20261005-010838-8084b01
2020,nn3,betadown_252d,1.0773539543151855e-05,20261005-010838-8084b01
2020,nn3,bidaskhl_21d,4.337728023529053e-05,20261005-010838-8084b01
2020,nn3,ret_3_1,9.182095527648926e-05,20261005-010838-8084b01
2020,nn3,ret_9_1,-1.9587576389312744e-05,20261005-010838-8084b01
2020,nn3,ret_12_7,-7.778406143188477e-06,20261005-010838-8084b01
2020,nn3,corr_1260d,5.044043064117432e-06,20261005-010838-8084b01
2020,nn3,rmax5_21d,-8.109211921691895e-05,20261005-010838-8084b01
2020,nn3,rmax5_rvol_21d,0.00010742992162704468,20261005-010838-8084b01
2020,nn3,ni_be,1.0788440704345703e-05,20261005-010838-8084b01
2020,nn3,ocf_at,-3.844499588012695e-06,20261005-010838-8084b01
2020,nn3,ocf_at_chg1,-4.805624485015869e-06,20261005-010838-8084b01
2020,nn3,mispricing_perf,-2.3670494556427002e-05,20261005-010838-8084b01
2020,nn3,mispricing_mgmt,-2.1830201148986816e-06,20261005-010838-8084b01
2020,nn3,qmj,1.8484890460968018e-05,20261005-010838-8084b01
2020,nn3,qmj_prof,-1.4081597328186035e-05,20261005-010838-8084b01
2020,nn3,qmj_growth,-1.989305019378662e-06,20261005-010838-8084b01
2020,nn3,qmj_safety,-1.5527009963989258e-05,20261005-010838-8084b01
2022,nn3,niq_su,3.5762786865234375e-06,20261005-010838-8084b01
2022,nn3,ret_6_1,-6.114691495895386e-05,20261005-010838-8084b01
2022,nn3,ret_12_1,4.398822784423828e-05,20261005-010838-8084b01
2022,nn3,saleq_su,1.7624348402023315e-05,20261005-010838-8084b01
2022,nn3,tax_gr1a,-3.688037395477295e-06,20261005-010838-8084b01
2022,nn3,ni_inc8q,3.460794687271118e-06,20261005-010838-8084b01
2022,nn3,prc_highprc_252d,0.00017945840954780579,20261005-010838-8084b01
2022,nn3,resff3_6_1,-1.4282763004302979e-05,20261005-010838-8084b01
2022,nn3,resff3_12_1,2.080574631690979e-05,20261005-010838-8084b01
2022,nn3,be_me,-9.362399578094482e-05,20261005-010838-8084b01
2022,nn3,debt_me,-8.653849363327026e-06,20261005-010838-8084b01
2022,nn3,at_me,-2.6404857635498047e-05,20261005-010838-8084b01
2022,nn3,ret_60_12,-2.2698193788528442e-05,20261005-010838-8084b01
2022,nn3,ni_me,3.184378147125244e-05,20261005-010838-8084b01
2022,nn3,fcf_me,4.3489038944244385e-05,20261005-010838-8084b01
2022,nn3,div12m_me,-3.074854612350464e-05,20261005-010838-8084b01
2022,nn3,eqpo_me,-2.1141022443771362e-05,20261005-010838-8084b01
2022,nn3,eqnpo_me,-1.4562159776687622e-05,20261005-010838-8084b01
2022,nn3,sale_gr3,-5.844980478286743e-06,20261005-010838-8084b01
2022,nn3,sale_gr1,1.3455748558044434e-05,20261005-010838-8084b01
2022,nn3,ebitda_mev,6.902962923049927e-05,20261005-010838-8084b01
2022,nn3,sale_me,9.574368596076965e-05,20261005-010838-8084b01
2022,nn3,ocf_me,3.1989067792892456e-05,20261005-010838-8084b01
2022,nn3,ival_me,3.166496753692627e-06,20261005-010838-8084b01
2022,nn3,bev_mev,1.0211020708084106e-05,20261005-010838-8084b01
2022,nn3,netdebt_me,-4.6119093894958496e-05,20261005-010838-8084b01
2022,nn3,eq_dur,-2.1979212760925293e-07,20261005-010838-8084b01
2022,nn3,capex_abn,-1.0356307029724121e-06,20261005-010838-8084b01
2022,nn3,at_gr1,-1.6205012798309326e-06,20261005-010838-8084b01
2022,nn3,ppeinv_gr1a,9.43988561630249e-06,20261005-010838-8084b01
2022,nn3,noa_at,-3.833696246147156e-05,20261005-010838-8084b01
2022,nn3,noa_gr1a,1.2479722499847412e-06,20261005-010838-8084b01
2022,nn3,lnoa_gr1a,1.817941665649414e-06,20261005-010838-8084b01
2022,nn3,capx_gr1,6.847083568572998e-06,20261005-010838-8084b01
2022,nn3,capx_gr2,1.4938414096832275e-06,20261005-010838-8084b01
2022,nn3,capx_gr3,-1.3560056686401367e-06,20261005-010838-8084b01
2022,nn3,chcsho_12m,9.198859333992004e-05,20261005-010838-8084b01
2022,nn3,eqnpo_12m,-7.729604840278625e-05,20261005-010838-8084b01
2022,nn3,debt_gr3,-4.190951585769653e-06,20261005-010838-8084b01
2022,nn3,inv_gr1,-2.3990869522094727e-06,20261005-010838-8084b01
2022,nn3,inv_gr1a,2.421438694000244e-07,20261005-010838-8084b01
2022,nn3,oaccruals_at,1.1514872312545776e-05,20261005-010838-8084b01
2022,nn3,taccruals_at,2.037733793258667e-06,20261005-010838-8084b01
2022,nn3,cowc_gr1a,-8.530914783477783e-07,20261005-010838-8084b01
2022,nn3,coa_gr1a,-1.8514692783355713e-06,20261005-010838-8084b01
2022,nn3,col_gr1a,2.4959444999694824e-07,20261005-010838-8084b01
2022,nn3,nncoa_gr1a,-2.6114284992218018e-06,20261005-010838-8084b01
2022,nn3,ncoa_gr1a,5.509704351425171e-06,20261005-010838-8084b01
2022,nn3,ncol_gr1a,3.028661012649536e-06,20261005-010838-8084b01
2022,nn3,nfna_gr1a,4.202127456665039e-06,20261005-010838-8084b01
2022,nn3,sti_gr1a,3.4123659133911133e-06,20261005-010838-8084b01
2022,nn3,lti_gr1a,-8.977949619293213e-07,20261005-010838-8084b01
2022,nn3,fnl_gr1a,-9.648501873016357e-07,20261005-010838-8084b01
2022,nn3,be_gr1a,1.1388212442398071e-05,20261005-010838-8084b01
2022,nn3,oaccruals_ni,2.33575701713562e-06,20261005-010838-8084b01
2022,nn3,taccruals_ni,-3.1962990760803223e-06,20261005-010838-8084b01
2022,nn3,netis_at,4.235655069351196e-06,20261005-010838-8084b01
2022,nn3,eqnetis_at,3.032013773918152e-05,20261005-010838-8084b01
2022,nn3,dbnetis_at,-1.385807991027832e-06,20261005-010838-8084b01
2022,nn3,niq_be,2.757832407951355e-05,20261005-010838-8084b01
2022,nn3,niq_be_chg1,2.7194619178771973e-07,20261005-010838-8084b01
2022,nn3,niq_at,4.607439041137695e-05,20261005-010838-8084b01
2022,nn3,niq_at_chg1,4.578381776809692e-06,20261005-010838-8084b01
2022,nn3,ebit_bev,-6.470084190368652e-05,20261005-010838-8084b01
2022,nn3,ebit_sale,2.7023255825042725e-05,20261005-010838-8084b01
2022,nn3,sale_bev,-1.3634562492370605e-06,20261005-010838-8084b01
2022,nn3,at_turnover,-1.796707510948181e-05,20261005-010838-8084b01
2022,nn3,gp_at,-1.8261373043060303e-05,20261005-010838-8084b01
2022,nn3,gp_atl1,-5.3942203521728516e-06,20261005-010838-8084b01
2022,nn3,ope_be,-5.7756900787353516e-05,20261005-010838-8084b01
2022,nn3,ope_bel1,-5.640089511871338e-06,20261005-010838-8084b01
2022,nn3,op_at,8.06078314781189e-05,20261005-010838-8084b01
2022,nn3,op_atl1,4.678592085838318e-05,20261005-010838-8084b01
2022,nn3,cop_at,1.4495104551315308e-05,20261005-010838-8084b01
2022,nn3,cop_atl1,-2.4732202291488647e-05,20261005-010838-8084b01
2022,nn3,f_score,-4.101544618606567e-06,20261005-010838-8084b01
2022,nn3,o_score,-6.325170397758484e-05,20261005-010838-8084b01
2022,nn3,z_score,1.4092773199081421e-05,20261005-010838-8084b01
2022,nn3,pi_nix,1.1995434761047363e-06,20261005-010838-8084b01
2022,nn3,at_be,-8.020177483558655e-05,20261005-010838-8084b01
2022,nn3,saleq_gr1,5.088746547698975e-06,20261005-010838-8084b01
2022,nn3,rd_me,-0.00011773034930229187,20261005-010838-8084b01
2022,nn3,rd_sale,-2.0559877157211304e-05,20261005-010838-8084b01
2022,nn3,opex_at,2.3327767848968506e-05,20261005-010838-8084b01
2022,nn3,emp_gr1,-1.2565404176712036e-05,20261005-010838-8084b01
2022,nn3,rd5_at,-1.0617077350616455e-05,20261005-010838-8084b01
2022,nn3,age,3.368780016899109e-05,20261005-010838-8084b01
2022,nn3,dsale_dinv,-9.872019290924072e-07,20261005-010838-8084b01
2022,nn3,dsale_drec,2.1830201148986816e-06,20261005-010838-8084b01
2022,nn3,dgp_dsale,3.390014171600342e-07,20261005-010838-8084b01
2022,nn3,dsale_dsga,8.568167686462402e-07,20261005-010838-8084b01
2022,nn3,sale_emp_gr1,-5.327165126800537e-07,20261005-010838-8084b01
2022,nn3,tangibility,-2.148747444152832e-05,20261005-010838-8084b01
2022,nn3,kz_index,-3.345310688018799e-06,20261005-010838-8084b01
2022,nn3,ocfq_saleq_std,1.4387071132659912e-05,20261005-010838-8084b01
2022,nn3,cash_at,-6.815418601036072e-05,20261005-010838-8084b01
2022,nn3,ni_ar1,-8.903443813323975e-07,20261005-010838-8084b01
2022,nn3,ni_ivol,-8.929520845413208e-06,20261005-010838-8084b01
2022,nn3,earnings_variability,-9.201467037200928e-07,20261005-010838-8084b01
2022,nn3,aliq_at,-9.082257747650146e-06,20261005-010838-8084b01
2022,nn3,aliq_mat,4.252046346664429e-05,20261005-010838-8084b01
2022,nn3,seas_1_1an,3.316625952720642e-05,20261005-010838-8084b01
2022,nn3,seas_1_1na,-0.00011568889021873474,20261005-010838-8084b01
2022,nn3,seas_2_5an,-1.093745231628418e-05,20261005-010838-8084b01
2022,nn3,seas_2_5na,-5.960464477539062e-07,20261005-010838-8084b01
2022,nn3,seas_6_10an,8.162111043930054e-06,20261005-010838-8084b01
2022,nn3,seas_6_10na,-1.0579824447631836e-06,20261005-010838-8084b01
2022,nn3,seas_11_15an,-2.820044755935669e-06,20261005-010838-8084b01
2022,nn3,seas_11_15na,-6.742775440216064e-07,20261005-010838-8084b01
2022,nn3,seas_16_20an,2.5480985641479492e-06,20261005-010838-8084b01
2022,nn3,seas_16_20na,-3.948807716369629e-07,20261005-010838-8084b01
2022,nn3,market_equity,-0.00012734532356262207,20261005-010838-8084b01
2022,nn3,ivol_ff3_21d,7.313862442970276e-05,20261005-010838-8084b01
2022,nn3,ivol_capm_252d,0.0001903250813484192,20261005-010838-8084b01
2022,nn3,ivol_capm_21d,8.378922939300537e-05,20261005-010838-8084b01
2022,nn3,ivol_hxz4_21d,0.00044505298137664795,20261005-010838-8084b01
2022,nn3,rvol_21d,-4.371628165245056e-05,20261005-010838-8084b01
2022,nn3,beta_60m,5.7443976402282715e-06,20261005-010838-8084b01
2022,nn3,betabab_1260d,-9.424984455108643e-06,20261005-010838-8084b01
2022,nn3,beta_dimson_21d,1.4528632164001465e-06,20261005-010838-8084b01
2022,nn3,turnover_126d,0.00029553845524787903,20261005-010838-8084b01
2022,nn3,turnover_var_126d,-4.652142524719238e-05,20261005-010838-8084b01
2022,nn3,dolvol_126d,-3.547966480255127e-05,20261005-010838-8084b01
2022,nn3,dolvol_var_126d,8.940324187278748e-05,20261005-010838-8084b01
2022,nn3,prc,-0.00024024397134780884,20261005-010838-8084b01
2022,nn3,ami_126d,-2.9131770133972168e-05,20261005-010838-8084b01
2022,nn3,zero_trades_21d,0.0001531839370727539,20261005-010838-8084b01
2022,nn3,zero_trades_126d,0.000215042382478714,20261005-010838-8084b01
2022,nn3,zero_trades_252d,0.00019841268658638,20261005-010838-8084b01
2022,nn3,rmax1_21d,3.4458935260772705e-05,20261005-010838-8084b01
2022,nn3,rskew_21d,4.295259714126587e-06,20261005-010838-8084b01
2022,nn3,iskew_capm_21d,-4.76837158203125e-07,20261005-010838-8084b01
2022,nn3,iskew_ff3_21d,3.3527612686157227e-08,20261005-010838-8084b01
2022,nn3,iskew_hxz4_21d,6.85080885887146e-06,20261005-010838-8084b01
2022,nn3,coskew_21d,-8.493661880493164e-06,20261005-010838-8084b01
2022,nn3,ret_1_0,-0.00016913563013076782,20261005-010838-8084b01
2022,nn3,betadown_252d,-9.16793942451477e-06,20261005-010838-8084b01
2022,nn3,bidaskhl_21d,-0.00010071694850921631,20261005-010838-8084b01
2022,nn3,ret_3_1,-0.00011270493268966675,20261005-010838-8084b01
2022,nn3,ret_9_1,-1.0021030902862549e-06,20261005-010838-8084b01
2022,nn3,ret_12_7,2.368539571762085e-05,20261005-010838-8084b01
2022,nn3,corr_1260d,-5.0514936447143555e-06,20261005-010838-8084b01
2022,nn3,rmax5_21d,9.373575448989868e-05,20261005-010838-8084b01
2022,nn3,rmax5_rvol_21d,5.599111318588257e-06,20261005-010838-8084b01
2022,nn3,ni_be,-1.2364238500595093e-05,20261005-010838-8084b01
2022,nn3,ocf_at,2.4996697902679443e-06,20261005-010838-8084b01
2022,nn3,ocf_at_chg1,7.633119821548462e-06,20261005-010838-8084b01
2022,nn3,mispricing_perf,2.078711986541748e-06,20261005-010838-8084b01
2022,nn3,mispricing_mgmt,-2.4512410163879395e-06,20261005-010838-8084b01
2022,nn3,qmj,4.872679710388184e-06,20261005-010838-8084b01
2022,nn3,qmj_prof,1.6473233699798584e-05,20261005-010838-8084b01
2022,nn3,qmj_growth,-1.903623342514038e-06,20261005-010838-8084b01
2022,nn3,qmj_safety,3.764405846595764e-05,20261005-010838-8084b01
2024,nn3,niq_su,-1.6540288925170898e-06,20261005-010838-8084b01
2024,nn3,ret_6_1,-1.8477439880371094e-06,20261005-010838-8084b01
2024,nn3,ret_12_1,-5.751848220825195e-06,20261005-010838-8084b01
2024,nn3,saleq_su,2.8461217880249023e-06,20261005-010838-8084b01
2024,nn3,tax_gr1a,2.6971101760864258e-06,20261005-010838-8084b01
2024,nn3,ni_inc8q,9.238719940185547e-07,20261005-010838-8084b01
2024,nn3,prc_highprc_252d,-4.559755325317383e-06,20261005-010838-8084b01
2024,nn3,resff3_6_1,2.562999725341797e-06,20261005-010838-8084b01
2024,nn3,resff3_12_1,-4.231929779052734e-06,20261005-010838-8084b01
2024,nn3,be_me,5.187094211578369e-05,20261005-010838-8084b01
2024,nn3,debt_me,2.9802322387695312e-06,20261005-010838-8084b01
2024,nn3,at_me,2.9906630516052246e-05,20261005-010838-8084b01
2024,nn3,ret_60_12,-1.519918441772461e-06,20261005-010838-8084b01
2024,nn3,ni_me,-7.227063179016113e-06,20261005-010838-8084b01
2024,nn3,fcf_me,7.897615432739258e-06,20261005-010838-8084b01
2024,nn3,div12m_me,1.7881393432617188e-07,20261005-010838-8084b01
2024,nn3,eqpo_me,3.4123659133911133e-06,20261005-010838-8084b01
2024,nn3,eqnpo_me,-2.905726432800293e-06,20261005-010838-8084b01
2024,nn3,sale_gr3,-7.152557373046875e-07,20261005-010838-8084b01
2024,nn3,sale_gr1,1.214444637298584e-05,20261005-010838-8084b01
2024,nn3,ebitda_mev,-5.513429641723633e-06,20261005-010838-8084b01
2024,nn3,sale_me,1.455843448638916e-05,20261005-010838-8084b01
2024,nn3,ocf_me,-4.366040229797363e-06,20261005-010838-8084b01
2024,nn3,ival_me,-4.872679710388184e-06,20261005-010838-8084b01
2024,nn3,bev_mev,4.0084123611450195e-06,20261005-010838-8084b01
2024,nn3,netdebt_me,8.448958396911621e-06,20261005-010838-8084b01
2024,nn3,eq_dur,-2.0116567611694336e-06,20261005-010838-8084b01
2024,nn3,capex_abn,1.9073486328125e-06,20261005-010838-8084b01
2024,nn3,at_gr1,4.783272743225098e-06,20261005-010838-8084b01
2024,nn3,ppeinv_gr1a,-8.553266525268555e-06,20261005-010838-8084b01
2024,nn3,noa_at,1.3619661331176758e-05,20261005-010838-8084b01
2024,nn3,noa_gr1a,3.129243850708008e-07,20261005-010838-8084b01
2024,nn3,lnoa_gr1a,5.245208740234375e-06,20261005-010838-8084b01
2024,nn3,capx_gr1,1.8030405044555664e-06,20261005-010838-8084b01
2024,nn3,capx_gr2,3.8743019104003906e-07,20261005-010838-8084b01
2024,nn3,capx_gr3,1.4007091522216797e-06,20261005-010838-8084b01
2024,nn3,chcsho_12m,1.6167759895324707e-05,20261005-010838-8084b01
2024,nn3,eqnpo_12m,2.1517276763916016e-05,20261005-010838-8084b01
2024,nn3,debt_gr3,4.082918167114258e-06,20261005-010838-8084b01
2024,nn3,inv_gr1,2.682209014892578e-07,20261005-010838-8084b01
2024,nn3,inv_gr1a,-4.470348358154297e-08,20261005-010838-8084b01
2024,nn3,oaccruals_at,-4.187226295471191e-06,20261005-010838-8084b01
2024,nn3,taccruals_at,-3.829598426818848e-06,20261005-010838-8084b01
2024,nn3,cowc_gr1a,0.0,20261005-010838-8084b01
2024,nn3,coa_gr1a,-4.3213367462158203e-07,20261005-010838-8084b01
2024,nn3,col_gr1a,1.0132789611816406e-06,20261005-010838-8084b01
2024,nn3,nncoa_gr1a,9.5367431640625e-07,20261005-010838-8084b01
2024,nn3,ncoa_gr1a,1.6391277313232422e-07,20261005-010838-8084b01
2024,nn3,ncol_gr1a,-1.0132789611816406e-06,20261005-010838-8084b01
2024,nn3,nfna_gr1a,2.7120113372802734e-06,20261005-010838-8084b01
2024,nn3,sti_gr1a,1.7583370208740234e-06,20261005-010838-8084b01
2024,nn3,lti_gr1a,-1.4901161193847656e-06,20261005-010838-8084b01
2024,nn3,fnl_gr1a,4.172325134277344e-07,20261005-010838-8084b01
2024,nn3,be_gr1a,1.1473894119262695e-06,20261005-010838-8084b01
2024,nn3,oaccruals_ni,1.8477439880371094e-06,20261005-010838-8084b01
2024,nn3,taccruals_ni,2.7865171432495117e-06,20261005-010838-8084b01
2024,nn3,netis_at,-8.046627044677734e-07,20261005-010838-8084b01
2024,nn3,eqnetis_at,-8.940696716308594e-06,20261005-010838-8084b01
2024,nn3,dbnetis_at,-1.1920928955078125e-06,20261005-010838-8084b01
2024,nn3,niq_be,-5.796551704406738e-06,20261005-010838-8084b01
2024,nn3,niq_be_chg1,-4.738569259643555e-06,20261005-010838-8084b01
2024,nn3,niq_at,2.8312206268310547e-06,20261005-010838-8084b01
2024,nn3,niq_at_chg1,5.364418029785156e-07,20261005-010838-8084b01
2024,nn3,ebit_bev,6.3925981521606445e-06,20261005-010838-8084b01
2024,nn3,ebit_sale,-5.960464477539062e-07,20261005-010838-8084b01
2024,nn3,sale_bev,-2.7567148208618164e-06,20261005-010838-8084b01
2024,nn3,at_turnover,7.539987564086914e-06,20261005-010838-8084b01
2024,nn3,gp_at,1.1339783668518066e-05,20261005-010838-8084b01
2024,nn3,gp_atl1,6.288290023803711e-06,20261005-010838-8084b01
2024,nn3,ope_be,6.9588422775268555e-06,20261005-010838-8084b01
2024,nn3,ope_bel1,9.238719940185547e-07,20261005-010838-8084b01
2024,nn3,op_at,-1.119077205657959e-05,20261005-010838-8084b01
2024,nn3,op_atl1,-7.763504981994629e-06,20261005-010838-8084b01
2024,nn3,cop_at,-1.4603137969970703e-06,20261005-010838-8084b01
2024,nn3,cop_atl1,2.726912498474121e-06,20261005-010838-8084b01
2024,nn3,f_score,-7.301568984985352e-07,20261005-010838-8084b01
2024,nn3,o_score,1.4632940292358398e-05,20261005-010838-8084b01
2024,nn3,z_score,5.766749382019043e-06,20261005-010838-8084b01
2024,nn3,pi_nix,3.993511199951172e-06,20261005-010838-8084b01
2024,nn3,at_be,1.1533498764038086e-05,20261005-010838-8084b01
2024,nn3,saleq_gr1,1.0669231414794922e-05,20261005-010838-8084b01
2024,nn3,rd_me,4.869699478149414e-05,20261005-010838-8084b01
2024,nn3,rd_sale,6.362795829772949e-06,20261005-010838-8084b01
2024,nn3,opex_at,1.4796853065490723e-05,20261005-010838-8084b01
2024,nn3,emp_gr1,-1.0132789611816406e-06,20261005-010838-8084b01
2024,nn3,rd5_at,5.960464477539062e-07,20261005-010838-8084b01
2024,nn3,age,1.703202724456787e-05,20261005-010838-8084b01
2024,nn3,dsale_dinv,1.1324882507324219e-06,20261005-010838-8084b01
2024,nn3,dsale_drec,-5.811452865600586e-07,20261005-010838-8084b01
2024,nn3,dgp_dsale,-2.905726432800293e-06,20261005-010838-8084b01
2024,nn3,dsale_dsga,-4.991888999938965e-06,20261005-010838-8084b01
2024,nn3,sale_emp_gr1,2.5779008865356445e-06,20261005-010838-8084b01
2024,nn3,tangibility,6.243586540222168e-06,20261005-010838-8084b01
2024,nn3,kz_index,6.556510925292969e-07,20261005-010838-8084b01
2024,nn3,ocfq_saleq_std,-7.197260856628418e-06,20261005-010838-8084b01
2024,nn3,cash_at,1.96993350982666e-05,20261005-010838-8084b01
2024,nn3,ni_ar1,-1.5795230865478516e-06,20261005-010838-8084b01
2024,nn3,ni_ivol,1.9073486328125e-06,20261005-010838-8084b01
2024,nn3,earnings_variability,1.2814998626708984e-06,20261005-010838-8084b01
2024,nn3,aliq_at,5.498528480529785e-06,20261005-010838-8084b01
2024,nn3,aliq_mat,1.1146068572998047e-05,20261005-010838-8084b01
2024,nn3,seas_1_1an,1.9222497940063477e-06,20261005-010838-8084b01
2024,nn3,seas_1_1na,1.6614794731140137e-05,20261005-010838-8084b01
2024,nn3,seas_2_5an,-5.081295967102051e-06,20261005-010838-8084b01
2024,nn3,seas_2_5na,4.559755325317383e-06,20261005-010838-8084b01
2024,nn3,seas_6_10an,1.8641352653503418e-05,20261005-010838-8084b01
2024,nn3,seas_6_10na,-2.086162567138672e-06,20261005-010838-8084b01
2024,nn3,seas_11_15an,3.5315752029418945e-06,20261005-010838-8084b01
2024,nn3,seas_11_15na,1.3113021850585938e-06,20261005-010838-8084b01
2024,nn3,seas_16_20an,-8.07642936706543e-06,20261005-010838-8084b01
2024,nn3,seas_16_20na,-8.493661880493164e-07,20261005-010838-8084b01
2024,nn3,market_equity,1.1652708053588867e-05,20261005-010838-8084b01
2024,nn3,ivol_ff3_21d,9.08970832824707e-06,20261005-010838-8084b01
2024,nn3,ivol_capm_252d,-3.919005393981934e-06,20261005-010838-8084b01
2024,nn3,ivol_capm_21d,-5.200505256652832e-06,20261005-010838-8084b01
2024,nn3,ivol_hxz4_21d,3.384053707122803e-05,20261005-010838-8084b01
2024,nn3,rvol_21d,4.380941390991211e-05,20261005-010838-8084b01
2024,nn3,beta_60m,-1.971423625946045e-05,20261005-010838-8084b01
2024,nn3,betabab_1260d,1.7434358596801758e-06,20261005-010838-8084b01
2024,nn3,beta_dimson_21d,-3.6656856536865234e-06,20261005-010838-8084b01
2024,nn3,turnover_126d,0.00014503300189971924,20261005-010838-8084b01
2024,nn3,turnover_var_126d,3.7863850593566895e-05,20261005-010838-8084b01
2024,nn3,dolvol_126d,-6.094574928283691e-06,20261005-010838-8084b01
2024,nn3,dolvol_var_126d,-3.27378511428833e-05,20261005-010838-8084b01
2024,nn3,prc,4.7713518142700195e-05,20261005-010838-8084b01
2024,nn3,ami_126d,-9.432435035705566e-06,20261005-010838-8084b01
2024,nn3,zero_trades_21d,0.00025172531604766846,20261005-010838-8084b01
2024,nn3,zero_trades_126d,-1.4036893844604492e-05,20261005-010838-8084b01
2024,nn3,zero_trades_252d,2.1725893020629883e-05,20261005-010838-8084b01
2024,nn3,rmax1_21d,4.06801700592041e-06,20261005-010838-8084b01
2024,nn3,rskew_21d,3.248453140258789e-06,20261005-010838-8084b01
2024,nn3,iskew_capm_21d,1.7434358596801758e-06,20261005-010838-8084b01
2024,nn3,iskew_ff3_21d,4.947185516357422e-06,20261005-010838-8084b01
2024,nn3,iskew_hxz4_21d,3.203749656677246e-06,20261005-010838-8084b01
2024,nn3,coskew_21d,3.203749656677246e-06,20261005-010838-8084b01
2024,nn3,ret_1_0,3.3035874366760254e-05,20261005-010838-8084b01
2024,nn3,betadown_252d,-2.339482307434082e-06,20261005-010838-8084b01
2024,nn3,bidaskhl_21d,1.8134713172912598e-05,20261005-010838-8084b01
2024,nn3,ret_3_1,8.195638656616211e-07,20261005-010838-8084b01
2024,nn3,ret_9_1,-1.2576580047607422e-05,20261005-010838-8084b01
2024,nn3,ret_12_7,5.4836273193359375e-06,20261005-010838-8084b01
2024,nn3,corr_1260d,1.7434358596801758e-06,20261005-010838-8084b01
2024,nn3,rmax5_21d,-5.960464477539063e-08,20261005-010838-8084b01
2024,nn3,rmax5_rvol_21d,2.3037195205688477e-05,20261005-010838-8084b01
2024,nn3,ni_be,6.794929504394531e-06,20261005-010838-8084b01
2024,nn3,ocf_at,4.842877388000488e-06,20261005-010838-8084b01
2024,nn3,ocf_at_chg1,5.662441253662109e-07,20261005-010838-8084b01
2024,nn3,mispricing_perf,-1.2919306755065918e-05,20261005-010838-8084b01
2024,nn3,mispricing_mgmt,1.862645149230957e-06,20261005-010838-8084b01
2024,nn3,qmj,-1.6689300537109375e-06,20261005-010838-8084b01
2024,nn3,qmj_prof,-4.76837158203125e-07,20261005-010838-8084b01
2024,nn3,qmj_growth,1.3485550880432129e-05,20261005-010838-8084b01
2024,nn3,qmj_safety,-8.091330528259277e-06,20261005-010838-8084b01
