run_id,year,set,characteristic,beta
20261005-010838-8084b01,1995,public,niq_su,0.0027070098937435
20261005-010838-8084b01,1995,public,ret_6_1,0.0010378118256221
20261005-010838-8084b01,1995,public,ret_12_1,0.0096290930059952
20261005-010838-8084b01,1995,public,be_me,0.0081229155289187
20261005-010838-8084b01,1995,public,debt_me,-0.0018970175807725
20261005-010838-8084b01,1995,public,at_me,0.0010848934863339
20261005-010838-8084b01,1995,public,ret_60_12,-0.0010622653652428
20261005-010838-8084b01,1995,public,ni_me,0.0043723642659812
20261005-010838-8084b01,1995,public,fcf_me,0.0043557906602889
20261005-010838-8084b01,1995,public,div12m_me,8.988969597048287e-05
20261005-010838-8084b01,1995,public,sale_gr3,0.0004948012981336
20261005-010838-8084b01,1995,public,sale_gr1,-0.0021763623584536
20261005-010838-8084b01,1995,public,at_be,2.7220112018030448e-05
20261005-010838-8084b01,1995,public,saleq_gr1,0.002976998370186
20261005-010838-8084b01,1995,public,market_equity,-0.0054166039423752
20261005-010838-8084b01,1995,public,beta_60m,0.0002246220245435
20261005-010838-8084b01,1995,public,beta_dimson_21d,0.0003639347062465
20261005-010838-8084b01,1995,public,prc,0.0043037446455063
20261005-010838-8084b01,1995,public,ret_1_0,-0.0115931515516667
20261005-010838-8084b01,1995,public,ret_3_1,-0.0024189112651192
20261005-010838-8084b01,1995,public,ret_9_1,-0.0007617542449781
20261005-010838-8084b01,1995,full,niq_su,-0.0001255495202302
20261005-010838-8084b01,1995,full,ret_6_1,0.0028099270873418
20261005-010838-8084b01,1995,full,ret_12_1,0.0089067102208984
20261005-010838-8084b01,1995,full,saleq_su,0.0006320919007022
20261005-010838-8084b01,1995,full,tax_gr1a,-0.0014793556484808
20261005-010838-8084b01,1995,full,ni_inc8q,-0.0026446919120081
20261005-010838-8084b01,1995,full,prc_highprc_252d,0.0066547205684564
20261005-010838-8084b01,1995,full,resff3_6_1,-0.0008961566028601
20261005-010838-8084b01,1995,full,resff3_12_1,8.174804448393154e-05
20261005-010838-8084b01,1995,full,be_me,0.0096116602201241
20261005-010838-8084b01,1995,full,debt_me,-0.0041189218696545
20261005-010838-8084b01,1995,full,at_me,-7.468659085351388e-05
20261005-010838-8084b01,1995,full,ret_60_12,-0.0051355538294075
20261005-010838-8084b01,1995,full,ni_me,-0.0016587316760959
20261005-010838-8084b01,1995,full,fcf_me,0.0003747349975693
20261005-010838-8084b01,1995,full,div12m_me,0.001721515913071
20261005-010838-8084b01,1995,full,eqpo_me,-0.0014995266665674
20261005-010838-8084b01,1995,full,eqnpo_me,0.0013441838695106
20261005-010838-8084b01,1995,full,sale_gr3,0.0003503527588078
20261005-010838-8084b01,1995,full,sale_gr1,-0.0012463963731632
20261005-010838-8084b01,1995,full,ebitda_mev,-0.001963154897305
20261005-010838-8084b01,1995,full,sale_me,0.0069838509937774
20261005-010838-8084b01,1995,full,ocf_me,0.0053051453313896
20261005-010838-8084b01,1995,full,ival_me,0.0011767148224473
20261005-010838-8084b01,1995,full,bev_mev,0.0008974425576012
20261005-010838-8084b01,1995,full,netdebt_me,-0.0021211280181062
20261005-010838-8084b01,1995,full,eq_dur,-0.0006526667218354
20261005-010838-8084b01,1995,full,capex_abn,0.0009243908588476
20261005-010838-8084b01,1995,full,at_gr1,0.0018251488913849
20261005-010838-8084b01,1995,full,ppeinv_gr1a,-0.001320400813759
20261005-010838-8084b01,1995,full,noa_at,-0.0034367064279836
20261005-010838-8084b01,1995,full,noa_gr1a,0.0054686705220208
20261005-010838-8084b01,1995,full,lnoa_gr1a,-0.0003053511483345
20261005-010838-8084b01,1995,full,capx_gr1,-0.0007701252896159
20261005-010838-8084b01,1995,full,capx_gr2,-0.001298100492683
20261005-010838-8084b01,1995,full,capx_gr3,8.210361234252897e-05
20261005-010838-8084b01,1995,full,chcsho_12m,-0.0030003012517456
20261005-010838-8084b01,1995,full,eqnpo_12m,-0.0026935317507437
20261005-010838-8084b01,1995,full,debt_gr3,-0.0009596219834676
20261005-010838-8084b01,1995,full,inv_gr1,-0.0009892602671915
20261005-010838-8084b01,1995,full,inv_gr1a,-0.0003426124922038
20261005-010838-8084b01,1995,full,oaccruals_at,-0.0058717400093122
20261005-010838-8084b01,1995,full,taccruals_at,-0.0005422808481848
20261005-010838-8084b01,1995,full,cowc_gr1a,0.0007482668585329
20261005-010838-8084b01,1995,full,coa_gr1a,-0.0024920249209779
20261005-010838-8084b01,1995,full,col_gr1a,-0.0003655468624343
20261005-010838-8084b01,1995,full,nncoa_gr1a,-0.0014097576417909
20261005-010838-8084b01,1995,full,ncoa_gr1a,0.0013258806314346
20261005-010838-8084b01,1995,full,ncol_gr1a,4.0842640830602104e-05
20261005-010838-8084b01,1995,full,nfna_gr1a,0.0005259569786356
20261005-010838-8084b01,1995,full,sti_gr1a,0.0004392252637045
20261005-010838-8084b01,1995,full,lti_gr1a,-0.000575947348841
20261005-010838-8084b01,1995,full,fnl_gr1a,-0.0022233971971547
20261005-010838-8084b01,1995,full,be_gr1a,-0.0025537635593878
20261005-010838-8084b01,1995,full,oaccruals_ni,0.0021286155603787
20261005-010838-8084b01,1995,full,taccruals_ni,0.0006660011656252
20261005-010838-8084b01,1995,full,netis_at,2.13965745747632e-05
20261005-010838-8084b01,1995,full,eqnetis_at,-0.0016747509185075
20261005-010838-8084b01,1995,full,dbnetis_at,0.0004659809573451
20261005-010838-8084b01,1995,full,niq_be,0.0046053987179978
20261005-010838-8084b01,1995,full,niq_be_chg1,0.0003724568658461
20261005-010838-8084b01,1995,full,niq_at,0.0005646633349536
20261005-010838-8084b01,1995,full,niq_at_chg1,0.0024008966618409
20261005-010838-8084b01,1995,full,ebit_bev,-0.0039944902273593
20261005-010838-8084b01,1995,full,ebit_sale,0.0043937147707411
20261005-010838-8084b01,1995,full,sale_bev,2.1077258114376503e-05
20261005-010838-8084b01,1995,full,at_turnover,-0.0016400719164388
20261005-010838-8084b01,1995,full,gp_at,0.0054684015502973
20261005-010838-8084b01,1995,full,gp_atl1,-0.0026819136317774
20261005-010838-8084b01,1995,full,ope_be,0.0007706813973391
20261005-010838-8084b01,1995,full,ope_bel1,0.0003229630413719
20261005-010838-8084b01,1995,full,op_at,0.0033611234468621
20261005-010838-8084b01,1995,full,op_atl1,0.0035008422063629
20261005-010838-8084b01,1995,full,cop_at,-0.0100621802245365
20261005-010838-8084b01,1995,full,cop_atl1,0.0116869682073399
20261005-010838-8084b01,1995,full,f_score,-0.0004282003258038
20261005-010838-8084b01,1995,full,o_score,0.0036918352485168
20261005-010838-8084b01,1995,full,z_score,0.0012129762538663
20261005-010838-8084b01,1995,full,pi_nix,-0.0002892551242842
20261005-010838-8084b01,1995,full,at_be,-0.001126130854625
20261005-010838-8084b01,1995,full,saleq_gr1,0.0025287674120173
20261005-010838-8084b01,1995,full,rd_me,0.0038553299200537
20261005-010838-8084b01,1995,full,rd_sale,0.0006131783867907
20261005-010838-8084b01,1995,full,opex_at,-0.0010547407613148
20261005-010838-8084b01,1995,full,emp_gr1,0.0016858115060869
20261005-010838-8084b01,1995,full,rd5_at,-0.0010055563957638
20261005-010838-8084b01,1995,full,age,0.0025022066903751
20261005-010838-8084b01,1995,full,dsale_dinv,0.0011799569349246
20261005-010838-8084b01,1995,full,dsale_drec,-0.001243059528186
20261005-010838-8084b01,1995,full,dgp_dsale,0.0009469657809524
20261005-010838-8084b01,1995,full,dsale_dsga,0.0001814851494661
20261005-010838-8084b01,1995,full,sale_emp_gr1,0.0006513461602112
20261005-010838-8084b01,1995,full,tangibility,-0.0011273746250334
20261005-010838-8084b01,1995,full,kz_index,0.0001491367564543
20261005-010838-8084b01,1995,full,ocfq_saleq_std,-0.0010011266873099
20261005-010838-8084b01,1995,full,cash_at,0.0023371472009252
20261005-010838-8084b01,1995,full,ni_ar1,-0.0003085024808422
20261005-010838-8084b01,1995,full,ni_ivol,0.0004966852038662
20261005-010838-8084b01,1995,full,earnings_variability,-0.0016874042519302
20261005-010838-8084b01,1995,full,aliq_at,0.0013891557776673
20261005-010838-8084b01,1995,full,aliq_mat,-0.0017117928859659
20261005-010838-8084b01,1995,full,seas_1_1an,0.0018890875238251
20261005-010838-8084b01,1995,full,seas_1_1na,-0.0095254363749809
20261005-010838-8084b01,1995,full,seas_2_5an,0.0049699525803449
20261005-010838-8084b01,1995,full,seas_2_5na,0.0028905843575786
20261005-010838-8084b01,1995,full,seas_6_10an,0.0035708812951609
20261005-010838-8084b01,1995,full,seas_6_10na,-0.0029140052689799
20261005-010838-8084b01,1995,full,seas_11_15an,0.0028484044547125
20261005-010838-8084b01,1995,full,seas_11_15na,1.3780677333637832e-06
20261005-010838-8084b01,1995,full,seas_16_20an,0.0016674082955039
20261005-010838-8084b01,1995,full,seas_16_20na,-0.0009990331720145
20261005-010838-8084b01,1995,full,market_equity,-0.0065224206769926
20261005-010838-8084b01,1995,full,ivol_ff3_21d,0.0049506154021087
20261005-010838-8084b01,1995,full,ivol_capm_252d,-0.0042790448530023
20261005-010838-8084b01,1995,full,ivol_capm_21d,-0.0044038969959111
20261005-010838-8084b01,1995,full,ivol_hxz4_21d,-0.0101480675156851
20261005-010838-8084b01,1995,full,rvol_21d,0.0078249467048247
20261005-010838-8084b01,1995,full,beta_60m,0.0010316505288428
20261005-010838-8084b01,1995,full,betabab_1260d,0.0018984825343771
20261005-010838-8084b01,1995,full,beta_dimson_21d,0.001114821907784
20261005-010838-8084b01,1995,full,turnover_126d,-0.0077519670904173
20261005-010838-8084b01,1995,full,turnover_var_126d,0.0179899690573367
20261005-010838-8084b01,1995,full,dolvol_126d,0.0055419443003477
20261005-010838-8084b01,1995,full,dolvol_var_126d,-0.0178208644197757
20261005-010838-8084b01,1995,full,prc,0.0010687305920279
20261005-010838-8084b01,1995,full,ami_126d,0.0043506099340081
20261005-010838-8084b01,1995,full,zero_trades_21d,-0.0181495661538229
20261005-010838-8084b01,1995,full,zero_trades_126d,0.0094896012700903
20261005-010838-8084b01,1995,full,zero_trades_252d,0.0015287198488378
20261005-010838-8084b01,1995,full,rmax1_21d,-0.0041647677778484
20261005-010838-8084b01,1995,full,rskew_21d,0.0012952005785617
20261005-010838-8084b01,1995,full,iskew_capm_21d,0.0002399180294142
20261005-010838-8084b01,1995,full,iskew_ff3_21d,0.0007148554420932
20261005-010838-8084b01,1995,full,iskew_hxz4_21d,0.0003357901565438
20261005-010838-8084b01,1995,full,coskew_21d,0.0005981241338956
20261005-010838-8084b01,1995,full,ret_1_0,-0.0109931997532085
20261005-010838-8084b01,1995,full,betadown_252d,0.0009057996914405
20261005-010838-8084b01,1995,full,bidaskhl_21d,0.0028853595357206
20261005-010838-8084b01,1995,full,ret_3_1,-0.0036147026112847
20261005-010838-8084b01,1995,full,ret_9_1,0.0033071221594996
20261005-010838-8084b01,1995,full,ret_12_7,0.0041464340503656
20261005-010838-8084b01,1995,full,corr_1260d,-0.0026706002471776
20261005-010838-8084b01,1995,full,rmax5_21d,0.0009896796698941
20261005-010838-8084b01,1995,full,rmax5_rvol_21d,-0.0033167511767
20261005-010838-8084b01,1995,full,ni_be,0.0035872584209454
20261005-010838-8084b01,1995,full,ocf_at,-0.0033784178040135
20261005-010838-8084b01,1995,full,ocf_at_chg1,0.0001228979116384
20261005-010838-8084b01,1995,full,mispricing_perf,-0.0011355189737721
20261005-010838-8084b01,1995,full,mispricing_mgmt,-0.0023902038489011
20261005-010838-8084b01,1995,full,qmj,-0.0031137706610389
20261005-010838-8084b01,1995,full,qmj_prof,-0.0014904993781806
20261005-010838-8084b01,1995,full,qmj_growth,0.0021680471255486
20261005-010838-8084b01,1995,full,qmj_safety,-0.0006467757048119
20261005-010838-8084b01,1997,public,niq_su,0.0028423432567765
20261005-010838-8084b01,1997,public,ret_6_1,0.0011089700099936
20261005-010838-8084b01,1997,public,ret_12_1,0.0096488037499662
20261005-010838-8084b01,1997,public,be_me,0.0105957114151251
20261005-010838-8084b01,1997,public,debt_me,-0.0021217482282363
20261005-010838-8084b01,1997,public,at_me,-1.1587844306249271e-05
20261005-010838-8084b01,1997,public,ret_60_12,-0.0012389622020321
20261005-010838-8084b01,1997,public,ni_me,-0.0009313250132207
20261005-010838-8084b01,1997,public,fcf_me,0.0018461912181487
20261005-010838-8084b01,1997,public,div12m_me,0.0004099207941681
20261005-010838-8084b01,1997,public,sale_gr3,0.0002336777435725
20261005-010838-8084b01,1997,public,sale_gr1,-0.0021081360117836
20261005-010838-8084b01,1997,public,sale_me,0.0048178371060009
20261005-010838-8084b01,1997,public,oaccruals_at,-0.0033572986579209
20261005-010838-8084b01,1997,public,at_turnover,-0.0015979373397606
20261005-010838-8084b01,1997,public,at_be,-0.0014166164394029
20261005-010838-8084b01,1997,public,saleq_gr1,0.003178633347636
20261005-010838-8084b01,1997,public,market_equity,-0.0043768777336679
20261005-010838-8084b01,1997,public,beta_60m,0.0003772035912585
20261005-010838-8084b01,1997,public,beta_dimson_21d,0.0005616280747941
20261005-010838-8084b01,1997,public,prc,0.0034555910453376
20261005-010838-8084b01,1997,public,ret_1_0,-0.0115171290210164
20261005-010838-8084b01,1997,public,ret_3_1,-0.0024570867454926
20261005-010838-8084b01,1997,public,ret_9_1,-0.0012405870699228
20261005-010838-8084b01,1997,public,ni_be,0.0084102915071888
20261005-010838-8084b01,1997,full,niq_su,5.548907594264261e-06
20261005-010838-8084b01,1997,full,ret_6_1,0.0024906905258484
20261005-010838-8084b01,1997,full,ret_12_1,0.0079930356586098
20261005-010838-8084b01,1997,full,saleq_su,0.0009695038108725
20261005-010838-8084b01,1997,full,tax_gr1a,-0.0012405995609413
20261005-010838-8084b01,1997,full,ni_inc8q,-0.0021923662815316
20261005-010838-8084b01,1997,full,prc_highprc_252d,0.0063685348066765
20261005-010838-8084b01,1997,full,resff3_6_1,-0.0006826314075728
20261005-010838-8084b01,1997,full,resff3_12_1,0.0007154365803614
20261005-010838-8084b01,1997,full,be_me,0.0087057098345293
20261005-010838-8084b01,1997,full,debt_me,-0.002834972454819
20261005-010838-8084b01,1997,full,at_me,7.384021775757874e-05
20261005-010838-8084b01,1997,full,ret_60_12,-0.0045331284421284
20261005-010838-8084b01,1997,full,ni_me,-0.0017844177559231
20261005-010838-8084b01,1997,full,fcf_me,9.456744414048392e-05
20261005-010838-8084b01,1997,full,div12m_me,0.0017607307345532
20261005-010838-8084b01,1997,full,eqpo_me,-0.0013575857240839
20261005-010838-8084b01,1997,full,eqnpo_me,0.0008812414159212
20261005-010838-8084b01,1997,full,sale_gr3,0.0006295649949593
20261005-010838-8084b01,1997,full,sale_gr1,-0.001381592343083
20261005-010838-8084b01,1997,full,ebitda_mev,-0.0020483389462081
20261005-010838-8084b01,1997,full,sale_me,0.0060917470200837
20261005-010838-8084b01,1997,full,ocf_me,0.0044535080439758
20261005-010838-8084b01,1997,full,ival_me,0.000870944707215
20261005-010838-8084b01,1997,full,bev_mev,0.0029751876108837
20261005-010838-8084b01,1997,full,netdebt_me,-0.0026256363408556
20261005-010838-8084b01,1997,full,eq_dur,-0.0005325310045063
20261005-010838-8084b01,1997,full,capex_abn,0.0011874177417558
20261005-010838-8084b01,1997,full,at_gr1,0.0017203538647103
20261005-010838-8084b01,1997,full,ppeinv_gr1a,-0.0014822304819295
20261005-010838-8084b01,1997,full,noa_at,-0.0039390224631164
20261005-010838-8084b01,1997,full,noa_gr1a,0.0084719287637393
20261005-010838-8084b01,1997,full,lnoa_gr1a,-0.0006427011997294
20261005-010838-8084b01,1997,full,capx_gr1,-0.0010234174313076
20261005-010838-8084b01,1997,full,capx_gr2,-0.0012163064631355
20261005-010838-8084b01,1997,full,capx_gr3,-0.0001415041435684
20261005-010838-8084b01,1997,full,chcsho_12m,-0.0030640011376319
20261005-010838-8084b01,1997,full,eqnpo_12m,-0.0024066520110932
20261005-010838-8084b01,1997,full,debt_gr3,-0.0012983214962867
20261005-010838-8084b01,1997,full,inv_gr1,-0.0003712991058387
20261005-010838-8084b01,1997,full,inv_gr1a,-0.0002883582568329
20261005-010838-8084b01,1997,full,oaccruals_at,-0.0080783367332778
20261005-010838-8084b01,1997,full,taccruals_at,-0.0009275223155954
20261005-010838-8084b01,1997,full,cowc_gr1a,0.0001795515135753
20261005-010838-8084b01,1997,full,coa_gr1a,-0.0025032515808139
20261005-010838-8084b01,1997,full,col_gr1a,-0.0002775948909332
20261005-010838-8084b01,1997,full,nncoa_gr1a,-0.001962585229539
20261005-010838-8084b01,1997,full,ncoa_gr1a,0.0016828673936795
20261005-010838-8084b01,1997,full,ncol_gr1a,5.3993067026074526e-05
20261005-010838-8084b01,1997,full,nfna_gr1a,-8.548797936755826e-05
20261005-010838-8084b01,1997,full,sti_gr1a,0.0004091375933721
20261005-010838-8084b01,1997,full,lti_gr1a,-0.0007401152660641
20261005-010838-8084b01,1997,full,fnl_gr1a,-0.0021243713676348
20261005-010838-8084b01,1997,full,be_gr1a,-0.0025089791341344
20261005-010838-8084b01,1997,full,oaccruals_ni,0.0018114438195889
20261005-010838-8084b01,1997,full,taccruals_ni,0.0010000985690079
20261005-010838-8084b01,1997,full,netis_at,0.0002188740188771
20261005-010838-8084b01,1997,full,eqnetis_at,-0.001838294864378
20261005-010838-8084b01,1997,full,dbnetis_at,-7.658544203472183e-06
20261005-010838-8084b01,1997,full,niq_be,0.0044273897282496
20261005-010838-8084b01,1997,full,niq_be_chg1,0.0002367808326783
20261005-010838-8084b01,1997,full,niq_at,0.0008547636735743
20261005-010838-8084b01,1997,full,niq_at_chg1,0.0022314788068578
20261005-010838-8084b01,1997,full,ebit_bev,-0.003269971445756
20261005-010838-8084b01,1997,full,ebit_sale,0.0035543619538877
20261005-010838-8084b01,1997,full,sale_bev,-0.0009383986801236
20261005-010838-8084b01,1997,full,at_turnover,-0.0018678099913434
20261005-010838-8084b01,1997,full,gp_at,0.0047027874748891
20261005-010838-8084b01,1997,full,gp_atl1,-0.0017646715120528
20261005-010838-8084b01,1997,full,ope_be,0.0009466513349358
20261005-010838-8084b01,1997,full,ope_bel1,0.0004680048267373
20261005-010838-8084b01,1997,full,op_at,0.0036791828130019
20261005-010838-8084b01,1997,full,op_atl1,0.0030791679836593
20261005-010838-8084b01,1997,full,cop_at,-0.005620839168787
20261005-010838-8084b01,1997,full,cop_atl1,0.0075317530379022
20261005-010838-8084b01,1997,full,f_score,-0.0007173953690721
20261005-010838-8084b01,1997,full,o_score,0.0039807403309632
20261005-010838-8084b01,1997,full,z_score,0.0009626451378038
20261005-010838-8084b01,1997,full,pi_nix,-5.143518095655852e-05
20261005-010838-8084b01,1997,full,at_be,-0.001351769712719
20261005-010838-8084b01,1997,full,saleq_gr1,0.0021526186547079
20261005-010838-8084b01,1997,full,rd_me,0.0042625139448069
20261005-010838-8084b01,1997,full,rd_sale,0.0005102857017241
20261005-010838-8084b01,1997,full,opex_at,-0.0001829605266328
20261005-010838-8084b01,1997,full,emp_gr1,0.0015423464783512
20261005-010838-8084b01,1997,full,rd5_at,-0.0016620931479711
20261005-010838-8084b01,1997,full,age,0.0022051793225187
20261005-010838-8084b01,1997,full,dsale_dinv,0.0016669227551268
20261005-010838-8084b01,1997,full,dsale_drec,-0.0011676650839432
20261005-010838-8084b01,1997,full,dgp_dsale,0.0010106683909155
20261005-010838-8084b01,1997,full,dsale_dsga,0.0003632389414834
20261005-010838-8084b01,1997,full,sale_emp_gr1,0.000756305358521
20261005-010838-8084b01,1997,full,tangibility,-0.0007066258452313
20261005-010838-8084b01,1997,full,kz_index,0.0007675427129072
20261005-010838-8084b01,1997,full,ocfq_saleq_std,-0.0006586499930799
20261005-010838-8084b01,1997,full,cash_at,0.0022061105218336
20261005-010838-8084b01,1997,full,ni_ar1,-0.0004388225136382
20261005-010838-8084b01,1997,full,ni_ivol,0.0007354397010375
20261005-010838-8084b01,1997,full,earnings_variability,-0.001656205676812
20261005-010838-8084b01,1997,full,aliq_at,0.0015430335646075
20261005-010838-8084b01,1997,full,aliq_mat,-0.0017739109809734
20261005-010838-8084b01,1997,full,seas_1_1an,0.0020406734562882
20261005-010838-8084b01,1997,full,seas_1_1na,-0.0086313591950791
20261005-010838-8084b01,1997,full,seas_2_5an,0.0048593478142561
20261005-010838-8084b01,1997,full,seas_2_5na,0.0023732871012322
20261005-010838-8084b01,1997,full,seas_6_10an,0.0030779531025043
20261005-010838-8084b01,1997,full,seas_6_10na,-0.0026791816015993
20261005-010838-8084b01,1997,full,seas_11_15an,0.0029909413800988
20261005-010838-8084b01,1997,full,seas_11_15na,0.0006249462515255
20261005-010838-8084b01,1997,full,seas_16_20an,0.0017073533774385
20261005-010838-8084b01,1997,full,seas_16_20na,-0.0010002843267404
20261005-010838-8084b01,1997,full,market_equity,-0.005929298373413
20261005-010838-8084b01,1997,full,ivol_ff3_21d,0.0057800707640163
20261005-010838-8084b01,1997,full,ivol_capm_252d,-0.0047286634568026
20261005-010838-8084b01,1997,full,ivol_capm_21d,-0.0021339130195554
20261005-010838-8084b01,1997,full,ivol_hxz4_21d,-0.0105501207933319
20261005-010838-8084b01,1997,full,rvol_21d,0.004452254800214
20261005-010838-8084b01,1997,full,beta_60m,0.0013398022899415
20261005-010838-8084b01,1997,full,betabab_1260d,0.0021563478853562
20261005-010838-8084b01,1997,full,beta_dimson_21d,0.0014801197357265
20261005-010838-8084b01,1997,full,turnover_126d,-0.0076361678357866
20261005-010838-8084b01,1997,full,turnover_var_126d,0.0147161664647231
20261005-010838-8084b01,1997,full,dolvol_126d,0.0056211846116168
20261005-010838-8084b01,1997,full,dolvol_var_126d,-0.0144537987253559
20261005-010838-8084b01,1997,full,prc,0.0008883333680778
20261005-010838-8084b01,1997,full,ami_126d,0.0040527449886977
20261005-010838-8084b01,1997,full,zero_trades_21d,-0.0182422931914273
20261005-010838-8084b01,1997,full,zero_trades_126d,0.0092386802553815
20261005-010838-8084b01,1997,full,zero_trades_252d,0.0023727710057573
20261005-010838-8084b01,1997,full,rmax1_21d,-0.0031795497866145
20261005-010838-8084b01,1997,full,rskew_21d,0.0009969240202285
20261005-010838-8084b01,1997,full,iskew_capm_21d,-0.0001568519878176
20261005-010838-8084b01,1997,full,iskew_ff3_21d,0.0011055928888382
20261005-010838-8084b01,1997,full,iskew_hxz4_21d,0.0001700025323519
20261005-010838-8084b01,1997,full,coskew_21d,0.0004372634425122
20261005-010838-8084b01,1997,full,ret_1_0,-0.0108571382857311
20261005-010838-8084b01,1997,full,betadown_252d,0.0010915637185428
20261005-010838-8084b01,1997,full,bidaskhl_21d,0.0024303257275549
20261005-010838-8084b01,1997,full,ret_3_1,-0.0036441758935586
20261005-010838-8084b01,1997,full,ret_9_1,0.0024856510849956
20261005-010838-8084b01,1997,full,ret_12_7,0.0038111118557125
20261005-010838-8084b01,1997,full,corr_1260d,-0.0024760903545181
20261005-010838-8084b01,1997,full,rmax5_21d,0.0011281789779712
20261005-010838-8084b01,1997,full,rmax5_rvol_21d,-0.0041161107163415
20261005-010838-8084b01,1997,full,ni_be,0.00358184985859
20261005-010838-8084b01,1997,full,ocf_at,-0.0028285594495572
20261005-010838-8084b01,1997,full,ocf_at_chg1,0.0003182156506344
20261005-010838-8084b01,1997,full,mispricing_perf,-0.0005045893798261
20261005-010838-8084b01,1997,full,mispricing_mgmt,-0.0026209926723064
20261005-010838-8084b01,1997,full,qmj,-0.0033915436039555
20261005-010838-8084b01,1997,full,qmj_prof,-0.0009630099316986
20261005-010838-8084b01,1997,full,qmj_growth,0.0020751334297352
20261005-010838-8084b01,1997,full,qmj_safety,0.0002139516620716
20261005-010838-8084b01,1999,public,niq_su,0.0024656552231852
20261005-010838-8084b01,1999,public,ret_6_1,0.0009824571852161
20261005-010838-8084b01,1999,public,ret_12_1,0.0098583100447133
20261005-010838-8084b01,1999,public,be_me,0.0098001171007293
20261005-010838-8084b01,1999,public,debt_me,-0.0029549964994109
20261005-010838-8084b01,1999,public,at_me,0.0010571899470431
20261005-010838-8084b01,1999,public,ret_60_12,-0.00073077116261
20261005-010838-8084b01,1999,public,ni_me,0.0004814410914267
20261005-010838-8084b01,1999,public,fcf_me,0.0016146889444073
20261005-010838-8084b01,1999,public,div12m_me,0.0001669630836964
20261005-010838-8084b01,1999,public,sale_gr3,0.0002103516221871
20261005-010838-8084b01,1999,public,sale_gr1,-0.0024487830114332
20261005-010838-8084b01,1999,public,sale_me,0.0046351221762882
20261005-010838-8084b01,1999,public,ival_me,-0.0011840861044667
20261005-010838-8084b01,1999,public,oaccruals_at,-0.0034257919546875
20261005-010838-8084b01,1999,public,at_turnover,-0.0013884022295809
20261005-010838-8084b01,1999,public,o_score,0.0020782330408997
20261005-010838-8084b01,1999,public,z_score,0.0001597389681233
20261005-010838-8084b01,1999,public,at_be,-0.0029305456355914
20261005-010838-8084b01,1999,public,saleq_gr1,0.0037578277149218
20261005-010838-8084b01,1999,public,dsale_dinv,0.0024346662373811
20261005-010838-8084b01,1999,public,dsale_drec,-0.001055445773045
20261005-010838-8084b01,1999,public,dgp_dsale,0.0015889391504687
20261005-010838-8084b01,1999,public,dsale_dsga,0.0006257138568092
20261005-010838-8084b01,1999,public,sale_emp_gr1,-4.946440430418151e-05
20261005-010838-8084b01,1999,public,market_equity,-0.0057034693136823
20261005-010838-8084b01,1999,public,beta_60m,0.0013832354402541
20261005-010838-8084b01,1999,public,beta_dimson_21d,0.0006025221702568
20261005-010838-8084b01,1999,public,turnover_126d,-0.0039711264680149
20261005-010838-8084b01,1999,public,dolvol_126d,0.0042615625505029
20261005-010838-8084b01,1999,public,prc,0.0035856055296683
20261005-010838-8084b01,1999,public,ret_1_0,-0.0105408530999038
20261005-010838-8084b01,1999,public,ret_3_1,-0.0022222394622399
20261005-010838-8084b01,1999,public,ret_9_1,-0.0007848493776335
20261005-010838-8084b01,1999,public,ni_be,0.0079895997294376
20261005-010838-8084b01,1999,full,niq_su,-0.0003178833221945
20261005-010838-8084b01,1999,full,ret_6_1,0.001998650221133
20261005-010838-8084b01,1999,full,ret_12_1,0.0069384945117438
20261005-010838-8084b01,1999,full,saleq_su,0.0011131068332487
20261005-010838-8084b01,1999,full,tax_gr1a,-0.0012905613380421
20261005-010838-8084b01,1999,full,ni_inc8q,-0.0017770351439302
20261005-010838-8084b01,1999,full,prc_highprc_252d,0.0076116205202131
20261005-010838-8084b01,1999,full,resff3_6_1,-0.0004518218174184
20261005-010838-8084b01,1999,full,resff3_12_1,0.0006446220435302
20261005-010838-8084b01,1999,full,be_me,0.0079138906995183
20261005-010838-8084b01,1999,full,debt_me,-0.0014722451451743
20261005-010838-8084b01,1999,full,at_me,-4.61439592778132e-05
20261005-010838-8084b01,1999,full,ret_60_12,-0.004353046767276
20261005-010838-8084b01,1999,full,ni_me,-0.0010354560212653
20261005-010838-8084b01,1999,full,fcf_me,0.000428473862726
20261005-010838-8084b01,1999,full,div12m_me,0.0012266133074037
20261005-010838-8084b01,1999,full,eqpo_me,-0.0013776062364709
20261005-010838-8084b01,1999,full,eqnpo_me,0.0010178206382968
20261005-010838-8084b01,1999,full,sale_gr3,0.0003881571582586
20261005-010838-8084b01,1999,full,sale_gr1,-0.001572820621053
20261005-010838-8084b01,1999,full,ebitda_mev,-0.0018784904901447
20261005-010838-8084b01,1999,full,sale_me,0.0053870234152123
20261005-010838-8084b01,1999,full,ocf_me,0.0030155437039172
20261005-010838-8084b01,1999,full,ival_me,0.0006768074289299
20261005-010838-8084b01,1999,full,bev_mev,0.0037511232100946
20261005-010838-8084b01,1999,full,netdebt_me,-0.002792703472266
20261005-010838-8084b01,1999,full,eq_dur,-0.0006843488759253
20261005-010838-8084b01,1999,full,capex_abn,0.0006278307769865
20261005-010838-8084b01,1999,full,at_gr1,0.0022452343830852
20261005-010838-8084b01,1999,full,ppeinv_gr1a,-0.0008567353183156
20261005-010838-8084b01,1999,full,noa_at,-0.0038472667744468
20261005-010838-8084b01,1999,full,noa_gr1a,0.0054747285188661
20261005-010838-8084b01,1999,full,lnoa_gr1a,-0.0005609935457349
20261005-010838-8084b01,1999,full,capx_gr1,-0.0009844701833319
20261005-010838-8084b01,1999,full,capx_gr2,-0.0009038928869868
20261005-010838-8084b01,1999,full,capx_gr3,0.000294573309294
20261005-010838-8084b01,1999,full,chcsho_12m,-0.0026853719527929
20261005-010838-8084b01,1999,full,eqnpo_12m,-0.0025214024010906
20261005-010838-8084b01,1999,full,debt_gr3,-0.0014205896666802
20261005-010838-8084b01,1999,full,inv_gr1,-0.0002273179332434
20261005-010838-8084b01,1999,full,inv_gr1a,-0.0008002592348062
20261005-010838-8084b01,1999,full,oaccruals_at,-0.0045801639428375
20261005-010838-8084b01,1999,full,taccruals_at,-0.0017232121520892
20261005-010838-8084b01,1999,full,cowc_gr1a,0.0001315435862851
20261005-010838-8084b01,1999,full,coa_gr1a,-0.002296126851957
20261005-010838-8084b01,1999,full,col_gr1a,4.945524177150528e-05
20261005-010838-8084b01,1999,full,nncoa_gr1a,-0.0018085380849903
20261005-010838-8084b01,1999,full,ncoa_gr1a,0.0009879907898572
20261005-010838-8084b01,1999,full,ncol_gr1a,0.0001611888664477
20261005-010838-8084b01,1999,full,nfna_gr1a,0.0003698328173852
20261005-010838-8084b01,1999,full,sti_gr1a,-0.0001045815219145
20261005-010838-8084b01,1999,full,lti_gr1a,-0.0006667387267804
20261005-010838-8084b01,1999,full,fnl_gr1a,-0.001652487783568
20261005-010838-8084b01,1999,full,be_gr1a,-0.0027169610132042
20261005-010838-8084b01,1999,full,oaccruals_ni,0.0015280074835343
20261005-010838-8084b01,1999,full,taccruals_ni,0.0016135145820701
20261005-010838-8084b01,1999,full,netis_at,0.0002390597317023
20261005-010838-8084b01,1999,full,eqnetis_at,-0.0018043444894088
20261005-010838-8084b01,1999,full,dbnetis_at,0.0003088539353399
20261005-010838-8084b01,1999,full,niq_be,0.0041042242135124
20261005-010838-8084b01,1999,full,niq_be_chg1,0.0003197329249688
20261005-010838-8084b01,1999,full,niq_at,0.001275571474047
20261005-010838-8084b01,1999,full,niq_at_chg1,0.0024015483472577
20261005-010838-8084b01,1999,full,ebit_bev,-0.0030550627271073
20261005-010838-8084b01,1999,full,ebit_sale,0.0027816885302464
20261005-010838-8084b01,1999,full,sale_bev,-0.0004329609638446
20261005-010838-8084b01,1999,full,at_turnover,-0.0017003225461637
20261005-010838-8084b01,1999,full,gp_at,0.0024337066142942
20261005-010838-8084b01,1999,full,gp_atl1,-0.0007109960182719
20261005-010838-8084b01,1999,full,ope_be,0.0010048117434325
20261005-010838-8084b01,1999,full,ope_bel1,0.0006851794524815
20261005-010838-8084b01,1999,full,op_at,0.0042455611737499
20261005-010838-8084b01,1999,full,op_atl1,0.0020325614983513
20261005-010838-8084b01,1999,full,cop_at,-0.0026797241798184
20261005-010838-8084b01,1999,full,cop_atl1,0.0045293615869557
20261005-010838-8084b01,1999,full,f_score,-0.0007952030556976
20261005-010838-8084b01,1999,full,o_score,0.0049855378231816
20261005-010838-8084b01,1999,full,z_score,-3.6680431128801734e-05
20261005-010838-8084b01,1999,full,pi_nix,-6.095710733216597e-05
20261005-010838-8084b01,1999,full,at_be,-0.0023169325686051
20261005-010838-8084b01,1999,full,saleq_gr1,0.0025207789553516
20261005-010838-8084b01,1999,full,rd_me,0.0038169143045817
20261005-010838-8084b01,1999,full,rd_sale,0.0010721346035357
20261005-010838-8084b01,1999,full,opex_at,-0.0003060179019731
20261005-010838-8084b01,1999,full,emp_gr1,0.0020164809020917
20261005-010838-8084b01,1999,full,rd5_at,-0.0015644996330208
20261005-010838-8084b01,1999,full,age,0.002054064238318
20261005-010838-8084b01,1999,full,dsale_dinv,0.0015969970532598
20261005-010838-8084b01,1999,full,dsale_drec,-0.0010851209088138
20261005-010838-8084b01,1999,full,dgp_dsale,0.0012997304450682
20261005-010838-8084b01,1999,full,dsale_dsga,0.0004784872363539
20261005-010838-8084b01,1999,full,sale_emp_gr1,0.001081134561687
20261005-010838-8084b01,1999,full,tangibility,-0.0002406936178693
20261005-010838-8084b01,1999,full,kz_index,0.0003423496223221
20261005-010838-8084b01,1999,full,ocfq_saleq_std,-0.0002435978091769
20261005-010838-8084b01,1999,full,cash_at,0.0022589478473636
20261005-010838-8084b01,1999,full,ni_ar1,-0.0003344324085415
20261005-010838-8084b01,1999,full,ni_ivol,0.0011576739958772
20261005-010838-8084b01,1999,full,earnings_variability,-0.0015628600812993
20261005-010838-8084b01,1999,full,aliq_at,0.0011958004762638
20261005-010838-8084b01,1999,full,aliq_mat,-0.0028270138087055
20261005-010838-8084b01,1999,full,seas_1_1an,0.0021262833712996
20261005-010838-8084b01,1999,full,seas_1_1na,-0.0083341132862489
20261005-010838-8084b01,1999,full,seas_2_5an,0.0054213522923046
20261005-010838-8084b01,1999,full,seas_2_5na,0.0025313021239468
20261005-010838-8084b01,1999,full,seas_6_10an,0.0029222156473741
20261005-010838-8084b01,1999,full,seas_6_10na,-0.0024475074267251
20261005-010838-8084b01,1999,full,seas_11_15an,0.0029266398247675
20261005-010838-8084b01,1999,full,seas_11_15na,0.0002914573205463
20261005-010838-8084b01,1999,full,seas_16_20an,0.0020405629960524
20261005-010838-8084b01,1999,full,seas_16_20na,-0.0004939099637308
20261005-010838-8084b01,1999,full,market_equity,-0.0049365204372315
20261005-010838-8084b01,1999,full,ivol_ff3_21d,0.0064108419780278
20261005-010838-8084b01,1999,full,ivol_capm_252d,-0.0043016963724427
20261005-010838-8084b01,1999,full,ivol_capm_21d,-0.0012445169795564
20261005-010838-8084b01,1999,full,ivol_hxz4_21d,-0.0114596313264156
20261005-010838-8084b01,1999,full,rvol_21d,0.0044993989620822
20261005-010838-8084b01,1999,full,beta_60m,0.0017970764658551
20261005-010838-8084b01,1999,full,betabab_1260d,0.000603404750692
20261005-010838-8084b01,1999,full,beta_dimson_21d,0.0014469447783678
20261005-010838-8084b01,1999,full,turnover_126d,-0.0069275240903399
20261005-010838-8084b01,1999,full,turnover_var_126d,0.0153282259530731
20261005-010838-8084b01,1999,full,dolvol_126d,0.0035007358692206
20261005-010838-8084b01,1999,full,dolvol_var_126d,-0.0151172508992441
20261005-010838-8084b01,1999,full,prc,3.591058066260281e-05
20261005-010838-8084b01,1999,full,ami_126d,0.0023126398227278
20261005-010838-8084b01,1999,full,zero_trades_21d,-0.0186450090637216
20261005-010838-8084b01,1999,full,zero_trades_126d,0.0094582444419385
20261005-010838-8084b01,1999,full,zero_trades_252d,0.0030220860308
20261005-010838-8084b01,1999,full,rmax1_21d,-0.0040520821109555
20261005-010838-8084b01,1999,full,rskew_21d,0.0016733297276261
20261005-010838-8084b01,1999,full,iskew_capm_21d,-0.0002128548147245
20261005-010838-8084b01,1999,full,iskew_ff3_21d,0.0008500650709797
20261005-010838-8084b01,1999,full,iskew_hxz4_21d,0.000400170174034
20261005-010838-8084b01,1999,full,coskew_21d,0.0004183956596138
20261005-010838-8084b01,1999,full,ret_1_0,-0.0099993037006708
20261005-010838-8084b01,1999,full,betadown_252d,0.0016402616017171
20261005-010838-8084b01,1999,full,bidaskhl_21d,0.0019544159214497
20261005-010838-8084b01,1999,full,ret_3_1,-0.0035960734790193
20261005-010838-8084b01,1999,full,ret_9_1,0.0027912031149819
20261005-010838-8084b01,1999,full,ret_12_7,0.0040212982265996
20261005-010838-8084b01,1999,full,corr_1260d,-0.0009123633265577
20261005-010838-8084b01,1999,full,rmax5_21d,0.0007688892803513
20261005-010838-8084b01,1999,full,rmax5_rvol_21d,-0.0046633851596911
20261005-010838-8084b01,1999,full,ni_be,0.0026373976052959
20261005-010838-8084b01,1999,full,ocf_at,-0.0017909803343336
20261005-010838-8084b01,1999,full,ocf_at_chg1,0.0002553954596386
20261005-010838-8084b01,1999,full,mispricing_perf,0.0014866182725249
20261005-010838-8084b01,1999,full,mispricing_mgmt,-0.0018578279270252
20261005-010838-8084b01,1999,full,qmj,-0.004176977934214
20261005-010838-8084b01,1999,full,qmj_prof,3.625763835966833e-05
20261005-010838-8084b01,1999,full,qmj_growth,0.0025724695521263
20261005-010838-8084b01,1999,full,qmj_safety,0.0012722397770966
20261005-010838-8084b01,2001,public,niq_su,0.0029371192528358
20261005-010838-8084b01,2001,public,ret_6_1,0.0001818064866319
20261005-010838-8084b01,2001,public,ret_12_1,0.0107564049701466
20261005-010838-8084b01,2001,public,ni_inc8q,-0.0004820762340081
20261005-010838-8084b01,2001,public,be_me,0.0096892860863505
20261005-010838-8084b01,2001,public,debt_me,-0.0043086689163569
20261005-010838-8084b01,2001,public,at_me,0.0021304445648141
20261005-010838-8084b01,2001,public,ret_60_12,-0.0016827528526216
20261005-010838-8084b01,2001,public,ni_me,-0.0004382683789469
20261005-010838-8084b01,2001,public,fcf_me,0.0020540983912692
20261005-010838-8084b01,2001,public,div12m_me,0.0005587748232374
20261005-010838-8084b01,2001,public,sale_gr3,0.0007591982691279
20261005-010838-8084b01,2001,public,sale_gr1,-0.0026159212929737
20261005-010838-8084b01,2001,public,sale_me,0.0043711471211424
20261005-010838-8084b01,2001,public,ival_me,-0.0005061356569259
20261005-010838-8084b01,2001,public,oaccruals_at,-0.0038646860804137
20261005-010838-8084b01,2001,public,at_turnover,-0.0009688355200195
20261005-010838-8084b01,2001,public,f_score,-0.000848533174999
20261005-010838-8084b01,2001,public,o_score,0.0028632169351757
20261005-010838-8084b01,2001,public,z_score,0.0001417680491885
20261005-010838-8084b01,2001,public,at_be,-0.0023939531521659
20261005-010838-8084b01,2001,public,saleq_gr1,0.0040094095611279
20261005-010838-8084b01,2001,public,dsale_dinv,0.0022872003722312
20261005-010838-8084b01,2001,public,dsale_drec,-0.0006807780403817
20261005-010838-8084b01,2001,public,dgp_dsale,0.0020154106366178
20261005-010838-8084b01,2001,public,dsale_dsga,0.0008266427492675
20261005-010838-8084b01,2001,public,sale_emp_gr1,5.332473447645823e-05
20261005-010838-8084b01,2001,public,market_equity,-0.0062623741859148
20261005-010838-8084b01,2001,public,beta_60m,0.0016076683277435
20261005-010838-8084b01,2001,public,beta_dimson_21d,0.0007271136855269
20261005-010838-8084b01,2001,public,turnover_126d,-0.0037753580880029
20261005-010838-8084b01,2001,public,dolvol_126d,0.0046647856945163
20261005-010838-8084b01,2001,public,prc,0.0033554217277267
20261005-010838-8084b01,2001,public,coskew_21d,0.0001515529812013
20261005-010838-8084b01,2001,public,ret_1_0,-0.0105391161600181
20261005-010838-8084b01,2001,public,ret_3_1,-0.0014358789532502
20261005-010838-8084b01,2001,public,ret_9_1,-0.0021111451189897
20261005-010838-8084b01,2001,public,ni_be,0.0082113278298062
20261005-010838-8084b01,2001,full,niq_su,-0.0002250763822669
20261005-010838-8084b01,2001,full,ret_6_1,0.0012950382982465
20261005-010838-8084b01,2001,full,ret_12_1,0.0070045146665229
20261005-010838-8084b01,2001,full,saleq_su,0.0013079739275534
20261005-010838-8084b01,2001,full,tax_gr1a,-0.0012296129802304
20261005-010838-8084b01,2001,full,ni_inc8q,-0.0013280855748367
20261005-010838-8084b01,2001,full,prc_highprc_252d,0.0078279512798993
20261005-010838-8084b01,2001,full,resff3_6_1,-0.0004176496539316
20261005-010838-8084b01,2001,full,resff3_12_1,0.0012542266596574
20261005-010838-8084b01,2001,full,be_me,0.0083834333494458
20261005-010838-8084b01,2001,full,debt_me,-0.0020045247264325
20261005-010838-8084b01,2001,full,at_me,0.0015515731525043
20261005-010838-8084b01,2001,full,ret_60_12,-0.0047841296178818
20261005-010838-8084b01,2001,full,ni_me,-0.0017837577889644
20261005-010838-8084b01,2001,full,fcf_me,0.0005813197186615
20261005-010838-8084b01,2001,full,div12m_me,0.0016412624119395
20261005-010838-8084b01,2001,full,eqpo_me,-0.0019939096988639
20261005-010838-8084b01,2001,full,eqnpo_me,0.0007668940218198
20261005-010838-8084b01,2001,full,sale_gr3,0.0008561345064812
20261005-010838-8084b01,2001,full,sale_gr1,-0.0018331194422559
20261005-010838-8084b01,2001,full,ebitda_mev,-0.0025867854136675
20261005-010838-8084b01,2001,full,sale_me,0.0049871982046984
20261005-010838-8084b01,2001,full,ocf_me,0.0045176458344165
20261005-010838-8084b01,2001,full,ival_me,0.0011641886691289
20261005-010838-8084b01,2001,full,bev_mev,0.0039253128996653
20261005-010838-8084b01,2001,full,netdebt_me,-0.0031256785860164
20261005-010838-8084b01,2001,full,eq_dur,-0.0003356977109111
20261005-010838-8084b01,2001,full,capex_abn,0.0006692223782205
20261005-010838-8084b01,2001,full,at_gr1,0.0017717257286995
20261005-010838-8084b01,2001,full,ppeinv_gr1a,-0.001032864796592
20261005-010838-8084b01,2001,full,noa_at,-0.0039025290099467
20261005-010838-8084b01,2001,full,noa_gr1a,0.0045767697897767
20261005-010838-8084b01,2001,full,lnoa_gr1a,-0.0002567906672505
20261005-010838-8084b01,2001,full,capx_gr1,-0.0009016640064747
20261005-010838-8084b01,2001,full,capx_gr2,-0.0006752816168374
20261005-010838-8084b01,2001,full,capx_gr3,-0.0001061145831479
20261005-010838-8084b01,2001,full,chcsho_12m,-0.0023822962105713
20261005-010838-8084b01,2001,full,eqnpo_12m,-0.0018434550276537
20261005-010838-8084b01,2001,full,debt_gr3,-0.00112646839242
20261005-010838-8084b01,2001,full,inv_gr1,0.0001112084174732
20261005-010838-8084b01,2001,full,inv_gr1a,-0.0010840836493078
20261005-010838-8084b01,2001,full,oaccruals_at,-0.0050443038671599
20261005-010838-8084b01,2001,full,taccruals_at,-0.0012667307478664
20261005-010838-8084b01,2001,full,cowc_gr1a,6.807924473396078e-05
20261005-010838-8084b01,2001,full,coa_gr1a,-0.0028896797021243
20261005-010838-8084b01,2001,full,col_gr1a,0.0005615516805059
20261005-010838-8084b01,2001,full,nncoa_gr1a,-0.0021546486561655
20261005-010838-8084b01,2001,full,ncoa_gr1a,0.0005031451276459
20261005-010838-8084b01,2001,full,ncol_gr1a,0.0003988334993655
20261005-010838-8084b01,2001,full,nfna_gr1a,0.0005703876301087
20261005-010838-8084b01,2001,full,sti_gr1a,-0.0002286395732715
20261005-010838-8084b01,2001,full,lti_gr1a,-0.0007735179640467
20261005-010838-8084b01,2001,full,fnl_gr1a,-0.0017036103280078
20261005-010838-8084b01,2001,full,be_gr1a,-0.0031566683542419
20261005-010838-8084b01,2001,full,oaccruals_ni,0.0029635368804151
20261005-010838-8084b01,2001,full,taccruals_ni,0.0015598011223738
20261005-010838-8084b01,2001,full,netis_at,-0.0001007789628051
20261005-010838-8084b01,2001,full,eqnetis_at,-0.0015579774869228
20261005-010838-8084b01,2001,full,dbnetis_at,0.0006766306787318
20261005-010838-8084b01,2001,full,niq_be,0.0045941510088406
20261005-010838-8084b01,2001,full,niq_be_chg1,0.0002444412499641
20261005-010838-8084b01,2001,full,niq_at,0.0012561334768746
20261005-010838-8084b01,2001,full,niq_at_chg1,0.0024258948406961
20261005-010838-8084b01,2001,full,ebit_bev,-0.0028912954024101
20261005-010838-8084b01,2001,full,ebit_sale,0.0029641195017687
20261005-010838-8084b01,2001,full,sale_bev,0.0001170029751507
20261005-010838-8084b01,2001,full,at_turnover,-0.0026331608801649
20261005-010838-8084b01,2001,full,gp_at,0.0008761477713043
20261005-010838-8084b01,2001,full,gp_atl1,-0.0005019917710829
20261005-010838-8084b01,2001,full,ope_be,0.0013886196591656
20261005-010838-8084b01,2001,full,ope_bel1,0.0001805175853408
20261005-010838-8084b01,2001,full,op_at,0.0053366140854189
20261005-010838-8084b01,2001,full,op_atl1,0.0023318766868099
20261005-010838-8084b01,2001,full,cop_at,-0.0031572806533425
20261005-010838-8084b01,2001,full,cop_atl1,0.0050930649861091
20261005-010838-8084b01,2001,full,f_score,-0.0007862426909727
20261005-010838-8084b01,2001,full,o_score,0.0060957938080404
20261005-010838-8084b01,2001,full,z_score,-0.0002250146201002
20261005-010838-8084b01,2001,full,pi_nix,-0.0001281930288153
20261005-010838-8084b01,2001,full,at_be,-0.0020881158889483
20261005-010838-8084b01,2001,full,saleq_gr1,0.0025274690224306
20261005-010838-8084b01,2001,full,rd_me,0.0036729836335793
20261005-010838-8084b01,2001,full,rd_sale,0.0013224726163989
20261005-010838-8084b01,2001,full,opex_at,0.0016091517714511
20261005-010838-8084b01,2001,full,emp_gr1,0.001845156146352
20261005-010838-8084b01,2001,full,rd5_at,-0.0010856089516205
20261005-010838-8084b01,2001,full,age,0.0012626286238282
20261005-010838-8084b01,2001,full,dsale_dinv,0.0013574160789357
20261005-010838-8084b01,2001,full,dsale_drec,-0.0008368302077545
20261005-010838-8084b01,2001,full,dgp_dsale,0.0013275872911462
20261005-010838-8084b01,2001,full,dsale_dsga,0.0005806928282086
20261005-010838-8084b01,2001,full,sale_emp_gr1,0.0010027877923626
20261005-010838-8084b01,2001,full,tangibility,-0.0005064323760631
20261005-010838-8084b01,2001,full,kz_index,-0.0005174963380246
20261005-010838-8084b01,2001,full,ocfq_saleq_std,0.0002561621267291
20261005-010838-8084b01,2001,full,cash_at,0.002510757599935
20261005-010838-8084b01,2001,full,ni_ar1,-0.0003507505904326
20261005-010838-8084b01,2001,full,ni_ivol,0.0004731265938086
20261005-010838-8084b01,2001,full,earnings_variability,-0.0010636256785148
20261005-010838-8084b01,2001,full,aliq_at,0.0012911046733621
20261005-010838-8084b01,2001,full,aliq_mat,-0.0031365020563663
20261005-010838-8084b01,2001,full,seas_1_1an,0.0017233476269629
20261005-010838-8084b01,2001,full,seas_1_1na,-0.0085511773424851
20261005-010838-8084b01,2001,full,seas_2_5an,0.0057090027602477
20261005-010838-8084b01,2001,full,seas_2_5na,0.0021716933897027
20261005-010838-8084b01,2001,full,seas_6_10an,0.003135427892764
20261005-010838-8084b01,2001,full,seas_6_10na,-0.0021620020871576
20261005-010838-8084b01,2001,full,seas_11_15an,0.0029326349242876
20261005-010838-8084b01,2001,full,seas_11_15na,0.0002415800108759
20261005-010838-8084b01,2001,full,seas_16_20an,0.0024781197423213
20261005-010838-8084b01,2001,full,seas_16_20na,-0.0007621837775275
20261005-010838-8084b01,2001,full,market_equity,-0.0050649368310833
20261005-010838-8084b01,2001,full,ivol_ff3_21d,0.0066227820211275
20261005-010838-8084b01,2001,full,ivol_capm_252d,-0.0044881608414129
20261005-010838-8084b01,2001,full,ivol_capm_21d,-0.0031518311757545
20261005-010838-8084b01,2001,full,ivol_hxz4_21d,-0.0106228308159528
20261005-010838-8084b01,2001,full,rvol_21d,0.0031536680665772
20261005-010838-8084b01,2001,full,beta_60m,0.0017363710466421
20261005-010838-8084b01,2001,full,betabab_1260d,0.0019245505917225
20261005-010838-8084b01,2001,full,beta_dimson_21d,0.0014369340161704
20261005-010838-8084b01,2001,full,turnover_126d,-0.0073666046806572
20261005-010838-8084b01,2001,full,turnover_var_126d,0.0150179452977374
20261005-010838-8084b01,2001,full,dolvol_126d,0.0045500043036889
20261005-010838-8084b01,2001,full,dolvol_var_126d,-0.0149715680821792
20261005-010838-8084b01,2001,full,prc,-0.0002587908014042
20261005-010838-8084b01,2001,full,ami_126d,0.0027971959591783
20261005-010838-8084b01,2001,full,zero_trades_21d,-0.0203819125572938
20261005-010838-8084b01,2001,full,zero_trades_126d,0.0102868050901977
20261005-010838-8084b01,2001,full,zero_trades_252d,0.0037534485235485
20261005-010838-8084b01,2001,full,rmax1_21d,-0.0027794770568613
20261005-010838-8084b01,2001,full,rskew_21d,0.0003597627132904
20261005-010838-8084b01,2001,full,iskew_capm_21d,0.0004509845776749
20261005-010838-8084b01,2001,full,iskew_ff3_21d,0.0011656523988759
20261005-010838-8084b01,2001,full,iskew_hxz4_21d,0.0005458905895757
20261005-010838-8084b01,2001,full,coskew_21d,0.0006278167956644
20261005-010838-8084b01,2001,full,ret_1_0,-0.0103188936869858
20261005-010838-8084b01,2001,full,betadown_252d,0.0017041098952026
20261005-010838-8084b01,2001,full,bidaskhl_21d,0.0018118838931793
20261005-010838-8084b01,2001,full,ret_3_1,-0.0028993523989304
20261005-010838-8084b01,2001,full,ret_9_1,0.0014209165907235
20261005-010838-8084b01,2001,full,ret_12_7,0.0044671380058147
20261005-010838-8084b01,2001,full,corr_1260d,-0.0019239066405699
20261005-010838-8084b01,2001,full,rmax5_21d,0.0026314348573881
20261005-010838-8084b01,2001,full,rmax5_rvol_21d,-0.0053090821293432
20261005-010838-8084b01,2001,full,ni_be,0.0019191539111852
20261005-010838-8084b01,2001,full,ocf_at,-0.004615843291827
20261005-010838-8084b01,2001,full,ocf_at_chg1,0.0001629926988866
20261005-010838-8084b01,2001,full,mispricing_perf,0.0021733703924157
20261005-010838-8084b01,2001,full,mispricing_mgmt,-0.002377922057515
20261005-010838-8084b01,2001,full,qmj,-0.0040245938078845
20261005-010838-8084b01,2001,full,qmj_prof,0.0013681772861941
20261005-010838-8084b01,2001,full,qmj_growth,0.0029064425114518
20261005-010838-8084b01,2001,full,qmj_safety,0.0011309537663367
20261005-010838-8084b01,2003,public,niq_su,0.0026119299719084
20261005-010838-8084b01,2003,public,ret_6_1,0.0003147117511062
20261005-010838-8084b01,2003,public,ret_12_1,0.0113904325442213
20261005-010838-8084b01,2003,public,ni_inc8q,-0.0005436589934488
20261005-010838-8084b01,2003,public,be_me,0.0097068657299355
20261005-010838-8084b01,2003,public,debt_me,-0.0040975012500453
20261005-010838-8084b01,2003,public,at_me,0.002696072429058
20261005-010838-8084b01,2003,public,ret_60_12,-0.001998155189017
20261005-010838-8084b01,2003,public,ni_me,-0.0006452527412142
20261005-010838-8084b01,2003,public,fcf_me,0.0023042554797342
20261005-010838-8084b01,2003,public,div12m_me,0.0002849633130173
20261005-010838-8084b01,2003,public,sale_gr3,0.0008566589427381
20261005-010838-8084b01,2003,public,sale_gr1,-0.0021804176181611
20261005-010838-8084b01,2003,public,sale_me,0.00372854338165
20261005-010838-8084b01,2003,public,ival_me,-0.0008886932926266
20261005-010838-8084b01,2003,public,capx_gr1,-0.0007058466905467
20261005-010838-8084b01,2003,public,inv_gr1a,-0.0021895897297248
20261005-010838-8084b01,2003,public,oaccruals_at,-0.0029923900959611
20261005-010838-8084b01,2003,public,at_turnover,0.0002423518834161
20261005-010838-8084b01,2003,public,f_score,-0.0007806575423328
20261005-010838-8084b01,2003,public,o_score,0.0019989967423058
20261005-010838-8084b01,2003,public,z_score,4.835794862360798e-05
20261005-010838-8084b01,2003,public,at_be,-0.0018255569189062
20261005-010838-8084b01,2003,public,saleq_gr1,0.0040514631047302
20261005-010838-8084b01,2003,public,rd_me,0.0048649430296961
20261005-010838-8084b01,2003,public,rd_sale,0.0011780166704842
20261005-010838-8084b01,2003,public,dsale_dinv,0.0010332864602816
20261005-010838-8084b01,2003,public,dsale_drec,-0.000198941119488
20261005-010838-8084b01,2003,public,dgp_dsale,0.0018221137328633
20261005-010838-8084b01,2003,public,dsale_dsga,0.0008909300896945
20261005-010838-8084b01,2003,public,sale_emp_gr1,-7.491119365390579e-05
20261005-010838-8084b01,2003,public,kz_index,0.0003709454961557
20261005-010838-8084b01,2003,public,market_equity,-0.0056222106544961
20261005-010838-8084b01,2003,public,beta_60m,0.0015677103981863
20261005-010838-8084b01,2003,public,beta_dimson_21d,0.0006732534117195
20261005-010838-8084b01,2003,public,turnover_126d,-0.003877049356802
20261005-010838-8084b01,2003,public,turnover_var_126d,0.0151308963592776
20261005-010838-8084b01,2003,public,dolvol_126d,0.0029606104595843
20261005-010838-8084b01,2003,public,dolvol_var_126d,-0.0148408752276086
20261005-010838-8084b01,2003,public,prc,0.0024614470897384
20261005-010838-8084b01,2003,public,ami_126d,-0.0011851499055227
20261005-010838-8084b01,2003,public,coskew_21d,0.0002289031996236
20261005-010838-8084b01,2003,public,ret_1_0,-0.0100522886986004
20261005-010838-8084b01,2003,public,ret_3_1,-0.0010983766521427
20261005-010838-8084b01,2003,public,ret_9_1,-0.0019568779469343
20261005-010838-8084b01,2003,public,ni_be,0.0086784614576834
20261005-010838-8084b01,2003,full,niq_su,-0.0002557818280209
20261005-010838-8084b01,2003,full,ret_6_1,0.000985428419426
20261005-010838-8084b01,2003,full,ret_12_1,0.0070905217930804
20261005-010838-8084b01,2003,full,saleq_su,0.0012951238765112
20261005-010838-8084b01,2003,full,tax_gr1a,-0.000985763384129
20261005-010838-8084b01,2003,full,ni_inc8q,-0.0011449411624938
20261005-010838-8084b01,2003,full,prc_highprc_252d,0.0079288447482997
20261005-010838-8084b01,2003,full,resff3_6_1,-0.0002799926416276
20261005-010838-8084b01,2003,full,resff3_12_1,0.0007917529793163
20261005-010838-8084b01,2003,full,be_me,0.0084994487807864
20261005-010838-8084b01,2003,full,debt_me,-0.0024847272911291
20261005-010838-8084b01,2003,full,at_me,0.002001221438825
20261005-010838-8084b01,2003,full,ret_60_12,-0.005401364096273
20261005-010838-8084b01,2003,full,ni_me,-0.0019935442117608
20261005-010838-8084b01,2003,full,fcf_me,0.0004279813718225
20261005-010838-8084b01,2003,full,div12m_me,0.0014026869267555
20261005-010838-8084b01,2003,full,eqpo_me,-0.0021670565193067
20261005-010838-8084b01,2003,full,eqnpo_me,0.000768878327616
20261005-010838-8084b01,2003,full,sale_gr3,0.0011097847626437
20261005-010838-8084b01,2003,full,sale_gr1,-0.0017896945606852
20261005-010838-8084b01,2003,full,ebitda_mev,-0.0025480118430839
20261005-010838-8084b01,2003,full,sale_me,0.0045100277860534
20261005-010838-8084b01,2003,full,ocf_me,0.0046847558765054
20261005-010838-8084b01,2003,full,ival_me,0.0007014603509485
20261005-010838-8084b01,2003,full,bev_mev,0.0043075676848686
20261005-010838-8084b01,2003,full,netdebt_me,-0.0027773861247951
20261005-010838-8084b01,2003,full,eq_dur,-0.0001643522738609
20261005-010838-8084b01,2003,full,capex_abn,0.0011777495633017
20261005-010838-8084b01,2003,full,at_gr1,0.0013810468126436
20261005-010838-8084b01,2003,full,ppeinv_gr1a,-0.0010100018225077
20261005-010838-8084b01,2003,full,noa_at,-0.003580356698871
20261005-010838-8084b01,2003,full,noa_gr1a,0.0038504408093316
20261005-010838-8084b01,2003,full,lnoa_gr1a,5.5096055696120515e-05
20261005-010838-8084b01,2003,full,capx_gr1,-0.0010027247202559
20261005-010838-8084b01,2003,full,capx_gr2,-0.0010224967969687
20261005-010838-8084b01,2003,full,capx_gr3,-0.0003265271894138
20261005-010838-8084b01,2003,full,chcsho_12m,-0.0021792007380115
20261005-010838-8084b01,2003,full,eqnpo_12m,-0.0015018422916149
20261005-010838-8084b01,2003,full,debt_gr3,-0.0009797673820911
20261005-010838-8084b01,2003,full,inv_gr1,0.0004229770100821
20261005-010838-8084b01,2003,full,inv_gr1a,-0.0012285348645059
20261005-010838-8084b01,2003,full,oaccruals_at,-0.0037252045382309
20261005-010838-8084b01,2003,full,taccruals_at,-0.0006138106764659
20261005-010838-8084b01,2003,full,cowc_gr1a,-0.0001396133125121
20261005-010838-8084b01,2003,full,coa_gr1a,-0.0028527720655341
20261005-010838-8084b01,2003,full,col_gr1a,0.0009493590814682
20261005-010838-8084b01,2003,full,nncoa_gr1a,-0.0022805845707293
20261005-010838-8084b01,2003,full,ncoa_gr1a,-0.0001894860604064
20261005-010838-8084b01,2003,full,ncol_gr1a,0.0005597170813135
20261005-010838-8084b01,2003,full,nfna_gr1a,0.0007848694981711
20261005-010838-8084b01,2003,full,sti_gr1a,-0.0002632610130896
20261005-010838-8084b01,2003,full,lti_gr1a,-0.0008186202607125
20261005-010838-8084b01,2003,full,fnl_gr1a,-0.0009826632540795
20261005-010838-8084b01,2003,full,be_gr1a,-0.0035139345412965
20261005-010838-8084b01,2003,full,oaccruals_ni,0.0015111476457727
20261005-010838-8084b01,2003,full,taccruals_ni,0.0012456867494836
20261005-010838-8084b01,2003,full,netis_at,-0.0002959293007213
20261005-010838-8084b01,2003,full,eqnetis_at,-0.0015976085395492
20261005-010838-8084b01,2003,full,dbnetis_at,0.0006898911166721
20261005-010838-8084b01,2003,full,niq_be,0.0037789100629396
20261005-010838-8084b01,2003,full,niq_be_chg1,-7.575303964375004e-05
20261005-010838-8084b01,2003,full,niq_at,0.0026410795487832
20261005-010838-8084b01,2003,full,niq_at_chg1,0.0022227195116472
20261005-010838-8084b01,2003,full,ebit_bev,-0.0026283766924048
20261005-010838-8084b01,2003,full,ebit_sale,0.002441312225528
20261005-010838-8084b01,2003,full,sale_bev,0.000608248166358
20261005-010838-8084b01,2003,full,at_turnover,-0.0011210472437016
20261005-010838-8084b01,2003,full,gp_at,0.0011390879326269
20261005-010838-8084b01,2003,full,gp_atl1,-0.0004317134966365
20261005-010838-8084b01,2003,full,ope_be,0.001121832483493
20261005-010838-8084b01,2003,full,ope_bel1,0.0005736212072769
20261005-010838-8084b01,2003,full,op_at,0.0062546250072042
20261005-010838-8084b01,2003,full,op_atl1,0.001593558828197
20261005-010838-8084b01,2003,full,cop_at,-0.0006931825934856
20261005-010838-8084b01,2003,full,cop_atl1,0.0019569629255159
20261005-010838-8084b01,2003,full,f_score,-0.0010535808292177
20261005-010838-8084b01,2003,full,o_score,0.0053014007155359
20261005-010838-8084b01,2003,full,z_score,-0.0006706925338767
20261005-010838-8084b01,2003,full,pi_nix,-0.0001491888694921
20261005-010838-8084b01,2003,full,at_be,-0.0015183450729914
20261005-010838-8084b01,2003,full,saleq_gr1,0.0025083031464923
20261005-010838-8084b01,2003,full,rd_me,0.0037815077055042
20261005-010838-8084b01,2003,full,rd_sale,0.0011688250007316
20261005-010838-8084b01,2003,full,opex_at,-0.0004787959346165
20261005-010838-8084b01,2003,full,emp_gr1,0.0016635511416205
20261005-010838-8084b01,2003,full,rd5_at,-0.0005343224077674
20261005-010838-8084b01,2003,full,age,0.0009847648154384
20261005-010838-8084b01,2003,full,dsale_dinv,0.0013388586547108
20261005-010838-8084b01,2003,full,dsale_drec,-0.0005408974028078
20261005-010838-8084b01,2003,full,dgp_dsale,0.0010600738575249
20261005-010838-8084b01,2003,full,dsale_dsga,0.0004611479660266
20261005-010838-8084b01,2003,full,sale_emp_gr1,0.0008275529683375
20261005-010838-8084b01,2003,full,tangibility,-0.0004120226680626
20261005-010838-8084b01,2003,full,kz_index,-0.0004654030697532
20261005-010838-8084b01,2003,full,ocfq_saleq_std,-0.0003480153373029
20261005-010838-8084b01,2003,full,cash_at,0.0025960140863914
20261005-010838-8084b01,2003,full,ni_ar1,-0.0004338064093515
20261005-010838-8084b01,2003,full,ni_ivol,0.0005650258967159
20261005-010838-8084b01,2003,full,earnings_variability,-0.0009032654907394
20261005-010838-8084b01,2003,full,aliq_at,0.000785553402893
20261005-010838-8084b01,2003,full,aliq_mat,-0.0029226411665515
20261005-010838-8084b01,2003,full,seas_1_1an,0.0019597530990077
20261005-010838-8084b01,2003,full,seas_1_1na,-0.0077478020748358
20261005-010838-8084b01,2003,full,seas_2_5an,0.0058383090321716
20261005-010838-8084b01,2003,full,seas_2_5na,0.0023154300617598
20261005-010838-8084b01,2003,full,seas_6_10an,0.002988001813744
20261005-010838-8084b01,2003,full,seas_6_10na,-0.0022411502286144
20261005-010838-8084b01,2003,full,seas_11_15an,0.002813707704577
20261005-010838-8084b01,2003,full,seas_11_15na,0.0001623152771683
20261005-010838-8084b01,2003,full,seas_16_20an,0.0024160324012997
20261005-010838-8084b01,2003,full,seas_16_20na,-0.000661248269515
20261005-010838-8084b01,2003,full,market_equity,-0.0047100709504714
20261005-010838-8084b01,2003,full,ivol_ff3_21d,0.0078997128141853
20261005-010838-8084b01,2003,full,ivol_capm_252d,-0.0044721810630243
20261005-010838-8084b01,2003,full,ivol_capm_21d,-0.0057940357046338
20261005-010838-8084b01,2003,full,ivol_hxz4_21d,-0.0101666124974791
20261005-010838-8084b01,2003,full,rvol_21d,0.0022335667215343
20261005-010838-8084b01,2003,full,beta_60m,0.0015052504015057
20261005-010838-8084b01,2003,full,betabab_1260d,0.0018788686919856
20261005-010838-8084b01,2003,full,beta_dimson_21d,0.001244302979267
20261005-010838-8084b01,2003,full,turnover_126d,-0.0078395649255299
20261005-010838-8084b01,2003,full,turnover_var_126d,0.0130729179891801
20261005-010838-8084b01,2003,full,dolvol_126d,0.0038197825515753
20261005-010838-8084b01,2003,full,dolvol_var_126d,-0.012932694459138
20261005-010838-8084b01,2003,full,prc,-0.0002566873910241
20261005-010838-8084b01,2003,full,ami_126d,0.0025711002926851
20261005-010838-8084b01,2003,full,zero_trades_21d,-0.0203875561419233
20261005-010838-8084b01,2003,full,zero_trades_126d,0.0100180450625911
20261005-010838-8084b01,2003,full,zero_trades_252d,0.0041569165334143
20261005-010838-8084b01,2003,full,rmax1_21d,-0.0018398531514087
20261005-010838-8084b01,2003,full,rskew_21d,-0.0002155779782279
20261005-010838-8084b01,2003,full,iskew_capm_21d,0.0004661905245017
20261005-010838-8084b01,2003,full,iskew_ff3_21d,0.0015922922540021
20261005-010838-8084b01,2003,full,iskew_hxz4_21d,0.0005624667249338
20261005-010838-8084b01,2003,full,coskew_21d,0.000746765792168
20261005-010838-8084b01,2003,full,ret_1_0,-0.0107287938320655
20261005-010838-8084b01,2003,full,betadown_252d,0.0014397220845953
20261005-010838-8084b01,2003,full,bidaskhl_21d,0.0020336713254728
20261005-010838-8084b01,2003,full,ret_3_1,-0.002719734460581
20261005-010838-8084b01,2003,full,ret_9_1,0.0012370407767846
20261005-010838-8084b01,2003,full,ret_12_7,0.0045736186351727
20261005-010838-8084b01,2003,full,corr_1260d,-0.0014128390231216
20261005-010838-8084b01,2003,full,rmax5_21d,0.0045555491897483
20261005-010838-8084b01,2003,full,rmax5_rvol_21d,-0.0058540032744243
20261005-010838-8084b01,2003,full,ni_be,0.002170581632143
20261005-010838-8084b01,2003,full,ocf_at,-0.0046896574784312
20261005-010838-8084b01,2003,full,ocf_at_chg1,0.0001739539278378
20261005-010838-8084b01,2003,full,mispricing_perf,0.0018131845498617
20261005-010838-8084b01,2003,full,mispricing_mgmt,-0.0026268833801501
20261005-010838-8084b01,2003,full,qmj,-0.0051852067907744
20261005-010838-8084b01,2003,full,qmj_prof,0.001620042346187
20261005-010838-8084b01,2003,full,qmj_growth,0.0036872767390081
20261005-010838-8084b01,2003,full,qmj_safety,0.0014686424841514
20261005-010838-8084b01,2005,public,niq_su,0.0022359493255002
20261005-010838-8084b01,2005,public,ret_6_1,-0.0009298881694541
20261005-010838-8084b01,2005,public,ret_12_1,0.0101546156093522
20261005-010838-8084b01,2005,public,ni_inc8q,-0.0008555196928248
20261005-010838-8084b01,2005,public,prc_highprc_252d,0.0077741661856379
20261005-010838-8084b01,2005,public,be_me,0.0098086390103065
20261005-010838-8084b01,2005,public,debt_me,-0.0031936017852736
20261005-010838-8084b01,2005,public,at_me,0.002834167173153
20261005-010838-8084b01,2005,public,ret_60_12,-0.0017039410825123
20261005-010838-8084b01,2005,public,ni_me,-0.0011195351322278
20261005-010838-8084b01,2005,public,fcf_me,0.0007833276186251
20261005-010838-8084b01,2005,public,div12m_me,-0.0004811145177631
20261005-010838-8084b01,2005,public,sale_gr3,0.0012981372060355
20261005-010838-8084b01,2005,public,sale_gr1,-0.0016382668755985
20261005-010838-8084b01,2005,public,sale_me,0.0027656881516527
20261005-010838-8084b01,2005,public,ocf_me,0.002757890162554
20261005-010838-8084b01,2005,public,ival_me,-0.0003902007245256
20261005-010838-8084b01,2005,public,eq_dur,0.0010355363483306
20261005-010838-8084b01,2005,public,capex_abn,0.0005059851835489
20261005-010838-8084b01,2005,public,noa_at,-0.0034461461606944
20261005-010838-8084b01,2005,public,noa_gr1a,-0.000128975573074
20261005-010838-8084b01,2005,public,lnoa_gr1a,-0.0007354713103139
20261005-010838-8084b01,2005,public,capx_gr1,-0.0009002782987195
20261005-010838-8084b01,2005,public,inv_gr1a,-0.0018033523608488
20261005-010838-8084b01,2005,public,oaccruals_at,-0.000518155816665
20261005-010838-8084b01,2005,public,at_turnover,0.0001933273469989
20261005-010838-8084b01,2005,public,f_score,-0.0011496125872194
20261005-010838-8084b01,2005,public,o_score,0.0027759138359005
20261005-010838-8084b01,2005,public,z_score,0.0008577865349661
20261005-010838-8084b01,2005,public,pi_nix,0.0001379033004926
20261005-010838-8084b01,2005,public,at_be,-0.0022906595396634
20261005-010838-8084b01,2005,public,saleq_gr1,0.0041608641979146
20261005-010838-8084b01,2005,public,rd_me,0.0062909803719557
20261005-010838-8084b01,2005,public,rd_sale,0.0011605882692811
20261005-010838-8084b01,2005,public,dsale_dinv,0.0009929041510282
20261005-010838-8084b01,2005,public,dsale_drec,-0.0002231379636679
20261005-010838-8084b01,2005,public,dgp_dsale,0.0019718798757371
20261005-010838-8084b01,2005,public,dsale_dsga,0.0009447660878094
20261005-010838-8084b01,2005,public,sale_emp_gr1,-9.708149587278396e-05
20261005-010838-8084b01,2005,public,kz_index,0.0004646179783611
20261005-010838-8084b01,2005,public,ni_ar1,-0.0006376663643398
20261005-010838-8084b01,2005,public,ni_ivol,0.0016209587211357
20261005-010838-8084b01,2005,public,earnings_variability,-0.000978389158435
20261005-010838-8084b01,2005,public,market_equity,-0.0035369079533571
20261005-010838-8084b01,2005,public,ivol_capm_252d,-0.0035388545072238
20261005-010838-8084b01,2005,public,beta_60m,0.0019850467784346
20261005-010838-8084b01,2005,public,beta_dimson_21d,0.001052744114222
20261005-010838-8084b01,2005,public,turnover_126d,-0.001695895851076
20261005-010838-8084b01,2005,public,turnover_var_126d,0.0136938447484136
20261005-010838-8084b01,2005,public,dolvol_126d,0.0031395112755439
20261005-010838-8084b01,2005,public,dolvol_var_126d,-0.0136357586829243
20261005-010838-8084b01,2005,public,prc,8.947443277927285e-06
20261005-010838-8084b01,2005,public,ami_126d,0.0032476071570357
20261005-010838-8084b01,2005,public,coskew_21d,0.0006405987441453
20261005-010838-8084b01,2005,public,ret_1_0,-0.0117335942792786
20261005-010838-8084b01,2005,public,ret_3_1,-0.0016090113292712
20261005-010838-8084b01,2005,public,ret_9_1,-0.0025197568972973
20261005-010838-8084b01,2005,public,ni_be,0.0083088821693925
20261005-010838-8084b01,2005,full,niq_su,-0.0001331322902588
20261005-010838-8084b01,2005,full,ret_6_1,0.000985971785732
20261005-010838-8084b01,2005,full,ret_12_1,0.0065085169285356
20261005-010838-8084b01,2005,full,saleq_su,0.0010870359265901
20261005-010838-8084b01,2005,full,tax_gr1a,-0.0007177677948231
20261005-010838-8084b01,2005,full,ni_inc8q,-0.0010949853937294
20261005-010838-8084b01,2005,full,prc_highprc_252d,0.0081554438824411
20261005-010838-8084b01,2005,full,resff3_6_1,-0.0003889031381478
20261005-010838-8084b01,2005,full,resff3_12_1,0.000929701487028
20261005-010838-8084b01,2005,full,be_me,0.0078859233063783
20261005-010838-8084b01,2005,full,debt_me,-0.0027184266939449
20261005-010838-8084b01,2005,full,at_me,0.0033919128119076
20261005-010838-8084b01,2005,full,ret_60_12,-0.0057031134103857
20261005-010838-8084b01,2005,full,ni_me,-0.0020203879816474
20261005-010838-8084b01,2005,full,fcf_me,0.0003648142886939
20261005-010838-8084b01,2005,full,div12m_me,0.0013530950776169
20261005-010838-8084b01,2005,full,eqpo_me,-0.0022608315324462
20261005-010838-8084b01,2005,full,eqnpo_me,0.0005749195621921
20261005-010838-8084b01,2005,full,sale_gr3,0.0010943611040415
20261005-010838-8084b01,2005,full,sale_gr1,-0.0016111652604715
20261005-010838-8084b01,2005,full,ebitda_mev,-0.0030936054529339
20261005-010838-8084b01,2005,full,sale_me,0.0040285691811951
20261005-010838-8084b01,2005,full,ocf_me,0.0038054342076759
20261005-010838-8084b01,2005,full,ival_me,0.0006640085533361
20261005-010838-8084b01,2005,full,bev_mev,0.0047952373031489
20261005-010838-8084b01,2005,full,netdebt_me,-0.0028268659045114
20261005-010838-8084b01,2005,full,eq_dur,-0.0002563854493301
20261005-010838-8084b01,2005,full,capex_abn,0.0006503187519888
20261005-010838-8084b01,2005,full,at_gr1,0.0011605435056074
20261005-010838-8084b01,2005,full,ppeinv_gr1a,-0.0013421013270428
20261005-010838-8084b01,2005,full,noa_at,-0.0036572268222583
20261005-010838-8084b01,2005,full,noa_gr1a,0.0029160214485012
20261005-010838-8084b01,2005,full,lnoa_gr1a,-0.0002910998895617
20261005-010838-8084b01,2005,full,capx_gr1,-0.0009777880240102
20261005-010838-8084b01,2005,full,capx_gr2,-0.0005397512467073
20261005-010838-8084b01,2005,full,capx_gr3,8.126147600198351e-05
20261005-010838-8084b01,2005,full,chcsho_12m,-0.0021471357595517
20261005-010838-8084b01,2005,full,eqnpo_12m,-0.0013979908269615
20261005-010838-8084b01,2005,full,debt_gr3,-0.0011126476973475
20261005-010838-8084b01,2005,full,inv_gr1,0.0005190469016605
20261005-010838-8084b01,2005,full,inv_gr1a,-0.0012305795379652
20261005-010838-8084b01,2005,full,oaccruals_at,-0.0025276532440402
20261005-010838-8084b01,2005,full,taccruals_at,-0.000733477153838
20261005-010838-8084b01,2005,full,cowc_gr1a,-0.0005856320948236
20261005-010838-8084b01,2005,full,coa_gr1a,-0.002473214027058
20261005-010838-8084b01,2005,full,col_gr1a,0.0007317663932377
20261005-010838-8084b01,2005,full,nncoa_gr1a,-0.0018877439173076
20261005-010838-8084b01,2005,full,ncoa_gr1a,-0.0003233127530493
20261005-010838-8084b01,2005,full,ncol_gr1a,0.0007873423646007
20261005-010838-8084b01,2005,full,nfna_gr1a,-5.1776928725001147e-05
20261005-010838-8084b01,2005,full,sti_gr1a,-0.0001167656000979
20261005-010838-8084b01,2005,full,lti_gr1a,-0.0005234627538244
20261005-010838-8084b01,2005,full,fnl_gr1a,-0.0015647518900829
20261005-010838-8084b01,2005,full,be_gr1a,-0.003749053713731
20261005-010838-8084b01,2005,full,oaccruals_ni,0.0008847153919569
20261005-010838-8084b01,2005,full,taccruals_ni,0.0015508688881951
20261005-010838-8084b01,2005,full,netis_at,-0.0003361268446406
20261005-010838-8084b01,2005,full,eqnetis_at,-0.0015130283650058
20261005-010838-8084b01,2005,full,dbnetis_at,0.0007428284584921
20261005-010838-8084b01,2005,full,niq_be,0.0038504800961968
20261005-010838-8084b01,2005,full,niq_be_chg1,-0.0001466628335918
20261005-010838-8084b01,2005,full,niq_at,0.0023373285314374
20261005-010838-8084b01,2005,full,niq_at_chg1,0.0020112989532416
20261005-010838-8084b01,2005,full,ebit_bev,-0.0023719196153979
20261005-010838-8084b01,2005,full,ebit_sale,0.0023122969480492
20261005-010838-8084b01,2005,full,sale_bev,0.0008206705724423
20261005-010838-8084b01,2005,full,at_turnover,-0.0020550490695191
20261005-010838-8084b01,2005,full,gp_at,0.0002544004320946
20261005-010838-8084b01,2005,full,gp_atl1,-0.0001485185271132
20261005-010838-8084b01,2005,full,ope_be,0.0009503431615122
20261005-010838-8084b01,2005,full,ope_bel1,0.0003307019172676
20261005-010838-8084b01,2005,full,op_at,0.0072298899669447
20261005-010838-8084b01,2005,full,op_atl1,0.001782981430581
20261005-010838-8084b01,2005,full,cop_at,0.0009723155307413
20261005-010838-8084b01,2005,full,cop_atl1,0.0004856582216397
20261005-010838-8084b01,2005,full,f_score,-0.0011632592633528
20261005-010838-8084b01,2005,full,o_score,0.0055897917932029
20261005-010838-8084b01,2005,full,z_score,-0.0004969588670404
20261005-010838-8084b01,2005,full,pi_nix,-9.51804222978656e-05
20261005-010838-8084b01,2005,full,at_be,-0.0016296101407653
20261005-010838-8084b01,2005,full,saleq_gr1,0.0028209427490316
20261005-010838-8084b01,2005,full,rd_me,0.004747332739316
20261005-010838-8084b01,2005,full,rd_sale,0.0007492338016026
20261005-010838-8084b01,2005,full,opex_at,0.0005471524977591
20261005-010838-8084b01,2005,full,emp_gr1,0.0016688856872534
20261005-010838-8084b01,2005,full,rd5_at,7.970648883067635e-05
20261005-010838-8084b01,2005,full,age,0.0005759922234556
20261005-010838-8084b01,2005,full,dsale_dinv,0.0012256426758357
20261005-010838-8084b01,2005,full,dsale_drec,-0.0004777449497053
20261005-010838-8084b01,2005,full,dgp_dsale,0.0011055488091474
20261005-010838-8084b01,2005,full,dsale_dsga,0.0005534652900735
20261005-010838-8084b01,2005,full,sale_emp_gr1,0.0007654709847628
20261005-010838-8084b01,2005,full,tangibility,0.0001178035527501
20261005-010838-8084b01,2005,full,kz_index,-0.0008691282764117
20261005-010838-8084b01,2005,full,ocfq_saleq_std,-0.000524768613424
20261005-010838-8084b01,2005,full,cash_at,0.0028006830965336
20261005-010838-8084b01,2005,full,ni_ar1,-0.0004818982485472
20261005-010838-8084b01,2005,full,ni_ivol,0.0005095260938017
20261005-010838-8084b01,2005,full,earnings_variability,-0.0008964537379554
20261005-010838-8084b01,2005,full,aliq_at,0.0009244716102339
20261005-010838-8084b01,2005,full,aliq_mat,-0.0030660958392689
20261005-010838-8084b01,2005,full,seas_1_1an,0.00175123278504
20261005-010838-8084b01,2005,full,seas_1_1na,-0.0075996762639823
20261005-010838-8084b01,2005,full,seas_2_5an,0.0060115510491868
20261005-010838-8084b01,2005,full,seas_2_5na,0.0031111150016009
20261005-010838-8084b01,2005,full,seas_6_10an,0.0033918280717223
20261005-010838-8084b01,2005,full,seas_6_10na,-0.0021142630872144
20261005-010838-8084b01,2005,full,seas_11_15an,0.0027930133311859
20261005-010838-8084b01,2005,full,seas_11_15na,9.642143150427222e-05
20261005-010838-8084b01,2005,full,seas_16_20an,0.0023990325634541
20261005-010838-8084b01,2005,full,seas_16_20na,-0.0004139560057339
20261005-010838-8084b01,2005,full,market_equity,-0.0036714085484508
20261005-010838-8084b01,2005,full,ivol_ff3_21d,0.0095221069069705
20261005-010838-8084b01,2005,full,ivol_capm_252d,-0.0037680038241923
20261005-010838-8084b01,2005,full,ivol_capm_21d,-0.0074856870433252
20261005-010838-8084b01,2005,full,ivol_hxz4_21d,-0.0100947249992062
20261005-010838-8084b01,2005,full,rvol_21d,0.0015560098670953
20261005-010838-8084b01,2005,full,beta_60m,0.0012514136857663
20261005-010838-8084b01,2005,full,betabab_1260d,0.0018263334080477
20261005-010838-8084b01,2005,full,beta_dimson_21d,0.0011796917337094
20261005-010838-8084b01,2005,full,turnover_126d,-0.0078555532075508
20261005-010838-8084b01,2005,full,turnover_var_126d,0.0126791481764087
20261005-010838-8084b01,2005,full,dolvol_126d,0.0042015535525233
20261005-010838-8084b01,2005,full,dolvol_var_126d,-0.0126964717645628
20261005-010838-8084b01,2005,full,prc,-0.0008613066620041
20261005-010838-8084b01,2005,full,ami_126d,0.0031451703769828
20261005-010838-8084b01,2005,full,zero_trades_21d,-0.0204561529877872
20261005-010838-8084b01,2005,full,zero_trades_126d,0.0105656245262591
20261005-010838-8084b01,2005,full,zero_trades_252d,0.0041092133345649
20261005-010838-8084b01,2005,full,rmax1_21d,-0.001820762560744
20261005-010838-8084b01,2005,full,rskew_21d,0.0001821393943937
20261005-010838-8084b01,2005,full,iskew_capm_21d,0.0001714387933847
20261005-010838-8084b01,2005,full,iskew_ff3_21d,0.0016859008363455
20261005-010838-8084b01,2005,full,iskew_hxz4_21d,0.0006938323239355
20261005-010838-8084b01,2005,full,coskew_21d,0.0010337942585372
20261005-010838-8084b01,2005,full,ret_1_0,-0.0104921944206356
20261005-010838-8084b01,2005,full,betadown_252d,0.0011947321873323
20261005-010838-8084b01,2005,full,bidaskhl_21d,0.0016472937345238
20261005-010838-8084b01,2005,full,ret_3_1,-0.0024741564328232
20261005-010838-8084b01,2005,full,ret_9_1,0.0016929653768646
20261005-010838-8084b01,2005,full,ret_12_7,0.0047528234206134
20261005-010838-8084b01,2005,full,corr_1260d,-0.0011394559854358
20261005-010838-8084b01,2005,full,rmax5_21d,0.0049542983687914
20261005-010838-8084b01,2005,full,rmax5_rvol_21d,-0.0058173535610172
20261005-010838-8084b01,2005,full,ni_be,0.0015873148205122
20261005-010838-8084b01,2005,full,ocf_at,-0.0042145154132826
20261005-010838-8084b01,2005,full,ocf_at_chg1,5.328359192538605e-05
20261005-010838-8084b01,2005,full,mispricing_perf,0.0017018950298238
20261005-010838-8084b01,2005,full,mispricing_mgmt,-0.0027242492283319
20261005-010838-8084b01,2005,full,qmj,-0.0051042524170932
20261005-010838-8084b01,2005,full,qmj_prof,0.0022349049290563
20261005-010838-8084b01,2005,full,qmj_growth,0.0039019646580029
20261005-010838-8084b01,2005,full,qmj_safety,0.0009926494329393
20261005-010838-8084b01,2007,public,niq_su,0.0019736725189581
20261005-010838-8084b01,2007,public,ret_6_1,-0.0020701791506273
20261005-010838-8084b01,2007,public,ret_12_1,0.0085842891612218
20261005-010838-8084b01,2007,public,saleq_su,0.000271441114876
20261005-010838-8084b01,2007,public,ni_inc8q,-0.0005726173885579
20261005-010838-8084b01,2007,public,prc_highprc_252d,0.0073246463766943
20261005-010838-8084b01,2007,public,be_me,0.0088391720245196
20261005-010838-8084b01,2007,public,debt_me,-0.0031338941606297
20261005-010838-8084b01,2007,public,at_me,0.0037273532549405
20261005-010838-8084b01,2007,public,ret_60_12,-0.0016010700439971
20261005-010838-8084b01,2007,public,ni_me,-0.000999912490411
20261005-010838-8084b01,2007,public,fcf_me,0.0010702193957724
20261005-010838-8084b01,2007,public,div12m_me,-0.0008205947330521
20261005-010838-8084b01,2007,public,sale_gr3,0.0014609558927352
20261005-010838-8084b01,2007,public,sale_gr1,-0.0009293599810993
20261005-010838-8084b01,2007,public,sale_me,0.0019340623468747
20261005-010838-8084b01,2007,public,ocf_me,0.0025984123307299
20261005-010838-8084b01,2007,public,ival_me,-0.000406340064397
20261005-010838-8084b01,2007,public,eq_dur,0.0002320287089924
20261005-010838-8084b01,2007,public,capex_abn,0.0002681663660567
20261005-010838-8084b01,2007,public,noa_at,-0.0032248056524284
20261005-010838-8084b01,2007,public,noa_gr1a,0.0022404185411256
20261005-010838-8084b01,2007,public,lnoa_gr1a,4.333016587797557e-05
20261005-010838-8084b01,2007,public,capx_gr1,-0.0005101730078364
20261005-010838-8084b01,2007,public,capx_gr2,-0.000416483376573
20261005-010838-8084b01,2007,public,capx_gr3,0.0002186125307169
20261005-010838-8084b01,2007,public,eqnpo_12m,-0.000127880282663
20261005-010838-8084b01,2007,public,inv_gr1a,-0.0015132278269073
20261005-010838-8084b01,2007,public,oaccruals_at,-0.0002462779927516
20261005-010838-8084b01,2007,public,taccruals_at,5.7579218891687266e-05
20261005-010838-8084b01,2007,public,cowc_gr1a,-0.000634783832628
20261005-010838-8084b01,2007,public,coa_gr1a,-0.0011775215585917
20261005-010838-8084b01,2007,public,col_gr1a,0.000227231577316
20261005-010838-8084b01,2007,public,nncoa_gr1a,-0.0005434173779248
20261005-010838-8084b01,2007,public,ncoa_gr1a,-0.001124078829064
20261005-010838-8084b01,2007,public,ncol_gr1a,0.0009728008043852
20261005-010838-8084b01,2007,public,nfna_gr1a,0.0002381933034306
20261005-010838-8084b01,2007,public,sti_gr1a,0.0002374194930245
20261005-010838-8084b01,2007,public,lti_gr1a,-0.0007906116939145
20261005-010838-8084b01,2007,public,fnl_gr1a,-0.0014821275962216
20261005-010838-8084b01,2007,public,be_gr1a,-0.0018611727042585
20261005-010838-8084b01,2007,public,netis_at,-0.0012845327915775
20261005-010838-8084b01,2007,public,eqnetis_at,-0.001193164068918
20261005-010838-8084b01,2007,public,dbnetis_at,0.001286094357702
20261005-010838-8084b01,2007,public,at_turnover,0.0010515997971449
20261005-010838-8084b01,2007,public,f_score,-0.0010361149633339
20261005-010838-8084b01,2007,public,o_score,0.0030096515902199
20261005-010838-8084b01,2007,public,z_score,0.0014508937484701
20261005-010838-8084b01,2007,public,pi_nix,3.238162890414571e-05
20261005-010838-8084b01,2007,public,at_be,-0.0021993949754597
20261005-010838-8084b01,2007,public,saleq_gr1,0.0039000837098005
20261005-010838-8084b01,2007,public,rd_me,0.0060805704677567
20261005-010838-8084b01,2007,public,rd_sale,0.0015354998210156
20261005-010838-8084b01,2007,public,age,-0.0003309801522693
20261005-010838-8084b01,2007,public,dsale_dinv,0.0008637147142301
20261005-010838-8084b01,2007,public,dsale_drec,-0.0004549031304614
20261005-010838-8084b01,2007,public,dgp_dsale,0.002027974029555
20261005-010838-8084b01,2007,public,dsale_dsga,0.0011035053260072
20261005-010838-8084b01,2007,public,sale_emp_gr1,-0.0001641625930449
20261005-010838-8084b01,2007,public,kz_index,-0.0004462382618944
20261005-010838-8084b01,2007,public,ni_ar1,-0.0004995665989337
20261005-010838-8084b01,2007,public,ni_ivol,0.0018341083569718
20261005-010838-8084b01,2007,public,earnings_variability,-0.0008803795913778
20261005-010838-8084b01,2007,public,market_equity,-0.0036767937516416
20261005-010838-8084b01,2007,public,ivol_ff3_21d,0.0083994228127367
20261005-010838-8084b01,2007,public,ivol_capm_252d,0.000235711963508
20261005-010838-8084b01,2007,public,ivol_capm_21d,-0.0111093336137716
20261005-010838-8084b01,2007,public,ivol_hxz4_21d,-0.0090323980609392
20261005-010838-8084b01,2007,public,rvol_21d,0.0038909862009568
20261005-010838-8084b01,2007,public,beta_60m,0.0019090921284747
20261005-010838-8084b01,2007,public,beta_dimson_21d,0.0008225902906809
20261005-010838-8084b01,2007,public,turnover_126d,-0.008027395213494
20261005-010838-8084b01,2007,public,turnover_var_126d,0.0146146675722291
20261005-010838-8084b01,2007,public,dolvol_126d,0.004071362354852
20261005-010838-8084b01,2007,public,dolvol_var_126d,-0.0143085585554632
20261005-010838-8084b01,2007,public,prc,-0.0003176808315165
20261005-010838-8084b01,2007,public,ami_126d,0.0023804895754669
20261005-010838-8084b01,2007,public,zero_trades_21d,-0.0198418720615103
20261005-010838-8084b01,2007,public,zero_trades_126d,0.0100405009042117
20261005-010838-8084b01,2007,public,zero_trades_252d,0.0041198731737855
20261005-010838-8084b01,2007,public,coskew_21d,0.0004667864335566
20261005-010838-8084b01,2007,public,ret_1_0,-0.0129544789183732
20261005-010838-8084b01,2007,public,betadown_252d,0.0020479052043465
20261005-010838-8084b01,2007,public,ret_3_1,-0.0025183850822622
20261005-010838-8084b01,2007,public,ret_9_1,-0.0001583503450634
20261005-010838-8084b01,2007,public,ni_be,0.0076641813992596
20261005-010838-8084b01,2007,full,niq_su,-0.0001164909755553
20261005-010838-8084b01,2007,full,ret_6_1,-0.0003098014356758
20261005-010838-8084b01,2007,full,ret_12_1,0.0052033979045026
20261005-010838-8084b01,2007,full,saleq_su,0.0007916329442599
20261005-010838-8084b01,2007,full,tax_gr1a,-0.0009458457838798
20261005-010838-8084b01,2007,full,ni_inc8q,-0.0006235916893472
20261005-010838-8084b01,2007,full,prc_highprc_252d,0.0087490766522805
20261005-010838-8084b01,2007,full,resff3_6_1,9.226505168174592e-05
20261005-010838-8084b01,2007,full,resff3_12_1,0.0011799798317734
20261005-010838-8084b01,2007,full,be_me,0.0072318676316564
20261005-010838-8084b01,2007,full,debt_me,-0.0024699671994543
20261005-010838-8084b01,2007,full,at_me,0.0039973874999969
20261005-010838-8084b01,2007,full,ret_60_12,-0.0055126260781498
20261005-010838-8084b01,2007,full,ni_me,-0.0017502056670857
20261005-010838-8084b01,2007,full,fcf_me,0.0012205098027896
20261005-010838-8084b01,2007,full,div12m_me,0.0010084193825673
20261005-010838-8084b01,2007,full,eqpo_me,-0.0022863660478263
20261005-010838-8084b01,2007,full,eqnpo_me,0.0007362308540786
20261005-010838-8084b01,2007,full,sale_gr3,0.0008169369494497
20261005-010838-8084b01,2007,full,sale_gr1,-0.0013009096707817
20261005-010838-8084b01,2007,full,ebitda_mev,-0.0025264397984476
20261005-010838-8084b01,2007,full,sale_me,0.0037458979313372
20261005-010838-8084b01,2007,full,ocf_me,0.0027215883593359
20261005-010838-8084b01,2007,full,ival_me,0.0004711509071459
20261005-010838-8084b01,2007,full,bev_mev,0.0051543649577373
20261005-010838-8084b01,2007,full,netdebt_me,-0.0025124860634489
20261005-010838-8084b01,2007,full,eq_dur,-0.0008814846228305
20261005-010838-8084b01,2007,full,capex_abn,0.0005078266572286
20261005-010838-8084b01,2007,full,at_gr1,0.0012143120363525
20261005-010838-8084b01,2007,full,ppeinv_gr1a,-0.0008112742530647
20261005-010838-8084b01,2007,full,noa_at,-0.0036528050904738
20261005-010838-8084b01,2007,full,noa_gr1a,0.0014099072939776
20261005-010838-8084b01,2007,full,lnoa_gr1a,-0.0003539243024551
20261005-010838-8084b01,2007,full,capx_gr1,-0.0008196490094316
20261005-010838-8084b01,2007,full,capx_gr2,-0.000698656809031
20261005-010838-8084b01,2007,full,capx_gr3,0.0001261760048186
20261005-010838-8084b01,2007,full,chcsho_12m,-0.0022727996297004
20261005-010838-8084b01,2007,full,eqnpo_12m,-0.0017513366957289
20261005-010838-8084b01,2007,full,debt_gr3,-0.0011737700954891
20261005-010838-8084b01,2007,full,inv_gr1,0.0005960177080226
20261005-010838-8084b01,2007,full,inv_gr1a,-0.0016477819839071
20261005-010838-8084b01,2007,full,oaccruals_at,-0.0007397413916372
20261005-010838-8084b01,2007,full,taccruals_at,-0.0009415552429428
20261005-010838-8084b01,2007,full,cowc_gr1a,-0.0006310197901987
20261005-010838-8084b01,2007,full,coa_gr1a,-0.0018189074014215
20261005-010838-8084b01,2007,full,col_gr1a,0.0005113023054894
20261005-010838-8084b01,2007,full,nncoa_gr1a,-0.0009871881587928
20261005-010838-8084b01,2007,full,ncoa_gr1a,-0.0005572385687065
20261005-010838-8084b01,2007,full,ncol_gr1a,0.0009012846893444
20261005-010838-8084b01,2007,full,nfna_gr1a,7.773821603569754e-05
20261005-010838-8084b01,2007,full,sti_gr1a,-0.0002300414367676
20261005-010838-8084b01,2007,full,lti_gr1a,-0.0005813401242248
20261005-010838-8084b01,2007,full,fnl_gr1a,-0.0011452824003771
20261005-010838-8084b01,2007,full,be_gr1a,-0.003737025846308
20261005-010838-8084b01,2007,full,oaccruals_ni,4.314684172487272e-05
20261005-010838-8084b01,2007,full,taccruals_ni,0.0012923571706489
20261005-010838-8084b01,2007,full,netis_at,-0.0005438281959166
20261005-010838-8084b01,2007,full,eqnetis_at,-0.0012353845728972
20261005-010838-8084b01,2007,full,dbnetis_at,0.0008648348427366
20261005-010838-8084b01,2007,full,niq_be,0.0044144253102002
20261005-010838-8084b01,2007,full,niq_be_chg1,-2.8485148129284256e-05
20261005-010838-8084b01,2007,full,niq_at,0.0019728964934136
20261005-010838-8084b01,2007,full,niq_at_chg1,0.0017268538527767
20261005-010838-8084b01,2007,full,ebit_bev,-0.0026246308933357
20261005-010838-8084b01,2007,full,ebit_sale,0.0020759688112771
20261005-010838-8084b01,2007,full,sale_bev,0.0012537135044906
20261005-010838-8084b01,2007,full,at_turnover,-0.0017798897504158
20261005-010838-8084b01,2007,full,gp_at,-0.0005001239978915
20261005-010838-8084b01,2007,full,gp_atl1,0.0015208123947169
20261005-010838-8084b01,2007,full,ope_be,0.0008800002993257
20261005-010838-8084b01,2007,full,ope_bel1,0.000290473861364
20261005-010838-8084b01,2007,full,op_at,0.0072714452133881
20261005-010838-8084b01,2007,full,op_atl1,0.0009845720836906
20261005-010838-8084b01,2007,full,cop_at,0.0001093244977757
20261005-010838-8084b01,2007,full,cop_atl1,0.0008769140928265
20261005-010838-8084b01,2007,full,f_score,-0.0007204910755397
20261005-010838-8084b01,2007,full,o_score,0.0056240952884801
20261005-010838-8084b01,2007,full,z_score,-0.0004015027605929
20261005-010838-8084b01,2007,full,pi_nix,-9.404284408820867e-06
20261005-010838-8084b01,2007,full,at_be,-0.0014794539236482
20261005-010838-8084b01,2007,full,saleq_gr1,0.0028138756859603
20261005-010838-8084b01,2007,full,rd_me,0.0048183563553887
20261005-010838-8084b01,2007,full,rd_sale,0.0009561101801291
20261005-010838-8084b01,2007,full,opex_at,4.8145844511573866e-05
20261005-010838-8084b01,2007,full,emp_gr1,0.0016831299428874
20261005-010838-8084b01,2007,full,rd5_at,-0.0005340388398371
20261005-010838-8084b01,2007,full,age,6.569276291346441e-05
20261005-010838-8084b01,2007,full,dsale_dinv,0.001067729178304
20261005-010838-8084b01,2007,full,dsale_drec,-0.0004549695769737
20261005-010838-8084b01,2007,full,dgp_dsale,0.0011037552082377
20261005-010838-8084b01,2007,full,dsale_dsga,0.0008395128515687
20261005-010838-8084b01,2007,full,sale_emp_gr1,0.0006971742963687
20261005-010838-8084b01,2007,full,tangibility,0.0002722021892933
20261005-010838-8084b01,2007,full,kz_index,-0.0014640931244485
20261005-010838-8084b01,2007,full,ocfq_saleq_std,-0.0009730165662159
20261005-010838-8084b01,2007,full,cash_at,0.0025857598933774
20261005-010838-8084b01,2007,full,ni_ar1,-0.000366983222233
20261005-010838-8084b01,2007,full,ni_ivol,0.0007550191126334
20261005-010838-8084b01,2007,full,earnings_variability,-0.000917709445463
20261005-010838-8084b01,2007,full,aliq_at,0.0007541213848364
20261005-010838-8084b01,2007,full,aliq_mat,-0.0039941161270627
20261005-010838-8084b01,2007,full,seas_1_1an,0.0019466888517772
20261005-010838-8084b01,2007,full,seas_1_1na,-0.0075672056627197
20261005-010838-8084b01,2007,full,seas_2_5an,0.0064098984438763
20261005-010838-8084b01,2007,full,seas_2_5na,0.0031728954728893
20261005-010838-8084b01,2007,full,seas_6_10an,0.0035853304642327
20261005-010838-8084b01,2007,full,seas_6_10na,-0.0018526542612737
20261005-010838-8084b01,2007,full,seas_11_15an,0.0028868436472493
20261005-010838-8084b01,2007,full,seas_11_15na,0.0004808979395838
20261005-010838-8084b01,2007,full,seas_16_20an,0.0023734828545554
20261005-010838-8084b01,2007,full,seas_16_20na,-7.606477282326969e-05
20261005-010838-8084b01,2007,full,market_equity,-0.0031791610572172
20261005-010838-8084b01,2007,full,ivol_ff3_21d,0.0080326102179673
20261005-010838-8084b01,2007,full,ivol_capm_252d,-0.0039097661873194
20261005-010838-8084b01,2007,full,ivol_capm_21d,-0.0095252874970956
20261005-010838-8084b01,2007,full,ivol_hxz4_21d,-0.0106526682648708
20261005-010838-8084b01,2007,full,rvol_21d,0.0058026962807648
20261005-010838-8084b01,2007,full,beta_60m,0.0012372677822613
20261005-010838-8084b01,2007,full,betabab_1260d,0.0028308680176646
20261005-010838-8084b01,2007,full,beta_dimson_21d,0.0010168719881944
20261005-010838-8084b01,2007,full,turnover_126d,-0.0081905172334902
20261005-010838-8084b01,2007,full,turnover_var_126d,0.0116888499032862
20261005-010838-8084b01,2007,full,dolvol_126d,0.0041065106186753
20261005-010838-8084b01,2007,full,dolvol_var_126d,-0.0115526192178617
20261005-010838-8084b01,2007,full,prc,-0.0005257094412872
20261005-010838-8084b01,2007,full,ami_126d,0.0021860756784802
20261005-010838-8084b01,2007,full,zero_trades_21d,-0.020654898075396
20261005-010838-8084b01,2007,full,zero_trades_126d,0.0096172701892769
20261005-010838-8084b01,2007,full,zero_trades_252d,0.005630797220508
20261005-010838-8084b01,2007,full,rmax1_21d,-0.0017436715645414
20261005-010838-8084b01,2007,full,rskew_21d,-0.0005773707727737
20261005-010838-8084b01,2007,full,iskew_capm_21d,0.0009535437586645
20261005-010838-8084b01,2007,full,iskew_ff3_21d,0.0016147151147511
20261005-010838-8084b01,2007,full,iskew_hxz4_21d,0.0008176195228338
20261005-010838-8084b01,2007,full,coskew_21d,0.0008794694786461
20261005-010838-8084b01,2007,full,ret_1_0,-0.0107192686978156
20261005-010838-8084b01,2007,full,betadown_252d,0.0013110193767594
20261005-010838-8084b01,2007,full,bidaskhl_21d,0.0016845796743538
20261005-010838-8084b01,2007,full,ret_3_1,-0.0026867062715669
20261005-010838-8084b01,2007,full,ret_9_1,0.0041526257315492
20261005-010838-8084b01,2007,full,ret_12_7,0.0049503880497091
20261005-010838-8084b01,2007,full,corr_1260d,-0.0014197474115386
20261005-010838-8084b01,2007,full,rmax5_21d,0.0047539237021729
20261005-010838-8084b01,2007,full,rmax5_rvol_21d,-0.0062139416298385
20261005-010838-8084b01,2007,full,ni_be,0.0009739084865118
20261005-010838-8084b01,2007,full,ocf_at,-0.0034314251971896
20261005-010838-8084b01,2007,full,ocf_at_chg1,8.999496792677884e-05
20261005-010838-8084b01,2007,full,mispricing_perf,0.0011995538391624
20261005-010838-8084b01,2007,full,mispricing_mgmt,-0.0020860434841546
20261005-010838-8084b01,2007,full,qmj,-0.005631474642874
20261005-010838-8084b01,2007,full,qmj_prof,0.0028117820402315
20261005-010838-8084b01,2007,full,qmj_growth,0.0039854131303963
20261005-010838-8084b01,2007,full,qmj_safety,0.0016367851291771
20261005-010838-8084b01,2009,public,niq_su,0.0020213556484515
20261005-010838-8084b01,2009,public,ret_6_1,-0.0015064803003335
20261005-010838-8084b01,2009,public,ret_12_1,0.0103122275255525
20261005-010838-8084b01,2009,public,saleq_su,0.0015959631065493
20261005-010838-8084b01,2009,public,ni_inc8q,-0.0002283914616235
20261005-010838-8084b01,2009,public,prc_highprc_252d,0.0087168860667748
20261005-010838-8084b01,2009,public,be_me,0.006351121305477
20261005-010838-8084b01,2009,public,debt_me,-6.641124529431779e-05
20261005-010838-8084b01,2009,public,at_me,-0.0017511984336263
20261005-010838-8084b01,2009,public,ret_60_12,-0.0064614181962878
20261005-010838-8084b01,2009,public,ni_me,-0.0005647228229638
20261005-010838-8084b01,2009,public,fcf_me,0.0001799406194316
20261005-010838-8084b01,2009,public,div12m_me,8.628538998453949e-05
20261005-010838-8084b01,2009,public,eqpo_me,-0.0022897248602997
20261005-010838-8084b01,2009,public,eqnpo_me,0.0010895916296566
20261005-010838-8084b01,2009,public,sale_gr3,0.0020204668764876
20261005-010838-8084b01,2009,public,sale_gr1,-0.0017788566204389
20261005-010838-8084b01,2009,public,sale_me,0.0037165806798236
20261005-010838-8084b01,2009,public,ocf_me,0.0019937939338577
20261005-010838-8084b01,2009,public,ival_me,-5.792734089017134e-05
20261005-010838-8084b01,2009,public,bev_mev,0.0043159058706632
20261005-010838-8084b01,2009,public,netdebt_me,-0.0019246318672602
20261005-010838-8084b01,2009,public,eq_dur,0.0003335771718248
20261005-010838-8084b01,2009,public,capex_abn,4.1648277177985234e-05
20261005-010838-8084b01,2009,public,at_gr1,0.0015113155888076
20261005-010838-8084b01,2009,public,ppeinv_gr1a,0.0011593845421517
20261005-010838-8084b01,2009,public,noa_at,-0.0046060600282198
20261005-010838-8084b01,2009,public,noa_gr1a,0.0010816285958339
20261005-010838-8084b01,2009,public,lnoa_gr1a,-0.0002578100692994
20261005-010838-8084b01,2009,public,capx_gr1,-0.0014817959971829
20261005-010838-8084b01,2009,public,capx_gr2,-0.0009860286744908
20261005-010838-8084b01,2009,public,capx_gr3,0.0006125954241085
20261005-010838-8084b01,2009,public,chcsho_12m,-0.0022411602069207
20261005-010838-8084b01,2009,public,eqnpo_12m,-0.0021246499215575
20261005-010838-8084b01,2009,public,debt_gr3,-0.0017819667014572
20261005-010838-8084b01,2009,public,inv_gr1a,-0.0017504996458846
20261005-010838-8084b01,2009,public,oaccruals_at,-0.0010168446347965
20261005-010838-8084b01,2009,public,taccruals_at,0.0007762540087206
20261005-010838-8084b01,2009,public,cowc_gr1a,0.0001837820779719
20261005-010838-8084b01,2009,public,coa_gr1a,-0.0016905516187823
20261005-010838-8084b01,2009,public,col_gr1a,0.0003502933728031
20261005-010838-8084b01,2009,public,nncoa_gr1a,0.0008829827831167
20261005-010838-8084b01,2009,public,ncoa_gr1a,-0.002152430457221
20261005-010838-8084b01,2009,public,ncol_gr1a,0.0008782991316471
20261005-010838-8084b01,2009,public,nfna_gr1a,-0.0001917410467868
20261005-010838-8084b01,2009,public,sti_gr1a,-0.0007884776995618
20261005-010838-8084b01,2009,public,lti_gr1a,-0.0010007313019224
20261005-010838-8084b01,2009,public,fnl_gr1a,-0.0012557624095354
20261005-010838-8084b01,2009,public,be_gr1a,-0.003901267017434
20261005-010838-8084b01,2009,public,netis_at,-0.0007124409694571
20261005-010838-8084b01,2009,public,eqnetis_at,-0.0004430559398899
20261005-010838-8084b01,2009,public,dbnetis_at,0.0008319152495819
20261005-010838-8084b01,2009,public,ebit_bev,-0.0004080289244883
20261005-010838-8084b01,2009,public,ebit_sale,0.0061125810129544
20261005-010838-8084b01,2009,public,sale_bev,0.0035678372582116
20261005-010838-8084b01,2009,public,at_turnover,-0.000617107039753
20261005-010838-8084b01,2009,public,f_score,-0.0013026092767517
20261005-010838-8084b01,2009,public,o_score,0.0035183131754397
20261005-010838-8084b01,2009,public,z_score,-0.0003057450236512
20261005-010838-8084b01,2009,public,pi_nix,-0.0002691088887329
20261005-010838-8084b01,2009,public,at_be,-0.0037506362648628
20261005-010838-8084b01,2009,public,saleq_gr1,0.0028737988440904
20261005-010838-8084b01,2009,public,rd_me,0.0059310124266126
20261005-010838-8084b01,2009,public,rd_sale,0.0038123341244611
20261005-010838-8084b01,2009,public,age,2.9794862158351164e-05
20261005-010838-8084b01,2009,public,dsale_dinv,0.0010380897670538
20261005-010838-8084b01,2009,public,dsale_drec,-0.0006542950733569
20261005-010838-8084b01,2009,public,dgp_dsale,0.0014625118012655
20261005-010838-8084b01,2009,public,dsale_dsga,0.0007950854189923
20261005-010838-8084b01,2009,public,sale_emp_gr1,-1.2676381425003488e-05
20261005-010838-8084b01,2009,public,kz_index,-0.0003215186782368
20261005-010838-8084b01,2009,public,ni_ar1,-0.0004272328618128
20261005-010838-8084b01,2009,public,ni_ivol,0.0023161084334788
20261005-010838-8084b01,2009,public,earnings_variability,-0.0012251038519041
20261005-010838-8084b01,2009,public,seas_1_1an,0.0027483027683765
20261005-010838-8084b01,2009,public,seas_1_1na,-0.0078636890742887
20261005-010838-8084b01,2009,public,seas_2_5an,0.0069479763650177
20261005-010838-8084b01,2009,public,seas_2_5na,0.0041133868533401
20261005-010838-8084b01,2009,public,seas_6_10an,0.0037634645954769
20261005-010838-8084b01,2009,public,seas_6_10na,-0.0015912870450605
20261005-010838-8084b01,2009,public,seas_11_15an,0.0030958386040033
20261005-010838-8084b01,2009,public,seas_11_15na,4.1249248155615195e-05
20261005-010838-8084b01,2009,public,seas_16_20an,0.0024850016319196
20261005-010838-8084b01,2009,public,seas_16_20na,-1.3236982571629622e-06
20261005-010838-8084b01,2009,public,market_equity,-0.0023215396041399
20261005-010838-8084b01,2009,public,ivol_ff3_21d,0.0107639851624809
20261005-010838-8084b01,2009,public,ivol_capm_252d,0.0027432939634701
20261005-010838-8084b01,2009,public,ivol_capm_21d,-0.0165836672896911
20261005-010838-8084b01,2009,public,ivol_hxz4_21d,-0.0086340153852645
20261005-010838-8084b01,2009,public,rvol_21d,0.0062134892658926
20261005-010838-8084b01,2009,public,beta_60m,0.0018216163653124
20261005-010838-8084b01,2009,public,beta_dimson_21d,0.0005287851162803
20261005-010838-8084b01,2009,public,turnover_126d,-0.007025431350008
20261005-010838-8084b01,2009,public,turnover_var_126d,0.0129663155817643
20261005-010838-8084b01,2009,public,dolvol_126d,0.0018790695282004
20261005-010838-8084b01,2009,public,dolvol_var_126d,-0.0126845346522161
20261005-010838-8084b01,2009,public,prc,-0.0013768218758496
20261005-010838-8084b01,2009,public,ami_126d,0.0004874436881381
20261005-010838-8084b01,2009,public,zero_trades_21d,-0.0216619675379366
20261005-010838-8084b01,2009,public,zero_trades_126d,0.0093460828326154
20261005-010838-8084b01,2009,public,zero_trades_252d,0.0061646522700754
20261005-010838-8084b01,2009,public,coskew_21d,0.0001679757796749
20261005-010838-8084b01,2009,public,ret_1_0,-0.0104338884409724
20261005-010838-8084b01,2009,public,betadown_252d,0.0011351058346162
20261005-010838-8084b01,2009,public,ret_3_1,-0.0025272325727505
20261005-010838-8084b01,2009,public,ret_9_1,0.0043761051998767
20261005-010838-8084b01,2009,public,ni_be,0.0049856958666052
20261005-010838-8084b01,2009,full,niq_su,0.0003347888550081
20261005-010838-8084b01,2009,full,ret_6_1,0.0005106443414735
20261005-010838-8084b01,2009,full,ret_12_1,0.0057491276015333
20261005-010838-8084b01,2009,full,saleq_su,0.001795238018311
20261005-010838-8084b01,2009,full,tax_gr1a,-0.0007793376339228
20261005-010838-8084b01,2009,full,ni_inc8q,-0.0003165395957897
20261005-010838-8084b01,2009,full,prc_highprc_252d,0.0096543751602781
20261005-010838-8084b01,2009,full,resff3_6_1,-0.0012311023197742
20261005-010838-8084b01,2009,full,resff3_12_1,0.0033203024991782
20261005-010838-8084b01,2009,full,be_me,0.0064660236828928
20261005-010838-8084b01,2009,full,debt_me,-0.0021581351062831
20261005-010838-8084b01,2009,full,at_me,0.0040891187261587
20261005-010838-8084b01,2009,full,ret_60_12,-0.0055190730991346
20261005-010838-8084b01,2009,full,ni_me,-1.7705370089164125e-05
20261005-010838-8084b01,2009,full,fcf_me,0.0009518949333196
20261005-010838-8084b01,2009,full,div12m_me,0.0008626272958794
20261005-010838-8084b01,2009,full,eqpo_me,-0.0023919857282891
20261005-010838-8084b01,2009,full,eqnpo_me,0.0010939773277178
20261005-010838-8084b01,2009,full,sale_gr3,0.0012402486283323
20261005-010838-8084b01,2009,full,sale_gr1,-0.0018430542557278
20261005-010838-8084b01,2009,full,ebitda_mev,-0.0034132509707905
20261005-010838-8084b01,2009,full,sale_me,0.0028237307196474
20261005-010838-8084b01,2009,full,ocf_me,0.0021155158721524
20261005-010838-8084b01,2009,full,ival_me,0.0003817915918088
20261005-010838-8084b01,2009,full,bev_mev,0.0055155763902781
20261005-010838-8084b01,2009,full,netdebt_me,-0.0022524939833476
20261005-010838-8084b01,2009,full,eq_dur,-0.0009701069965708
20261005-010838-8084b01,2009,full,capex_abn,0.0002780371471467
20261005-010838-8084b01,2009,full,at_gr1,0.0002895020436939
20261005-010838-8084b01,2009,full,ppeinv_gr1a,-0.0003713937415809
20261005-010838-8084b01,2009,full,noa_at,-0.0039995816524157
20261005-010838-8084b01,2009,full,noa_gr1a,0.0005468168797228
20261005-010838-8084b01,2009,full,lnoa_gr1a,-0.0005407651768156
20261005-010838-8084b01,2009,full,capx_gr1,-0.0014694925133576
20261005-010838-8084b01,2009,full,capx_gr2,-0.0008530078533972
20261005-010838-8084b01,2009,full,capx_gr3,0.00049536028917
20261005-010838-8084b01,2009,full,chcsho_12m,-0.00240221133291
20261005-010838-8084b01,2009,full,eqnpo_12m,-0.0021158483925201
20261005-010838-8084b01,2009,full,debt_gr3,-0.0014311711207063
20261005-010838-8084b01,2009,full,inv_gr1,0.0005468814326169
20261005-010838-8084b01,2009,full,inv_gr1a,-0.0017663764459439
20261005-010838-8084b01,2009,full,oaccruals_at,0.0003483899523594
20261005-010838-8084b01,2009,full,taccruals_at,-0.0009398126954178
20261005-010838-8084b01,2009,full,cowc_gr1a,-0.0002402804753647
20261005-010838-8084b01,2009,full,coa_gr1a,-0.0015948125369909
20261005-010838-8084b01,2009,full,col_gr1a,0.0007182853455425
20261005-010838-8084b01,2009,full,nncoa_gr1a,0.0001105800893435
20261005-010838-8084b01,2009,full,ncoa_gr1a,-0.0009472474911713
20261005-010838-8084b01,2009,full,ncol_gr1a,0.000900341305978
20261005-010838-8084b01,2009,full,nfna_gr1a,6.113331440662244e-05
20261005-010838-8084b01,2009,full,sti_gr1a,-0.0010621620365053
20261005-010838-8084b01,2009,full,lti_gr1a,-0.0006954567120372
20261005-010838-8084b01,2009,full,fnl_gr1a,-0.0003763276317508
20261005-010838-8084b01,2009,full,be_gr1a,-0.0046831819955853
20261005-010838-8084b01,2009,full,oaccruals_ni,-0.0009599651551047
20261005-010838-8084b01,2009,full,taccruals_ni,0.0020569391361795
20261005-010838-8084b01,2009,full,netis_at,-6.051232077906627e-05
20261005-010838-8084b01,2009,full,eqnetis_at,-0.0007165464198156
20261005-010838-8084b01,2009,full,dbnetis_at,0.0004667502347995
20261005-010838-8084b01,2009,full,niq_be,0.0046567340824965
20261005-010838-8084b01,2009,full,niq_be_chg1,-0.0003323902022035
20261005-010838-8084b01,2009,full,niq_at,0.0021275182157136
20261005-010838-8084b01,2009,full,niq_at_chg1,0.0006104253047248
20261005-010838-8084b01,2009,full,ebit_bev,-0.0042822529290489
20261005-010838-8084b01,2009,full,ebit_sale,0.0013603197383299
20261005-010838-8084b01,2009,full,sale_bev,0.0037754406949701
20261005-010838-8084b01,2009,full,at_turnover,-0.0031249218843907
20261005-010838-8084b01,2009,full,gp_at,0.002376872789186
20261005-010838-8084b01,2009,full,gp_atl1,-0.0025219358485141
20261005-010838-8084b01,2009,full,ope_be,-3.1635827254776824e-05
20261005-010838-8084b01,2009,full,ope_bel1,7.285831265817212e-05
20261005-010838-8084b01,2009,full,op_at,0.0073590992125675
20261005-010838-8084b01,2009,full,op_atl1,0.0052285093050541
20261005-010838-8084b01,2009,full,cop_at,0.0030472036556614
20261005-010838-8084b01,2009,full,cop_atl1,-0.0013263850105596
20261005-010838-8084b01,2009,full,f_score,-0.0009064989237724
20261005-010838-8084b01,2009,full,o_score,0.0049066988142657
20261005-010838-8084b01,2009,full,z_score,-0.0017886467439614
20261005-010838-8084b01,2009,full,pi_nix,-1.1650599315016856e-06
20261005-010838-8084b01,2009,full,at_be,-0.0020744089476918
20261005-010838-8084b01,2009,full,saleq_gr1,0.0023011563939864
20261005-010838-8084b01,2009,full,rd_me,0.0044946868300224
20261005-010838-8084b01,2009,full,rd_sale,0.0018872833770051
20261005-010838-8084b01,2009,full,opex_at,-0.0002632616193269
20261005-010838-8084b01,2009,full,emp_gr1,0.0016202649285043
20261005-010838-8084b01,2009,full,rd5_at,-0.0001797611163441
20261005-010838-8084b01,2009,full,age,0.0001399419222447
20261005-010838-8084b01,2009,full,dsale_dinv,0.0011193016420149
20261005-010838-8084b01,2009,full,dsale_drec,-0.0005742964845006
20261005-010838-8084b01,2009,full,dgp_dsale,0.0008947134071923
20261005-010838-8084b01,2009,full,dsale_dsga,0.0007460190350414
20261005-010838-8084b01,2009,full,sale_emp_gr1,0.0007344718998511
20261005-010838-8084b01,2009,full,tangibility,0.0009211881379252
20261005-010838-8084b01,2009,full,kz_index,-0.0009090340834805
20261005-010838-8084b01,2009,full,ocfq_saleq_std,0.0002102428391954
20261005-010838-8084b01,2009,full,cash_at,0.0028526948815379
20261005-010838-8084b01,2009,full,ni_ar1,-0.0003458835158704
20261005-010838-8084b01,2009,full,ni_ivol,0.0007874077841617
20261005-010838-8084b01,2009,full,earnings_variability,-0.0008538236659177
20261005-010838-8084b01,2009,full,aliq_at,0.0019902122609603
20261005-010838-8084b01,2009,full,aliq_mat,-0.0039914091724885
20261005-010838-8084b01,2009,full,seas_1_1an,0.002109371054293
20261005-010838-8084b01,2009,full,seas_1_1na,-0.0087757265608989
20261005-010838-8084b01,2009,full,seas_2_5an,0.0068871768567615
20261005-010838-8084b01,2009,full,seas_2_5na,0.0038980647922722
20261005-010838-8084b01,2009,full,seas_6_10an,0.003823113962444
20261005-010838-8084b01,2009,full,seas_6_10na,-0.0014287154418843
20261005-010838-8084b01,2009,full,seas_11_15an,0.0030514593977499
20261005-010838-8084b01,2009,full,seas_11_15na,8.511666072777935e-06
20261005-010838-8084b01,2009,full,seas_16_20an,0.0024431235742297
20261005-010838-8084b01,2009,full,seas_16_20na,-9.765769786674996e-05
20261005-010838-8084b01,2009,full,market_equity,-0.0018845200164709
20261005-010838-8084b01,2009,full,ivol_ff3_21d,0.0103247144241935
20261005-010838-8084b01,2009,full,ivol_capm_252d,-0.0021797037711156
20261005-010838-8084b01,2009,full,ivol_capm_21d,-0.0149782207372932
20261005-010838-8084b01,2009,full,ivol_hxz4_21d,-0.0098700940305783
20261005-010838-8084b01,2009,full,rvol_21d,0.0108197469731985
20261005-010838-8084b01,2009,full,beta_60m,0.0009585363001451
20261005-010838-8084b01,2009,full,betabab_1260d,0.0033426745906152
20261005-010838-8084b01,2009,full,beta_dimson_21d,0.000648939406678
20261005-010838-8084b01,2009,full,turnover_126d,-0.0072330883568193
20261005-010838-8084b01,2009,full,turnover_var_126d,0.0117267234460153
20261005-010838-8084b01,2009,full,dolvol_126d,0.0015609448882891
20261005-010838-8084b01,2009,full,dolvol_var_126d,-0.0116037982866149
20261005-010838-8084b01,2009,full,prc,-0.0009226454551824
20261005-010838-8084b01,2009,full,ami_126d,0.0012335599780581
20261005-010838-8084b01,2009,full,zero_trades_21d,-0.0224448440866324
20261005-010838-8084b01,2009,full,zero_trades_126d,0.0090641586988464
20261005-010838-8084b01,2009,full,zero_trades_252d,0.0073079753083016
20261005-010838-8084b01,2009,full,rmax1_21d,-0.0031986032643359
20261005-010838-8084b01,2009,full,rskew_21d,-0.0002278185118897
20261005-010838-8084b01,2009,full,iskew_capm_21d,0.0013022501598598
20261005-010838-8084b01,2009,full,iskew_ff3_21d,0.0012263724368836
20261005-010838-8084b01,2009,full,iskew_hxz4_21d,0.0006932896080118
20261005-010838-8084b01,2009,full,coskew_21d,0.0005634175252608
20261005-010838-8084b01,2009,full,ret_1_0,-0.0090664739206091
20261005-010838-8084b01,2009,full,betadown_252d,0.0003171033090783
20261005-010838-8084b01,2009,full,bidaskhl_21d,0.0015424312076809
20261005-010838-8084b01,2009,full,ret_3_1,-0.0026993738268814
20261005-010838-8084b01,2009,full,ret_9_1,0.0049494690034243
20261005-010838-8084b01,2009,full,ret_12_7,0.0039319540919126
20261005-010838-8084b01,2009,full,corr_1260d,-0.0009117184713326
20261005-010838-8084b01,2009,full,rmax5_21d,0.0025156655270056
20261005-010838-8084b01,2009,full,rmax5_rvol_21d,-0.0057799094907268
20261005-010838-8084b01,2009,full,ni_be,0.0001595754811278
20261005-010838-8084b01,2009,full,ocf_at,-0.0035884370441084
20261005-010838-8084b01,2009,full,ocf_at_chg1,-0.0002304736719627
20261005-010838-8084b01,2009,full,mispricing_perf,-0.0001130235990292
20261005-010838-8084b01,2009,full,mispricing_mgmt,-0.0013856802011385
20261005-010838-8084b01,2009,full,qmj,-0.0054883693814893
20261005-010838-8084b01,2009,full,qmj_prof,0.0039473122538213
20261005-010838-8084b01,2009,full,qmj_growth,0.004003227721007
20261005-010838-8084b01,2009,full,qmj_safety,0.0017716337520261
20261005-010838-8084b01,2011,public,niq_su,0.0004050936716982
20261005-010838-8084b01,2011,public,ret_6_1,-0.0014059087831374
20261005-010838-8084b01,2011,public,ret_12_1,0.0116632164928102
20261005-010838-8084b01,2011,public,saleq_su,0.000975219651125
20261005-010838-8084b01,2011,public,ni_inc8q,-0.0008000717297967
20261005-010838-8084b01,2011,public,prc_highprc_252d,0.0091688045364381
20261005-010838-8084b01,2011,public,be_me,0.0066782795207329
20261005-010838-8084b01,2011,public,debt_me,7.406426074035537e-05
20261005-010838-8084b01,2011,public,at_me,0.001359905193027
20261005-010838-8084b01,2011,public,ret_60_12,-0.0057038516780336
20261005-010838-8084b01,2011,public,ni_me,-0.0024639298469786
20261005-010838-8084b01,2011,public,fcf_me,0.0005809015912288
20261005-010838-8084b01,2011,public,div12m_me,-2.2419811921021233e-05
20261005-010838-8084b01,2011,public,eqpo_me,-0.0020341848307265
20261005-010838-8084b01,2011,public,eqnpo_me,0.0004470839745413
20261005-010838-8084b01,2011,public,sale_gr3,0.0024528219877655
20261005-010838-8084b01,2011,public,sale_gr1,-0.0014362608830221
20261005-010838-8084b01,2011,public,sale_me,0.0043706888325627
20261005-010838-8084b01,2011,public,ocf_me,0.0018185908463812
20261005-010838-8084b01,2011,public,ival_me,-7.869929770058916e-05
20261005-010838-8084b01,2011,public,bev_mev,0.0028447609217975
20261005-010838-8084b01,2011,public,netdebt_me,-0.003720028621377
20261005-010838-8084b01,2011,public,eq_dur,-0.0001770472611792
20261005-010838-8084b01,2011,public,capex_abn,0.0003653943666192
20261005-010838-8084b01,2011,public,at_gr1,0.0021850777884791
20261005-010838-8084b01,2011,public,ppeinv_gr1a,0.0002223474821745
20261005-010838-8084b01,2011,public,noa_at,-0.0042104740122088
20261005-010838-8084b01,2011,public,noa_gr1a,0.0007371500258279
20261005-010838-8084b01,2011,public,lnoa_gr1a,-0.0001187032156022
20261005-010838-8084b01,2011,public,capx_gr1,-0.0017559192318046
20261005-010838-8084b01,2011,public,capx_gr2,-0.0011894225764816
20261005-010838-8084b01,2011,public,capx_gr3,0.0004594571686021
20261005-010838-8084b01,2011,public,chcsho_12m,-0.0017761772717277
20261005-010838-8084b01,2011,public,eqnpo_12m,-0.0015040774220999
20261005-010838-8084b01,2011,public,debt_gr3,-0.0014701185346673
20261005-010838-8084b01,2011,public,inv_gr1a,-0.0010700356649627
20261005-010838-8084b01,2011,public,oaccruals_at,-0.001467364641256
20261005-010838-8084b01,2011,public,taccruals_at,0.0012080180944435
20261005-010838-8084b01,2011,public,cowc_gr1a,0.0008756766946124
20261005-010838-8084b01,2011,public,coa_gr1a,-0.0024149458711063
20261005-010838-8084b01,2011,public,col_gr1a,0.0004379964176376
20261005-010838-8084b01,2011,public,nncoa_gr1a,0.0011007751470135
20261005-010838-8084b01,2011,public,ncoa_gr1a,-0.0016946936944333
20261005-010838-8084b01,2011,public,ncol_gr1a,0.0007426041265424
20261005-010838-8084b01,2011,public,nfna_gr1a,0.0003265198715229
20261005-010838-8084b01,2011,public,sti_gr1a,-0.0012153448012407
20261005-010838-8084b01,2011,public,lti_gr1a,-0.0009373801959462
20261005-010838-8084b01,2011,public,fnl_gr1a,-0.0012612846780029
20261005-010838-8084b01,2011,public,be_gr1a,-0.0038128944057214
20261005-010838-8084b01,2011,public,netis_at,-0.0006396669082262
20261005-010838-8084b01,2011,public,eqnetis_at,-0.0007368504326866
20261005-010838-8084b01,2011,public,dbnetis_at,0.0009293185728233
20261005-010838-8084b01,2011,public,niq_at,0.0069969189932371
20261005-010838-8084b01,2011,public,niq_at_chg1,0.0003682632966847
20261005-010838-8084b01,2011,public,ebit_bev,-0.0017259737253648
20261005-010838-8084b01,2011,public,ebit_sale,0.0062007010145475
20261005-010838-8084b01,2011,public,sale_bev,0.0023895408968959
20261005-010838-8084b01,2011,public,at_turnover,-0.0003170287117629
20261005-010838-8084b01,2011,public,f_score,-0.0016424991677794
20261005-010838-8084b01,2011,public,o_score,0.0050732058696836
20261005-010838-8084b01,2011,public,z_score,0.0003332101913874
20261005-010838-8084b01,2011,public,pi_nix,0.0001321619802302
20261005-010838-8084b01,2011,public,at_be,-0.0028669979934106
20261005-010838-8084b01,2011,public,saleq_gr1,0.0027368404190069
20261005-010838-8084b01,2011,public,rd_me,0.0079139920096879
20261005-010838-8084b01,2011,public,rd_sale,0.0015248920108516
20261005-010838-8084b01,2011,public,age,-0.0001238042661935
20261005-010838-8084b01,2011,public,dsale_dinv,0.0010200547012145
20261005-010838-8084b01,2011,public,dsale_drec,-0.0005794062296345
20261005-010838-8084b01,2011,public,dgp_dsale,0.001712669249396
20261005-010838-8084b01,2011,public,dsale_dsga,0.0008503414873744
20261005-010838-8084b01,2011,public,sale_emp_gr1,-0.0002939023287895
20261005-010838-8084b01,2011,public,tangibility,0.0021751511952712
20261005-010838-8084b01,2011,public,kz_index,-0.0005414017770958
20261005-010838-8084b01,2011,public,ocfq_saleq_std,0.0001626565643176
20261005-010838-8084b01,2011,public,ni_ar1,-0.0004463953383496
20261005-010838-8084b01,2011,public,ni_ivol,0.0016865703816093
20261005-010838-8084b01,2011,public,earnings_variability,-0.0011063300109942
20261005-010838-8084b01,2011,public,seas_1_1an,0.0027517025309563
20261005-010838-8084b01,2011,public,seas_1_1na,-0.0079627143827695
20261005-010838-8084b01,2011,public,seas_2_5an,0.007174317572969
20261005-010838-8084b01,2011,public,seas_2_5na,0.0027636245138813
20261005-010838-8084b01,2011,public,seas_6_10an,0.0041683015868321
20261005-010838-8084b01,2011,public,seas_6_10na,-0.0014523591341266
20261005-010838-8084b01,2011,public,seas_11_15an,0.0030637393684865
20261005-010838-8084b01,2011,public,seas_11_15na,-5.3095171595436264e-05
20261005-010838-8084b01,2011,public,seas_16_20an,0.002846552741839
20261005-010838-8084b01,2011,public,seas_16_20na,0.000229235846175
20261005-010838-8084b01,2011,public,market_equity,-0.0027563002072816
20261005-010838-8084b01,2011,public,ivol_ff3_21d,0.012232725371373
20261005-010838-8084b01,2011,public,ivol_capm_252d,0.0025480800167572
20261005-010838-8084b01,2011,public,ivol_capm_21d,-0.0131976819799207
20261005-010838-8084b01,2011,public,ivol_hxz4_21d,-0.0077235365463541
20261005-010838-8084b01,2011,public,rvol_21d,0.0003442931930901
20261005-010838-8084b01,2011,public,beta_60m,0.001881971095099
20261005-010838-8084b01,2011,public,beta_dimson_21d,0.0004087405344497
20261005-010838-8084b01,2011,public,turnover_126d,-0.0079148365593673
20261005-010838-8084b01,2011,public,turnover_var_126d,0.0123755406631054
20261005-010838-8084b01,2011,public,dolvol_126d,0.0014441408600304
20261005-010838-8084b01,2011,public,dolvol_var_126d,-0.0119232814701937
20261005-010838-8084b01,2011,public,prc,-0.0022681434493618
20261005-010838-8084b01,2011,public,ami_126d,0.0004870221702628
20261005-010838-8084b01,2011,public,zero_trades_21d,-0.0239310138725439
20261005-010838-8084b01,2011,public,zero_trades_126d,0.0106737112708418
20261005-010838-8084b01,2011,public,zero_trades_252d,0.0050525669403887
20261005-010838-8084b01,2011,public,coskew_21d,0.0003384828420242
20261005-010838-8084b01,2011,public,ret_1_0,-0.0115286148556193
20261005-010838-8084b01,2011,public,betadown_252d,0.0010596647736796
20261005-010838-8084b01,2011,public,ret_3_1,-0.003204918272597
20261005-010838-8084b01,2011,public,ret_9_1,0.0030202716099102
20261005-010838-8084b01,2011,public,ni_be,0.0047109719723252
20261005-010838-8084b01,2011,full,niq_su,8.420174276737751e-05
20261005-010838-8084b01,2011,full,ret_6_1,0.0004471566832294
20261005-010838-8084b01,2011,full,ret_12_1,0.0073970442085973
20261005-010838-8084b01,2011,full,saleq_su,0.0010020144913647
20261005-010838-8084b01,2011,full,tax_gr1a,-0.0009382857149367
20261005-010838-8084b01,2011,full,ni_inc8q,-0.0003300358467085
20261005-010838-8084b01,2011,full,prc_highprc_252d,0.0101353540029879
20261005-010838-8084b01,2011,full,resff3_6_1,-0.0007067906578
20261005-010838-8084b01,2011,full,resff3_12_1,0.0031945277576704
20261005-010838-8084b01,2011,full,be_me,0.0072422314442793
20261005-010838-8084b01,2011,full,debt_me,-0.0015676314266515
20261005-010838-8084b01,2011,full,at_me,0.0063753624443479
20261005-010838-8084b01,2011,full,ret_60_12,-0.0047305481874455
20261005-010838-8084b01,2011,full,ni_me,-0.0015814265452164
20261005-010838-8084b01,2011,full,fcf_me,0.0011645913348878
20261005-010838-8084b01,2011,full,div12m_me,0.0007115885657401
20261005-010838-8084b01,2011,full,eqpo_me,-0.0021085359821159
20261005-010838-8084b01,2011,full,eqnpo_me,0.0006381491426348
20261005-010838-8084b01,2011,full,sale_gr3,0.0014668878279466
20261005-010838-8084b01,2011,full,sale_gr1,-0.0019444908572185
20261005-010838-8084b01,2011,full,ebitda_mev,-0.0023998607953201
20261005-010838-8084b01,2011,full,sale_me,0.0033901819143285
20261005-010838-8084b01,2011,full,ocf_me,0.0019541312496676
20261005-010838-8084b01,2011,full,ival_me,0.0002028479680158
20261005-010838-8084b01,2011,full,bev_mev,0.0038085842887311
20261005-010838-8084b01,2011,full,netdebt_me,-0.0042058166510216
20261005-010838-8084b01,2011,full,eq_dur,-0.0014176747220061
20261005-010838-8084b01,2011,full,capex_abn,0.0005098332095107
20261005-010838-8084b01,2011,full,at_gr1,0.0020457579628384
20261005-010838-8084b01,2011,full,ppeinv_gr1a,-0.0006395782711585
20261005-010838-8084b01,2011,full,noa_at,-0.0040160564921043
20261005-010838-8084b01,2011,full,noa_gr1a,6.303758664270142e-05
20261005-010838-8084b01,2011,full,lnoa_gr1a,-0.0005742479558042
20261005-010838-8084b01,2011,full,capx_gr1,-0.0016405655738041
20261005-010838-8084b01,2011,full,capx_gr2,-0.0010164415885202
20261005-010838-8084b01,2011,full,capx_gr3,0.0003473324772103
20261005-010838-8084b01,2011,full,chcsho_12m,-0.0019896268244722
20261005-010838-8084b01,2011,full,eqnpo_12m,-0.0018141230456211
20261005-010838-8084b01,2011,full,debt_gr3,-0.0012991706039299
20261005-010838-8084b01,2011,full,inv_gr1,0.0006427178674655
20261005-010838-8084b01,2011,full,inv_gr1a,-0.0014115409865693
20261005-010838-8084b01,2011,full,oaccruals_at,0.0013351699005278
20261005-010838-8084b01,2011,full,taccruals_at,-0.0011255462001084
20261005-010838-8084b01,2011,full,cowc_gr1a,0.0005235316156062
20261005-010838-8084b01,2011,full,coa_gr1a,-0.0023088270111576
20261005-010838-8084b01,2011,full,col_gr1a,0.0008020185583743
20261005-010838-8084b01,2011,full,nncoa_gr1a,0.0007498600995291
20261005-010838-8084b01,2011,full,ncoa_gr1a,-0.001221314853376
20261005-010838-8084b01,2011,full,ncol_gr1a,0.0008421914206025
20261005-010838-8084b01,2011,full,nfna_gr1a,0.0007256155386336
20261005-010838-8084b01,2011,full,sti_gr1a,-0.0012194718146935
20261005-010838-8084b01,2011,full,lti_gr1a,-0.0008083807061464
20261005-010838-8084b01,2011,full,fnl_gr1a,-0.000480139825073
20261005-010838-8084b01,2011,full,be_gr1a,-0.0045512149868374
20261005-010838-8084b01,2011,full,oaccruals_ni,-0.0019638885450319
20261005-010838-8084b01,2011,full,taccruals_ni,0.0020208839486193
20261005-010838-8084b01,2011,full,netis_at,-0.0001467934861061
20261005-010838-8084b01,2011,full,eqnetis_at,-0.0009596791911433
20261005-010838-8084b01,2011,full,dbnetis_at,0.0006498456553157
20261005-010838-8084b01,2011,full,niq_be,0.0043261130270229
20261005-010838-8084b01,2011,full,niq_be_chg1,1.0281194904370158e-06
20261005-010838-8084b01,2011,full,niq_at,0.0028997647115108
20261005-010838-8084b01,2011,full,niq_at_chg1,0.000690655080285
20261005-010838-8084b01,2011,full,ebit_bev,-0.0049464357609671
20261005-010838-8084b01,2011,full,ebit_sale,0.0022575308101799
20261005-010838-8084b01,2011,full,sale_bev,0.0025276122421081
20261005-010838-8084b01,2011,full,at_turnover,-0.0023084123817404
20261005-010838-8084b01,2011,full,gp_at,0.0029825918605194
20261005-010838-8084b01,2011,full,gp_atl1,-0.0027752858179374
20261005-010838-8084b01,2011,full,ope_be,-0.0003077086118661
20261005-010838-8084b01,2011,full,ope_bel1,0.0003667320129777
20261005-010838-8084b01,2011,full,op_at,0.0067114808004434
20261005-010838-8084b01,2011,full,op_atl1,0.0052972561276006
20261005-010838-8084b01,2011,full,cop_at,0.0025546946245505
20261005-010838-8084b01,2011,full,cop_atl1,-0.0015390490130068
20261005-010838-8084b01,2011,full,f_score,-0.0012997196113848
20261005-010838-8084b01,2011,full,o_score,0.0051625433464388
20261005-010838-8084b01,2011,full,z_score,-0.0010801529323988
20261005-010838-8084b01,2011,full,pi_nix,5.418052197588583e-05
20261005-010838-8084b01,2011,full,at_be,-0.0024664884030087
20261005-010838-8084b01,2011,full,saleq_gr1,0.0029535214441965
20261005-010838-8084b01,2011,full,rd_me,0.0064401457884891
20261005-010838-8084b01,2011,full,rd_sale,-5.035345663140715e-05
20261005-010838-8084b01,2011,full,opex_at,-7.490185805443122e-06
20261005-010838-8084b01,2011,full,emp_gr1,0.001507891053327
20261005-010838-8084b01,2011,full,rd5_at,-0.0003689920580271
20261005-010838-8084b01,2011,full,age,0.0001780508943595
20261005-010838-8084b01,2011,full,dsale_dinv,0.0011321639005625
20261005-010838-8084b01,2011,full,dsale_drec,-0.0006012197558261
20261005-010838-8084b01,2011,full,dgp_dsale,0.000933036100936
20261005-010838-8084b01,2011,full,dsale_dsga,0.000842460724625
20261005-010838-8084b01,2011,full,sale_emp_gr1,0.0004797168308986
20261005-010838-8084b01,2011,full,tangibility,0.0011715047726754
20261005-010838-8084b01,2011,full,kz_index,-0.0008584835044382
20261005-010838-8084b01,2011,full,ocfq_saleq_std,-0.000348531820095
20261005-010838-8084b01,2011,full,cash_at,0.0022655725216534
20261005-010838-8084b01,2011,full,ni_ar1,-0.0003444149417445
20261005-010838-8084b01,2011,full,ni_ivol,0.0005963807272291
20261005-010838-8084b01,2011,full,earnings_variability,-0.000833054475979
20261005-010838-8084b01,2011,full,aliq_at,0.0016530634607225
20261005-010838-8084b01,2011,full,aliq_mat,-0.0047045045415475
20261005-010838-8084b01,2011,full,seas_1_1an,0.0021066298194843
20261005-010838-8084b01,2011,full,seas_1_1na,-0.0088884281527717
20261005-010838-8084b01,2011,full,seas_2_5an,0.0071131353317605
20261005-010838-8084b01,2011,full,seas_2_5na,0.002527794086598
20261005-010838-8084b01,2011,full,seas_6_10an,0.0042200812077016
20261005-010838-8084b01,2011,full,seas_6_10na,-0.001313888152626
20261005-010838-8084b01,2011,full,seas_11_15an,0.0030277561565063
20261005-010838-8084b01,2011,full,seas_11_15na,-0.0001132394844382
20261005-010838-8084b01,2011,full,seas_16_20an,0.0028374742130012
20261005-010838-8084b01,2011,full,seas_16_20na,0.0001827705870891
20261005-010838-8084b01,2011,full,market_equity,-0.0028218329402221
20261005-010838-8084b01,2011,full,ivol_ff3_21d,0.0117139217107173
20261005-010838-8084b01,2011,full,ivol_capm_252d,-0.0024250502817833
20261005-010838-8084b01,2011,full,ivol_capm_21d,-0.0114488197768691
20261005-010838-8084b01,2011,full,ivol_hxz4_21d,-0.0090244536593508
20261005-010838-8084b01,2011,full,rvol_21d,0.0044453099433583
20261005-010838-8084b01,2011,full,beta_60m,0.0009668834990068
20261005-010838-8084b01,2011,full,betabab_1260d,0.0031906497772247
20261005-010838-8084b01,2011,full,beta_dimson_21d,0.0005456384278086
20261005-010838-8084b01,2011,full,turnover_126d,-0.0081870890377008
20261005-010838-8084b01,2011,full,turnover_var_126d,0.0117179278604366
20261005-010838-8084b01,2011,full,dolvol_126d,0.0015761390711351
20261005-010838-8084b01,2011,full,dolvol_var_126d,-0.0114412645147149
20261005-010838-8084b01,2011,full,prc,-0.0016748719453053
20261005-010838-8084b01,2011,full,ami_126d,0.0011802619872891
20261005-010838-8084b01,2011,full,zero_trades_21d,-0.0247420820915088
20261005-010838-8084b01,2011,full,zero_trades_126d,0.0103897811576097
20261005-010838-8084b01,2011,full,zero_trades_252d,0.0062052432730729
20261005-010838-8084b01,2011,full,rmax1_21d,-0.0021022910259982
20261005-010838-8084b01,2011,full,rskew_21d,-0.0007603138339855
20261005-010838-8084b01,2011,full,iskew_capm_21d,0.0011302981492235
20261005-010838-8084b01,2011,full,iskew_ff3_21d,0.0015435411097219
20261005-010838-8084b01,2011,full,iskew_hxz4_21d,0.0008387750092512
20261005-010838-8084b01,2011,full,coskew_21d,0.0008046983037203
20261005-010838-8084b01,2011,full,ret_1_0,-0.0100525999861975
20261005-010838-8084b01,2011,full,betadown_252d,0.0003316521130996
20261005-010838-8084b01,2011,full,bidaskhl_21d,0.0015467793891092
20261005-010838-8084b01,2011,full,ret_3_1,-0.0034098346725597
20261005-010838-8084b01,2011,full,ret_9_1,0.0038034726349438
20261005-010838-8084b01,2011,full,ret_12_7,0.0040508614035435
20261005-010838-8084b01,2011,full,corr_1260d,-0.0015528589443921
20261005-010838-8084b01,2011,full,rmax5_21d,0.0018614055124659
20261005-010838-8084b01,2011,full,rmax5_rvol_21d,-0.005460372232121
20261005-010838-8084b01,2011,full,ni_be,0.0008322000867576
20261005-010838-8084b01,2011,full,ocf_at,-0.0039118024293669
20261005-010838-8084b01,2011,full,ocf_at_chg1,2.5076895955666275e-05
20261005-010838-8084b01,2011,full,mispricing_perf,-0.0002262734774939
20261005-010838-8084b01,2011,full,mispricing_mgmt,-0.0006577342964542
20261005-010838-8084b01,2011,full,qmj,-0.0054414087631517
20261005-010838-8084b01,2011,full,qmj_prof,0.0049359042601947
20261005-010838-8084b01,2011,full,qmj_growth,0.0042243232209231
20261005-010838-8084b01,2011,full,qmj_safety,0.0012731750858058
20261005-010838-8084b01,2013,public,niq_su,0.000108219577951
20261005-010838-8084b01,2013,public,ret_6_1,0.00284702433145
20261005-010838-8084b01,2013,public,ret_12_1,0.007040648344583
20261005-010838-8084b01,2013,public,saleq_su,0.0009057588242015
20261005-010838-8084b01,2013,public,tax_gr1a,-0.0005752089972359
20261005-010838-8084b01,2013,public,ni_inc8q,-0.0007380209870768
20261005-010838-8084b01,2013,public,prc_highprc_252d,0.0069583015724202
20261005-010838-8084b01,2013,public,resff3_6_1,-0.0015025716896851
20261005-010838-8084b01,2013,public,resff3_12_1,0.003967316227409
20261005-010838-8084b01,2013,public,be_me,0.0069212056498765
20261005-010838-8084b01,2013,public,debt_me,-0.0015185418688621
20261005-010838-8084b01,2013,public,at_me,-0.0023597599136503
20261005-010838-8084b01,2013,public,ret_60_12,-0.0044697992498824
20261005-010838-8084b01,2013,public,ni_me,-0.0011134282182969
20261005-010838-8084b01,2013,public,fcf_me,0.0006570906717258
20261005-010838-8084b01,2013,public,div12m_me,-0.000305422939778
20261005-010838-8084b01,2013,public,eqpo_me,-0.0024158988674571
20261005-010838-8084b01,2013,public,eqnpo_me,0.0008502906915206
20261005-010838-8084b01,2013,public,sale_gr3,0.0023729939747252
20261005-010838-8084b01,2013,public,sale_gr1,-0.0010806122945446
20261005-010838-8084b01,2013,public,ebitda_mev,0.0024125734018352
20261005-010838-8084b01,2013,public,sale_me,0.0052512570159447
20261005-010838-8084b01,2013,public,ocf_me,0.0025694695552141
20261005-010838-8084b01,2013,public,ival_me,-0.0011560187606623
20261005-010838-8084b01,2013,public,bev_mev,0.0037371374334072
20261005-010838-8084b01,2013,public,netdebt_me,-0.0009967170829712
20261005-010838-8084b01,2013,public,eq_dur,-0.0009875507503635
20261005-010838-8084b01,2013,public,capex_abn,0.0004138282979246
20261005-010838-8084b01,2013,public,at_gr1,0.0013006194784834
20261005-010838-8084b01,2013,public,ppeinv_gr1a,5.670511763292848e-05
20261005-010838-8084b01,2013,public,noa_at,-0.0027128180907702
20261005-010838-8084b01,2013,public,noa_gr1a,0.0003727861333884
20261005-010838-8084b01,2013,public,lnoa_gr1a,-0.0005409958169506
20261005-010838-8084b01,2013,public,capx_gr1,-0.0016080973950958
20261005-010838-8084b01,2013,public,capx_gr2,-0.0013019623157832
20261005-010838-8084b01,2013,public,capx_gr3,0.0007951581819664
20261005-010838-8084b01,2013,public,chcsho_12m,-0.0023594787513068
20261005-010838-8084b01,2013,public,eqnpo_12m,-0.0019989117972718
20261005-010838-8084b01,2013,public,debt_gr3,-0.0014348957689273
20261005-010838-8084b01,2013,public,inv_gr1,0.0006201535045307
20261005-010838-8084b01,2013,public,inv_gr1a,-0.0010243331572289
20261005-010838-8084b01,2013,public,oaccruals_at,0.000832520554178
20261005-010838-8084b01,2013,public,taccruals_at,-3.7665782688712256e-05
20261005-010838-8084b01,2013,public,cowc_gr1a,0.000793632930029
20261005-010838-8084b01,2013,public,coa_gr1a,-0.0021632438074525
20261005-010838-8084b01,2013,public,col_gr1a,0.0002466175237505
20261005-010838-8084b01,2013,public,nncoa_gr1a,0.0014214178418601
20261005-010838-8084b01,2013,public,ncoa_gr1a,-0.0020074630414379
20261005-010838-8084b01,2013,public,ncol_gr1a,0.0007070434069716
20261005-010838-8084b01,2013,public,nfna_gr1a,0.0002383656186552
20261005-010838-8084b01,2013,public,sti_gr1a,-0.0013814907084445
20261005-010838-8084b01,2013,public,lti_gr1a,-0.0009840447501076
20261005-010838-8084b01,2013,public,fnl_gr1a,-0.0013278661289673
20261005-010838-8084b01,2013,public,be_gr1a,-0.0039506305414151
20261005-010838-8084b01,2013,public,oaccruals_ni,-0.0015469554433845
20261005-010838-8084b01,2013,public,taccruals_ni,0.0013772124240812
20261005-010838-8084b01,2013,public,netis_at,-0.0009344348917837
20261005-010838-8084b01,2013,public,eqnetis_at,-0.0006016381747117
20261005-010838-8084b01,2013,public,dbnetis_at,0.0011741808010911
20261005-010838-8084b01,2013,public,niq_at,0.0066978191124334
20261005-010838-8084b01,2013,public,niq_at_chg1,0.0004028660065785
20261005-010838-8084b01,2013,public,ebit_bev,-0.002925428841523
20261005-010838-8084b01,2013,public,ebit_sale,0.0057966570769504
20261005-010838-8084b01,2013,public,sale_bev,0.0032673354648647
20261005-010838-8084b01,2013,public,at_turnover,0.0038240180550983
20261005-010838-8084b01,2013,public,f_score,-0.0020598046983755
20261005-010838-8084b01,2013,public,o_score,0.0051087939514679
20261005-010838-8084b01,2013,public,z_score,0.0008605271555155
20261005-010838-8084b01,2013,public,pi_nix,1.25269480640967e-06
20261005-010838-8084b01,2013,public,at_be,-0.0010757042496375
20261005-010838-8084b01,2013,public,saleq_gr1,0.0026806503502457
20261005-010838-8084b01,2013,public,rd_me,0.0080621965995991
20261005-010838-8084b01,2013,public,rd_sale,0.0005434478194097
20261005-010838-8084b01,2013,public,opex_at,-0.0054312627471931
20261005-010838-8084b01,2013,public,rd5_at,0.000611231511969
20261005-010838-8084b01,2013,public,age,-0.0001504378424637
20261005-010838-8084b01,2013,public,dsale_dinv,0.0013497177830732
20261005-010838-8084b01,2013,public,dsale_drec,-0.0006215661344701
20261005-010838-8084b01,2013,public,dgp_dsale,0.0014294176140654
20261005-010838-8084b01,2013,public,dsale_dsga,0.0010378997200015
20261005-010838-8084b01,2013,public,sale_emp_gr1,-0.0004246937695292
20261005-010838-8084b01,2013,public,tangibility,0.0018941007929558
20261005-010838-8084b01,2013,public,kz_index,-0.0004870857565205
20261005-010838-8084b01,2013,public,ocfq_saleq_std,0.0001038379509576
20261005-010838-8084b01,2013,public,cash_at,0.002917322924387
20261005-010838-8084b01,2013,public,ni_ar1,-0.0002849328207252
20261005-010838-8084b01,2013,public,ni_ivol,0.0022870999440519
20261005-010838-8084b01,2013,public,earnings_variability,-0.0009481378852675
20261005-010838-8084b01,2013,public,seas_1_1an,0.0008775450281045
20261005-010838-8084b01,2013,public,seas_1_1na,-0.0111032328248374
20261005-010838-8084b01,2013,public,seas_2_5an,0.006984220258915
20261005-010838-8084b01,2013,public,seas_2_5na,0.002805367565963
20261005-010838-8084b01,2013,public,seas_6_10an,0.0038874587747657
20261005-010838-8084b01,2013,public,seas_6_10na,-0.0017897455589004
20261005-010838-8084b01,2013,public,seas_11_15an,0.0026642022230904
20261005-010838-8084b01,2013,public,seas_11_15na,-0.0002751302803158
20261005-010838-8084b01,2013,public,seas_16_20an,0.002531063941498
20261005-010838-8084b01,2013,public,seas_16_20na,-0.0003554616118226
20261005-010838-8084b01,2013,public,market_equity,0.0004135942599835
20261005-010838-8084b01,2013,public,ivol_ff3_21d,0.0131627362823817
20261005-010838-8084b01,2013,public,ivol_capm_252d,0.0010525730002847
20261005-010838-8084b01,2013,public,ivol_capm_21d,-0.0107755420560835
20261005-010838-8084b01,2013,public,ivol_hxz4_21d,-0.0086695901470975
20261005-010838-8084b01,2013,public,rvol_21d,-0.0017069697871356
20261005-010838-8084b01,2013,public,beta_60m,0.0023944280407225
20261005-010838-8084b01,2013,public,beta_dimson_21d,0.0005477750051318
20261005-010838-8084b01,2013,public,turnover_126d,-0.0077416339395008
20261005-010838-8084b01,2013,public,turnover_var_126d,0.0153770228391737
20261005-010838-8084b01,2013,public,dolvol_126d,0.0016710981749344
20261005-010838-8084b01,2013,public,dolvol_var_126d,-0.0152051285066423
20261005-010838-8084b01,2013,public,prc,-0.0008909035065415
20261005-010838-8084b01,2013,public,ami_126d,0.0028946351184688
20261005-010838-8084b01,2013,public,zero_trades_21d,-0.0220370521870776
20261005-010838-8084b01,2013,public,zero_trades_126d,0.0091842202086326
20261005-010838-8084b01,2013,public,zero_trades_252d,0.0051304562947964
20261005-010838-8084b01,2013,public,rmax1_21d,-0.0010164839366407
20261005-010838-8084b01,2013,public,coskew_21d,0.0002574822670384
20261005-010838-8084b01,2013,public,ret_1_0,-0.0083558308944754
20261005-010838-8084b01,2013,public,betadown_252d,0.0010248187249773
20261005-010838-8084b01,2013,public,bidaskhl_21d,0.0010504429249495
20261005-010838-8084b01,2013,public,ret_3_1,-0.0025552391905914
20261005-010838-8084b01,2013,public,ret_9_1,0.005562290595971
20261005-010838-8084b01,2013,public,ret_12_7,0.0040973308880841
20261005-010838-8084b01,2013,public,ni_be,0.0041763816604742
20261005-010838-8084b01,2013,full,niq_su,-2.9024059603559957e-05
20261005-010838-8084b01,2013,full,ret_6_1,0.0025214794682559
20261005-010838-8084b01,2013,full,ret_12_1,0.0075806980726335
20261005-010838-8084b01,2013,full,saleq_su,0.0009232460651554
20261005-010838-8084b01,2013,full,tax_gr1a,-0.0008428508278436
20261005-010838-8084b01,2013,full,ni_inc8q,-0.0004230982750106
20261005-010838-8084b01,2013,full,prc_highprc_252d,0.0079284580625091
20261005-010838-8084b01,2013,full,resff3_6_1,-0.0014681442353866
20261005-010838-8084b01,2013,full,resff3_12_1,0.0040995394646508
20261005-010838-8084b01,2013,full,be_me,0.0068897429454833
20261005-010838-8084b01,2013,full,debt_me,-0.0015281731160828
20261005-010838-8084b01,2013,full,at_me,0.0024340147406581
20261005-010838-8084b01,2013,full,ret_60_12,-0.0034918297163221
20261005-010838-8084b01,2013,full,ni_me,0.0006268804893116
20261005-010838-8084b01,2013,full,fcf_me,0.0009966791303797
20261005-010838-8084b01,2013,full,div12m_me,0.0001761926097624
20261005-010838-8084b01,2013,full,eqpo_me,-0.0023407100426955
20261005-010838-8084b01,2013,full,eqnpo_me,0.0009709733185312
20261005-010838-8084b01,2013,full,sale_gr3,0.0017448471108376
20261005-010838-8084b01,2013,full,sale_gr1,-0.0014803890706292
20261005-010838-8084b01,2013,full,ebitda_mev,-0.0013551279787119
20261005-010838-8084b01,2013,full,sale_me,0.0038973540017851
20261005-010838-8084b01,2013,full,ocf_me,0.0033682863413133
20261005-010838-8084b01,2013,full,ival_me,-0.0009492657054179
20261005-010838-8084b01,2013,full,bev_mev,0.0045752282206214
20261005-010838-8084b01,2013,full,netdebt_me,-0.00369777948508
20261005-010838-8084b01,2013,full,eq_dur,-0.0020146303296506
20261005-010838-8084b01,2013,full,capex_abn,0.0003312561018448
20261005-010838-8084b01,2013,full,at_gr1,0.0005563669186655
20261005-010838-8084b01,2013,full,ppeinv_gr1a,-0.0009016510892184
20261005-010838-8084b01,2013,full,noa_at,-0.0036506181360126
20261005-010838-8084b01,2013,full,noa_gr1a,0.0003634246359246
20261005-010838-8084b01,2013,full,lnoa_gr1a,-0.0007551913865324
20261005-010838-8084b01,2013,full,capx_gr1,-0.0015885025865314
20261005-010838-8084b01,2013,full,capx_gr2,-0.0011801868711136
20261005-010838-8084b01,2013,full,capx_gr3,0.0008272077424041
20261005-010838-8084b01,2013,full,chcsho_12m,-0.0028610543825297
20261005-010838-8084b01,2013,full,eqnpo_12m,-0.0018482540601821
20261005-010838-8084b01,2013,full,debt_gr3,-0.0013723948413074
20261005-010838-8084b01,2013,full,inv_gr1,0.0006095323650529
20261005-010838-8084b01,2013,full,inv_gr1a,-0.0011156844965619
20261005-010838-8084b01,2013,full,oaccruals_at,0.0009332270819822
20261005-010838-8084b01,2013,full,taccruals_at,-0.0004761518223306
20261005-010838-8084b01,2013,full,cowc_gr1a,0.0002770651112471
20261005-010838-8084b01,2013,full,coa_gr1a,-0.0022962535090031
20261005-010838-8084b01,2013,full,col_gr1a,0.0006082811015584
20261005-010838-8084b01,2013,full,nncoa_gr1a,0.0011068637495623
20261005-010838-8084b01,2013,full,ncoa_gr1a,-0.0015962347014501
20261005-010838-8084b01,2013,full,ncol_gr1a,0.000792449360136
20261005-010838-8084b01,2013,full,nfna_gr1a,0.0006232033433414
20261005-010838-8084b01,2013,full,sti_gr1a,-0.0012844793580405
20261005-010838-8084b01,2013,full,lti_gr1a,-0.0008892148856314
20261005-010838-8084b01,2013,full,fnl_gr1a,-0.0007566680780674
20261005-010838-8084b01,2013,full,be_gr1a,-0.0043825670467096
20261005-010838-8084b01,2013,full,oaccruals_ni,-0.0012728771713389
20261005-010838-8084b01,2013,full,taccruals_ni,0.0011906553402687
20261005-010838-8084b01,2013,full,netis_at,-0.000532267534444
20261005-010838-8084b01,2013,full,eqnetis_at,-0.000757754077598
20261005-010838-8084b01,2013,full,dbnetis_at,0.0009395081259461
20261005-010838-8084b01,2013,full,niq_be,0.0043081701509202
20261005-010838-8084b01,2013,full,niq_be_chg1,-0.000126996195847
20261005-010838-8084b01,2013,full,niq_at,0.0027971133020726
20261005-010838-8084b01,2013,full,niq_at_chg1,0.0007158501345441
20261005-010838-8084b01,2013,full,ebit_bev,-0.0047265565520835
20261005-010838-8084b01,2013,full,ebit_sale,0.0026191760264359
20261005-010838-8084b01,2013,full,sale_bev,0.0027080112923237
20261005-010838-8084b01,2013,full,at_turnover,0.0006709800352506
20261005-010838-8084b01,2013,full,gp_at,0.0059940321866647
20261005-010838-8084b01,2013,full,gp_atl1,-0.0041822566947952
20261005-010838-8084b01,2013,full,ope_be,-0.0010852640685334
20261005-010838-8084b01,2013,full,ope_bel1,0.000754073488327
20261005-010838-8084b01,2013,full,op_at,0.0057936452228598
20261005-010838-8084b01,2013,full,op_atl1,0.0049957074381489
20261005-010838-8084b01,2013,full,cop_at,0.0034699751222505
20261005-010838-8084b01,2013,full,cop_atl1,-0.0021076317638639
20261005-010838-8084b01,2013,full,f_score,-0.0014355716241266
20261005-010838-8084b01,2013,full,o_score,0.0051705926617047
20261005-010838-8084b01,2013,full,z_score,8.062398113685867e-06
20261005-010838-8084b01,2013,full,pi_nix,-8.478396016792396e-05
20261005-010838-8084b01,2013,full,at_be,-0.0012585469589328
20261005-010838-8084b01,2013,full,saleq_gr1,0.0029276274540615
20261005-010838-8084b01,2013,full,rd_me,0.0064180438639923
20261005-010838-8084b01,2013,full,rd_sale,-0.0003484800073336
20261005-010838-8084b01,2013,full,opex_at,-0.0041144933635334
20261005-010838-8084b01,2013,full,emp_gr1,0.0014493662948266
20261005-010838-8084b01,2013,full,rd5_at,-0.0003938314252303
20261005-010838-8084b01,2013,full,age,6.350609649005638e-05
20261005-010838-8084b01,2013,full,dsale_dinv,0.0012533776648137
20261005-010838-8084b01,2013,full,dsale_drec,-0.0006776605873804
20261005-010838-8084b01,2013,full,dgp_dsale,0.0008083960537283
20261005-010838-8084b01,2013,full,dsale_dsga,0.0010036410492925
20261005-010838-8084b01,2013,full,sale_emp_gr1,0.0002950278145593
20261005-010838-8084b01,2013,full,tangibility,0.0013218954257842
20261005-010838-8084b01,2013,full,kz_index,-0.0009691940299704
20261005-010838-8084b01,2013,full,ocfq_saleq_std,-0.0004148671248123
20261005-010838-8084b01,2013,full,cash_at,0.0023832040040631
20261005-010838-8084b01,2013,full,ni_ar1,-0.0002529848618213
20261005-010838-8084b01,2013,full,ni_ivol,0.0011232205426383
20261005-010838-8084b01,2013,full,earnings_variability,-0.0008169271625832
20261005-010838-8084b01,2013,full,aliq_at,0.0022730992100584
20261005-010838-8084b01,2013,full,aliq_mat,-0.003035382701501
20261005-010838-8084b01,2013,full,seas_1_1an,0.000979652531671
20261005-010838-8084b01,2013,full,seas_1_1na,-0.0109772184527179
20261005-010838-8084b01,2013,full,seas_2_5an,0.0067460743530288
20261005-010838-8084b01,2013,full,seas_2_5na,0.0020527688612814
20261005-010838-8084b01,2013,full,seas_6_10an,0.0039351075719946
20261005-010838-8084b01,2013,full,seas_6_10na,-0.0017367694789469
20261005-010838-8084b01,2013,full,seas_11_15an,0.0026431694716153
20261005-010838-8084b01,2013,full,seas_11_15na,-0.0003345175077281
20261005-010838-8084b01,2013,full,seas_16_20an,0.0025473208484252
20261005-010838-8084b01,2013,full,seas_16_20na,-0.0003641833973904
20261005-010838-8084b01,2013,full,market_equity,0.0005373450844416
20261005-010838-8084b01,2013,full,ivol_ff3_21d,0.012926034766001
20261005-010838-8084b01,2013,full,ivol_capm_252d,-0.0034986942637934
20261005-010838-8084b01,2013,full,ivol_capm_21d,-0.0097876029154869
20261005-010838-8084b01,2013,full,ivol_hxz4_21d,-0.0096792253422459
20261005-010838-8084b01,2013,full,rvol_21d,0.0038896125664143
20261005-010838-8084b01,2013,full,beta_60m,0.0013128019908688
20261005-010838-8084b01,2013,full,betabab_1260d,0.0038519585958563
20261005-010838-8084b01,2013,full,beta_dimson_21d,0.000581908602066
20261005-010838-8084b01,2013,full,turnover_126d,-0.0080830025042762
20261005-010838-8084b01,2013,full,turnover_var_126d,0.0149817257421351
20261005-010838-8084b01,2013,full,dolvol_126d,0.0017107833964937
20261005-010838-8084b01,2013,full,dolvol_var_126d,-0.0151103087975499
20261005-010838-8084b01,2013,full,prc,-0.0007844569652425
20261005-010838-8084b01,2013,full,ami_126d,0.0039011823621171
20261005-010838-8084b01,2013,full,zero_trades_21d,-0.0224798555794033
20261005-010838-8084b01,2013,full,zero_trades_126d,0.0089936572786707
20261005-010838-8084b01,2013,full,zero_trades_252d,0.0059245374784619
20261005-010838-8084b01,2013,full,rmax1_21d,-0.0026965170771409
20261005-010838-8084b01,2013,full,rskew_21d,-0.0003838121789163
20261005-010838-8084b01,2013,full,iskew_capm_21d,0.0009625026025897
20261005-010838-8084b01,2013,full,iskew_ff3_21d,0.001366732857546
20261005-010838-8084b01,2013,full,iskew_hxz4_21d,0.0010950897807611
20261005-010838-8084b01,2013,full,coskew_21d,0.00069262740893
20261005-010838-8084b01,2013,full,ret_1_0,-0.0073491553275319
20261005-010838-8084b01,2013,full,betadown_252d,0.0002937559551811
20261005-010838-8084b01,2013,full,bidaskhl_21d,0.0008472333032025
20261005-010838-8084b01,2013,full,ret_3_1,-0.0028219426014456
20261005-010838-8084b01,2013,full,ret_9_1,0.0053203384046114
20261005-010838-8084b01,2013,full,ret_12_7,0.0043005389360909
20261005-010838-8084b01,2013,full,corr_1260d,-0.0019974680581915
20261005-010838-8084b01,2013,full,rmax5_21d,0.0001927380585616
20261005-010838-8084b01,2013,full,rmax5_rvol_21d,-0.0051649968245044
20261005-010838-8084b01,2013,full,ni_be,0.0011351719082245
20261005-010838-8084b01,2013,full,ocf_at,-0.0027150570745112
20261005-010838-8084b01,2013,full,ocf_at_chg1,-0.0003247221348102
20261005-010838-8084b01,2013,full,mispricing_perf,-0.0005767804233461
20261005-010838-8084b01,2013,full,mispricing_mgmt,-0.0018885550078303
20261005-010838-8084b01,2013,full,qmj,-0.0066380684634324
20261005-010838-8084b01,2013,full,qmj_prof,0.0023121680470291
20261005-010838-8084b01,2013,full,qmj_growth,0.0040915888843245
20261005-010838-8084b01,2013,full,qmj_safety,0.0011823855201745
20261005-010838-8084b01,2015,public,niq_su,0.0003139724699057
20261005-010838-8084b01,2015,public,ret_6_1,0.0014375971488231
20261005-010838-8084b01,2015,public,ret_12_1,0.0058633688272259
20261005-010838-8084b01,2015,public,saleq_su,0.0009601667613506
20261005-010838-8084b01,2015,public,tax_gr1a,-0.0004055329275543
20261005-010838-8084b01,2015,public,ni_inc8q,-0.0003136595526044
20261005-010838-8084b01,2015,public,prc_highprc_252d,0.0084795390525904
20261005-010838-8084b01,2015,public,resff3_6_1,-0.0015058166413935
20261005-010838-8084b01,2015,public,resff3_12_1,0.0043767524953359
20261005-010838-8084b01,2015,public,be_me,0.0070796687285984
20261005-010838-8084b01,2015,public,debt_me,-0.0022024515354091
20261005-010838-8084b01,2015,public,at_me,0.0032388842748098
20261005-010838-8084b01,2015,public,ret_60_12,-0.0046923418491955
20261005-010838-8084b01,2015,public,ni_me,-0.0032065786445712
20261005-010838-8084b01,2015,public,fcf_me,0.0004296941855437
20261005-010838-8084b01,2015,public,div12m_me,0.00045656556099
20261005-010838-8084b01,2015,public,eqpo_me,-0.0022861767339171
20261005-010838-8084b01,2015,public,eqnpo_me,0.0008763890887554
20261005-010838-8084b01,2015,public,sale_gr3,0.0020227937314053
20261005-010838-8084b01,2015,public,sale_gr1,-0.0016712719869681
20261005-010838-8084b01,2015,public,ebitda_mev,0.001922361017836
20261005-010838-8084b01,2015,public,sale_me,0.00454425365995
20261005-010838-8084b01,2015,public,ocf_me,0.0016512485293512
20261005-010838-8084b01,2015,public,ival_me,0.0002785032034058
20261005-010838-8084b01,2015,public,bev_mev,0.0036708343013759
20261005-010838-8084b01,2015,public,netdebt_me,-0.0022293595116794
20261005-010838-8084b01,2015,public,eq_dur,-0.0009050841098081
20261005-010838-8084b01,2015,public,capex_abn,0.0004849571098877
20261005-010838-8084b01,2015,public,at_gr1,0.0017708920376152
20261005-010838-8084b01,2015,public,ppeinv_gr1a,7.589223994340825e-05
20261005-010838-8084b01,2015,public,noa_at,-0.0029581100517157
20261005-010838-8084b01,2015,public,noa_gr1a,0.001086380864647
20261005-010838-8084b01,2015,public,lnoa_gr1a,-0.0006191390788253
20261005-010838-8084b01,2015,public,capx_gr1,-0.0017008020961953
20261005-010838-8084b01,2015,public,capx_gr2,-0.0012762864032
20261005-010838-8084b01,2015,public,capx_gr3,0.0005976521924974
20261005-010838-8084b01,2015,public,chcsho_12m,-0.0015679851222024
20261005-010838-8084b01,2015,public,eqnpo_12m,-0.0015460458583114
20261005-010838-8084b01,2015,public,debt_gr3,-0.0014467822572624
20261005-010838-8084b01,2015,public,inv_gr1,0.0003960647615475
20261005-010838-8084b01,2015,public,inv_gr1a,-0.0012983931638191
20261005-010838-8084b01,2015,public,oaccruals_at,-0.0005274683524392
20261005-010838-8084b01,2015,public,taccruals_at,-0.0002448153694078
20261005-010838-8084b01,2015,public,cowc_gr1a,0.0006735811946304
20261005-010838-8084b01,2015,public,coa_gr1a,-0.0018850233160413
20261005-010838-8084b01,2015,public,col_gr1a,0.0007957849558033
20261005-010838-8084b01,2015,public,nncoa_gr1a,0.0008775131973555
20261005-010838-8084b01,2015,public,ncoa_gr1a,-0.0014590245821798
20261005-010838-8084b01,2015,public,ncol_gr1a,0.0008575740288214
20261005-010838-8084b01,2015,public,nfna_gr1a,0.0003144681825532
20261005-010838-8084b01,2015,public,sti_gr1a,-0.0013578109254744
20261005-010838-8084b01,2015,public,lti_gr1a,-0.00081200519165
20261005-010838-8084b01,2015,public,fnl_gr1a,-0.0006758415908374
20261005-010838-8084b01,2015,public,be_gr1a,-0.0039688927647171
20261005-010838-8084b01,2015,public,oaccruals_ni,-0.0012778081524447
20261005-010838-8084b01,2015,public,taccruals_ni,0.0019543872236854
20261005-010838-8084b01,2015,public,netis_at,-0.0004089118632972
20261005-010838-8084b01,2015,public,eqnetis_at,-0.0005518481104858
20261005-010838-8084b01,2015,public,dbnetis_at,0.0008485675814077
20261005-010838-8084b01,2015,public,niq_at,0.0067121196525262
20261005-010838-8084b01,2015,public,niq_at_chg1,0.000273513624496
20261005-010838-8084b01,2015,public,ebit_bev,-0.0030008560811381
20261005-010838-8084b01,2015,public,ebit_sale,0.0041814606187831
20261005-010838-8084b01,2015,public,sale_bev,0.0022938311787
20261005-010838-8084b01,2015,public,at_turnover,-0.0005713462002925
20261005-010838-8084b01,2015,public,gp_at,0.0057065941371901
20261005-010838-8084b01,2015,public,gp_atl1,-0.0014109397393307
20261005-010838-8084b01,2015,public,f_score,-0.0012145522437668
20261005-010838-8084b01,2015,public,o_score,0.0057626142717877
20261005-010838-8084b01,2015,public,z_score,-0.0015788581363622
20261005-010838-8084b01,2015,public,pi_nix,0.0004565722853612
20261005-010838-8084b01,2015,public,at_be,-0.0032057162350287
20261005-010838-8084b01,2015,public,saleq_gr1,0.0028663909364313
20261005-010838-8084b01,2015,public,rd_me,0.0081348838595996
20261005-010838-8084b01,2015,public,rd_sale,0.0003801929423376
20261005-010838-8084b01,2015,public,opex_at,-0.0021896473377986
20261005-010838-8084b01,2015,public,emp_gr1,0.0012312821127901
20261005-010838-8084b01,2015,public,rd5_at,-0.0003407798504334
20261005-010838-8084b01,2015,public,age,-0.0001471165749649
20261005-010838-8084b01,2015,public,dsale_dinv,0.0009915121805217
20261005-010838-8084b01,2015,public,dsale_drec,-0.000619146990795
20261005-010838-8084b01,2015,public,dgp_dsale,0.0012437101026516
20261005-010838-8084b01,2015,public,dsale_dsga,0.0012088082872663
20261005-010838-8084b01,2015,public,sale_emp_gr1,0.0005489054619427
20261005-010838-8084b01,2015,public,tangibility,0.0023743740822544
20261005-010838-8084b01,2015,public,kz_index,-8.054601389854377e-05
20261005-010838-8084b01,2015,public,ocfq_saleq_std,0.0002497192601907
20261005-010838-8084b01,2015,public,cash_at,0.0029834563879843
20261005-010838-8084b01,2015,public,ni_ar1,-0.0004884006123795
20261005-010838-8084b01,2015,public,ni_ivol,0.0015732959599483
20261005-010838-8084b01,2015,public,earnings_variability,-0.0009688497997846
20261005-010838-8084b01,2015,public,aliq_at,0.0008017486707044
20261005-010838-8084b01,2015,public,aliq_mat,-0.0042995820240092
20261005-010838-8084b01,2015,public,seas_1_1an,0.0017288274563051
20261005-010838-8084b01,2015,public,seas_1_1na,-0.0079914615192822
20261005-010838-8084b01,2015,public,seas_2_5an,0.0070470325779059
20261005-010838-8084b01,2015,public,seas_2_5na,0.0033790002965117
20261005-010838-8084b01,2015,public,seas_6_10an,0.003963033055902
20261005-010838-8084b01,2015,public,seas_6_10na,-0.0018854162859678
20261005-010838-8084b01,2015,public,seas_11_15an,0.002726860620486
20261005-010838-8084b01,2015,public,seas_11_15na,-0.0005808863692884
20261005-010838-8084b01,2015,public,seas_16_20an,0.0024245464812165
20261005-010838-8084b01,2015,public,seas_16_20na,-0.0001800665652049
20261005-010838-8084b01,2015,public,market_equity,-0.0019951417233506
20261005-010838-8084b01,2015,public,ivol_ff3_21d,0.011817190869628
20261005-010838-8084b01,2015,public,ivol_capm_252d,0.0020180631649979
20261005-010838-8084b01,2015,public,ivol_capm_21d,-0.0111384889045387
20261005-010838-8084b01,2015,public,ivol_hxz4_21d,-0.0076608203522081
20261005-010838-8084b01,2015,public,rvol_21d,-0.0014620772920873
20261005-010838-8084b01,2015,public,beta_60m,0.0013051838874074
20261005-010838-8084b01,2015,public,betabab_1260d,0.0022514480316457
20261005-010838-8084b01,2015,public,beta_dimson_21d,0.0005761897191841
20261005-010838-8084b01,2015,public,turnover_126d,-0.008702100966339
20261005-010838-8084b01,2015,public,turnover_var_126d,0.0111264654229724
20261005-010838-8084b01,2015,public,dolvol_126d,0.002434652703949
20261005-010838-8084b01,2015,public,dolvol_var_126d,-0.0106633359240269
20261005-010838-8084b01,2015,public,prc,-0.0024210119622461
20261005-010838-8084b01,2015,public,ami_126d,0.0010293237301099
20261005-010838-8084b01,2015,public,zero_trades_21d,-0.0236155193415448
20261005-010838-8084b01,2015,public,zero_trades_126d,0.0097502719164583
20261005-010838-8084b01,2015,public,zero_trades_252d,0.0060831801094787
20261005-010838-8084b01,2015,public,rmax1_21d,0.0001621261010909
20261005-010838-8084b01,2015,public,coskew_21d,-2.5315492309127005e-05
20261005-010838-8084b01,2015,public,ret_1_0,-0.0096765721472757
20261005-010838-8084b01,2015,public,betadown_252d,0.0004752134970372
20261005-010838-8084b01,2015,public,bidaskhl_21d,0.00112900942552
20261005-010838-8084b01,2015,public,ret_3_1,-0.0030767099480319
20261005-010838-8084b01,2015,public,ret_9_1,0.0046865834103811
20261005-010838-8084b01,2015,public,ret_12_7,0.003289081126182
20261005-010838-8084b01,2015,public,ni_be,0.0052244016135805
20261005-010838-8084b01,2015,full,niq_su,0.0002308261225342
20261005-010838-8084b01,2015,full,ret_6_1,0.0011319281391867
20261005-010838-8084b01,2015,full,ret_12_1,0.0055754716418548
20261005-010838-8084b01,2015,full,saleq_su,0.0009322400078147
20261005-010838-8084b01,2015,full,tax_gr1a,-0.000675039846073
20261005-010838-8084b01,2015,full,ni_inc8q,1.7477390396976928e-05
20261005-010838-8084b01,2015,full,prc_highprc_252d,0.0091690962347119
20261005-010838-8084b01,2015,full,resff3_6_1,-0.0014588680342071
20261005-010838-8084b01,2015,full,resff3_12_1,0.0044494524072969
20261005-010838-8084b01,2015,full,be_me,0.0067041059646998
20261005-010838-8084b01,2015,full,debt_me,-0.0023901042465533
20261005-010838-8084b01,2015,full,at_me,0.0065780343900643
20261005-010838-8084b01,2015,full,ret_60_12,-0.003978162154
20261005-010838-8084b01,2015,full,ni_me,-0.0017840817418187
20261005-010838-8084b01,2015,full,fcf_me,0.0007942752363685
20261005-010838-8084b01,2015,full,div12m_me,0.0008108345417014
20261005-010838-8084b01,2015,full,eqpo_me,-0.0022835815678338
20261005-010838-8084b01,2015,full,eqnpo_me,0.0007967844059597
20261005-010838-8084b01,2015,full,sale_gr3,0.0016363114152665
20261005-010838-8084b01,2015,full,sale_gr1,-0.0017690991958046
20261005-010838-8084b01,2015,full,ebitda_mev,-0.0018915329938966
20261005-010838-8084b01,2015,full,sale_me,0.0037724252091884
20261005-010838-8084b01,2015,full,ocf_me,0.0025287163922529
20261005-010838-8084b01,2015,full,ival_me,0.0001532839088093
20261005-010838-8084b01,2015,full,bev_mev,0.0040739637404909
20261005-010838-8084b01,2015,full,netdebt_me,-0.0042403852851418
20261005-010838-8084b01,2015,full,eq_dur,-0.001296223944008
20261005-010838-8084b01,2015,full,capex_abn,0.0003295851156437
20261005-010838-8084b01,2015,full,at_gr1,0.0008402446042478
20261005-010838-8084b01,2015,full,ppeinv_gr1a,-0.0006100827959303
20261005-010838-8084b01,2015,full,noa_at,-0.0037912043649275
20261005-010838-8084b01,2015,full,noa_gr1a,0.0011459370965655
20261005-010838-8084b01,2015,full,lnoa_gr1a,-0.0006213474522073
20261005-010838-8084b01,2015,full,capx_gr1,-0.001670626117765
20261005-010838-8084b01,2015,full,capx_gr2,-0.0011478345361524
20261005-010838-8084b01,2015,full,capx_gr3,0.0007028242875205
20261005-010838-8084b01,2015,full,chcsho_12m,-0.0021201402045213
20261005-010838-8084b01,2015,full,eqnpo_12m,-0.001376887192262
20261005-010838-8084b01,2015,full,debt_gr3,-0.001312517089857
20261005-010838-8084b01,2015,full,inv_gr1,0.0001571507991627
20261005-010838-8084b01,2015,full,inv_gr1a,-0.001133764732055
20261005-010838-8084b01,2015,full,oaccruals_at,-0.0001907299413291
20261005-010838-8084b01,2015,full,taccruals_at,-0.0008622661516774
20261005-010838-8084b01,2015,full,cowc_gr1a,0.0002649021013302
20261005-010838-8084b01,2015,full,coa_gr1a,-0.0018688933118753
20261005-010838-8084b01,2015,full,col_gr1a,0.0009411744396615
20261005-010838-8084b01,2015,full,nncoa_gr1a,0.0006602336378322
20261005-010838-8084b01,2015,full,ncoa_gr1a,-0.0012197311437186
20261005-010838-8084b01,2015,full,ncol_gr1a,0.0008200277628973
20261005-010838-8084b01,2015,full,nfna_gr1a,0.0008012072917207
20261005-010838-8084b01,2015,full,sti_gr1a,-0.0012762670296446
20261005-010838-8084b01,2015,full,lti_gr1a,-0.0007325468400589
20261005-010838-8084b01,2015,full,fnl_gr1a,-0.0003719735401109
20261005-010838-8084b01,2015,full,be_gr1a,-0.0042820966240206
20261005-010838-8084b01,2015,full,oaccruals_ni,-0.0008708705169961
20261005-010838-8084b01,2015,full,taccruals_ni,0.0019442045003383
20261005-010838-8084b01,2015,full,netis_at,-0.0003316109922463
20261005-010838-8084b01,2015,full,eqnetis_at,-0.0007462868015452
20261005-010838-8084b01,2015,full,dbnetis_at,0.000845318371598
20261005-010838-8084b01,2015,full,niq_be,0.0035384918427129
20261005-010838-8084b01,2015,full,niq_be_chg1,-8.944878330380794e-05
20261005-010838-8084b01,2015,full,niq_at,0.0032317821665628
20261005-010838-8084b01,2015,full,niq_at_chg1,0.0005228112919843
20261005-010838-8084b01,2015,full,ebit_bev,-0.0045828389265098
20261005-010838-8084b01,2015,full,ebit_sale,0.0021826254848652
20261005-010838-8084b01,2015,full,sale_bev,0.0025518060760629
20261005-010838-8084b01,2015,full,at_turnover,-0.0026423023611487
20261005-010838-8084b01,2015,full,gp_at,0.0037228823897846
20261005-010838-8084b01,2015,full,gp_atl1,-0.0030039909489396
20261005-010838-8084b01,2015,full,ope_be,-0.0003739902387254
20261005-010838-8084b01,2015,full,ope_bel1,0.000772988289808
20261005-010838-8084b01,2015,full,op_at,0.0058535536255862
20261005-010838-8084b01,2015,full,op_atl1,0.0046137073866835
20261005-010838-8084b01,2015,full,cop_at,0.0035196870270785
20261005-010838-8084b01,2015,full,cop_atl1,-0.0019640743936634
20261005-010838-8084b01,2015,full,f_score,-0.0010238023009124
20261005-010838-8084b01,2015,full,o_score,0.0055014570288793
20261005-010838-8084b01,2015,full,z_score,-0.0013534725098534
20261005-010838-8084b01,2015,full,pi_nix,0.0002877587476595
20261005-010838-8084b01,2015,full,at_be,-0.003132255435484
20261005-010838-8084b01,2015,full,saleq_gr1,0.0029748652041504
20261005-010838-8084b01,2015,full,rd_me,0.0065982313227221
20261005-010838-8084b01,2015,full,rd_sale,-0.0003554562919837
20261005-010838-8084b01,2015,full,opex_at,-4.817003332623598e-05
20261005-010838-8084b01,2015,full,emp_gr1,0.0012749537906792
20261005-010838-8084b01,2015,full,rd5_at,-0.0007394244959838
20261005-010838-8084b01,2015,full,age,5.414081484335999e-05
20261005-010838-8084b01,2015,full,dsale_dinv,0.0009526527670321
20261005-010838-8084b01,2015,full,dsale_drec,-0.0006030295235288
20261005-010838-8084b01,2015,full,dgp_dsale,0.0008876639153697
20261005-010838-8084b01,2015,full,dsale_dsga,0.001040921711843
20261005-010838-8084b01,2015,full,sale_emp_gr1,0.0006119250309908
20261005-010838-8084b01,2015,full,tangibility,0.0013963258849214
20261005-010838-8084b01,2015,full,kz_index,-0.0003994947933211
20261005-010838-8084b01,2015,full,ocfq_saleq_std,-7.713555986087096e-05
20261005-010838-8084b01,2015,full,cash_at,0.0025537673058955
20261005-010838-8084b01,2015,full,ni_ar1,-0.0003807626950864
20261005-010838-8084b01,2015,full,ni_ivol,0.0004975024936723
20261005-010838-8084b01,2015,full,earnings_variability,-0.0007903565438026
20261005-010838-8084b01,2015,full,aliq_at,0.0018202086380199
20261005-010838-8084b01,2015,full,aliq_mat,-0.0042621695249744
20261005-010838-8084b01,2015,full,seas_1_1an,0.0017153968249093
20261005-010838-8084b01,2015,full,seas_1_1na,-0.0081645443806835
20261005-010838-8084b01,2015,full,seas_2_5an,0.00684300522375
20261005-010838-8084b01,2015,full,seas_2_5na,0.0026731534792402
20261005-010838-8084b01,2015,full,seas_6_10an,0.0040620654186611
20261005-010838-8084b01,2015,full,seas_6_10na,-0.001658238320649
20261005-010838-8084b01,2015,full,seas_11_15an,0.0027375448685378
20261005-010838-8084b01,2015,full,seas_11_15na,-0.0005784292373825
20261005-010838-8084b01,2015,full,seas_16_20an,0.0024664258460699
20261005-010838-8084b01,2015,full,seas_16_20na,-0.0001375199545387
20261005-010838-8084b01,2015,full,market_equity,-0.0021320855085464
20261005-010838-8084b01,2015,full,ivol_ff3_21d,0.0113861741115646
20261005-010838-8084b01,2015,full,ivol_capm_252d,-0.0014726838590343
20261005-010838-8084b01,2015,full,ivol_capm_21d,-0.0109411486808974
20261005-010838-8084b01,2015,full,ivol_hxz4_21d,-0.0084607061879285
20261005-010838-8084b01,2015,full,rvol_21d,0.0038834869800725
20261005-010838-8084b01,2015,full,beta_60m,0.0012987767232153
20261005-010838-8084b01,2015,full,betabab_1260d,0.0022864492134342
20261005-010838-8084b01,2015,full,beta_dimson_21d,0.0006902258080297
20261005-010838-8084b01,2015,full,turnover_126d,-0.0089278330267997
20261005-010838-8084b01,2015,full,turnover_var_126d,0.0109015590482608
20261005-010838-8084b01,2015,full,dolvol_126d,0.0023569393999963
20261005-010838-8084b01,2015,full,dolvol_var_126d,-0.0107802903426678
20261005-010838-8084b01,2015,full,prc,-0.0021483208465666
20261005-010838-8084b01,2015,full,ami_126d,0.0011443337950958
20261005-010838-8084b01,2015,full,zero_trades_21d,-0.0240616530296885
20261005-010838-8084b01,2015,full,zero_trades_126d,0.0099605491004891
20261005-010838-8084b01,2015,full,zero_trades_252d,0.0063598139459262
20261005-010838-8084b01,2015,full,rmax1_21d,-0.0022367126908162
20261005-010838-8084b01,2015,full,rskew_21d,-0.0003304482534397
20261005-010838-8084b01,2015,full,iskew_capm_21d,0.0009760040077501
20261005-010838-8084b01,2015,full,iskew_ff3_21d,0.0013425275631732
20261005-010838-8084b01,2015,full,iskew_hxz4_21d,0.001037310479445
20261005-010838-8084b01,2015,full,coskew_21d,0.0004407496944387
20261005-010838-8084b01,2015,full,ret_1_0,-0.009002954305749
20261005-010838-8084b01,2015,full,betadown_252d,0.0001875951611833
20261005-010838-8084b01,2015,full,bidaskhl_21d,0.0012030429629982
20261005-010838-8084b01,2015,full,ret_3_1,-0.0032785882520103
20261005-010838-8084b01,2015,full,ret_9_1,0.0044260840580015
20261005-010838-8084b01,2015,full,ret_12_7,0.0032844212145653
20261005-010838-8084b01,2015,full,corr_1260d,-0.0012331110884415
20261005-010838-8084b01,2015,full,rmax5_21d,0.0023661506255065
20261005-010838-8084b01,2015,full,rmax5_rvol_21d,-0.0053602131545468
20261005-010838-8084b01,2015,full,ni_be,0.001795922752945
20261005-010838-8084b01,2015,full,ocf_at,-0.0034793950608296
20261005-010838-8084b01,2015,full,ocf_at_chg1,-0.0002021885568819
20261005-010838-8084b01,2015,full,mispricing_perf,9.223314927331704e-05
20261005-010838-8084b01,2015,full,mispricing_mgmt,-0.001601060805686
20261005-010838-8084b01,2015,full,qmj,-0.0053454037595356
20261005-010838-8084b01,2015,full,qmj_prof,0.0038158866213125
20261005-010838-8084b01,2015,full,qmj_growth,0.0038916769084365
20261005-010838-8084b01,2015,full,qmj_safety,0.0006109395670978
20261005-010838-8084b01,2017,public,niq_su,-2.6001817398178075e-05
20261005-010838-8084b01,2017,public,ret_6_1,0.0011165544785548
20261005-010838-8084b01,2017,public,ret_12_1,0.0054744979719692
20261005-010838-8084b01,2017,public,saleq_su,0.0007650035695715
20261005-010838-8084b01,2017,public,tax_gr1a,-0.0005246613709315
20261005-010838-8084b01,2017,public,ni_inc8q,-0.0003982922062875
20261005-010838-8084b01,2017,public,prc_highprc_252d,0.0088329581228859
20261005-010838-8084b01,2017,public,resff3_6_1,-0.0011493611655682
20261005-010838-8084b01,2017,public,resff3_12_1,0.0039333149560627
20261005-010838-8084b01,2017,public,be_me,0.0062636804590358
20261005-010838-8084b01,2017,public,debt_me,-0.002608952094688
20261005-010838-8084b01,2017,public,at_me,0.0057671336910774
20261005-010838-8084b01,2017,public,ret_60_12,-0.0041585509471705
20261005-010838-8084b01,2017,public,ni_me,-0.0008677005771036
20261005-010838-8084b01,2017,public,fcf_me,0.0006528179193743
20261005-010838-8084b01,2017,public,div12m_me,0.0006306739771069
20261005-010838-8084b01,2017,public,eqpo_me,-0.0023163080552967
20261005-010838-8084b01,2017,public,eqnpo_me,0.0005291498959038
20261005-010838-8084b01,2017,public,sale_gr3,0.0015487762768874
20261005-010838-8084b01,2017,public,sale_gr1,-0.0019427020136658
20261005-010838-8084b01,2017,public,ebitda_mev,-0.0012030548218317
20261005-010838-8084b01,2017,public,sale_me,0.0034931378261939
20261005-010838-8084b01,2017,public,ocf_me,0.0011121915838784
20261005-010838-8084b01,2017,public,ival_me,-0.0002279522788471
20261005-010838-8084b01,2017,public,bev_mev,0.0040940764388424
20261005-010838-8084b01,2017,public,netdebt_me,-0.003543926444481
20261005-010838-8084b01,2017,public,eq_dur,-0.0014185997868936
20261005-010838-8084b01,2017,public,capex_abn,1.485676969888041e-05
20261005-010838-8084b01,2017,public,at_gr1,0.0009017457587412
20261005-010838-8084b01,2017,public,ppeinv_gr1a,-0.0005923632478022
20261005-010838-8084b01,2017,public,noa_at,-0.0040175325258466
20261005-010838-8084b01,2017,public,noa_gr1a,0.0012658591402847
20261005-010838-8084b01,2017,public,lnoa_gr1a,-0.0004555444598951
20261005-010838-8084b01,2017,public,capx_gr1,-0.0015984890084967
20261005-010838-8084b01,2017,public,capx_gr2,-0.0008258419704177
20261005-010838-8084b01,2017,public,capx_gr3,0.0007271302095067
20261005-010838-8084b01,2017,public,chcsho_12m,-0.0021715806390601
20261005-010838-8084b01,2017,public,eqnpo_12m,-0.0011310586592449
20261005-010838-8084b01,2017,public,debt_gr3,-0.0013678088273644
20261005-010838-8084b01,2017,public,inv_gr1,0.0004379638638807
20261005-010838-8084b01,2017,public,inv_gr1a,-0.0013846926775148
20261005-010838-8084b01,2017,public,oaccruals_at,-0.0002949741592349
20261005-010838-8084b01,2017,public,taccruals_at,-0.0007579661532129
20261005-010838-8084b01,2017,public,cowc_gr1a,0.0001504821757062
20261005-010838-8084b01,2017,public,coa_gr1a,-0.0014379854705756
20261005-010838-8084b01,2017,public,col_gr1a,0.0007707164652941
20261005-010838-8084b01,2017,public,nncoa_gr1a,0.0005081542455341
20261005-010838-8084b01,2017,public,ncoa_gr1a,-0.0012725651075709
20261005-010838-8084b01,2017,public,ncol_gr1a,0.0007137697034958
20261005-010838-8084b01,2017,public,nfna_gr1a,0.0006390001083379
20261005-010838-8084b01,2017,public,sti_gr1a,-0.0010710439408672
20261005-010838-8084b01,2017,public,lti_gr1a,-0.0006752533855996
20261005-010838-8084b01,2017,public,fnl_gr1a,-0.0002790202093692
20261005-010838-8084b01,2017,public,be_gr1a,-0.0037877473703325
20261005-010838-8084b01,2017,public,oaccruals_ni,-0.0006833994343556
20261005-010838-8084b01,2017,public,taccruals_ni,0.0016915110297671
20261005-010838-8084b01,2017,public,netis_at,-4.544597930598627e-05
20261005-010838-8084b01,2017,public,eqnetis_at,-0.000822422463272
20261005-010838-8084b01,2017,public,dbnetis_at,0.0005882296218798
20261005-010838-8084b01,2017,public,niq_be,0.0039212513823622
20261005-010838-8084b01,2017,public,niq_be_chg1,0.0003327279512089
20261005-010838-8084b01,2017,public,niq_at,0.0027775999878669
20261005-010838-8084b01,2017,public,niq_at_chg1,0.0002024860500108
20261005-010838-8084b01,2017,public,ebit_bev,-0.0046739771529797
20261005-010838-8084b01,2017,public,ebit_sale,0.0022024153273797
20261005-010838-8084b01,2017,public,sale_bev,0.0028297757121956
20261005-010838-8084b01,2017,public,at_turnover,-0.0022822999047846
20261005-010838-8084b01,2017,public,gp_at,0.005081428159328
20261005-010838-8084b01,2017,public,gp_atl1,-0.0033655690837143
20261005-010838-8084b01,2017,public,ope_be,-0.000535776923887
20261005-010838-8084b01,2017,public,ope_bel1,0.0009915532971339
20261005-010838-8084b01,2017,public,op_at,0.005497135304093
20261005-010838-8084b01,2017,public,op_atl1,0.0043402851783743
20261005-010838-8084b01,2017,public,cop_at,0.0030382281087
20261005-010838-8084b01,2017,public,cop_atl1,-0.0019719161687471
20261005-010838-8084b01,2017,public,f_score,-0.0010234982301061
20261005-010838-8084b01,2017,public,o_score,0.0062727165288458
20261005-010838-8084b01,2017,public,z_score,-0.0010148073194279
20261005-010838-8084b01,2017,public,pi_nix,0.0002726724305912
20261005-010838-8084b01,2017,public,at_be,-0.0027561156357314
20261005-010838-8084b01,2017,public,saleq_gr1,0.0030837625150412
20261005-010838-8084b01,2017,public,rd_me,0.006332262573831
20261005-010838-8084b01,2017,public,rd_sale,0.0003391708874688
20261005-010838-8084b01,2017,public,opex_at,-0.0012522671777594
20261005-010838-8084b01,2017,public,emp_gr1,0.0011703336793206
20261005-010838-8084b01,2017,public,rd5_at,-0.0010307703314495
20261005-010838-8084b01,2017,public,age,0.0002892521328974
20261005-010838-8084b01,2017,public,dsale_dinv,0.0009046374787043
20261005-010838-8084b01,2017,public,dsale_drec,-0.000576932063553
20261005-010838-8084b01,2017,public,dgp_dsale,0.0011443631631758
20261005-010838-8084b01,2017,public,dsale_dsga,0.0009583787584983
20261005-010838-8084b01,2017,public,sale_emp_gr1,0.0004335399141371
20261005-010838-8084b01,2017,public,tangibility,0.0013526951948849
20261005-010838-8084b01,2017,public,kz_index,-5.403736013896711e-05
20261005-010838-8084b01,2017,public,ocfq_saleq_std,-5.834567261849702e-05
20261005-010838-8084b01,2017,public,cash_at,0.0025124594249372
20261005-010838-8084b01,2017,public,ni_ar1,-0.0003032650886389
20261005-010838-8084b01,2017,public,ni_ivol,0.0011175719848102
20261005-010838-8084b01,2017,public,earnings_variability,-0.0008415377540554
20261005-010838-8084b01,2017,public,aliq_at,0.0013643816608425
20261005-010838-8084b01,2017,public,aliq_mat,-0.0040203201517703
20261005-010838-8084b01,2017,public,seas_1_1an,0.0016779187538803
20261005-010838-8084b01,2017,public,seas_1_1na,-0.007285892928933
20261005-010838-8084b01,2017,public,seas_2_5an,0.0066184957149669
20261005-010838-8084b01,2017,public,seas_2_5na,0.0030308966469059
20261005-010838-8084b01,2017,public,seas_6_10an,0.0039328482908178
20261005-010838-8084b01,2017,public,seas_6_10na,-0.0021467450493466
20261005-010838-8084b01,2017,public,seas_11_15an,0.0025732217429142
20261005-010838-8084b01,2017,public,seas_11_15na,-0.0009291723027115
20261005-010838-8084b01,2017,public,seas_16_20an,0.0024734438144074
20261005-010838-8084b01,2017,public,seas_16_20na,-0.0004253154261224
20261005-010838-8084b01,2017,public,market_equity,-0.0017450402300606
20261005-010838-8084b01,2017,public,ivol_ff3_21d,0.0114047970893733
20261005-010838-8084b01,2017,public,ivol_capm_252d,0.0018910991969857
20261005-010838-8084b01,2017,public,ivol_capm_21d,-0.0128097354272357
20261005-010838-8084b01,2017,public,ivol_hxz4_21d,-0.007881858024528
20261005-010838-8084b01,2017,public,rvol_21d,0.0027152580860821
20261005-010838-8084b01,2017,public,beta_60m,0.0009330924793928
20261005-010838-8084b01,2017,public,betabab_1260d,0.0022909188542229
20261005-010838-8084b01,2017,public,beta_dimson_21d,0.0003454189791834
20261005-010838-8084b01,2017,public,turnover_126d,-0.0078771703207655
20261005-010838-8084b01,2017,public,turnover_var_126d,0.0112292355847438
20261005-010838-8084b01,2017,public,dolvol_126d,0.0010074694959979
20261005-010838-8084b01,2017,public,dolvol_var_126d,-0.0108627351811265
20261005-010838-8084b01,2017,public,prc,-0.0025862004582228
20261005-010838-8084b01,2017,public,ami_126d,0.0006424864697901
20261005-010838-8084b01,2017,public,zero_trades_21d,-0.0234920835872441
20261005-010838-8084b01,2017,public,zero_trades_126d,0.0098292717159995
20261005-010838-8084b01,2017,public,zero_trades_252d,0.0063912195890185
20261005-010838-8084b01,2017,public,rmax1_21d,-0.0027203931974002
20261005-010838-8084b01,2017,public,rskew_21d,-0.0008824447025917
20261005-010838-8084b01,2017,public,iskew_capm_21d,0.0004995733453619
20261005-010838-8084b01,2017,public,iskew_ff3_21d,0.0015711769019227
20261005-010838-8084b01,2017,public,iskew_hxz4_21d,0.0011321442701543
20261005-010838-8084b01,2017,public,coskew_21d,0.0004188679608367
20261005-010838-8084b01,2017,public,ret_1_0,-0.009426241917023
20261005-010838-8084b01,2017,public,betadown_252d,0.0004434232601536
20261005-010838-8084b01,2017,public,bidaskhl_21d,0.0013445126315952
20261005-010838-8084b01,2017,public,ret_3_1,-0.0029229752164481
20261005-010838-8084b01,2017,public,ret_9_1,0.0044515911784557
20261005-010838-8084b01,2017,public,ret_12_7,0.0032001763906882
20261005-010838-8084b01,2017,public,ni_be,0.0022571464709068
20261005-010838-8084b01,2017,public,mispricing_perf,0.0004406148222756
20261005-010838-8084b01,2017,public,mispricing_mgmt,-0.0017921964430907
20261005-010838-8084b01,2017,full,niq_su,2.007071852774115e-05
20261005-010838-8084b01,2017,full,ret_6_1,0.0008611387292027
20261005-010838-8084b01,2017,full,ret_12_1,0.0053745898940024
20261005-010838-8084b01,2017,full,saleq_su,0.0007962740175194
20261005-010838-8084b01,2017,full,tax_gr1a,-0.0006524548094281
20261005-010838-8084b01,2017,full,ni_inc8q,-0.0001962597311831
20261005-010838-8084b01,2017,full,prc_highprc_252d,0.0094612292559851
20261005-010838-8084b01,2017,full,resff3_6_1,-0.0010902074378652
20261005-010838-8084b01,2017,full,resff3_12_1,0.0039403581938203
20261005-010838-8084b01,2017,full,be_me,0.0064188763635453
20261005-010838-8084b01,2017,full,debt_me,-0.0023841444067691
20261005-010838-8084b01,2017,full,at_me,0.0056572891921355
20261005-010838-8084b01,2017,full,ret_60_12,-0.0036360398368698
20261005-010838-8084b01,2017,full,ni_me,-0.0010934591557849
20261005-010838-8084b01,2017,full,fcf_me,0.000684607451652
20261005-010838-8084b01,2017,full,div12m_me,0.0006578536985956
20261005-010838-8084b01,2017,full,eqpo_me,-0.0021707351711496
20261005-010838-8084b01,2017,full,eqnpo_me,0.0004532002415492
20261005-010838-8084b01,2017,full,sale_gr3,0.0015968135444651
20261005-010838-8084b01,2017,full,sale_gr1,-0.0019632209506938
20261005-010838-8084b01,2017,full,ebitda_mev,-0.001352767377825
20261005-010838-8084b01,2017,full,sale_me,0.003593059599222
20261005-010838-8084b01,2017,full,ocf_me,0.0017444306457809
20261005-010838-8084b01,2017,full,ival_me,-0.0001912736146576
20261005-010838-8084b01,2017,full,bev_mev,0.00403425203621
20261005-010838-8084b01,2017,full,netdebt_me,-0.0037851313847227
20261005-010838-8084b01,2017,full,eq_dur,-0.0012706488284915
20261005-010838-8084b01,2017,full,capex_abn,3.5574769013146594e-05
20261005-010838-8084b01,2017,full,at_gr1,0.0008951138326209
20261005-010838-8084b01,2017,full,ppeinv_gr1a,-0.0005704290217195
20261005-010838-8084b01,2017,full,noa_at,-0.004001056564564
20261005-010838-8084b01,2017,full,noa_gr1a,0.001246491205907
20261005-010838-8084b01,2017,full,lnoa_gr1a,-0.0003492533037176
20261005-010838-8084b01,2017,full,capx_gr1,-0.00166626909699
20261005-010838-8084b01,2017,full,capx_gr2,-0.000820321374444
20261005-010838-8084b01,2017,full,capx_gr3,0.0006910163638663
20261005-010838-8084b01,2017,full,chcsho_12m,-0.0021521097094373
20261005-010838-8084b01,2017,full,eqnpo_12m,-0.0010797870373374
20261005-010838-8084b01,2017,full,debt_gr3,-0.0013593364412541
20261005-010838-8084b01,2017,full,inv_gr1,0.0003570677951679
20261005-010838-8084b01,2017,full,inv_gr1a,-0.0013257099483668
20261005-010838-8084b01,2017,full,oaccruals_at,-0.0001359827367062
20261005-010838-8084b01,2017,full,taccruals_at,-0.0009391967882399
20261005-010838-8084b01,2017,full,cowc_gr1a,5.131626757287075e-05
20261005-010838-8084b01,2017,full,coa_gr1a,-0.0014991275326898
20261005-010838-8084b01,2017,full,col_gr1a,0.0007809922124003
20261005-010838-8084b01,2017,full,nncoa_gr1a,0.0004243205294549
20261005-010838-8084b01,2017,full,ncoa_gr1a,-0.0011938429850654
20261005-010838-8084b01,2017,full,ncol_gr1a,0.0007077923494431
20261005-010838-8084b01,2017,full,nfna_gr1a,0.00085287525732
20261005-010838-8084b01,2017,full,sti_gr1a,-0.0010476141699665
20261005-010838-8084b01,2017,full,lti_gr1a,-0.0006447340026344
20261005-010838-8084b01,2017,full,fnl_gr1a,-0.0001796164744847
20261005-010838-8084b01,2017,full,be_gr1a,-0.0038637558942112
20261005-010838-8084b01,2017,full,oaccruals_ni,-0.0005594516342282
20261005-010838-8084b01,2017,full,taccruals_ni,0.0015895663763746
20261005-010838-8084b01,2017,full,netis_at,-0.0001223212700989
20261005-010838-8084b01,2017,full,eqnetis_at,-0.0009445313088252
20261005-010838-8084b01,2017,full,dbnetis_at,0.0006285999296367
20261005-010838-8084b01,2017,full,niq_be,0.003627080881391
20261005-010838-8084b01,2017,full,niq_be_chg1,0.0003195740680548
20261005-010838-8084b01,2017,full,niq_at,0.0032579166532284
20261005-010838-8084b01,2017,full,niq_at_chg1,0.000210213583069
20261005-010838-8084b01,2017,full,ebit_bev,-0.0044230583157966
20261005-010838-8084b01,2017,full,ebit_sale,0.0017756536246361
20261005-010838-8084b01,2017,full,sale_bev,0.0025617669836555
20261005-010838-8084b01,2017,full,at_turnover,-0.0021483784922764
20261005-010838-8084b01,2017,full,gp_at,0.0036580753407494
20261005-010838-8084b01,2017,full,gp_atl1,-0.0030801922274532
20261005-010838-8084b01,2017,full,ope_be,-0.0004362254137881
20261005-010838-8084b01,2017,full,ope_bel1,0.0009739378264636
20261005-010838-8084b01,2017,full,op_at,0.0054358293571025
20261005-010838-8084b01,2017,full,op_atl1,0.0041169544065
20261005-010838-8084b01,2017,full,cop_at,0.0037515913142605
20261005-010838-8084b01,2017,full,cop_atl1,-0.0021212056912202
20261005-010838-8084b01,2017,full,f_score,-0.0008309846943641
20261005-010838-8084b01,2017,full,o_score,0.0055318923724999
20261005-010838-8084b01,2017,full,z_score,-0.0008587099296425
20261005-010838-8084b01,2017,full,pi_nix,0.0002874825876801
20261005-010838-8084b01,2017,full,at_be,-0.0028269777206289
20261005-010838-8084b01,2017,full,saleq_gr1,0.0030439977096053
20261005-010838-8084b01,2017,full,rd_me,0.0064491221601443
20261005-010838-8084b01,2017,full,rd_sale,1.0004428189217322e-05
20261005-010838-8084b01,2017,full,opex_at,-0.0008939787699917
20261005-010838-8084b01,2017,full,emp_gr1,0.0011871067949291
20261005-010838-8084b01,2017,full,rd5_at,-0.0009602873812234
20261005-010838-8084b01,2017,full,age,0.0003156940325234
20261005-010838-8084b01,2017,full,dsale_dinv,0.0008791303073436
20261005-010838-8084b01,2017,full,dsale_drec,-0.000596178410711
20261005-010838-8084b01,2017,full,dgp_dsale,0.0009724268202416
20261005-010838-8084b01,2017,full,dsale_dsga,0.0009859852893072
20261005-010838-8084b01,2017,full,sale_emp_gr1,0.0004706262398815
20261005-010838-8084b01,2017,full,tangibility,0.0012415408817112
20261005-010838-8084b01,2017,full,kz_index,-7.641131474492423e-05
20261005-010838-8084b01,2017,full,ocfq_saleq_std,-0.0002504077533124
20261005-010838-8084b01,2017,full,cash_at,0.0024016590176839
20261005-010838-8084b01,2017,full,ni_ar1,-0.0002135634178906
20261005-010838-8084b01,2017,full,ni_ivol,0.000487239153564
20261005-010838-8084b01,2017,full,earnings_variability,-0.0008135854564653
20261005-010838-8084b01,2017,full,aliq_at,0.0015008780131136
20261005-010838-8084b01,2017,full,aliq_mat,-0.0041766136820233
20261005-010838-8084b01,2017,full,seas_1_1an,0.001689185916292
20261005-010838-8084b01,2017,full,seas_1_1na,-0.0073923123041703
20261005-010838-8084b01,2017,full,seas_2_5an,0.0064881760701051
20261005-010838-8084b01,2017,full,seas_2_5na,0.0025779510299862
20261005-010838-8084b01,2017,full,seas_6_10an,0.0040304922155188
20261005-010838-8084b01,2017,full,seas_6_10na,-0.0018988169110643
20261005-010838-8084b01,2017,full,seas_11_15an,0.0026053163359155
20261005-010838-8084b01,2017,full,seas_11_15na,-0.0008437357356873
20261005-010838-8084b01,2017,full,seas_16_20an,0.0025090618121445
20261005-010838-8084b01,2017,full,seas_16_20na,-0.000367144410768
20261005-010838-8084b01,2017,full,market_equity,-0.0020187712949367
20261005-010838-8084b01,2017,full,ivol_ff3_21d,0.0114408562742406
20261005-010838-8084b01,2017,full,ivol_capm_252d,-0.0015875125415227
20261005-010838-8084b01,2017,full,ivol_capm_21d,-0.0129963213276306
20261005-010838-8084b01,2017,full,ivol_hxz4_21d,-0.0082386520268321
20261005-010838-8084b01,2017,full,rvol_21d,0.0047464166579572
20261005-010838-8084b01,2017,full,beta_60m,0.0010083736005457
20261005-010838-8084b01,2017,full,betabab_1260d,0.0028534331667581
20261005-010838-8084b01,2017,full,beta_dimson_21d,0.0004850249169003
20261005-010838-8084b01,2017,full,turnover_126d,-0.0083031753385506
20261005-010838-8084b01,2017,full,turnover_var_126d,0.0109739353266481
20261005-010838-8084b01,2017,full,dolvol_126d,0.0015960329164354
20261005-010838-8084b01,2017,full,dolvol_var_126d,-0.0108257671597866
20261005-010838-8084b01,2017,full,prc,-0.0023865494923011
20261005-010838-8084b01,2017,full,ami_126d,0.0004548544527872
20261005-010838-8084b01,2017,full,zero_trades_21d,-0.0239346958940126
20261005-010838-8084b01,2017,full,zero_trades_126d,0.010205899557084
20261005-010838-8084b01,2017,full,zero_trades_252d,0.0065407498482279
20261005-010838-8084b01,2017,full,rmax1_21d,-0.002001049459969
20261005-010838-8084b01,2017,full,rskew_21d,-0.0004081469164384
20261005-010838-8084b01,2017,full,iskew_capm_21d,0.0005367701716461
20261005-010838-8084b01,2017,full,iskew_ff3_21d,0.0015596105898031
20261005-010838-8084b01,2017,full,iskew_hxz4_21d,0.0011516817717042
20261005-010838-8084b01,2017,full,coskew_21d,0.0004163471433048
20261005-010838-8084b01,2017,full,ret_1_0,-0.0087485038730619
20261005-010838-8084b01,2017,full,betadown_252d,0.0002442678132064
20261005-010838-8084b01,2017,full,bidaskhl_21d,0.0014657747675781
20261005-010838-8084b01,2017,full,ret_3_1,-0.0030776391433394
20261005-010838-8084b01,2017,full,ret_9_1,0.0042371801047695
20261005-010838-8084b01,2017,full,ret_12_7,0.0032215539103955
20261005-010838-8084b01,2017,full,corr_1260d,-0.0014282956530443
20261005-010838-8084b01,2017,full,rmax5_21d,0.0026345496040306
20261005-010838-8084b01,2017,full,rmax5_rvol_21d,-0.0052283754447189
20261005-010838-8084b01,2017,full,ni_be,0.0015051103607939
20261005-010838-8084b01,2017,full,ocf_at,-0.0023428529089034
20261005-010838-8084b01,2017,full,ocf_at_chg1,-0.0003040007461948
20261005-010838-8084b01,2017,full,mispricing_perf,0.0002899027534767
20261005-010838-8084b01,2017,full,mispricing_mgmt,-0.001715695099529
20261005-010838-8084b01,2017,full,qmj,-0.0048433475380506
20261005-010838-8084b01,2017,full,qmj_prof,0.0035492677339491
20261005-010838-8084b01,2017,full,qmj_growth,0.0033387152343168
20261005-010838-8084b01,2017,full,qmj_safety,0.0008592016475981
20261005-010838-8084b01,2019,public,niq_su,0.000178170491886
20261005-010838-8084b01,2019,public,ret_6_1,0.0022604138922774
20261005-010838-8084b01,2019,public,ret_12_1,0.0058490342432839
20261005-010838-8084b01,2019,public,saleq_su,0.0008312432968182
20261005-010838-8084b01,2019,public,tax_gr1a,-0.0006143775573145
20261005-010838-8084b01,2019,public,ni_inc8q,-0.0002953242675938
20261005-010838-8084b01,2019,public,prc_highprc_252d,0.0065744049064987
20261005-010838-8084b01,2019,public,resff3_6_1,-0.0009525820679948
20261005-010838-8084b01,2019,public,resff3_12_1,0.0031609075483225
20261005-010838-8084b01,2019,public,be_me,0.0060195910652808
20261005-010838-8084b01,2019,public,debt_me,-0.0023667265455708
20261005-010838-8084b01,2019,public,at_me,0.0023381496984478
20261005-010838-8084b01,2019,public,ret_60_12,-0.0021281772293455
20261005-010838-8084b01,2019,public,ni_me,0.0009488811932732
20261005-010838-8084b01,2019,public,fcf_me,0.0003096103414151
20261005-010838-8084b01,2019,public,div12m_me,0.000468588476248
20261005-010838-8084b01,2019,public,eqpo_me,-0.0025108527983689
20261005-010838-8084b01,2019,public,eqnpo_me,0.0012541291363203
20261005-010838-8084b01,2019,public,sale_gr3,0.0015351861103632
20261005-010838-8084b01,2019,public,sale_gr1,-0.0018376487784551
20261005-010838-8084b01,2019,public,ebitda_mev,0.0002871064597251
20261005-010838-8084b01,2019,public,sale_me,0.0040156036705989
20261005-010838-8084b01,2019,public,ocf_me,0.0024847529307916
20261005-010838-8084b01,2019,public,ival_me,-0.0012582522108591
20261005-010838-8084b01,2019,public,bev_mev,0.0043777879930902
20261005-010838-8084b01,2019,public,netdebt_me,-0.0032734912826554
20261005-010838-8084b01,2019,public,eq_dur,-0.0015827856380647
20261005-010838-8084b01,2019,public,capex_abn,0.0001650219700677
20261005-010838-8084b01,2019,public,at_gr1,0.0001024877808436
20261005-010838-8084b01,2019,public,ppeinv_gr1a,-0.0004669471226417
20261005-010838-8084b01,2019,public,noa_at,-0.0031467000131868
20261005-010838-8084b01,2019,public,noa_gr1a,0.0007580455023526
20261005-010838-8084b01,2019,public,lnoa_gr1a,-0.0007537610096673
20261005-010838-8084b01,2019,public,capx_gr1,-0.0014911724023877
20261005-010838-8084b01,2019,public,capx_gr2,-0.0007233473147389
20261005-010838-8084b01,2019,public,capx_gr3,0.0008154432927936
20261005-010838-8084b01,2019,public,chcsho_12m,-0.0030790783433087
20261005-010838-8084b01,2019,public,eqnpo_12m,-0.0019402671144335
20261005-010838-8084b01,2019,public,debt_gr3,-0.0013678796748129
20261005-010838-8084b01,2019,public,inv_gr1,0.0008229056173488
20261005-010838-8084b01,2019,public,inv_gr1a,-0.0015247802898585
20261005-010838-8084b01,2019,public,oaccruals_at,1.1312974476376985e-05
20261005-010838-8084b01,2019,public,taccruals_at,-0.0007780935015896
20261005-010838-8084b01,2019,public,cowc_gr1a,0.0001967807343827
20261005-010838-8084b01,2019,public,coa_gr1a,-0.0014332554559356
20261005-010838-8084b01,2019,public,col_gr1a,0.0002297503113796
20261005-010838-8084b01,2019,public,nncoa_gr1a,0.0008102361130544
20261005-010838-8084b01,2019,public,ncoa_gr1a,-0.0014391167326548
20261005-010838-8084b01,2019,public,ncol_gr1a,0.0006619487283117
20261005-010838-8084b01,2019,public,nfna_gr1a,0.0002152244144142
20261005-010838-8084b01,2019,public,sti_gr1a,-0.0009926739828214
20261005-010838-8084b01,2019,public,lti_gr1a,-0.0006042918474038
20261005-010838-8084b01,2019,public,fnl_gr1a,-0.0010486667655179
20261005-010838-8084b01,2019,public,be_gr1a,-0.0036512396247642
20261005-010838-8084b01,2019,public,oaccruals_ni,-0.0004917625058969
20261005-010838-8084b01,2019,public,taccruals_ni,0.0013709429096792
20261005-010838-8084b01,2019,public,netis_at,-0.0007491976395759
20261005-010838-8084b01,2019,public,eqnetis_at,-1.923040151025429e-05
20261005-010838-8084b01,2019,public,dbnetis_at,0.0010938819016372
20261005-010838-8084b01,2019,public,niq_be,0.0040807354934005
20261005-010838-8084b01,2019,public,niq_be_chg1,0.0001797069690128
20261005-010838-8084b01,2019,public,niq_at,0.0022537988017114
20261005-010838-8084b01,2019,public,niq_at_chg1,7.565262685078015e-05
20261005-010838-8084b01,2019,public,ebit_bev,-0.0044211537099424
20261005-010838-8084b01,2019,public,ebit_sale,0.0025810069695574
20261005-010838-8084b01,2019,public,sale_bev,0.0025334993522108
20261005-010838-8084b01,2019,public,at_turnover,0.0002704591437811
20261005-010838-8084b01,2019,public,gp_at,0.0064389648290742
20261005-010838-8084b01,2019,public,gp_atl1,-0.0043639068275405
20261005-010838-8084b01,2019,public,ope_be,-0.0008710555282236
20261005-010838-8084b01,2019,public,ope_bel1,0.0003565817179518
20261005-010838-8084b01,2019,public,op_at,0.0041487643873756
20261005-010838-8084b01,2019,public,op_atl1,0.0046078408229888
20261005-010838-8084b01,2019,public,cop_at,0.0036661669254606
20261005-010838-8084b01,2019,public,cop_atl1,-0.0017026558511412
20261005-010838-8084b01,2019,public,f_score,-0.001541993961386
20261005-010838-8084b01,2019,public,o_score,0.0058804509397258
20261005-010838-8084b01,2019,public,z_score,0.000466355158503
20261005-010838-8084b01,2019,public,pi_nix,4.4384018067943565e-05
20261005-010838-8084b01,2019,public,at_be,-0.0017871673381233
20261005-010838-8084b01,2019,public,saleq_gr1,0.0031736519572293
20261005-010838-8084b01,2019,public,rd_me,0.006542669841964
20261005-010838-8084b01,2019,public,rd_sale,-0.0003601089651096
20261005-010838-8084b01,2019,public,opex_at,-0.003978295857503
20261005-010838-8084b01,2019,public,emp_gr1,0.0013210151310974
20261005-010838-8084b01,2019,public,rd5_at,-0.0015156832154555
20261005-010838-8084b01,2019,public,age,0.0002329148790731
20261005-010838-8084b01,2019,public,dsale_dinv,0.0010648045969939
20261005-010838-8084b01,2019,public,dsale_drec,-0.0005552564565128
20261005-010838-8084b01,2019,public,dgp_dsale,0.0010455673219879
20261005-010838-8084b01,2019,public,dsale_dsga,0.001022836246219
20261005-010838-8084b01,2019,public,sale_emp_gr1,0.0003251205383112
20261005-010838-8084b01,2019,public,tangibility,0.0012605605271559
20261005-010838-8084b01,2019,public,kz_index,-7.924068283189225e-05
20261005-010838-8084b01,2019,public,ocfq_saleq_std,-0.0010066375649312
20261005-010838-8084b01,2019,public,cash_at,0.0025352216416392
20261005-010838-8084b01,2019,public,ni_ar1,-0.0001693162503121
20261005-010838-8084b01,2019,public,ni_ivol,0.0017193585597953
20261005-010838-8084b01,2019,public,earnings_variability,-0.0007460836570294
20261005-010838-8084b01,2019,public,aliq_at,0.0024237922439833
20261005-010838-8084b01,2019,public,aliq_mat,-0.0026392879984592
20261005-010838-8084b01,2019,public,seas_1_1an,0.0011451975940213
20261005-010838-8084b01,2019,public,seas_1_1na,-0.0093072940831648
20261005-010838-8084b01,2019,public,seas_2_5an,0.0057645949976807
20261005-010838-8084b01,2019,public,seas_2_5na,0.0011955138402577
20261005-010838-8084b01,2019,public,seas_6_10an,0.0039836803104941
20261005-010838-8084b01,2019,public,seas_6_10na,-0.0016034314717005
20261005-010838-8084b01,2019,public,seas_11_15an,0.0026420344602794
20261005-010838-8084b01,2019,public,seas_11_15na,-0.0008700403705566
20261005-010838-8084b01,2019,public,seas_16_20an,0.0024848122453557
20261005-010838-8084b01,2019,public,seas_16_20na,-0.0004821284222394
20261005-010838-8084b01,2019,public,market_equity,0.0014510043168828
20261005-010838-8084b01,2019,public,ivol_ff3_21d,0.0126463567814293
20261005-010838-8084b01,2019,public,ivol_capm_252d,0.000858606679107
20261005-010838-8084b01,2019,public,ivol_capm_21d,-0.0114454719533185
20261005-010838-8084b01,2019,public,ivol_hxz4_21d,-0.0085241602890782
20261005-010838-8084b01,2019,public,rvol_21d,0.0032902220533641
20261005-010838-8084b01,2019,public,beta_60m,0.0018754554085856
20261005-010838-8084b01,2019,public,betabab_1260d,0.0019918846880316
20261005-010838-8084b01,2019,public,beta_dimson_21d,0.0008047436217103
20261005-010838-8084b01,2019,public,turnover_126d,-0.0074746211231517
20261005-010838-8084b01,2019,public,turnover_var_126d,0.0139371105131294
20261005-010838-8084b01,2019,public,dolvol_126d,0.0011168336310357
20261005-010838-8084b01,2019,public,dolvol_var_126d,-0.0138065755929805
20261005-010838-8084b01,2019,public,prc,-0.0018176909471477
20261005-010838-8084b01,2019,public,ami_126d,0.0033657051721313
20261005-010838-8084b01,2019,public,zero_trades_21d,-0.0209998001774556
20261005-010838-8084b01,2019,public,zero_trades_126d,0.0088334212151259
20261005-010838-8084b01,2019,public,zero_trades_252d,0.0056930658268647
20261005-010838-8084b01,2019,public,rmax1_21d,-0.0022778465611357
20261005-010838-8084b01,2019,public,rskew_21d,-0.0003908178660543
20261005-010838-8084b01,2019,public,iskew_capm_21d,0.0003302337434072
20261005-010838-8084b01,2019,public,iskew_ff3_21d,0.0015917238645085
20261005-010838-8084b01,2019,public,iskew_hxz4_21d,0.0009316758098348
20261005-010838-8084b01,2019,public,coskew_21d,0.0004007528543604
20261005-010838-8084b01,2019,public,ret_1_0,-0.0069279199461839
20261005-010838-8084b01,2019,public,betadown_252d,0.0007355942365014
20261005-010838-8084b01,2019,public,bidaskhl_21d,0.000490189034565
20261005-010838-8084b01,2019,public,ret_3_1,-0.0020462843663302
20261005-010838-8084b01,2019,public,ret_9_1,0.0056579934050397
20261005-010838-8084b01,2019,public,ret_12_7,0.0042770420383497
20261005-010838-8084b01,2019,public,rmax5_21d,-0.003948257226616
20261005-010838-8084b01,2019,public,ni_be,0.0015515003365111
20261005-010838-8084b01,2019,public,mispricing_perf,0.0002351992447632
20261005-010838-8084b01,2019,public,mispricing_mgmt,-0.001810626253969
20261005-010838-8084b01,2019,public,qmj,-0.0066551701328326
20261005-010838-8084b01,2019,public,qmj_prof,0.0009327353330528
20261005-010838-8084b01,2019,public,qmj_growth,0.0040199579447702
20261005-010838-8084b01,2019,public,qmj_safety,0.0008926950333958
20261005-010838-8084b01,2019,full,niq_su,0.0001824991654168
20261005-010838-8084b01,2019,full,ret_6_1,0.002041658966254
20261005-010838-8084b01,2019,full,ret_12_1,0.0057516060100566
20261005-010838-8084b01,2019,full,saleq_su,0.0008318687359898
20261005-010838-8084b01,2019,full,tax_gr1a,-0.0006721045928397
20261005-010838-8084b01,2019,full,ni_inc8q,-0.0002567553464073
20261005-010838-8084b01,2019,full,prc_highprc_252d,0.0069727595568744
20261005-010838-8084b01,2019,full,resff3_6_1,-0.0008723958756663
20261005-010838-8084b01,2019,full,resff3_12_1,0.0031439175044723
20261005-010838-8084b01,2019,full,be_me,0.0060369611071723
20261005-010838-8084b01,2019,full,debt_me,-0.0023208758095859
20261005-010838-8084b01,2019,full,at_me,0.0024466491948989
20261005-010838-8084b01,2019,full,ret_60_12,-0.0018772938504384
20261005-010838-8084b01,2019,full,ni_me,0.0010120073608024
20261005-010838-8084b01,2019,full,fcf_me,0.0003957581745486
20261005-010838-8084b01,2019,full,div12m_me,0.000447875508443
20261005-010838-8084b01,2019,full,eqpo_me,-0.0024319716482551
20261005-010838-8084b01,2019,full,eqnpo_me,0.0012352693600713
20261005-010838-8084b01,2019,full,sale_gr3,0.0015199505389557
20261005-010838-8084b01,2019,full,sale_gr1,-0.0018100240406499
20261005-010838-8084b01,2019,full,ebitda_mev,3.856187547088463e-05
20261005-010838-8084b01,2019,full,sale_me,0.0040566065206912
20261005-010838-8084b01,2019,full,ocf_me,0.0030661766455519
20261005-010838-8084b01,2019,full,ival_me,-0.0013389918074293
20261005-010838-8084b01,2019,full,bev_mev,0.0043737178376203
20261005-010838-8084b01,2019,full,netdebt_me,-0.0032534062124518
20261005-010838-8084b01,2019,full,eq_dur,-0.0015570706548871
20261005-010838-8084b01,2019,full,capex_abn,0.0001384737878067
20261005-010838-8084b01,2019,full,at_gr1,0.0002119330353204
20261005-010838-8084b01,2019,full,ppeinv_gr1a,-0.000489142688095
20261005-010838-8084b01,2019,full,noa_at,-0.0031578873845685
20261005-010838-8084b01,2019,full,noa_gr1a,0.000663542477844
20261005-010838-8084b01,2019,full,lnoa_gr1a,-0.0006982142429783
20261005-010838-8084b01,2019,full,capx_gr1,-0.0015447863542128
20261005-010838-8084b01,2019,full,capx_gr2,-0.0006705119957608
20261005-010838-8084b01,2019,full,capx_gr3,0.0008596003370708
20261005-010838-8084b01,2019,full,chcsho_12m,-0.0030513826087353
20261005-010838-8084b01,2019,full,eqnpo_12m,-0.0018559950360367
20261005-010838-8084b01,2019,full,debt_gr3,-0.0012997031781561
20261005-010838-8084b01,2019,full,inv_gr1,0.000757626182808
20261005-010838-8084b01,2019,full,inv_gr1a,-0.0014903379851327
20261005-010838-8084b01,2019,full,oaccruals_at,-2.2370134884764746e-05
20261005-010838-8084b01,2019,full,taccruals_at,-0.0008404456455545
20261005-010838-8084b01,2019,full,cowc_gr1a,0.0001349432324688
20261005-010838-8084b01,2019,full,coa_gr1a,-0.0014642245563744
20261005-010838-8084b01,2019,full,col_gr1a,0.0002180290540663
20261005-010838-8084b01,2019,full,nncoa_gr1a,0.0008201526720519
20261005-010838-8084b01,2019,full,ncoa_gr1a,-0.0014230139870935
20261005-010838-8084b01,2019,full,ncol_gr1a,0.0006643595086263
20261005-010838-8084b01,2019,full,nfna_gr1a,0.0003781770703531
20261005-010838-8084b01,2019,full,sti_gr1a,-0.000985472386232
20261005-010838-8084b01,2019,full,lti_gr1a,-0.0005880679700378
20261005-010838-8084b01,2019,full,fnl_gr1a,-0.0010572847574683
20261005-010838-8084b01,2019,full,be_gr1a,-0.0037373087574953
20261005-010838-8084b01,2019,full,oaccruals_ni,-0.0003843439917163
20261005-010838-8084b01,2019,full,taccruals_ni,0.0012846283971462
20261005-010838-8084b01,2019,full,netis_at,-0.0007427204237129
20261005-010838-8084b01,2019,full,eqnetis_at,-6.123457580467673e-05
20261005-010838-8084b01,2019,full,dbnetis_at,0.0010835813222497
20261005-010838-8084b01,2019,full,niq_be,0.003918653693546
20261005-010838-8084b01,2019,full,niq_be_chg1,0.0001968519960376
20261005-010838-8084b01,2019,full,niq_at,0.0024322024656458
20261005-010838-8084b01,2019,full,niq_at_chg1,0.0001001135160291
20261005-010838-8084b01,2019,full,ebit_bev,-0.0043140851741017
20261005-010838-8084b01,2019,full,ebit_sale,0.002486517051725
20261005-010838-8084b01,2019,full,sale_bev,0.002570597742675
20261005-010838-8084b01,2019,full,at_turnover,0.0006701883964658
20261005-010838-8084b01,2019,full,gp_at,0.0058517141954519
20261005-010838-8084b01,2019,full,gp_atl1,-0.0043869784588852
20261005-010838-8084b01,2019,full,ope_be,-0.0008050724785441
20261005-010838-8084b01,2019,full,ope_bel1,0.0003854880358767
20261005-010838-8084b01,2019,full,op_at,0.0044016833272775
20261005-010838-8084b01,2019,full,op_atl1,0.0042702417676792
20261005-010838-8084b01,2019,full,cop_at,0.0039581066869719
20261005-010838-8084b01,2019,full,cop_atl1,-0.001657069700444
20261005-010838-8084b01,2019,full,f_score,-0.0014650558393421
20261005-010838-8084b01,2019,full,o_score,0.0056951131563832
20261005-010838-8084b01,2019,full,z_score,0.000445252255295
20261005-010838-8084b01,2019,full,pi_nix,-6.382723011301031e-06
20261005-010838-8084b01,2019,full,at_be,-0.0019563671317763
20261005-010838-8084b01,2019,full,saleq_gr1,0.0031598041130024
20261005-010838-8084b01,2019,full,rd_me,0.006604151795182
20261005-010838-8084b01,2019,full,rd_sale,-0.0004940734299332
20261005-010838-8084b01,2019,full,opex_at,-0.0042131270771435
20261005-010838-8084b01,2019,full,emp_gr1,0.0013475005223866
20261005-010838-8084b01,2019,full,rd5_at,-0.0015405293341089
20261005-010838-8084b01,2019,full,age,0.0002496651200947
20261005-010838-8084b01,2019,full,dsale_dinv,0.0010361436974146
20261005-010838-8084b01,2019,full,dsale_drec,-0.0005556137136415
20261005-010838-8084b01,2019,full,dgp_dsale,0.0010340918222136
20261005-010838-8084b01,2019,full,dsale_dsga,0.0010423233745448
20261005-010838-8084b01,2019,full,sale_emp_gr1,0.0003802322354608
20261005-010838-8084b01,2019,full,tangibility,0.0011992882094648
20261005-010838-8084b01,2019,full,kz_index,-6.180374297515356e-05
20261005-010838-8084b01,2019,full,ocfq_saleq_std,-0.0011026346837209
20261005-010838-8084b01,2019,full,cash_at,0.0025009285273795
20261005-010838-8084b01,2019,full,ni_ar1,-0.0001998956179565
20261005-010838-8084b01,2019,full,ni_ivol,0.001541235015719
20261005-010838-8084b01,2019,full,earnings_variability,-0.000797006029197
20261005-010838-8084b01,2019,full,aliq_at,0.0024672095433046
20261005-010838-8084b01,2019,full,aliq_mat,-0.0027074319713362
20261005-010838-8084b01,2019,full,seas_1_1an,0.0011358168450774
20261005-010838-8084b01,2019,full,seas_1_1na,-0.0094740265861668
20261005-010838-8084b01,2019,full,seas_2_5an,0.0057071312600539
20261005-010838-8084b01,2019,full,seas_2_5na,0.0009666466790448
20261005-010838-8084b01,2019,full,seas_6_10an,0.0039993581761228
20261005-010838-8084b01,2019,full,seas_6_10na,-0.0015717319567944
20261005-010838-8084b01,2019,full,seas_11_15an,0.0026335603846518
20261005-010838-8084b01,2019,full,seas_11_15na,-0.0009140529362513
20261005-010838-8084b01,2019,full,seas_16_20an,0.0024878881711618
20261005-010838-8084b01,2019,full,seas_16_20na,-0.0005317414803321
20261005-010838-8084b01,2019,full,market_equity,0.0013380015274866
20261005-010838-8084b01,2019,full,ivol_ff3_21d,0.0126397631209041
20261005-010838-8084b01,2019,full,ivol_capm_252d,-0.0029825343999372
20261005-010838-8084b01,2019,full,ivol_capm_21d,-0.0113499306152929
20261005-010838-8084b01,2019,full,ivol_hxz4_21d,-0.0088266993890205
20261005-010838-8084b01,2019,full,rvol_21d,0.0031794385831163
20261005-010838-8084b01,2019,full,beta_60m,0.0019903821552872
20261005-010838-8084b01,2019,full,betabab_1260d,0.0032787306075159
20261005-010838-8084b01,2019,full,beta_dimson_21d,0.0009406952082362
20261005-010838-8084b01,2019,full,turnover_126d,-0.007876092520062
20261005-010838-8084b01,2019,full,turnover_var_126d,0.0138097538787218
20261005-010838-8084b01,2019,full,dolvol_126d,0.0017501335244297
20261005-010838-8084b01,2019,full,dolvol_var_126d,-0.0138601290583804
20261005-010838-8084b01,2019,full,prc,-0.0016992927481102
20261005-010838-8084b01,2019,full,ami_126d,0.0029599413179614
20261005-010838-8084b01,2019,full,zero_trades_21d,-0.0214468705626796
20261005-010838-8084b01,2019,full,zero_trades_126d,0.0093519546238524
20261005-010838-8084b01,2019,full,zero_trades_252d,0.0057410719479825
20261005-010838-8084b01,2019,full,rmax1_21d,-0.0024044538026081
20261005-010838-8084b01,2019,full,rskew_21d,-3.531059595344332e-05
20261005-010838-8084b01,2019,full,iskew_capm_21d,0.0003563068968171
20261005-010838-8084b01,2019,full,iskew_ff3_21d,0.0015830558063977
20261005-010838-8084b01,2019,full,iskew_hxz4_21d,0.0009348265137566
20261005-010838-8084b01,2019,full,coskew_21d,0.0003922863915827
20261005-010838-8084b01,2019,full,ret_1_0,-0.0066315302638811
20261005-010838-8084b01,2019,full,betadown_252d,0.0005689169861325
20261005-010838-8084b01,2019,full,bidaskhl_21d,0.0005072611499662
20261005-010838-8084b01,2019,full,ret_3_1,-0.0021589333450871
20261005-010838-8084b01,2019,full,ret_9_1,0.0055108081394853
20261005-010838-8084b01,2019,full,ret_12_7,0.0043068138822965
20261005-010838-8084b01,2019,full,corr_1260d,-0.0023896594743005
20261005-010838-8084b01,2019,full,rmax5_21d,0.0014639978317512
20261005-010838-8084b01,2019,full,rmax5_rvol_21d,-0.0050186729992037
20261005-010838-8084b01,2019,full,ni_be,0.0012576022387499
20261005-010838-8084b01,2019,full,ocf_at,-0.0015147682940567
20261005-010838-8084b01,2019,full,ocf_at_chg1,-0.0005489058782614
20261005-010838-8084b01,2019,full,mispricing_perf,0.000263087306954
20261005-010838-8084b01,2019,full,mispricing_mgmt,-0.0018330143773489
20261005-010838-8084b01,2019,full,qmj,-0.0065812881769039
20261005-010838-8084b01,2019,full,qmj_prof,0.0020002050341448
20261005-010838-8084b01,2019,full,qmj_growth,0.0040311112017625
20261005-010838-8084b01,2019,full,qmj_safety,0.0008057809265656
20261005-010838-8084b01,2021,public,niq_su,0.0004021523665061
20261005-010838-8084b01,2021,public,ret_6_1,0.0006676279590423
20261005-010838-8084b01,2021,public,ret_12_1,0.0039221156627622
20261005-010838-8084b01,2021,public,saleq_su,0.0009291056555257
20261005-010838-8084b01,2021,public,tax_gr1a,-0.0005833869687828
20261005-010838-8084b01,2021,public,ni_inc8q,0.0001540399674653
20261005-010838-8084b01,2021,public,prc_highprc_252d,0.0081334383573788
20261005-010838-8084b01,2021,public,resff3_6_1,-0.0008322913903121
20261005-010838-8084b01,2021,public,resff3_12_1,0.0033910611056875
20261005-010838-8084b01,2021,public,be_me,0.0070435515915928
20261005-010838-8084b01,2021,public,debt_me,-0.0029643607628602
20261005-010838-8084b01,2021,public,at_me,0.0066021477753384
20261005-010838-8084b01,2021,public,ret_60_12,-0.0027816870483729
20261005-010838-8084b01,2021,public,ni_me,-0.0013667576590621
20261005-010838-8084b01,2021,public,fcf_me,0.0007503548831621
20261005-010838-8084b01,2021,public,div12m_me,0.0009864530512584
20261005-010838-8084b01,2021,public,eqpo_me,-0.002197829470984
20261005-010838-8084b01,2021,public,eqnpo_me,0.001128917483435
20261005-010838-8084b01,2021,public,sale_gr3,0.0016603080378642
20261005-010838-8084b01,2021,public,sale_gr1,-0.0021063153594308
20261005-010838-8084b01,2021,public,ebitda_mev,-0.0008950464757652
20261005-010838-8084b01,2021,public,sale_me,0.0035192381822405
20261005-010838-8084b01,2021,public,ocf_me,0.0021004825747002
20261005-010838-8084b01,2021,public,ival_me,-0.0001422160079533
20261005-010838-8084b01,2021,public,bev_mev,0.0034681630973929
20261005-010838-8084b01,2021,public,netdebt_me,-0.0035338030425533
20261005-010838-8084b01,2021,public,eq_dur,-0.0005179864693665
20261005-010838-8084b01,2021,public,capex_abn,0.0002105338008549
20261005-010838-8084b01,2021,public,at_gr1,0.0007731725878785
20261005-010838-8084b01,2021,public,ppeinv_gr1a,-0.0003393387894069
20261005-010838-8084b01,2021,public,noa_at,-0.0033633792263171
20261005-010838-8084b01,2021,public,noa_gr1a,0.0009175178891446
20261005-010838-8084b01,2021,public,lnoa_gr1a,-0.0005484470142094
20261005-010838-8084b01,2021,public,capx_gr1,-0.0015831607772399
20261005-010838-8084b01,2021,public,capx_gr2,-0.000689877469085
20261005-010838-8084b01,2021,public,capx_gr3,0.0005434472950411
20261005-010838-8084b01,2021,public,chcsho_12m,-0.0023796353106178
20261005-010838-8084b01,2021,public,eqnpo_12m,-0.0016348629068285
20261005-010838-8084b01,2021,public,debt_gr3,-0.0012014959939549
20261005-010838-8084b01,2021,public,inv_gr1,2.6405879458753495e-05
20261005-010838-8084b01,2021,public,inv_gr1a,-0.0014198361978418
20261005-010838-8084b01,2021,public,oaccruals_at,-0.0003863275547605
20261005-010838-8084b01,2021,public,taccruals_at,-0.0011095560477653
20261005-010838-8084b01,2021,public,cowc_gr1a,0.0001623115673239
20261005-010838-8084b01,2021,public,coa_gr1a,-0.0010414478451162
20261005-010838-8084b01,2021,public,col_gr1a,0.0004533577267181
20261005-010838-8084b01,2021,public,nncoa_gr1a,0.0007692644205928
20261005-010838-8084b01,2021,public,ncoa_gr1a,-0.0012956025664088
20261005-010838-8084b01,2021,public,ncol_gr1a,0.0007766948597553
20261005-010838-8084b01,2021,public,nfna_gr1a,0.0005046095345699
20261005-010838-8084b01,2021,public,sti_gr1a,-0.0010056234200984
20261005-010838-8084b01,2021,public,lti_gr1a,-0.000480167756248
20261005-010838-8084b01,2021,public,fnl_gr1a,-0.0006149844149767
20261005-010838-8084b01,2021,public,be_gr1a,-0.0039436307287322
20261005-010838-8084b01,2021,public,oaccruals_ni,-0.0001770526156311
20261005-010838-8084b01,2021,public,taccruals_ni,0.0018633392505273
20261005-010838-8084b01,2021,public,netis_at,-0.0002144731693235
20261005-010838-8084b01,2021,public,eqnetis_at,-0.0002934943351937
20261005-010838-8084b01,2021,public,dbnetis_at,0.0005357498338015
20261005-010838-8084b01,2021,public,niq_be,0.0033989721270918
20261005-010838-8084b01,2021,public,niq_be_chg1,0.0002161022230697
20261005-010838-8084b01,2021,public,niq_at,0.0028972519272915
20261005-010838-8084b01,2021,public,niq_at_chg1,6.795005172655183e-05
20261005-010838-8084b01,2021,public,ebit_bev,-0.0039703171451203
20261005-010838-8084b01,2021,public,ebit_sale,0.0022436357287535
20261005-010838-8084b01,2021,public,sale_bev,0.0023432098796809
20261005-010838-8084b01,2021,public,at_turnover,-0.0025986613943331
20261005-010838-8084b01,2021,public,gp_at,0.0029589205010096
20261005-010838-8084b01,2021,public,gp_atl1,-0.0028257717543863
20261005-010838-8084b01,2021,public,ope_be,0.0001612297252894
20261005-010838-8084b01,2021,public,ope_bel1,0.0001537351453709
20261005-010838-8084b01,2021,public,op_at,0.0042611887725636
20261005-010838-8084b01,2021,public,op_atl1,0.0045223783165186
20261005-010838-8084b01,2021,public,cop_at,0.0038324352306412
20261005-010838-8084b01,2021,public,cop_atl1,-0.0018472488357288
20261005-010838-8084b01,2021,public,f_score,-0.0009946238471467
20261005-010838-8084b01,2021,public,o_score,0.0059558434632108
20261005-010838-8084b01,2021,public,z_score,-0.0009055618414187
20261005-010838-8084b01,2021,public,pi_nix,0.0002791624917432
20261005-010838-8084b01,2021,public,at_be,-0.0032546929981545
20261005-010838-8084b01,2021,public,saleq_gr1,0.0031410128712971
20261005-010838-8084b01,2021,public,rd_me,0.0064097073590484
20261005-010838-8084b01,2021,public,rd_sale,-0.0001083402458752
20261005-010838-8084b01,2021,public,opex_at,0.0004798836819778
20261005-010838-8084b01,2021,public,emp_gr1,0.000865498338152
20261005-010838-8084b01,2021,public,rd5_at,-0.0016881535721163
20261005-010838-8084b01,2021,public,age,0.0002641959072875
20261005-010838-8084b01,2021,public,dsale_dinv,0.0006071772597226
20261005-010838-8084b01,2021,public,dsale_drec,-0.0003487579544266
20261005-010838-8084b01,2021,public,dgp_dsale,0.0012371726779272
20261005-010838-8084b01,2021,public,dsale_dsga,0.0011641768869021
20261005-010838-8084b01,2021,public,sale_emp_gr1,0.0002646053751155
20261005-010838-8084b01,2021,public,tangibility,0.0012982330541959
20261005-010838-8084b01,2021,public,kz_index,0.0002733592265804
20261005-010838-8084b01,2021,public,ocfq_saleq_std,-0.0008373826408226
20261005-010838-8084b01,2021,public,cash_at,0.0026729505496965
20261005-010838-8084b01,2021,public,ni_ar1,-0.0002804963746391
20261005-010838-8084b01,2021,public,ni_ivol,0.000960450033058
20261005-010838-8084b01,2021,public,earnings_variability,-0.0008377698151489
20261005-010838-8084b01,2021,public,aliq_at,0.0019208916281556
20261005-010838-8084b01,2021,public,aliq_mat,-0.0044374466179593
20261005-010838-8084b01,2021,public,seas_1_1an,0.0021210235548807
20261005-010838-8084b01,2021,public,seas_1_1na,-0.0068462440803459
20261005-010838-8084b01,2021,public,seas_2_5an,0.0059458083928867
20261005-010838-8084b01,2021,public,seas_2_5na,0.0017007179505204
20261005-010838-8084b01,2021,public,seas_6_10an,0.0041325026986779
20261005-010838-8084b01,2021,public,seas_6_10na,-0.0015861059588479
20261005-010838-8084b01,2021,public,seas_11_15an,0.0026598700738958
20261005-010838-8084b01,2021,public,seas_11_15na,-0.000955072401682
20261005-010838-8084b01,2021,public,seas_16_20an,0.0025769414908641
20261005-010838-8084b01,2021,public,seas_16_20na,-0.0004937273518624
20261005-010838-8084b01,2021,public,market_equity,-0.0017344531480828
20261005-010838-8084b01,2021,public,ivol_ff3_21d,0.0108980674914774
20261005-010838-8084b01,2021,public,ivol_capm_252d,-0.001359673079598
20261005-010838-8084b01,2021,public,ivol_capm_21d,-0.0129086565954963
20261005-010838-8084b01,2021,public,ivol_hxz4_21d,-0.0076540326389563
20261005-010838-8084b01,2021,public,rvol_21d,0.0040553617489692
20261005-010838-8084b01,2021,public,beta_60m,0.0019235962899409
20261005-010838-8084b01,2021,public,betabab_1260d,0.0020876302806127
20261005-010838-8084b01,2021,public,beta_dimson_21d,0.0007232198825247
20261005-010838-8084b01,2021,public,turnover_126d,-0.0086009298226699
20261005-010838-8084b01,2021,public,turnover_var_126d,0.0095932510608485
20261005-010838-8084b01,2021,public,dolvol_126d,0.0024704462811846
20261005-010838-8084b01,2021,public,dolvol_var_126d,-0.0094382959607068
20261005-010838-8084b01,2021,public,prc,-0.002744823651293
20261005-010838-8084b01,2021,public,ami_126d,0.0004262092746182
20261005-010838-8084b01,2021,public,zero_trades_21d,-0.0232254373875643
20261005-010838-8084b01,2021,public,zero_trades_126d,0.0103107468669328
20261005-010838-8084b01,2021,public,zero_trades_252d,0.0064299442514855
20261005-010838-8084b01,2021,public,rmax1_21d,-0.0014770743239097
20261005-010838-8084b01,2021,public,rskew_21d,-0.0002370998122184
20261005-010838-8084b01,2021,public,iskew_capm_21d,0.0003241494831218
20261005-010838-8084b01,2021,public,iskew_ff3_21d,0.0016060223002843
20261005-010838-8084b01,2021,public,iskew_hxz4_21d,0.0008872077126081
20261005-010838-8084b01,2021,public,coskew_21d,0.0003983647688905
20261005-010838-8084b01,2021,public,ret_1_0,-0.008324143355004
20261005-010838-8084b01,2021,public,betadown_252d,0.0005166907268331
20261005-010838-8084b01,2021,public,bidaskhl_21d,0.000840243922776
20261005-010838-8084b01,2021,public,ret_3_1,-0.0023066504501739
20261005-010838-8084b01,2021,public,ret_9_1,0.0043172134293095
20261005-010838-8084b01,2021,public,ret_12_7,0.0035868080416905
20261005-010838-8084b01,2021,public,corr_1260d,-0.0014976041024926
20261005-010838-8084b01,2021,public,rmax5_21d,0.0027908735242744
20261005-010838-8084b01,2021,public,rmax5_rvol_21d,-0.0049374194682691
20261005-010838-8084b01,2021,public,ni_be,0.0012450311637063
20261005-010838-8084b01,2021,public,ocf_at,-0.0026168723550071
20261005-010838-8084b01,2021,public,ocf_at_chg1,-0.0004582876402722
20261005-010838-8084b01,2021,public,mispricing_perf,0.0007161395237733
20261005-010838-8084b01,2021,public,mispricing_mgmt,-0.0013348308916121
20261005-010838-8084b01,2021,public,qmj,-0.005073573896679
20261005-010838-8084b01,2021,public,qmj_prof,0.004238828967774
20261005-010838-8084b01,2021,public,qmj_growth,0.0036473153838982
20261005-010838-8084b01,2021,public,qmj_safety,0.0004127528099618
20261005-010838-8084b01,2021,full,niq_su,0.0004021523665061
20261005-010838-8084b01,2021,full,ret_6_1,0.0006676279590423
20261005-010838-8084b01,2021,full,ret_12_1,0.0039221156627622
20261005-010838-8084b01,2021,full,saleq_su,0.0009291056555257
20261005-010838-8084b01,2021,full,tax_gr1a,-0.0005833869687828
20261005-010838-8084b01,2021,full,ni_inc8q,0.0001540399674653
20261005-010838-8084b01,2021,full,prc_highprc_252d,0.0081334383573788
20261005-010838-8084b01,2021,full,resff3_6_1,-0.0008322913903121
20261005-010838-8084b01,2021,full,resff3_12_1,0.0033910611056875
20261005-010838-8084b01,2021,full,be_me,0.0070435515915928
20261005-010838-8084b01,2021,full,debt_me,-0.0029643607628602
20261005-010838-8084b01,2021,full,at_me,0.0066021477753384
20261005-010838-8084b01,2021,full,ret_60_12,-0.0027816870483729
20261005-010838-8084b01,2021,full,ni_me,-0.0013667576590621
20261005-010838-8084b01,2021,full,fcf_me,0.0007503548831621
20261005-010838-8084b01,2021,full,div12m_me,0.0009864530512584
20261005-010838-8084b01,2021,full,eqpo_me,-0.002197829470984
20261005-010838-8084b01,2021,full,eqnpo_me,0.001128917483435
20261005-010838-8084b01,2021,full,sale_gr3,0.0016603080378642
20261005-010838-8084b01,2021,full,sale_gr1,-0.0021063153594308
20261005-010838-8084b01,2021,full,ebitda_mev,-0.0008950464757652
20261005-010838-8084b01,2021,full,sale_me,0.0035192381822405
20261005-010838-8084b01,2021,full,ocf_me,0.0021004825747002
20261005-010838-8084b01,2021,full,ival_me,-0.0001422160079533
20261005-010838-8084b01,2021,full,bev_mev,0.0034681630973929
20261005-010838-8084b01,2021,full,netdebt_me,-0.0035338030425533
20261005-010838-8084b01,2021,full,eq_dur,-0.0005179864693665
20261005-010838-8084b01,2021,full,capex_abn,0.0002105338008549
20261005-010838-8084b01,2021,full,at_gr1,0.0007731725878785
20261005-010838-8084b01,2021,full,ppeinv_gr1a,-0.0003393387894069
20261005-010838-8084b01,2021,full,noa_at,-0.0033633792263171
20261005-010838-8084b01,2021,full,noa_gr1a,0.0009175178891446
20261005-010838-8084b01,2021,full,lnoa_gr1a,-0.0005484470142094
20261005-010838-8084b01,2021,full,capx_gr1,-0.0015831607772399
20261005-010838-8084b01,2021,full,capx_gr2,-0.000689877469085
20261005-010838-8084b01,2021,full,capx_gr3,0.0005434472950411
20261005-010838-8084b01,2021,full,chcsho_12m,-0.0023796353106178
20261005-010838-8084b01,2021,full,eqnpo_12m,-0.0016348629068285
20261005-010838-8084b01,2021,full,debt_gr3,-0.0012014959939549
20261005-010838-8084b01,2021,full,inv_gr1,2.6405879458753495e-05
20261005-010838-8084b01,2021,full,inv_gr1a,-0.0014198361978418
20261005-010838-8084b01,2021,full,oaccruals_at,-0.0003863275547605
20261005-010838-8084b01,2021,full,taccruals_at,-0.0011095560477653
20261005-010838-8084b01,2021,full,cowc_gr1a,0.0001623115673239
20261005-010838-8084b01,2021,full,coa_gr1a,-0.0010414478451162
20261005-010838-8084b01,2021,full,col_gr1a,0.0004533577267181
20261005-010838-8084b01,2021,full,nncoa_gr1a,0.0007692644205928
20261005-010838-8084b01,2021,full,ncoa_gr1a,-0.0012956025664088
20261005-010838-8084b01,2021,full,ncol_gr1a,0.0007766948597553
20261005-010838-8084b01,2021,full,nfna_gr1a,0.0005046095345699
20261005-010838-8084b01,2021,full,sti_gr1a,-0.0010056234200984
20261005-010838-8084b01,2021,full,lti_gr1a,-0.000480167756248
20261005-010838-8084b01,2021,full,fnl_gr1a,-0.0006149844149767
20261005-010838-8084b01,2021,full,be_gr1a,-0.0039436307287322
20261005-010838-8084b01,2021,full,oaccruals_ni,-0.0001770526156311
20261005-010838-8084b01,2021,full,taccruals_ni,0.0018633392505273
20261005-010838-8084b01,2021,full,netis_at,-0.0002144731693235
20261005-010838-8084b01,2021,full,eqnetis_at,-0.0002934943351937
20261005-010838-8084b01,2021,full,dbnetis_at,0.0005357498338015
20261005-010838-8084b01,2021,full,niq_be,0.0033989721270918
20261005-010838-8084b01,2021,full,niq_be_chg1,0.0002161022230697
20261005-010838-8084b01,2021,full,niq_at,0.0028972519272915
20261005-010838-8084b01,2021,full,niq_at_chg1,6.795005172655183e-05
20261005-010838-8084b01,2021,full,ebit_bev,-0.0039703171451203
20261005-010838-8084b01,2021,full,ebit_sale,0.0022436357287535
20261005-010838-8084b01,2021,full,sale_bev,0.0023432098796809
20261005-010838-8084b01,2021,full,at_turnover,-0.0025986613943331
20261005-010838-8084b01,2021,full,gp_at,0.0029589205010096
20261005-010838-8084b01,2021,full,gp_atl1,-0.0028257717543863
20261005-010838-8084b01,2021,full,ope_be,0.0001612297252894
20261005-010838-8084b01,2021,full,ope_bel1,0.0001537351453709
20261005-010838-8084b01,2021,full,op_at,0.0042611887725636
20261005-010838-8084b01,2021,full,op_atl1,0.0045223783165186
20261005-010838-8084b01,2021,full,cop_at,0.0038324352306412
20261005-010838-8084b01,2021,full,cop_atl1,-0.0018472488357288
20261005-010838-8084b01,2021,full,f_score,-0.0009946238471467
20261005-010838-8084b01,2021,full,o_score,0.0059558434632108
20261005-010838-8084b01,2021,full,z_score,-0.0009055618414187
20261005-010838-8084b01,2021,full,pi_nix,0.0002791624917432
20261005-010838-8084b01,2021,full,at_be,-0.0032546929981545
20261005-010838-8084b01,2021,full,saleq_gr1,0.0031410128712971
20261005-010838-8084b01,2021,full,rd_me,0.0064097073590484
20261005-010838-8084b01,2021,full,rd_sale,-0.0001083402458752
20261005-010838-8084b01,2021,full,opex_at,0.0004798836819778
20261005-010838-8084b01,2021,full,emp_gr1,0.000865498338152
20261005-010838-8084b01,2021,full,rd5_at,-0.0016881535721163
20261005-010838-8084b01,2021,full,age,0.0002641959072875
20261005-010838-8084b01,2021,full,dsale_dinv,0.0006071772597226
20261005-010838-8084b01,2021,full,dsale_drec,-0.0003487579544266
20261005-010838-8084b01,2021,full,dgp_dsale,0.0012371726779272
20261005-010838-8084b01,2021,full,dsale_dsga,0.0011641768869021
20261005-010838-8084b01,2021,full,sale_emp_gr1,0.0002646053751155
20261005-010838-8084b01,2021,full,tangibility,0.0012982330541959
20261005-010838-8084b01,2021,full,kz_index,0.0002733592265804
20261005-010838-8084b01,2021,full,ocfq_saleq_std,-0.0008373826408226
20261005-010838-8084b01,2021,full,cash_at,0.0026729505496965
20261005-010838-8084b01,2021,full,ni_ar1,-0.0002804963746391
20261005-010838-8084b01,2021,full,ni_ivol,0.000960450033058
20261005-010838-8084b01,2021,full,earnings_variability,-0.0008377698151489
20261005-010838-8084b01,2021,full,aliq_at,0.0019208916281556
20261005-010838-8084b01,2021,full,aliq_mat,-0.0044374466179593
20261005-010838-8084b01,2021,full,seas_1_1an,0.0021210235548807
20261005-010838-8084b01,2021,full,seas_1_1na,-0.0068462440803459
20261005-010838-8084b01,2021,full,seas_2_5an,0.0059458083928867
20261005-010838-8084b01,2021,full,seas_2_5na,0.0017007179505204
20261005-010838-8084b01,2021,full,seas_6_10an,0.0041325026986779
20261005-010838-8084b01,2021,full,seas_6_10na,-0.0015861059588479
20261005-010838-8084b01,2021,full,seas_11_15an,0.0026598700738958
20261005-010838-8084b01,2021,full,seas_11_15na,-0.000955072401682
20261005-010838-8084b01,2021,full,seas_16_20an,0.0025769414908641
20261005-010838-8084b01,2021,full,seas_16_20na,-0.0004937273518624
20261005-010838-8084b01,2021,full,market_equity,-0.0017344531480828
20261005-010838-8084b01,2021,full,ivol_ff3_21d,0.0108980674914774
20261005-010838-8084b01,2021,full,ivol_capm_252d,-0.001359673079598
20261005-010838-8084b01,2021,full,ivol_capm_21d,-0.0129086565954963
20261005-010838-8084b01,2021,full,ivol_hxz4_21d,-0.0076540326389563
20261005-010838-8084b01,2021,full,rvol_21d,0.0040553617489692
20261005-010838-8084b01,2021,full,beta_60m,0.0019235962899409
20261005-010838-8084b01,2021,full,betabab_1260d,0.0020876302806127
20261005-010838-8084b01,2021,full,beta_dimson_21d,0.0007232198825247
20261005-010838-8084b01,2021,full,turnover_126d,-0.0086009298226699
20261005-010838-8084b01,2021,full,turnover_var_126d,0.0095932510608485
20261005-010838-8084b01,2021,full,dolvol_126d,0.0024704462811846
20261005-010838-8084b01,2021,full,dolvol_var_126d,-0.0094382959607068
20261005-010838-8084b01,2021,full,prc,-0.002744823651293
20261005-010838-8084b01,2021,full,ami_126d,0.0004262092746182
20261005-010838-8084b01,2021,full,zero_trades_21d,-0.0232254373875643
20261005-010838-8084b01,2021,full,zero_trades_126d,0.0103107468669328
20261005-010838-8084b01,2021,full,zero_trades_252d,0.0064299442514855
20261005-010838-8084b01,2021,full,rmax1_21d,-0.0014770743239097
20261005-010838-8084b01,2021,full,rskew_21d,-0.0002370998122184
20261005-010838-8084b01,2021,full,iskew_capm_21d,0.0003241494831218
20261005-010838-8084b01,2021,full,iskew_ff3_21d,0.0016060223002843
20261005-010838-8084b01,2021,full,iskew_hxz4_21d,0.0008872077126081
20261005-010838-8084b01,2021,full,coskew_21d,0.0003983647688905
20261005-010838-8084b01,2021,full,ret_1_0,-0.008324143355004
20261005-010838-8084b01,2021,full,betadown_252d,0.0005166907268331
20261005-010838-8084b01,2021,full,bidaskhl_21d,0.000840243922776
20261005-010838-8084b01,2021,full,ret_3_1,-0.0023066504501739
20261005-010838-8084b01,2021,full,ret_9_1,0.0043172134293095
20261005-010838-8084b01,2021,full,ret_12_7,0.0035868080416905
20261005-010838-8084b01,2021,full,corr_1260d,-0.0014976041024926
20261005-010838-8084b01,2021,full,rmax5_21d,0.0027908735242744
20261005-010838-8084b01,2021,full,rmax5_rvol_21d,-0.0049374194682691
20261005-010838-8084b01,2021,full,ni_be,0.0012450311637063
20261005-010838-8084b01,2021,full,ocf_at,-0.0026168723550071
20261005-010838-8084b01,2021,full,ocf_at_chg1,-0.0004582876402722
20261005-010838-8084b01,2021,full,mispricing_perf,0.0007161395237733
20261005-010838-8084b01,2021,full,mispricing_mgmt,-0.0013348308916121
20261005-010838-8084b01,2021,full,qmj,-0.005073573896679
20261005-010838-8084b01,2021,full,qmj_prof,0.004238828967774
20261005-010838-8084b01,2021,full,qmj_growth,0.0036473153838982
20261005-010838-8084b01,2021,full,qmj_safety,0.0004127528099618
20261005-010838-8084b01,2023,public,niq_su,-5.5664674746857394e-05
20261005-010838-8084b01,2023,public,ret_6_1,0.0021139627328188
20261005-010838-8084b01,2023,public,ret_12_1,0.0061360646988998
20261005-010838-8084b01,2023,public,saleq_su,0.0008959382579897
20261005-010838-8084b01,2023,public,tax_gr1a,-0.0005467589724466
20261005-010838-8084b01,2023,public,ni_inc8q,-0.0002886400013307
20261005-010838-8084b01,2023,public,prc_highprc_252d,0.0069472293079885
20261005-010838-8084b01,2023,public,resff3_6_1,-0.0008700967639386
20261005-010838-8084b01,2023,public,resff3_12_1,0.0027172459703484
20261005-010838-8084b01,2023,public,be_me,0.0061806990924292
20261005-010838-8084b01,2023,public,debt_me,-0.0021801757309175
20261005-010838-8084b01,2023,public,at_me,0.0013461382309863
20261005-010838-8084b01,2023,public,ret_60_12,-0.0020124657192065
20261005-010838-8084b01,2023,public,ni_me,0.0016457546891065
20261005-010838-8084b01,2023,public,fcf_me,0.0007899217672395
20261005-010838-8084b01,2023,public,div12m_me,0.0001224694187966
20261005-010838-8084b01,2023,public,eqpo_me,-0.0022323036211314
20261005-010838-8084b01,2023,public,eqnpo_me,0.0010441432232835
20261005-010838-8084b01,2023,public,sale_gr3,0.0016411608051176
20261005-010838-8084b01,2023,public,sale_gr1,-0.0020041799980318
20261005-010838-8084b01,2023,public,ebitda_mev,-0.0003489549310497
20261005-010838-8084b01,2023,public,sale_me,0.0041405416777354
20261005-010838-8084b01,2023,public,ocf_me,0.0025745174856547
20261005-010838-8084b01,2023,public,ival_me,-0.00146193567784
20261005-010838-8084b01,2023,public,bev_mev,0.0049940154014147
20261005-010838-8084b01,2023,public,netdebt_me,-0.00295488023084
20261005-010838-8084b01,2023,public,eq_dur,-0.0013448223533329
20261005-010838-8084b01,2023,public,capex_abn,0.0001255126073145
20261005-010838-8084b01,2023,public,at_gr1,0.0005993830235204
20261005-010838-8084b01,2023,public,ppeinv_gr1a,-0.0008509372475439
20261005-010838-8084b01,2023,public,noa_at,-0.0033765311101561
20261005-010838-8084b01,2023,public,noa_gr1a,0.0006321486292318
20261005-010838-8084b01,2023,public,lnoa_gr1a,-0.0004262145135292
20261005-010838-8084b01,2023,public,capx_gr1,-0.0014072137545521
20261005-010838-8084b01,2023,public,capx_gr2,-0.0005560204673392
20261005-010838-8084b01,2023,public,capx_gr3,0.0007250773849899
20261005-010838-8084b01,2023,public,chcsho_12m,-0.0032431128628093
20261005-010838-8084b01,2023,public,eqnpo_12m,-0.0018479480593811
20261005-010838-8084b01,2023,public,debt_gr3,-0.0012236484589641
20261005-010838-8084b01,2023,public,inv_gr1,0.0004150200312324
20261005-010838-8084b01,2023,public,inv_gr1a,-0.0013326724039288
20261005-010838-8084b01,2023,public,oaccruals_at,0.0002767469075648
20261005-010838-8084b01,2023,public,taccruals_at,-0.0006034470948981
20261005-010838-8084b01,2023,public,cowc_gr1a,-2.2141972747891196e-05
20261005-010838-8084b01,2023,public,coa_gr1a,-0.0009522370432185
20261005-010838-8084b01,2023,public,col_gr1a,0.0001674798205525
20261005-010838-8084b01,2023,public,nncoa_gr1a,0.0008396526181778
20261005-010838-8084b01,2023,public,ncoa_gr1a,-0.0014986440000541
20261005-010838-8084b01,2023,public,ncol_gr1a,0.000823792600477
20261005-010838-8084b01,2023,public,nfna_gr1a,0.0003804131691433
20261005-010838-8084b01,2023,public,sti_gr1a,-0.0009810789933886
20261005-010838-8084b01,2023,public,lti_gr1a,-0.0005660505933292
20261005-010838-8084b01,2023,public,fnl_gr1a,-0.000954198907058
20261005-010838-8084b01,2023,public,be_gr1a,-0.0037132867857847
20261005-010838-8084b01,2023,public,oaccruals_ni,-0.0006941720443598
20261005-010838-8084b01,2023,public,taccruals_ni,0.00103272717421
20261005-010838-8084b01,2023,public,netis_at,-0.0006585218669911
20261005-010838-8084b01,2023,public,eqnetis_at,-0.0001992202758017
20261005-010838-8084b01,2023,public,dbnetis_at,0.0008072586140533
20261005-010838-8084b01,2023,public,niq_be,0.0039958821901613
20261005-010838-8084b01,2023,public,niq_be_chg1,0.0003459515831857
20261005-010838-8084b01,2023,public,niq_at,0.0024257879962466
20261005-010838-8084b01,2023,public,niq_at_chg1,0.0002163299454315
20261005-010838-8084b01,2023,public,ebit_bev,-0.003682479403745
20261005-010838-8084b01,2023,public,ebit_sale,0.002158343423125
20261005-010838-8084b01,2023,public,sale_bev,0.0031184372940171
20261005-010838-8084b01,2023,public,at_turnover,0.0001313262819126
20261005-010838-8084b01,2023,public,gp_at,0.005920123399557
20261005-010838-8084b01,2023,public,gp_atl1,-0.0043628605935427
20261005-010838-8084b01,2023,public,ope_be,-0.0005139671050705
20261005-010838-8084b01,2023,public,ope_bel1,0.0003471580238115
20261005-010838-8084b01,2023,public,op_at,0.0043976303872812
20261005-010838-8084b01,2023,public,op_atl1,0.0041759993963751
20261005-010838-8084b01,2023,public,cop_at,0.0030025930609154
20261005-010838-8084b01,2023,public,cop_atl1,-0.0011436841734175
20261005-010838-8084b01,2023,public,f_score,-0.0012296781030266
20261005-010838-8084b01,2023,public,o_score,0.0057447582312776
20261005-010838-8084b01,2023,public,z_score,0.0008322405455114
20261005-010838-8084b01,2023,public,pi_nix,-6.989189520048591e-06
20261005-010838-8084b01,2023,public,at_be,-0.0013920474907385
20261005-010838-8084b01,2023,public,saleq_gr1,0.002961762359482
20261005-010838-8084b01,2023,public,rd_me,0.0064929323617981
20261005-010838-8084b01,2023,public,rd_sale,-0.0004112600954212
20261005-010838-8084b01,2023,public,opex_at,-0.0041454351596781
20261005-010838-8084b01,2023,public,emp_gr1,0.0011496186569563
20261005-010838-8084b01,2023,public,rd5_at,-0.0016647590278736
20261005-010838-8084b01,2023,public,age,0.0002693846115335
20261005-010838-8084b01,2023,public,dsale_dinv,0.0007825375105949
20261005-010838-8084b01,2023,public,dsale_drec,-0.0004626092056144
20261005-010838-8084b01,2023,public,dgp_dsale,0.001119205978021
20261005-010838-8084b01,2023,public,dsale_dsga,0.0011013485241789
20261005-010838-8084b01,2023,public,sale_emp_gr1,0.0001304371726116
20261005-010838-8084b01,2023,public,tangibility,0.0012407482036934
20261005-010838-8084b01,2023,public,kz_index,-0.0004711261303263
20261005-010838-8084b01,2023,public,ocfq_saleq_std,-0.0013052939067512
20261005-010838-8084b01,2023,public,cash_at,0.0024790760888495
20261005-010838-8084b01,2023,public,ni_ar1,-8.051188266238394e-05
20261005-010838-8084b01,2023,public,ni_ivol,0.0013643930257006
20261005-010838-8084b01,2023,public,earnings_variability,-0.0008041787109738
20261005-010838-8084b01,2023,public,aliq_at,0.0019886077021807
20261005-010838-8084b01,2023,public,aliq_mat,-0.0031230309684328
20261005-010838-8084b01,2023,public,seas_1_1an,0.0011373330091128
20261005-010838-8084b01,2023,public,seas_1_1na,-0.0090318431695385
20261005-010838-8084b01,2023,public,seas_2_5an,0.0054523606599047
20261005-010838-8084b01,2023,public,seas_2_5na,0.0012039836625202
20261005-010838-8084b01,2023,public,seas_6_10an,0.0039421325991387
20261005-010838-8084b01,2023,public,seas_6_10na,-0.0016857180991326
20261005-010838-8084b01,2023,public,seas_11_15an,0.0025683538206913
20261005-010838-8084b01,2023,public,seas_11_15na,-0.0009310362208097
20261005-010838-8084b01,2023,public,seas_16_20an,0.0025032302084088
20261005-010838-8084b01,2023,public,seas_16_20na,-0.0005938121982142
20261005-010838-8084b01,2023,public,market_equity,0.001625701574458
20261005-010838-8084b01,2023,public,ivol_ff3_21d,0.0117602364882672
20261005-010838-8084b01,2023,public,ivol_capm_252d,-0.0027202217928838
20261005-010838-8084b01,2023,public,ivol_capm_21d,-0.0107968098127617
20261005-010838-8084b01,2023,public,ivol_hxz4_21d,-0.008850843643709
20261005-010838-8084b01,2023,public,rvol_21d,0.0029671863373539
20261005-010838-8084b01,2023,public,beta_60m,0.0016988595124501
20261005-010838-8084b01,2023,public,betabab_1260d,0.0026763486401483
20261005-010838-8084b01,2023,public,beta_dimson_21d,0.0007439008684433
20261005-010838-8084b01,2023,public,turnover_126d,-0.0074421708684014
20261005-010838-8084b01,2023,public,turnover_var_126d,0.0135207919170242
20261005-010838-8084b01,2023,public,dolvol_126d,0.0015977790220177
20261005-010838-8084b01,2023,public,dolvol_var_126d,-0.0137343810577647
20261005-010838-8084b01,2023,public,prc,-0.001396477990484
20261005-010838-8084b01,2023,public,ami_126d,0.0029751211178503
20261005-010838-8084b01,2023,public,zero_trades_21d,-0.0204312789450303
20261005-010838-8084b01,2023,public,zero_trades_126d,0.0090972853636897
20261005-010838-8084b01,2023,public,zero_trades_252d,0.0055639370543615
20261005-010838-8084b01,2023,public,rmax1_21d,-0.0018362059536865
20261005-010838-8084b01,2023,public,rskew_21d,-0.000229630192013
20261005-010838-8084b01,2023,public,iskew_capm_21d,0.0004498232834958
20261005-010838-8084b01,2023,public,iskew_ff3_21d,0.0014941176467114
20261005-010838-8084b01,2023,public,iskew_hxz4_21d,0.0009547636596758
20261005-010838-8084b01,2023,public,coskew_21d,0.0004457736846946
20261005-010838-8084b01,2023,public,ret_1_0,-0.0063945504914947
20261005-010838-8084b01,2023,public,betadown_252d,0.0005665634691661
20261005-010838-8084b01,2023,public,bidaskhl_21d,0.0002680327957653
20261005-010838-8084b01,2023,public,ret_3_1,-0.0018785043497599
20261005-010838-8084b01,2023,public,ret_9_1,0.0049523333802603
20261005-010838-8084b01,2023,public,ret_12_7,0.0042906729938687
20261005-010838-8084b01,2023,public,corr_1260d,-0.0023177792024374
20261005-010838-8084b01,2023,public,rmax5_21d,0.0015693420498011
20261005-010838-8084b01,2023,public,rmax5_rvol_21d,-0.0047132577214169
20261005-010838-8084b01,2023,public,ni_be,0.0001252336953314
20261005-010838-8084b01,2023,public,ocf_at,-0.0013997364864173
20261005-010838-8084b01,2023,public,ocf_at_chg1,-0.0004269954550562
20261005-010838-8084b01,2023,public,mispricing_perf,-0.0003620415253458
20261005-010838-8084b01,2023,public,mispricing_mgmt,-0.0020317865387505
20261005-010838-8084b01,2023,public,qmj,-0.0064416973141283
20261005-010838-8084b01,2023,public,qmj_prof,0.0022650460250928
20261005-010838-8084b01,2023,public,qmj_growth,0.003897873368097
20261005-010838-8084b01,2023,public,qmj_safety,0.0005453208563452
20261005-010838-8084b01,2023,full,niq_su,-5.5664674746857394e-05
20261005-010838-8084b01,2023,full,ret_6_1,0.0021139627328188
20261005-010838-8084b01,2023,full,ret_12_1,0.0061360646988998
20261005-010838-8084b01,2023,full,saleq_su,0.0008959382579897
20261005-010838-8084b01,2023,full,tax_gr1a,-0.0005467589724466
20261005-010838-8084b01,2023,full,ni_inc8q,-0.0002886400013307
20261005-010838-8084b01,2023,full,prc_highprc_252d,0.0069472293079885
20261005-010838-8084b01,2023,full,resff3_6_1,-0.0008700967639386
20261005-010838-8084b01,2023,full,resff3_12_1,0.0027172459703484
20261005-010838-8084b01,2023,full,be_me,0.0061806990924292
20261005-010838-8084b01,2023,full,debt_me,-0.0021801757309175
20261005-010838-8084b01,2023,full,at_me,0.0013461382309863
20261005-010838-8084b01,2023,full,ret_60_12,-0.0020124657192065
20261005-010838-8084b01,2023,full,ni_me,0.0016457546891065
20261005-010838-8084b01,2023,full,fcf_me,0.0007899217672395
20261005-010838-8084b01,2023,full,div12m_me,0.0001224694187966
20261005-010838-8084b01,2023,full,eqpo_me,-0.0022323036211314
20261005-010838-8084b01,2023,full,eqnpo_me,0.0010441432232835
20261005-010838-8084b01,2023,full,sale_gr3,0.0016411608051176
20261005-010838-8084b01,2023,full,sale_gr1,-0.0020041799980318
20261005-010838-8084b01,2023,full,ebitda_mev,-0.0003489549310497
20261005-010838-8084b01,2023,full,sale_me,0.0041405416777354
20261005-010838-8084b01,2023,full,ocf_me,0.0025745174856547
20261005-010838-8084b01,2023,full,ival_me,-0.00146193567784
20261005-010838-8084b01,2023,full,bev_mev,0.0049940154014147
20261005-010838-8084b01,2023,full,netdebt_me,-0.00295488023084
20261005-010838-8084b01,2023,full,eq_dur,-0.0013448223533329
20261005-010838-8084b01,2023,full,capex_abn,0.0001255126073145
20261005-010838-8084b01,2023,full,at_gr1,0.0005993830235204
20261005-010838-8084b01,2023,full,ppeinv_gr1a,-0.0008509372475439
20261005-010838-8084b01,2023,full,noa_at,-0.0033765311101561
20261005-010838-8084b01,2023,full,noa_gr1a,0.0006321486292318
20261005-010838-8084b01,2023,full,lnoa_gr1a,-0.0004262145135292
20261005-010838-8084b01,2023,full,capx_gr1,-0.0014072137545521
20261005-010838-8084b01,2023,full,capx_gr2,-0.0005560204673392
20261005-010838-8084b01,2023,full,capx_gr3,0.0007250773849899
20261005-010838-8084b01,2023,full,chcsho_12m,-0.0032431128628093
20261005-010838-8084b01,2023,full,eqnpo_12m,-0.0018479480593811
20261005-010838-8084b01,2023,full,debt_gr3,-0.0012236484589641
20261005-010838-8084b01,2023,full,inv_gr1,0.0004150200312324
20261005-010838-8084b01,2023,full,inv_gr1a,-0.0013326724039288
20261005-010838-8084b01,2023,full,oaccruals_at,0.0002767469075648
20261005-010838-8084b01,2023,full,taccruals_at,-0.0006034470948981
20261005-010838-8084b01,2023,full,cowc_gr1a,-2.2141972747891196e-05
20261005-010838-8084b01,2023,full,coa_gr1a,-0.0009522370432185
20261005-010838-8084b01,2023,full,col_gr1a,0.0001674798205525
20261005-010838-8084b01,2023,full,nncoa_gr1a,0.0008396526181778
20261005-010838-8084b01,2023,full,ncoa_gr1a,-0.0014986440000541
20261005-010838-8084b01,2023,full,ncol_gr1a,0.000823792600477
20261005-010838-8084b01,2023,full,nfna_gr1a,0.0003804131691433
20261005-010838-8084b01,2023,full,sti_gr1a,-0.0009810789933886
20261005-010838-8084b01,2023,full,lti_gr1a,-0.0005660505933292
20261005-010838-8084b01,2023,full,fnl_gr1a,-0.000954198907058
20261005-010838-8084b01,2023,full,be_gr1a,-0.0037132867857847
20261005-010838-8084b01,2023,full,oaccruals_ni,-0.0006941720443598
20261005-010838-8084b01,2023,full,taccruals_ni,0.00103272717421
20261005-010838-8084b01,2023,full,netis_at,-0.0006585218669911
20261005-010838-8084b01,2023,full,eqnetis_at,-0.0001992202758017
20261005-010838-8084b01,2023,full,dbnetis_at,0.0008072586140533
20261005-010838-8084b01,2023,full,niq_be,0.0039958821901613
20261005-010838-8084b01,2023,full,niq_be_chg1,0.0003459515831857
20261005-010838-8084b01,2023,full,niq_at,0.0024257879962466
20261005-010838-8084b01,2023,full,niq_at_chg1,0.0002163299454315
20261005-010838-8084b01,2023,full,ebit_bev,-0.003682479403745
20261005-010838-8084b01,2023,full,ebit_sale,0.002158343423125
20261005-010838-8084b01,2023,full,sale_bev,0.0031184372940171
20261005-010838-8084b01,2023,full,at_turnover,0.0001313262819126
20261005-010838-8084b01,2023,full,gp_at,0.005920123399557
20261005-010838-8084b01,2023,full,gp_atl1,-0.0043628605935427
20261005-010838-8084b01,2023,full,ope_be,-0.0005139671050705
20261005-010838-8084b01,2023,full,ope_bel1,0.0003471580238115
20261005-010838-8084b01,2023,full,op_at,0.0043976303872812
20261005-010838-8084b01,2023,full,op_atl1,0.0041759993963751
20261005-010838-8084b01,2023,full,cop_at,0.0030025930609154
20261005-010838-8084b01,2023,full,cop_atl1,-0.0011436841734175
20261005-010838-8084b01,2023,full,f_score,-0.0012296781030266
20261005-010838-8084b01,2023,full,o_score,0.0057447582312776
20261005-010838-8084b01,2023,full,z_score,0.0008322405455114
20261005-010838-8084b01,2023,full,pi_nix,-6.989189520048591e-06
20261005-010838-8084b01,2023,full,at_be,-0.0013920474907385
20261005-010838-8084b01,2023,full,saleq_gr1,0.002961762359482
20261005-010838-8084b01,2023,full,rd_me,0.0064929323617981
20261005-010838-8084b01,2023,full,rd_sale,-0.0004112600954212
20261005-010838-8084b01,2023,full,opex_at,-0.0041454351596781
20261005-010838-8084b01,2023,full,emp_gr1,0.0011496186569563
20261005-010838-8084b01,2023,full,rd5_at,-0.0016647590278736
20261005-010838-8084b01,2023,full,age,0.0002693846115335
20261005-010838-8084b01,2023,full,dsale_dinv,0.0007825375105949
20261005-010838-8084b01,2023,full,dsale_drec,-0.0004626092056144
20261005-010838-8084b01,2023,full,dgp_dsale,0.001119205978021
20261005-010838-8084b01,2023,full,dsale_dsga,0.0011013485241789
20261005-010838-8084b01,2023,full,sale_emp_gr1,0.0001304371726116
20261005-010838-8084b01,2023,full,tangibility,0.0012407482036934
20261005-010838-8084b01,2023,full,kz_index,-0.0004711261303263
20261005-010838-8084b01,2023,full,ocfq_saleq_std,-0.0013052939067512
20261005-010838-8084b01,2023,full,cash_at,0.0024790760888495
20261005-010838-8084b01,2023,full,ni_ar1,-8.051188266238394e-05
20261005-010838-8084b01,2023,full,ni_ivol,0.0013643930257006
20261005-010838-8084b01,2023,full,earnings_variability,-0.0008041787109738
20261005-010838-8084b01,2023,full,aliq_at,0.0019886077021807
20261005-010838-8084b01,2023,full,aliq_mat,-0.0031230309684328
20261005-010838-8084b01,2023,full,seas_1_1an,0.0011373330091128
20261005-010838-8084b01,2023,full,seas_1_1na,-0.0090318431695385
20261005-010838-8084b01,2023,full,seas_2_5an,0.0054523606599047
20261005-010838-8084b01,2023,full,seas_2_5na,0.0012039836625202
20261005-010838-8084b01,2023,full,seas_6_10an,0.0039421325991387
20261005-010838-8084b01,2023,full,seas_6_10na,-0.0016857180991326
20261005-010838-8084b01,2023,full,seas_11_15an,0.0025683538206913
20261005-010838-8084b01,2023,full,seas_11_15na,-0.0009310362208097
20261005-010838-8084b01,2023,full,seas_16_20an,0.0025032302084088
20261005-010838-8084b01,2023,full,seas_16_20na,-0.0005938121982142
20261005-010838-8084b01,2023,full,market_equity,0.001625701574458
20261005-010838-8084b01,2023,full,ivol_ff3_21d,0.0117602364882672
20261005-010838-8084b01,2023,full,ivol_capm_252d,-0.0027202217928838
20261005-010838-8084b01,2023,full,ivol_capm_21d,-0.0107968098127617
20261005-010838-8084b01,2023,full,ivol_hxz4_21d,-0.008850843643709
20261005-010838-8084b01,2023,full,rvol_21d,0.0029671863373539
20261005-010838-8084b01,2023,full,beta_60m,0.0016988595124501
20261005-010838-8084b01,2023,full,betabab_1260d,0.0026763486401483
20261005-010838-8084b01,2023,full,beta_dimson_21d,0.0007439008684433
20261005-010838-8084b01,2023,full,turnover_126d,-0.0074421708684014
20261005-010838-8084b01,2023,full,turnover_var_126d,0.0135207919170242
20261005-010838-8084b01,2023,full,dolvol_126d,0.0015977790220177
20261005-010838-8084b01,2023,full,dolvol_var_126d,-0.0137343810577647
20261005-010838-8084b01,2023,full,prc,-0.001396477990484
20261005-010838-8084b01,2023,full,ami_126d,0.0029751211178503
20261005-010838-8084b01,2023,full,zero_trades_21d,-0.0204312789450303
20261005-010838-8084b01,2023,full,zero_trades_126d,0.0090972853636897
20261005-010838-8084b01,2023,full,zero_trades_252d,0.0055639370543615
20261005-010838-8084b01,2023,full,rmax1_21d,-0.0018362059536865
20261005-010838-8084b01,2023,full,rskew_21d,-0.000229630192013
20261005-010838-8084b01,2023,full,iskew_capm_21d,0.0004498232834958
20261005-010838-8084b01,2023,full,iskew_ff3_21d,0.0014941176467114
20261005-010838-8084b01,2023,full,iskew_hxz4_21d,0.0009547636596758
20261005-010838-8084b01,2023,full,coskew_21d,0.0004457736846946
20261005-010838-8084b01,2023,full,ret_1_0,-0.0063945504914947
20261005-010838-8084b01,2023,full,betadown_252d,0.0005665634691661
20261005-010838-8084b01,2023,full,bidaskhl_21d,0.0002680327957653
20261005-010838-8084b01,2023,full,ret_3_1,-0.0018785043497599
20261005-010838-8084b01,2023,full,ret_9_1,0.0049523333802603
20261005-010838-8084b01,2023,full,ret_12_7,0.0042906729938687
20261005-010838-8084b01,2023,full,corr_1260d,-0.0023177792024374
20261005-010838-8084b01,2023,full,rmax5_21d,0.0015693420498011
20261005-010838-8084b01,2023,full,rmax5_rvol_21d,-0.0047132577214169
20261005-010838-8084b01,2023,full,ni_be,0.0001252336953314
20261005-010838-8084b01,2023,full,ocf_at,-0.0013997364864173
20261005-010838-8084b01,2023,full,ocf_at_chg1,-0.0004269954550562
20261005-010838-8084b01,2023,full,mispricing_perf,-0.0003620415253458
20261005-010838-8084b01,2023,full,mispricing_mgmt,-0.0020317865387505
20261005-010838-8084b01,2023,full,qmj,-0.0064416973141283
20261005-010838-8084b01,2023,full,qmj_prof,0.0022650460250928
20261005-010838-8084b01,2023,full,qmj_growth,0.003897873368097
20261005-010838-8084b01,2023,full,qmj_safety,0.0005453208563452
20261005-010838-8084b01,1996,public,niq_su,0.003072676553641545
20261005-010838-8084b01,1996,public,ret_6_1,0.0013188120256971275
20261005-010838-8084b01,1996,public,ret_12_1,0.009604240545330172
20261005-010838-8084b01,1996,public,be_me,0.008303376801023943
20261005-010838-8084b01,1996,public,debt_me,-0.001737197010120612
20261005-010838-8084b01,1996,public,at_me,0.0012948013287063021
20261005-010838-8084b01,1996,public,ret_60_12,-0.0013379814849411125
20261005-010838-8084b01,1996,public,ni_me,0.004150858269760134
20261005-010838-8084b01,1996,public,fcf_me,0.004560532575296679
20261005-010838-8084b01,1996,public,div12m_me,6.56875357162619e-05
20261005-010838-8084b01,1996,public,sale_gr3,0.0007461494999804216
20261005-010838-8084b01,1996,public,sale_gr1,-0.002335544649210158
20261005-010838-8084b01,1996,public,at_be,-0.0005772730367215945
20261005-010838-8084b01,1996,public,saleq_gr1,0.0026478005359388433
20261005-010838-8084b01,1996,public,market_equity,-0.004929912628072704
20261005-010838-8084b01,1996,public,beta_60m,0.00023913602678961944
20261005-010838-8084b01,1996,public,beta_dimson_21d,0.00042498053852657336
20261005-010838-8084b01,1996,public,prc,0.004256565465137135
20261005-010838-8084b01,1996,public,ret_1_0,-0.011387263738803414
20261005-010838-8084b01,1996,public,ret_3_1,-0.002475160002664484
20261005-010838-8084b01,1996,public,ret_9_1,-0.0009555843314773027
20261005-010838-8084b01,1996,full,niq_su,0.0001676055863498824
20261005-010838-8084b01,1996,full,ret_6_1,0.0026496711046299962
20261005-010838-8084b01,1996,full,ret_12_1,0.008147755019003283
20261005-010838-8084b01,1996,full,saleq_su,0.0008576941032047436
20261005-010838-8084b01,1996,full,tax_gr1a,-0.0011923148651434806
20261005-010838-8084b01,1996,full,ni_inc8q,-0.0021006874861518913
20261005-010838-8084b01,1996,full,prc_highprc_252d,0.006829179165289997
20261005-010838-8084b01,1996,full,resff3_6_1,-0.0005443100423581286
20261005-010838-8084b01,1996,full,resff3_12_1,0.00016559931604703243
20261005-010838-8084b01,1996,full,be_me,0.00935778924982559
20261005-010838-8084b01,1996,full,debt_me,-0.003317623285805728
20261005-010838-8084b01,1996,full,at_me,-0.000548701376946227
20261005-010838-8084b01,1996,full,ret_60_12,-0.00463595546756789
20261005-010838-8084b01,1996,full,ni_me,-0.0017146570708318322
20261005-010838-8084b01,1996,full,fcf_me,0.0004357845377759189
20261005-010838-8084b01,1996,full,div12m_me,0.0017715729031363234
20261005-010838-8084b01,1996,full,eqpo_me,-0.0012622794313397843
20261005-010838-8084b01,1996,full,eqnpo_me,0.001150943809313165
20261005-010838-8084b01,1996,full,sale_gr3,0.0006198688780486523
20261005-010838-8084b01,1996,full,sale_gr1,-0.0016943999624662008
20261005-010838-8084b01,1996,full,ebitda_mev,-0.00223020162145217
20261005-010838-8084b01,1996,full,sale_me,0.006106407250150728
20261005-010838-8084b01,1996,full,ocf_me,0.004938055366716987
20261005-010838-8084b01,1996,full,ival_me,0.0012051776215855846
20261005-010838-8084b01,1996,full,bev_mev,0.002067729409344138
20261005-010838-8084b01,1996,full,netdebt_me,-0.0021713091693377844
20261005-010838-8084b01,1996,full,eq_dur,-0.0003651224536299419
20261005-010838-8084b01,1996,full,capex_abn,0.0011105615175540109
20261005-010838-8084b01,1996,full,at_gr1,0.0018744979701103982
20261005-010838-8084b01,1996,full,ppeinv_gr1a,-0.0013005757429991676
20261005-010838-8084b01,1996,full,noa_at,-0.0037182876784171634
20261005-010838-8084b01,1996,full,noa_gr1a,0.007103412743657263
20261005-010838-8084b01,1996,full,lnoa_gr1a,-0.0007727197535816202
20261005-010838-8084b01,1996,full,capx_gr1,-0.0010094391832299297
20261005-010838-8084b01,1996,full,capx_gr2,-0.0012350338974790444
20261005-010838-8084b01,1996,full,capx_gr3,-7.0382608095213865e-06
20261005-010838-8084b01,1996,full,chcsho_12m,-0.0029995140926489566
20261005-010838-8084b01,1996,full,eqnpo_12m,-0.002619620103946741
20261005-010838-8084b01,1996,full,debt_gr3,-0.001199996725070346
20261005-010838-8084b01,1996,full,inv_gr1,-0.00031828210393478203
20261005-010838-8084b01,1996,full,inv_gr1a,-0.0006495339780162973
20261005-010838-8084b01,1996,full,oaccruals_at,-0.007444796667147806
20261005-010838-8084b01,1996,full,taccruals_at,-0.0014022361609953764
20261005-010838-8084b01,1996,full,cowc_gr1a,0.0005233391835963023
20261005-010838-8084b01,1996,full,coa_gr1a,-0.0022720135582863345
20261005-010838-8084b01,1996,full,col_gr1a,-0.0003239766292149403
20261005-010838-8084b01,1996,full,nncoa_gr1a,-0.0020432519162021244
20261005-010838-8084b01,1996,full,ncoa_gr1a,0.001989466940370469
20261005-010838-8084b01,1996,full,ncol_gr1a,-6.209965122927883e-05
20261005-010838-8084b01,1996,full,nfna_gr1a,0.00017444684078505183
20261005-010838-8084b01,1996,full,sti_gr1a,0.0003869925536289964
20261005-010838-8084b01,1996,full,lti_gr1a,-0.0006113605465409267
20261005-010838-8084b01,1996,full,fnl_gr1a,-0.0021234730543156035
20261005-010838-8084b01,1996,full,be_gr1a,-0.0025235082614001574
20261005-010838-8084b01,1996,full,oaccruals_ni,0.0020421278835548707
20261005-010838-8084b01,1996,full,taccruals_ni,0.001215362507551015
20261005-010838-8084b01,1996,full,netis_at,0.00025978278383504663
20261005-010838-8084b01,1996,full,eqnetis_at,-0.0016534530534071908
20261005-010838-8084b01,1996,full,dbnetis_at,0.0002742400257901896
20261005-010838-8084b01,1996,full,niq_be,0.004212101345346443
20261005-010838-8084b01,1996,full,niq_be_chg1,0.0006952839162892738
20261005-010838-8084b01,1996,full,niq_at,0.0010574748235385658
20261005-010838-8084b01,1996,full,niq_at_chg1,0.0016635545339245598
20261005-010838-8084b01,1996,full,ebit_bev,-0.0029137224779990606
20261005-010838-8084b01,1996,full,ebit_sale,0.0033845911406526112
20261005-010838-8084b01,1996,full,sale_bev,-0.0004028355072290281
20261005-010838-8084b01,1996,full,at_turnover,-0.00199806853106926
20261005-010838-8084b01,1996,full,gp_at,0.005480722388815625
20261005-010838-8084b01,1996,full,gp_atl1,-0.002244452593354911
20261005-010838-8084b01,1996,full,ope_be,0.0010248020389096303
20261005-010838-8084b01,1996,full,ope_bel1,0.000297608255625188
20261005-010838-8084b01,1996,full,op_at,0.003286741564282176
20261005-010838-8084b01,1996,full,op_atl1,0.0035450379239196734
20261005-010838-8084b01,1996,full,cop_at,-0.0072664418383881066
20261005-010838-8084b01,1996,full,cop_atl1,0.009077181975820865
20261005-010838-8084b01,1996,full,f_score,-0.0005989993919308503
20261005-010838-8084b01,1996,full,o_score,0.0038068330339690545
20261005-010838-8084b01,1996,full,z_score,0.0010743626246293365
20261005-010838-8084b01,1996,full,pi_nix,-0.00029388506839300954
20261005-010838-8084b01,1996,full,at_be,-0.0015343557830996947
20261005-010838-8084b01,1996,full,saleq_gr1,0.002211287768458147
20261005-010838-8084b01,1996,full,rd_me,0.0047290423712364905
20261005-010838-8084b01,1996,full,rd_sale,0.00026320685759731926
20261005-010838-8084b01,1996,full,opex_at,-0.0011656018827625558
20261005-010838-8084b01,1996,full,emp_gr1,0.001767253585438869
20261005-010838-8084b01,1996,full,rd5_at,-0.001739964252011582
20261005-010838-8084b01,1996,full,age,0.002616195635933046
20261005-010838-8084b01,1996,full,dsale_dinv,0.0015687832109483768
20261005-010838-8084b01,1996,full,dsale_drec,-0.0010882237856834499
20261005-010838-8084b01,1996,full,dgp_dsale,0.0009496311075845875
20261005-010838-8084b01,1996,full,dsale_dsga,0.0003278284432244171
20261005-010838-8084b01,1996,full,sale_emp_gr1,0.0008177733849650346
20261005-010838-8084b01,1996,full,tangibility,-0.0007293934332260119
20261005-010838-8084b01,1996,full,kz_index,0.0007835503919551566
20261005-010838-8084b01,1996,full,ocfq_saleq_std,-0.00049454563232359
20261005-010838-8084b01,1996,full,cash_at,0.002150348243222518
20261005-010838-8084b01,1996,full,ni_ar1,-0.0004464399914617287
20261005-010838-8084b01,1996,full,ni_ivol,0.0007488203991194647
20261005-010838-8084b01,1996,full,earnings_variability,-0.001687534006693183
20261005-010838-8084b01,1996,full,aliq_at,0.0011973821413912454
20261005-010838-8084b01,1996,full,aliq_mat,-0.0016004329395715223
20261005-010838-8084b01,1996,full,seas_1_1an,0.0020543224208141985
20261005-010838-8084b01,1996,full,seas_1_1na,-0.008440634341320712
20261005-010838-8084b01,1996,full,seas_2_5an,0.0047856920682144075
20261005-010838-8084b01,1996,full,seas_2_5na,0.0022250735607444215
20261005-010838-8084b01,1996,full,seas_6_10an,0.0034978799968068846
20261005-010838-8084b01,1996,full,seas_6_10na,-0.002772719286790477
20261005-010838-8084b01,1996,full,seas_11_15an,0.003179319390108722
20261005-010838-8084b01,1996,full,seas_11_15na,0.0002564296276262837
20261005-010838-8084b01,1996,full,seas_16_20an,0.0017937415010817151
20261005-010838-8084b01,1996,full,seas_16_20na,-0.0008928176288036503
20261005-010838-8084b01,1996,full,market_equity,-0.006067707858661484
20261005-010838-8084b01,1996,full,ivol_ff3_21d,0.005556425260688045
20261005-010838-8084b01,1996,full,ivol_capm_252d,-0.00463944100005583
20261005-010838-8084b01,1996,full,ivol_capm_21d,-0.0020805173444856276
20261005-010838-8084b01,1996,full,ivol_hxz4_21d,-0.010778753029110797
20261005-010838-8084b01,1996,full,rvol_21d,0.005118581434974309
20261005-010838-8084b01,1996,full,beta_60m,0.0010076649520491053
20261005-010838-8084b01,1996,full,betabab_1260d,0.0028093251847573697
20261005-010838-8084b01,1996,full,beta_dimson_21d,0.0013372222569177352
20261005-010838-8084b01,1996,full,turnover_126d,-0.007972952154058834
20261005-010838-8084b01,1996,full,turnover_var_126d,0.01700945410933092
20261005-010838-8084b01,1996,full,dolvol_126d,0.004821069377642603
20261005-010838-8084b01,1996,full,dolvol_var_126d,-0.01672600808327391
20261005-010838-8084b01,1996,full,prc,0.0005809069125214657
20261005-010838-8084b01,1996,full,ami_126d,0.003579390704206828
20261005-010838-8084b01,1996,full,zero_trades_21d,-0.018186873513890155
20261005-010838-8084b01,1996,full,zero_trades_126d,0.009007080675708474
20261005-010838-8084b01,1996,full,zero_trades_252d,0.0021511444210886746
20261005-010838-8084b01,1996,full,rmax1_21d,-0.0034802470546698794
20261005-010838-8084b01,1996,full,rskew_21d,0.001019127967604936
20261005-010838-8084b01,1996,full,iskew_capm_21d,-4.390199998516239e-06
20261005-010838-8084b01,1996,full,iskew_ff3_21d,0.00090964435636735
20261005-010838-8084b01,1996,full,iskew_hxz4_21d,0.00035490064252862146
20261005-010838-8084b01,1996,full,coskew_21d,0.0005878494626832181
20261005-010838-8084b01,1996,full,ret_1_0,-0.010822399054423932
20261005-010838-8084b01,1996,full,betadown_252d,0.0010293283132250936
20261005-010838-8084b01,1996,full,bidaskhl_21d,0.0025176903848829627
20261005-010838-8084b01,1996,full,ret_3_1,-0.003714469100537202
20261005-010838-8084b01,1996,full,ret_9_1,0.0027861341001745427
20261005-010838-8084b01,1996,full,ret_12_7,0.003789701623041079
20261005-010838-8084b01,1996,full,corr_1260d,-0.0027562379577005863
20261005-010838-8084b01,1996,full,rmax5_21d,0.0008653095528481206
20261005-010838-8084b01,1996,full,rmax5_rvol_21d,-0.004078077560526199
20261005-010838-8084b01,1996,full,ni_be,0.004193944259990087
20261005-010838-8084b01,1996,full,ocf_at,-0.003074316569496796
20261005-010838-8084b01,1996,full,ocf_at_chg1,0.00030455871433598963
20261005-010838-8084b01,1996,full,mispricing_perf,-0.0006055453408466009
20261005-010838-8084b01,1996,full,mispricing_mgmt,-0.0023802775803151116
20261005-010838-8084b01,1996,full,qmj,-0.003024719069729349
20261005-010838-8084b01,1996,full,qmj_prof,-0.002221646328909553
20261005-010838-8084b01,1996,full,qmj_growth,0.0019178145448495978
20261005-010838-8084b01,1996,full,qmj_safety,-3.562766656247308e-05
20261005-010838-8084b01,1998,public,niq_su,0.0026172723728292314
20261005-010838-8084b01,1998,public,ret_6_1,0.0010641016296572352
20261005-010838-8084b01,1998,public,ret_12_1,0.009925595175404412
20261005-010838-8084b01,1998,public,be_me,0.010171348095390794
20261005-010838-8084b01,1998,public,debt_me,-0.0021162528966025135
20261005-010838-8084b01,1998,public,at_me,0.0001078424216794828
20261005-010838-8084b01,1998,public,ret_60_12,-0.0010097387180442565
20261005-010838-8084b01,1998,public,ni_me,-0.00041355048339076177
20261005-010838-8084b01,1998,public,fcf_me,0.0017618495080123802
20261005-010838-8084b01,1998,public,div12m_me,0.00019446410667528678
20261005-010838-8084b01,1998,public,sale_gr3,0.00010366961870466598
20261005-010838-8084b01,1998,public,sale_gr1,-0.0020402146665385703
20261005-010838-8084b01,1998,public,sale_me,0.004515572090963308
20261005-010838-8084b01,1998,public,oaccruals_at,-0.0035694177449222407
20261005-010838-8084b01,1998,public,at_turnover,-0.001583898795600764
20261005-010838-8084b01,1998,public,at_be,-0.0015770906892300428
20261005-010838-8084b01,1998,public,saleq_gr1,0.0036443705334727556
20261005-010838-8084b01,1998,public,market_equity,-0.003915675471628772
20261005-010838-8084b01,1998,public,beta_60m,0.000291026722677075
20261005-010838-8084b01,1998,public,beta_dimson_21d,0.0006501841480170028
20261005-010838-8084b01,1998,public,prc,0.003252266450079195
20261005-010838-8084b01,1998,public,ret_1_0,-0.01090503263967201
20261005-010838-8084b01,1998,public,ret_3_1,-0.0023213467446084983
20261005-010838-8084b01,1998,public,ret_9_1,-0.001054364628097505
20261005-010838-8084b01,1998,public,ni_be,0.00802567028840776
20261005-010838-8084b01,1998,full,niq_su,-0.00025155957072576563
20261005-010838-8084b01,1998,full,ret_6_1,0.0023703485650146744
20261005-010838-8084b01,1998,full,ret_12_1,0.007932397632855982
20261005-010838-8084b01,1998,full,saleq_su,0.0010534657684925645
20261005-010838-8084b01,1998,full,tax_gr1a,-0.0012822479362034106
20261005-010838-8084b01,1998,full,ni_inc8q,-0.001998529497075652
20261005-010838-8084b01,1998,full,prc_highprc_252d,0.006793625854803087
20261005-010838-8084b01,1998,full,resff3_6_1,-0.0006855618593979111
20261005-010838-8084b01,1998,full,resff3_12_1,0.0007486972085287887
20261005-010838-8084b01,1998,full,be_me,0.008563773870253368
20261005-010838-8084b01,1998,full,debt_me,-0.002470405428461668
20261005-010838-8084b01,1998,full,at_me,7.826878307282245e-05
20261005-010838-8084b01,1998,full,ret_60_12,-0.0046723724004218104
20261005-010838-8084b01,1998,full,ni_me,-0.0012152638811202905
20261005-010838-8084b01,1998,full,fcf_me,8.525017690221405e-05
20261005-010838-8084b01,1998,full,div12m_me,0.0015454172064873276
20261005-010838-8084b01,1998,full,eqpo_me,-0.0013145572287270723
20261005-010838-8084b01,1998,full,eqnpo_me,0.00093279489686648
20261005-010838-8084b01,1998,full,sale_gr3,0.000365044182762798
20261005-010838-8084b01,1998,full,sale_gr1,-0.0015135504034119664
20261005-010838-8084b01,1998,full,ebitda_mev,-0.0018681811834647696
20261005-010838-8084b01,1998,full,sale_me,0.005809887008365151
20261005-010838-8084b01,1998,full,ocf_me,0.003856643992256631
20261005-010838-8084b01,1998,full,ival_me,0.0007410825876722593
20261005-010838-8084b01,1998,full,bev_mev,0.003002313752787751
20261005-010838-8084b01,1998,full,netdebt_me,-0.0026712630996801492
20261005-010838-8084b01,1998,full,eq_dur,-0.00040279361618420146
20261005-010838-8084b01,1998,full,capex_abn,0.0008528913376584406
20261005-010838-8084b01,1998,full,at_gr1,0.0019394535523505965
20261005-010838-8084b01,1998,full,ppeinv_gr1a,-0.0011008977910600265
20261005-010838-8084b01,1998,full,noa_at,-0.0037621911778347923
20261005-010838-8084b01,1998,full,noa_gr1a,0.006464909324680822
20261005-010838-8084b01,1998,full,lnoa_gr1a,-0.0005167073824655935
20261005-010838-8084b01,1998,full,capx_gr1,-0.0008775584600140396
20261005-010838-8084b01,1998,full,capx_gr2,-0.0012296050265612416
20261005-010838-8084b01,1998,full,capx_gr3,0.000271926260405257
20261005-010838-8084b01,1998,full,chcsho_12m,-0.002925103061114546
20261005-010838-8084b01,1998,full,eqnpo_12m,-0.002598724998683258
20261005-010838-8084b01,1998,full,debt_gr3,-0.001341960236132346
20261005-010838-8084b01,1998,full,inv_gr1,-0.00016439880579368222
20261005-010838-8084b01,1998,full,inv_gr1a,-0.0007968806703349976
20261005-010838-8084b01,1998,full,oaccruals_at,-0.005508717702282917
20261005-010838-8084b01,1998,full,taccruals_at,-0.0007218052909437472
20261005-010838-8084b01,1998,full,cowc_gr1a,0.0001857650214906781
20261005-010838-8084b01,1998,full,coa_gr1a,-0.0023128111245734172
20261005-010838-8084b01,1998,full,col_gr1a,-0.00017369622454562297
20261005-010838-8084b01,1998,full,nncoa_gr1a,-0.0019748510535637772
20261005-010838-8084b01,1998,full,ncoa_gr1a,0.0010912284790347518
20261005-010838-8084b01,1998,full,ncol_gr1a,9.768373724329567e-05
20261005-010838-8084b01,1998,full,nfna_gr1a,-6.0887046788173584e-05
20261005-010838-8084b01,1998,full,sti_gr1a,0.00016853105634931137
20261005-010838-8084b01,1998,full,lti_gr1a,-0.0006439955752357166
20261005-010838-8084b01,1998,full,fnl_gr1a,-0.0019527854487149143
20261005-010838-8084b01,1998,full,be_gr1a,-0.002684439397495045
20261005-010838-8084b01,1998,full,oaccruals_ni,0.0013890014894899225
20261005-010838-8084b01,1998,full,taccruals_ni,0.000954550927711447
20261005-010838-8084b01,1998,full,netis_at,0.00013674532996200988
20261005-010838-8084b01,1998,full,eqnetis_at,-0.0018272495590902246
20261005-010838-8084b01,1998,full,dbnetis_at,1.7024997652473327e-05
20261005-010838-8084b01,1998,full,niq_be,0.004000222850964177
20261005-010838-8084b01,1998,full,niq_be_chg1,0.0004335516276034952
20261005-010838-8084b01,1998,full,niq_at,0.0013259016278475357
20261005-010838-8084b01,1998,full,niq_at_chg1,0.0020958614161916463
20261005-010838-8084b01,1998,full,ebit_bev,-0.003120368130328834
20261005-010838-8084b01,1998,full,ebit_sale,0.002975830416710014
20261005-010838-8084b01,1998,full,sale_bev,-0.0007107016536509066
20261005-010838-8084b01,1998,full,at_turnover,-0.0015843808932177138
20261005-010838-8084b01,1998,full,gp_at,0.003990329640476052
20261005-010838-8084b01,1998,full,gp_atl1,-0.00147671181114636
20261005-010838-8084b01,1998,full,ope_be,0.0009959026325691758
20261005-010838-8084b01,1998,full,ope_bel1,0.0005151640811890421
20261005-010838-8084b01,1998,full,op_at,0.0037007939723927587
20261005-010838-8084b01,1998,full,op_atl1,0.002561902497373448
20261005-010838-8084b01,1998,full,cop_at,-0.004341143419462243
20261005-010838-8084b01,1998,full,cop_atl1,0.006440298044310148
20261005-010838-8084b01,1998,full,f_score,-0.0008983904395503824
20261005-010838-8084b01,1998,full,o_score,0.004161377813555455
20261005-010838-8084b01,1998,full,z_score,0.00045132390501925854
20261005-010838-8084b01,1998,full,pi_nix,5.5506223627844195e-05
20261005-010838-8084b01,1998,full,at_be,-0.0014988757307525576
20261005-010838-8084b01,1998,full,saleq_gr1,0.002522077342418591
20261005-010838-8084b01,1998,full,rd_me,0.00400843477395508
20261005-010838-8084b01,1998,full,rd_sale,0.0007751624317743045
20261005-010838-8084b01,1998,full,opex_at,-0.0006303304035630291
20261005-010838-8084b01,1998,full,emp_gr1,0.0018767695684866268
20261005-010838-8084b01,1998,full,rd5_at,-0.0018011086156520246
20261005-010838-8084b01,1998,full,age,0.00196517953483528
20261005-010838-8084b01,1998,full,dsale_dinv,0.0017206189047479056
20261005-010838-8084b01,1998,full,dsale_drec,-0.001029798006764262
20261005-010838-8084b01,1998,full,dgp_dsale,0.0011692582022708817
20261005-010838-8084b01,1998,full,dsale_dsga,0.00046155424639531467
20261005-010838-8084b01,1998,full,sale_emp_gr1,0.0009605085618020697
20261005-010838-8084b01,1998,full,tangibility,-0.000673181598303009
20261005-010838-8084b01,1998,full,kz_index,0.0006546730941980768
20261005-010838-8084b01,1998,full,ocfq_saleq_std,-0.00043636706616748865
20261005-010838-8084b01,1998,full,cash_at,0.002398755728267074
20261005-010838-8084b01,1998,full,ni_ar1,-0.0004542875472396112
20261005-010838-8084b01,1998,full,ni_ivol,0.0008468304634168429
20261005-010838-8084b01,1998,full,earnings_variability,-0.0015266534153476762
20261005-010838-8084b01,1998,full,aliq_at,0.0013215809527751744
20261005-010838-8084b01,1998,full,aliq_mat,-0.002112643733918294
20261005-010838-8084b01,1998,full,seas_1_1an,0.002072279637231494
20261005-010838-8084b01,1998,full,seas_1_1na,-0.008614292794817131
20261005-010838-8084b01,1998,full,seas_2_5an,0.005231443473719373
20261005-010838-8084b01,1998,full,seas_2_5na,0.002640257775420619
20261005-010838-8084b01,1998,full,seas_6_10an,0.002989663629584624
20261005-010838-8084b01,1998,full,seas_6_10na,-0.0027497831881835256
20261005-010838-8084b01,1998,full,seas_11_15an,0.0029157943215383604
20261005-010838-8084b01,1998,full,seas_11_15na,0.0004150165211440497
20261005-010838-8084b01,1998,full,seas_16_20an,0.001970343420279247
20261005-010838-8084b01,1998,full,seas_16_20na,-0.0005866278591830987
20261005-010838-8084b01,1998,full,market_equity,-0.0051665388433046215
20261005-010838-8084b01,1998,full,ivol_ff3_21d,0.006051871696889895
20261005-010838-8084b01,1998,full,ivol_capm_252d,-0.004458644501940514
20261005-010838-8084b01,1998,full,ivol_capm_21d,-0.001972162445721281
20261005-010838-8084b01,1998,full,ivol_hxz4_21d,-0.01090669134542233
20261005-010838-8084b01,1998,full,rvol_21d,0.004465226610203684
20261005-010838-8084b01,1998,full,beta_60m,0.0013806276773367476
20261005-010838-8084b01,1998,full,betabab_1260d,0.0012718480874928067
20261005-010838-8084b01,1998,full,beta_dimson_21d,0.0015976775839308074
20261005-010838-8084b01,1998,full,turnover_126d,-0.007354282311039838
20261005-010838-8084b01,1998,full,turnover_var_126d,0.014488933830146069
20261005-010838-8084b01,1998,full,dolvol_126d,0.005169376815581327
20261005-010838-8084b01,1998,full,dolvol_var_126d,-0.014366337576604197
20261005-010838-8084b01,1998,full,prc,0.00039751731659920194
20261005-010838-8084b01,1998,full,ami_126d,0.0036988152736589256
20261005-010838-8084b01,1998,full,zero_trades_21d,-0.018229532095994944
20261005-010838-8084b01,1998,full,zero_trades_126d,0.009541198368277073
20261005-010838-8084b01,1998,full,zero_trades_252d,0.0025483813129930965
20261005-010838-8084b01,1998,full,rmax1_21d,-0.003064578325000813
20261005-010838-8084b01,1998,full,rskew_21d,0.001074381856274802
20261005-010838-8084b01,1998,full,iskew_capm_21d,-9.026414361812897e-06
20261005-010838-8084b01,1998,full,iskew_ff3_21d,0.0010814287959616286
20261005-010838-8084b01,1998,full,iskew_hxz4_21d,0.00019503912461622198
20261005-010838-8084b01,1998,full,coskew_21d,0.0005904974711196808
20261005-010838-8084b01,1998,full,ret_1_0,-0.010222855745568037
20261005-010838-8084b01,1998,full,betadown_252d,0.0014821229976180329
20261005-010838-8084b01,1998,full,bidaskhl_21d,0.0022854472360115986
20261005-010838-8084b01,1998,full,ret_3_1,-0.0035543908024953555
20261005-010838-8084b01,1998,full,ret_9_1,0.0026232826448127325
20261005-010838-8084b01,1998,full,ret_12_7,0.0037858726099380636
20261005-010838-8084b01,1998,full,corr_1260d,-0.0018243452090750127
20261005-010838-8084b01,1998,full,rmax5_21d,0.0004815956469675911
20261005-010838-8084b01,1998,full,rmax5_rvol_21d,-0.004209771417889145
20261005-010838-8084b01,1998,full,ni_be,0.002927259294229086
20261005-010838-8084b01,1998,full,ocf_at,-0.0024720832494627143
20261005-010838-8084b01,1998,full,ocf_at_chg1,0.00025170035943782113
20261005-010838-8084b01,1998,full,mispricing_perf,0.00015084071622376355
20261005-010838-8084b01,1998,full,mispricing_mgmt,-0.0022695591102383206
20261005-010838-8084b01,1998,full,qmj,-0.004107687257671476
20261005-010838-8084b01,1998,full,qmj_prof,-0.00017874772726174376
20261005-010838-8084b01,1998,full,qmj_growth,0.0025144648352755307
20261005-010838-8084b01,1998,full,qmj_safety,0.0004910186796089007
20261005-010838-8084b01,2000,public,niq_su,0.0027410081043401906
20261005-010838-8084b01,2000,public,ret_6_1,0.0003116600212511623
20261005-010838-8084b01,2000,public,ret_12_1,0.009826751266744708
20261005-010838-8084b01,2000,public,ni_inc8q,-0.0007587079263275542
20261005-010838-8084b01,2000,public,be_me,0.009414305856516895
20261005-010838-8084b01,2000,public,debt_me,-0.00398233748292838
20261005-010838-8084b01,2000,public,at_me,0.0014718596260157016
20261005-010838-8084b01,2000,public,ret_60_12,-0.0012955273305714143
20261005-010838-8084b01,2000,public,ni_me,0.0005094697793100946
20261005-010838-8084b01,2000,public,fcf_me,0.0012813055761653834
20261005-010838-8084b01,2000,public,div12m_me,0.0004323036319894962
20261005-010838-8084b01,2000,public,sale_gr3,0.0006271179969233515
20261005-010838-8084b01,2000,public,sale_gr1,-0.0025769687306382567
20261005-010838-8084b01,2000,public,sale_me,0.004133545379825775
20261005-010838-8084b01,2000,public,ival_me,-0.0007744297440431849
20261005-010838-8084b01,2000,public,oaccruals_at,-0.003917651030907653
20261005-010838-8084b01,2000,public,at_turnover,-0.0010579328310634593
20261005-010838-8084b01,2000,public,o_score,0.0032246608170290974
20261005-010838-8084b01,2000,public,z_score,0.0004931679011119867
20261005-010838-8084b01,2000,public,at_be,-0.002756874752138965
20261005-010838-8084b01,2000,public,saleq_gr1,0.004069933987426354
20261005-010838-8084b01,2000,public,dsale_dinv,0.0024954205989894678
20261005-010838-8084b01,2000,public,dsale_drec,-0.0009133421239372488
20261005-010838-8084b01,2000,public,dgp_dsale,0.001794939079595135
20261005-010838-8084b01,2000,public,dsale_dsga,0.000805344609356727
20261005-010838-8084b01,2000,public,sale_emp_gr1,-2.5529063873289557e-05
20261005-010838-8084b01,2000,public,market_equity,-0.00580562151569249
20261005-010838-8084b01,2000,public,beta_60m,0.001582773684889373
20261005-010838-8084b01,2000,public,beta_dimson_21d,0.0006981300509597306
20261005-010838-8084b01,2000,public,turnover_126d,-0.0034385422039802257
20261005-010838-8084b01,2000,public,dolvol_126d,0.004692772333542558
20261005-010838-8084b01,2000,public,prc,0.0032948244008095895
20261005-010838-8084b01,2000,public,ret_1_0,-0.01058497543507627
20261005-010838-8084b01,2000,public,ret_3_1,-0.0017018295518112072
20261005-010838-8084b01,2000,public,ret_9_1,-0.0009110928836449095
20261005-010838-8084b01,2000,public,ni_be,0.00782957939855037
20261005-010838-8084b01,2000,full,niq_su,-0.00022612280301654767
20261005-010838-8084b01,2000,full,ret_6_1,0.0012490271541708156
20261005-010838-8084b01,2000,full,ret_12_1,0.006902340757521431
20261005-010838-8084b01,2000,full,saleq_su,0.001155526726644883
20261005-010838-8084b01,2000,full,tax_gr1a,-0.0013562638459541753
20261005-010838-8084b01,2000,full,ni_inc8q,-0.0015954140477826768
20261005-010838-8084b01,2000,full,prc_highprc_252d,0.007681014608371863
20261005-010838-8084b01,2000,full,resff3_6_1,-0.0004457480444734907
20261005-010838-8084b01,2000,full,resff3_12_1,0.0011794849393794284
20261005-010838-8084b01,2000,full,be_me,0.00793490190500815
20261005-010838-8084b01,2000,full,debt_me,-0.0018663787972044285
20261005-010838-8084b01,2000,full,at_me,0.0006705272534158953
20261005-010838-8084b01,2000,full,ret_60_12,-0.004851665535928924
20261005-010838-8084b01,2000,full,ni_me,-0.000809126031692558
20261005-010838-8084b01,2000,full,fcf_me,0.00017511033276161448
20261005-010838-8084b01,2000,full,div12m_me,0.0015274179721871965
20261005-010838-8084b01,2000,full,eqpo_me,-0.0016739897950885576
20261005-010838-8084b01,2000,full,eqnpo_me,0.0008053043572040581
20261005-010838-8084b01,2000,full,sale_gr3,0.0006622251488343579
20261005-010838-8084b01,2000,full,sale_gr1,-0.0018246451678905718
20261005-010838-8084b01,2000,full,ebitda_mev,-0.002582061494606391
20261005-010838-8084b01,2000,full,sale_me,0.004843175703648468
20261005-010838-8084b01,2000,full,ocf_me,0.003340553610873482
20261005-010838-8084b01,2000,full,ival_me,0.0009807267910301684
20261005-010838-8084b01,2000,full,bev_mev,0.004049534727071271
20261005-010838-8084b01,2000,full,netdebt_me,-0.0028331181157212606
20261005-010838-8084b01,2000,full,eq_dur,-0.0005129747986094814
20261005-010838-8084b01,2000,full,capex_abn,0.0008829732570720727
20261005-010838-8084b01,2000,full,at_gr1,0.0021575539449104997
20261005-010838-8084b01,2000,full,ppeinv_gr1a,-0.0012968088294221778
20261005-010838-8084b01,2000,full,noa_at,-0.003894557924767185
20261005-010838-8084b01,2000,full,noa_gr1a,0.0050809205996115705
20261005-010838-8084b01,2000,full,lnoa_gr1a,-0.000540501497954415
20261005-010838-8084b01,2000,full,capx_gr1,-0.0008994578524982596
20261005-010838-8084b01,2000,full,capx_gr2,-0.0007920382369741364
20261005-010838-8084b01,2000,full,capx_gr3,-0.0002120827176746458
20261005-010838-8084b01,2000,full,chcsho_12m,-0.0022903923849520325
20261005-010838-8084b01,2000,full,eqnpo_12m,-0.002292168485695677
20261005-010838-8084b01,2000,full,debt_gr3,-0.0012723782856678629
20261005-010838-8084b01,2000,full,inv_gr1,0.00013131166055089968
20261005-010838-8084b01,2000,full,inv_gr1a,-0.0011390354814855472
20261005-010838-8084b01,2000,full,oaccruals_at,-0.005568939560448019
20261005-010838-8084b01,2000,full,taccruals_at,-0.002052275773247708
20261005-010838-8084b01,2000,full,cowc_gr1a,0.000313092987494961
20261005-010838-8084b01,2000,full,coa_gr1a,-0.0022112133913214033
20261005-010838-8084b01,2000,full,col_gr1a,0.0003551057548286411
20261005-010838-8084b01,2000,full,nncoa_gr1a,-0.0018818739435261269
20261005-010838-8084b01,2000,full,ncoa_gr1a,0.0008314778814776842
20261005-010838-8084b01,2000,full,ncol_gr1a,0.00025994676150288196
20261005-010838-8084b01,2000,full,nfna_gr1a,0.0005691384922303926
20261005-010838-8084b01,2000,full,sti_gr1a,-0.00019324852075001053
20261005-010838-8084b01,2000,full,lti_gr1a,-0.0006775479661850733
20261005-010838-8084b01,2000,full,fnl_gr1a,-0.0017063095835558111
20261005-010838-8084b01,2000,full,be_gr1a,-0.002896644893329388
20261005-010838-8084b01,2000,full,oaccruals_ni,0.0031882579200952343
20261005-010838-8084b01,2000,full,taccruals_ni,0.0018541745532814496
20261005-010838-8084b01,2000,full,netis_at,0.00012016093319907447
20261005-010838-8084b01,2000,full,eqnetis_at,-0.0016949035566149633
20261005-010838-8084b01,2000,full,dbnetis_at,0.00039738769668624756
20261005-010838-8084b01,2000,full,niq_be,0.004989403399270442
20261005-010838-8084b01,2000,full,niq_be_chg1,-4.9656820946647766e-05
20261005-010838-8084b01,2000,full,niq_at,0.0005231505475813803
20261005-010838-8084b01,2000,full,niq_at_chg1,0.0027378149030668404
20261005-010838-8084b01,2000,full,ebit_bev,-0.00319834711498796
20261005-010838-8084b01,2000,full,ebit_sale,0.002879904736277823
20261005-010838-8084b01,2000,full,sale_bev,9.61054005506275e-05
20261005-010838-8084b01,2000,full,at_turnover,-0.00288917117529239
20261005-010838-8084b01,2000,full,gp_at,0.0015354585421909646
20261005-010838-8084b01,2000,full,gp_atl1,-0.0006819647330087313
20261005-010838-8084b01,2000,full,ope_be,0.0008576941404281112
20261005-010838-8084b01,2000,full,ope_bel1,0.00027904114571873406
20261005-010838-8084b01,2000,full,op_at,0.005281100579455941
20261005-010838-8084b01,2000,full,op_atl1,0.002648190005642346
20261005-010838-8084b01,2000,full,cop_at,-0.003606079335155622
20261005-010838-8084b01,2000,full,cop_atl1,0.0060622956420959655
20261005-010838-8084b01,2000,full,f_score,-0.0007463794236243166
20261005-010838-8084b01,2000,full,o_score,0.006444238442819658
20261005-010838-8084b01,2000,full,z_score,8.365132052225147e-05
20261005-010838-8084b01,2000,full,pi_nix,-3.834713592125419e-05
20261005-010838-8084b01,2000,full,at_be,-0.002372911497838412
20261005-010838-8084b01,2000,full,saleq_gr1,0.002626446002930434
20261005-010838-8084b01,2000,full,rd_me,0.003261968721288857
20261005-010838-8084b01,2000,full,rd_sale,0.0016436635161355903
20261005-010838-8084b01,2000,full,opex_at,0.0014860670370355877
20261005-010838-8084b01,2000,full,emp_gr1,0.0019425277486920976
20261005-010838-8084b01,2000,full,rd5_at,-0.0010614775101993915
20261005-010838-8084b01,2000,full,age,0.001496166542087753
20261005-010838-8084b01,2000,full,dsale_dinv,0.0016789039395015118
20261005-010838-8084b01,2000,full,dsale_drec,-0.0008355583580678526
20261005-010838-8084b01,2000,full,dgp_dsale,0.0013134012030136348
20261005-010838-8084b01,2000,full,dsale_dsga,0.0005989915388194754
20261005-010838-8084b01,2000,full,sale_emp_gr1,0.0010102623581499087
20261005-010838-8084b01,2000,full,tangibility,-0.0004063146014967352
20261005-010838-8084b01,2000,full,kz_index,-0.0003612256421723634
20261005-010838-8084b01,2000,full,ocfq_saleq_std,0.0005789065340985341
20261005-010838-8084b01,2000,full,cash_at,0.002408089694208908
20261005-010838-8084b01,2000,full,ni_ar1,-0.0003795733311894488
20261005-010838-8084b01,2000,full,ni_ivol,0.0007839886766320046
20261005-010838-8084b01,2000,full,earnings_variability,-0.001321864172997505
20261005-010838-8084b01,2000,full,aliq_at,0.0014567162206945187
20261005-010838-8084b01,2000,full,aliq_mat,-0.002966596336979833
20261005-010838-8084b01,2000,full,seas_1_1an,0.0019691863375158616
20261005-010838-8084b01,2000,full,seas_1_1na,-0.008749941832251217
20261005-010838-8084b01,2000,full,seas_2_5an,0.005649071680799388
20261005-010838-8084b01,2000,full,seas_2_5na,0.002569848446591842
20261005-010838-8084b01,2000,full,seas_6_10an,0.0029247142493783115
20261005-010838-8084b01,2000,full,seas_6_10na,-0.002078137616310262
20261005-010838-8084b01,2000,full,seas_11_15an,0.002901136097901153
20261005-010838-8084b01,2000,full,seas_11_15na,0.0001230347465339487
20261005-010838-8084b01,2000,full,seas_16_20an,0.0021417890314827564
20261005-010838-8084b01,2000,full,seas_16_20na,-0.0008464630970336536
20261005-010838-8084b01,2000,full,market_equity,-0.004634467863873469
20261005-010838-8084b01,2000,full,ivol_ff3_21d,0.006009206176781911
20261005-010838-8084b01,2000,full,ivol_capm_252d,-0.004622233086034776
20261005-010838-8084b01,2000,full,ivol_capm_21d,-0.0015482619280897934
20261005-010838-8084b01,2000,full,ivol_hxz4_21d,-0.010943641189319358
20261005-010838-8084b01,2000,full,rvol_21d,0.003290321003659985
20261005-010838-8084b01,2000,full,beta_60m,0.0017665645188994774
20261005-010838-8084b01,2000,full,betabab_1260d,0.0013837830514651294
20261005-010838-8084b01,2000,full,beta_dimson_21d,0.001452368527442186
20261005-010838-8084b01,2000,full,turnover_126d,-0.006795188712708148
20261005-010838-8084b01,2000,full,turnover_var_126d,0.014707463486969455
20261005-010838-8084b01,2000,full,dolvol_126d,0.00425071761912602
20261005-010838-8084b01,2000,full,dolvol_var_126d,-0.014684829210960655
20261005-010838-8084b01,2000,full,prc,-0.00032819230769485803
20261005-010838-8084b01,2000,full,ami_126d,0.0028452037163326596
20261005-010838-8084b01,2000,full,zero_trades_21d,-0.019642286669256544
20261005-010838-8084b01,2000,full,zero_trades_126d,0.009595963989946126
20261005-010838-8084b01,2000,full,zero_trades_252d,0.0037719037754197398
20261005-010838-8084b01,2000,full,rmax1_21d,-0.003203369558252555
20261005-010838-8084b01,2000,full,rskew_21d,0.0007213596737763349
20261005-010838-8084b01,2000,full,iskew_capm_21d,0.00033992631960534474
20261005-010838-8084b01,2000,full,iskew_ff3_21d,0.0010266461598866792
20261005-010838-8084b01,2000,full,iskew_hxz4_21d,0.00028030938212349194
20261005-010838-8084b01,2000,full,coskew_21d,0.0007037516537978557
20261005-010838-8084b01,2000,full,ret_1_0,-0.01008755063593908
20261005-010838-8084b01,2000,full,betadown_252d,0.0019682457616163793
20261005-010838-8084b01,2000,full,bidaskhl_21d,0.001785743140832786
20261005-010838-8084b01,2000,full,ret_3_1,-0.0031142188869394127
20261005-010838-8084b01,2000,full,ret_9_1,0.0026407434939289165
20261005-010838-8084b01,2000,full,ret_12_7,0.0038571741494036913
20261005-010838-8084b01,2000,full,corr_1260d,-0.0014048498486968302
20261005-010838-8084b01,2000,full,rmax5_21d,0.0017289303663979828
20261005-010838-8084b01,2000,full,rmax5_rvol_21d,-0.0049528883344370275
20261005-010838-8084b01,2000,full,ni_be,0.0020081176620664323
20261005-010838-8084b01,2000,full,ocf_at,-0.003175156823150581
20261005-010838-8084b01,2000,full,ocf_at_chg1,0.00031872496398403674
20261005-010838-8084b01,2000,full,mispricing_perf,0.0018374798939087113
20261005-010838-8084b01,2000,full,mispricing_mgmt,-0.00178213894301683
20261005-010838-8084b01,2000,full,qmj,-0.003788374878761715
20261005-010838-8084b01,2000,full,qmj_prof,0.0007919961580658709
20261005-010838-8084b01,2000,full,qmj_growth,0.00279249426522301
20261005-010838-8084b01,2000,full,qmj_safety,0.0013583802509132786
20261005-010838-8084b01,2002,public,niq_su,0.0027345003930659096
20261005-010838-8084b01,2002,public,ret_6_1,0.00028391997670686376
20261005-010838-8084b01,2002,public,ret_12_1,0.011755018632005435
20261005-010838-8084b01,2002,public,ni_inc8q,-0.00044029111864231585
20261005-010838-8084b01,2002,public,be_me,0.009298878141215815
20261005-010838-8084b01,2002,public,debt_me,-0.004145874610972391
20261005-010838-8084b01,2002,public,at_me,0.0024930921702003674
20261005-010838-8084b01,2002,public,ret_60_12,-0.0018745065496123291
20261005-010838-8084b01,2002,public,ni_me,-0.0008322850367641224
20261005-010838-8084b01,2002,public,fcf_me,0.0018021526927709348
20261005-010838-8084b01,2002,public,div12m_me,0.0004981277740687547
20261005-010838-8084b01,2002,public,sale_gr3,0.0007514571690467906
20261005-010838-8084b01,2002,public,sale_gr1,-0.0026405238343063637
20261005-010838-8084b01,2002,public,sale_me,0.0038961174943997826
20261005-010838-8084b01,2002,public,ival_me,-0.0004190618956656025
20261005-010838-8084b01,2002,public,capx_gr1,-0.0006298700381853001
20261005-010838-8084b01,2002,public,oaccruals_at,-0.0037566999355476494
20261005-010838-8084b01,2002,public,at_turnover,-0.0004990211674041422
20261005-010838-8084b01,2002,public,f_score,-0.0007213056771389749
20261005-010838-8084b01,2002,public,o_score,0.002844174068331813
20261005-010838-8084b01,2002,public,z_score,0.00011497048045828698
20261005-010838-8084b01,2002,public,at_be,-0.0021753238875467378
20261005-010838-8084b01,2002,public,saleq_gr1,0.003941338448485995
20261005-010838-8084b01,2002,public,rd_me,0.00453168802294622
20261005-010838-8084b01,2002,public,rd_sale,0.0008257516486130552
20261005-010838-8084b01,2002,public,dsale_dinv,0.0022552064547859537
20261005-010838-8084b01,2002,public,dsale_drec,-0.0004338645136183328
20261005-010838-8084b01,2002,public,dgp_dsale,0.0019078742921703076
20261005-010838-8084b01,2002,public,dsale_dsga,0.0009292044438630238
20261005-010838-8084b01,2002,public,sale_emp_gr1,-4.68092679537743e-05
20261005-010838-8084b01,2002,public,kz_index,4.870462247086234e-05
20261005-010838-8084b01,2002,public,market_equity,-0.005682561041654813
20261005-010838-8084b01,2002,public,beta_60m,0.0013654199504530477
20261005-010838-8084b01,2002,public,beta_dimson_21d,0.0007168260109309102
20261005-010838-8084b01,2002,public,turnover_126d,-0.0037208786409399885
20261005-010838-8084b01,2002,public,turnover_var_126d,0.016250530472567006
20261005-010838-8084b01,2002,public,dolvol_126d,0.004060917938820068
20261005-010838-8084b01,2002,public,dolvol_var_126d,-0.016029213101546487
20261005-010838-8084b01,2002,public,prc,0.00220745151222992
20261005-010838-8084b01,2002,public,coskew_21d,0.00021017641047448515
20261005-010838-8084b01,2002,public,ret_1_0,-0.010171321253116584
20261005-010838-8084b01,2002,public,ret_3_1,-0.001368267287606085
20261005-010838-8084b01,2002,public,ret_9_1,-0.002186465822888034
20261005-010838-8084b01,2002,public,ni_be,0.008433325598082363
20261005-010838-8084b01,2002,full,niq_su,-0.00033290937181702025
20261005-010838-8084b01,2002,full,ret_6_1,0.0010790634936965054
20261005-010838-8084b01,2002,full,ret_12_1,0.007473670714442562
20261005-010838-8084b01,2002,full,saleq_su,0.0013319623775965718
20261005-010838-8084b01,2002,full,tax_gr1a,-0.0012705459884755146
20261005-010838-8084b01,2002,full,ni_inc8q,-0.0011479601361746264
20261005-010838-8084b01,2002,full,prc_highprc_252d,0.008002116234574894
20261005-010838-8084b01,2002,full,resff3_6_1,-0.00029677288691019345
20261005-010838-8084b01,2002,full,resff3_12_1,0.00087235177137384
20261005-010838-8084b01,2002,full,be_me,0.008024220811043559
20261005-010838-8084b01,2002,full,debt_me,-0.0019643574006694494
20261005-010838-8084b01,2002,full,at_me,0.001761380761308088
20261005-010838-8084b01,2002,full,ret_60_12,-0.005616318204546182
20261005-010838-8084b01,2002,full,ni_me,-0.0021498255872909058
20261005-010838-8084b01,2002,full,fcf_me,0.00026951095382830517
20261005-010838-8084b01,2002,full,div12m_me,0.0016728024489100696
20261005-010838-8084b01,2002,full,eqpo_me,-0.0021972174213800927
20261005-010838-8084b01,2002,full,eqnpo_me,0.0009675477221346466
20261005-010838-8084b01,2002,full,sale_gr3,0.0010086596627913672
20261005-010838-8084b01,2002,full,sale_gr1,-0.0019396295568875229
20261005-010838-8084b01,2002,full,ebitda_mev,-0.0027072364262851647
20261005-010838-8084b01,2002,full,sale_me,0.004738719826038305
20261005-010838-8084b01,2002,full,ocf_me,0.004981945300903833
20261005-010838-8084b01,2002,full,ival_me,0.001129791162344006
20261005-010838-8084b01,2002,full,bev_mev,0.004518292404066581
20261005-010838-8084b01,2002,full,netdebt_me,-0.003342326113272733
20261005-010838-8084b01,2002,full,eq_dur,-0.00017329058083893298
20261005-010838-8084b01,2002,full,capex_abn,0.0007712409817292213
20261005-010838-8084b01,2002,full,at_gr1,0.0017425126266975208
20261005-010838-8084b01,2002,full,ppeinv_gr1a,-0.0010829816790709052
20261005-010838-8084b01,2002,full,noa_at,-0.003696820165404656
20261005-010838-8084b01,2002,full,noa_gr1a,0.0038793528751742377
20261005-010838-8084b01,2002,full,lnoa_gr1a,-0.00010464312931445826
20261005-010838-8084b01,2002,full,capx_gr1,-0.0008770074311547158
20261005-010838-8084b01,2002,full,capx_gr2,-0.0008302672344040829
20261005-010838-8084b01,2002,full,capx_gr3,-0.0001753993723419878
20261005-010838-8084b01,2002,full,chcsho_12m,-0.002193132822751904
20261005-010838-8084b01,2002,full,eqnpo_12m,-0.0016102789715716512
20261005-010838-8084b01,2002,full,debt_gr3,-0.001164181856755998
20261005-010838-8084b01,2002,full,inv_gr1,0.00018469686431015639
20261005-010838-8084b01,2002,full,inv_gr1a,-0.0009175626020491146
20261005-010838-8084b01,2002,full,oaccruals_at,-0.005059180667706431
20261005-010838-8084b01,2002,full,taccruals_at,-0.000621382559434258
20261005-010838-8084b01,2002,full,cowc_gr1a,3.930601495058242e-05
20261005-010838-8084b01,2002,full,coa_gr1a,-0.0031946168718371814
20261005-010838-8084b01,2002,full,col_gr1a,0.0007715409639690229
20261005-010838-8084b01,2002,full,nncoa_gr1a,-0.0019972996906975735
20261005-010838-8084b01,2002,full,ncoa_gr1a,-0.00011012040867614988
20261005-010838-8084b01,2002,full,ncol_gr1a,0.0005972603688926591
20261005-010838-8084b01,2002,full,nfna_gr1a,0.0005496208314614132
20261005-010838-8084b01,2002,full,sti_gr1a,-0.0002847853982214109
20261005-010838-8084b01,2002,full,lti_gr1a,-0.0008479241819520965
20261005-010838-8084b01,2002,full,fnl_gr1a,-0.0014979477096798185
20261005-010838-8084b01,2002,full,be_gr1a,-0.003235045933506008
20261005-010838-8084b01,2002,full,oaccruals_ni,0.002371490989187017
20261005-010838-8084b01,2002,full,taccruals_ni,0.001264901514651373
20261005-010838-8084b01,2002,full,netis_at,-8.463464606038197e-05
20261005-010838-8084b01,2002,full,eqnetis_at,-0.0016072131209141688
20261005-010838-8084b01,2002,full,dbnetis_at,0.0006109868523868147
20261005-010838-8084b01,2002,full,niq_be,0.004473778891315713
20261005-010838-8084b01,2002,full,niq_be_chg1,0.00039690466535588075
20261005-010838-8084b01,2002,full,niq_at,0.0014968180666689074
20261005-010838-8084b01,2002,full,niq_at_chg1,0.0021911742210245244
20261005-010838-8084b01,2002,full,ebit_bev,-0.0026715139516684324
20261005-010838-8084b01,2002,full,ebit_sale,0.002639728872024311
20261005-010838-8084b01,2002,full,sale_bev,0.00014084029052414954
20261005-010838-8084b01,2002,full,at_turnover,-0.0021869568444984667
20261005-010838-8084b01,2002,full,gp_at,0.0006200944044153499
20261005-010838-8084b01,2002,full,gp_atl1,-9.065002336694863e-05
20261005-010838-8084b01,2002,full,ope_be,0.0012021490273905902
20261005-010838-8084b01,2002,full,ope_bel1,0.0007865529732368325
20261005-010838-8084b01,2002,full,op_at,0.006466194680240329
20261005-010838-8084b01,2002,full,op_atl1,0.0011830047740096891
20261005-010838-8084b01,2002,full,cop_at,-0.002374407643440376
20261005-010838-8084b01,2002,full,cop_atl1,0.0036643931547371243
20261005-010838-8084b01,2002,full,f_score,-0.0008886116854945039
20261005-010838-8084b01,2002,full,o_score,0.005485032028556646
20261005-010838-8084b01,2002,full,z_score,-0.0005327038649742614
20261005-010838-8084b01,2002,full,pi_nix,-1.484261959252866e-05
20261005-010838-8084b01,2002,full,at_be,-0.0020515120929610357
20261005-010838-8084b01,2002,full,saleq_gr1,0.0024405422419419348
20261005-010838-8084b01,2002,full,rd_me,0.00353058955700957
20261005-010838-8084b01,2002,full,rd_sale,0.001052572077173929
20261005-010838-8084b01,2002,full,opex_at,0.0010574532533287706
20261005-010838-8084b01,2002,full,emp_gr1,0.0018367958201309042
20261005-010838-8084b01,2002,full,rd5_at,-0.0007393169324663256
20261005-010838-8084b01,2002,full,age,0.001063893313696738
20261005-010838-8084b01,2002,full,dsale_dinv,0.0013947392249365632
20261005-010838-8084b01,2002,full,dsale_drec,-0.0006785835318646839
20261005-010838-8084b01,2002,full,dgp_dsale,0.0012289843037001944
20261005-010838-8084b01,2002,full,dsale_dsga,0.0005900672091465697
20261005-010838-8084b01,2002,full,sale_emp_gr1,0.0009391870874050831
20261005-010838-8084b01,2002,full,tangibility,-0.00047043943865412747
20261005-010838-8084b01,2002,full,kz_index,-0.0006867758255630252
20261005-010838-8084b01,2002,full,ocfq_saleq_std,0.0001326222363731875
20261005-010838-8084b01,2002,full,cash_at,0.002414420339045514
20261005-010838-8084b01,2002,full,ni_ar1,-0.0004244843353023797
20261005-010838-8084b01,2002,full,ni_ivol,0.0004753185200302764
20261005-010838-8084b01,2002,full,earnings_variability,-0.0009273984073762563
20261005-010838-8084b01,2002,full,aliq_at,0.0012364785974936466
20261005-010838-8084b01,2002,full,aliq_mat,-0.003100749515929412
20261005-010838-8084b01,2002,full,seas_1_1an,0.0019320164062777605
20261005-010838-8084b01,2002,full,seas_1_1na,-0.008093795042587552
20261005-010838-8084b01,2002,full,seas_2_5an,0.005756579433686245
20261005-010838-8084b01,2002,full,seas_2_5na,0.0026099395196264117
20261005-010838-8084b01,2002,full,seas_6_10an,0.0029613269758791676
20261005-010838-8084b01,2002,full,seas_6_10na,-0.0021567115081541337
20261005-010838-8084b01,2002,full,seas_11_15an,0.0029026274772287045
20261005-010838-8084b01,2002,full,seas_11_15na,0.000243410613719603
20261005-010838-8084b01,2002,full,seas_16_20an,0.0024447890945639562
20261005-010838-8084b01,2002,full,seas_16_20na,-0.0007578341306914634
20261005-010838-8084b01,2002,full,market_equity,-0.004810727262211673
20261005-010838-8084b01,2002,full,ivol_ff3_21d,0.006931292934606167
20261005-010838-8084b01,2002,full,ivol_capm_252d,-0.004249235973408988
20261005-010838-8084b01,2002,full,ivol_capm_21d,-0.005339198838418049
20261005-010838-8084b01,2002,full,ivol_hxz4_21d,-0.010033281279401465
20261005-010838-8084b01,2002,full,rvol_21d,0.0031160413933649586
20261005-010838-8084b01,2002,full,beta_60m,0.0014258150990734675
20261005-010838-8084b01,2002,full,betabab_1260d,0.0012790804289700413
20261005-010838-8084b01,2002,full,beta_dimson_21d,0.0012621739811002316
20261005-010838-8084b01,2002,full,turnover_126d,-0.007662033839746473
20261005-010838-8084b01,2002,full,turnover_var_126d,0.014273212748890844
20261005-010838-8084b01,2002,full,dolvol_126d,0.00453571681360827
20261005-010838-8084b01,2002,full,dolvol_var_126d,-0.014165422121595583
20261005-010838-8084b01,2002,full,prc,-0.00043322657794243424
20261005-010838-8084b01,2002,full,ami_126d,0.0031355631103503487
20261005-010838-8084b01,2002,full,zero_trades_21d,-0.020314182694523408
20261005-010838-8084b01,2002,full,zero_trades_126d,0.01002172838626306
20261005-010838-8084b01,2002,full,zero_trades_252d,0.0040620450138147
20261005-010838-8084b01,2002,full,rmax1_21d,-0.002211187772963248
20261005-010838-8084b01,2002,full,rskew_21d,-1.867604721177385e-05
20261005-010838-8084b01,2002,full,iskew_capm_21d,0.0005460875631215728
20261005-010838-8084b01,2002,full,iskew_ff3_21d,0.0013822740895206435
20261005-010838-8084b01,2002,full,iskew_hxz4_21d,0.00042829278357172133
20261005-010838-8084b01,2002,full,coskew_21d,0.000700212655990449
20261005-010838-8084b01,2002,full,ret_1_0,-0.010675607739795154
20261005-010838-8084b01,2002,full,betadown_252d,0.0015578078850839443
20261005-010838-8084b01,2002,full,bidaskhl_21d,0.002155151969217189
20261005-010838-8084b01,2002,full,ret_3_1,-0.0029554875470799618
20261005-010838-8084b01,2002,full,ret_9_1,0.0011838651693631662
20261005-010838-8084b01,2002,full,ret_12_7,0.004653326275506799
20261005-010838-8084b01,2002,full,corr_1260d,-0.0012072864134610097
20261005-010838-8084b01,2002,full,rmax5_21d,0.004232378946319742
20261005-010838-8084b01,2002,full,rmax5_rvol_21d,-0.00568215903023692
20261005-010838-8084b01,2002,full,ni_be,0.0021925333808437125
20261005-010838-8084b01,2002,full,ocf_at,-0.005400685128846307
20261005-010838-8084b01,2002,full,ocf_at_chg1,0.0002962635135343427
20261005-010838-8084b01,2002,full,mispricing_perf,0.0018346482549192274
20261005-010838-8084b01,2002,full,mispricing_mgmt,-0.002661559259239205
20261005-010838-8084b01,2002,full,qmj,-0.004655245008396184
20261005-010838-8084b01,2002,full,qmj_prof,0.0013650400969834663
20261005-010838-8084b01,2002,full,qmj_growth,0.003409736298801468
20261005-010838-8084b01,2002,full,qmj_safety,0.00087933170671132
20261005-010838-8084b01,2004,public,niq_su,0.0025998745450478058
20261005-010838-8084b01,2004,public,ret_6_1,0.0002869423546682315
20261005-010838-8084b01,2004,public,ret_12_1,0.011337050222254785
20261005-010838-8084b01,2004,public,ni_inc8q,-0.0009004435515560026
20261005-010838-8084b01,2004,public,be_me,0.00920198427158263
20261005-010838-8084b01,2004,public,debt_me,-0.004691592155548481
20261005-010838-8084b01,2004,public,at_me,0.0033455036377454837
20261005-010838-8084b01,2004,public,ret_60_12,-0.001981070137177659
20261005-010838-8084b01,2004,public,ni_me,-0.0012735548728001833
20261005-010838-8084b01,2004,public,fcf_me,0.0018511905525192426
20261005-010838-8084b01,2004,public,div12m_me,-0.0008958539178205021
20261005-010838-8084b01,2004,public,sale_gr3,0.0011253895758813243
20261005-010838-8084b01,2004,public,sale_gr1,-0.002006436529374314
20261005-010838-8084b01,2004,public,sale_me,0.0030768445416277735
20261005-010838-8084b01,2004,public,ival_me,-0.000509586598995181
20261005-010838-8084b01,2004,public,lnoa_gr1a,-0.0010511204124913902
20261005-010838-8084b01,2004,public,capx_gr1,-0.0006185910605957508
20261005-010838-8084b01,2004,public,inv_gr1a,-0.0025137263927633166
20261005-010838-8084b01,2004,public,oaccruals_at,-0.0028946787389231917
20261005-010838-8084b01,2004,public,at_turnover,0.0003136675744307335
20261005-010838-8084b01,2004,public,f_score,-0.0009728686595137008
20261005-010838-8084b01,2004,public,o_score,0.002608795743706671
20261005-010838-8084b01,2004,public,z_score,0.00031871607085917533
20261005-010838-8084b01,2004,public,at_be,-0.0018172316853610818
20261005-010838-8084b01,2004,public,saleq_gr1,0.004158689067041991
20261005-010838-8084b01,2004,public,rd_me,0.0054254709966650135
20261005-010838-8084b01,2004,public,rd_sale,0.0020257205120375052
20261005-010838-8084b01,2004,public,dsale_dinv,0.001045672055798992
20261005-010838-8084b01,2004,public,dsale_drec,-1.3489449610939607e-05
20261005-010838-8084b01,2004,public,dgp_dsale,0.0020627620615422536
20261005-010838-8084b01,2004,public,dsale_dsga,0.0009897498191009367
20261005-010838-8084b01,2004,public,sale_emp_gr1,-0.00010144858001009886
20261005-010838-8084b01,2004,public,kz_index,-0.00016982573015616821
20261005-010838-8084b01,2004,public,market_equity,-0.004660661179976411
20261005-010838-8084b01,2004,public,ivol_capm_252d,-0.006643843536342156
20261005-010838-8084b01,2004,public,beta_60m,0.002050509764395189
20261005-010838-8084b01,2004,public,beta_dimson_21d,0.0008628369192741217
20261005-010838-8084b01,2004,public,turnover_126d,-0.0020566922288488398
20261005-010838-8084b01,2004,public,turnover_var_126d,0.012582784475099732
20261005-010838-8084b01,2004,public,dolvol_126d,0.0033111273101182675
20261005-010838-8084b01,2004,public,dolvol_var_126d,-0.012315009915388008
20261005-010838-8084b01,2004,public,prc,0.0006754047308993662
20261005-010838-8084b01,2004,public,ami_126d,0.002969711161829705
20261005-010838-8084b01,2004,public,coskew_21d,0.0003962249565772594
20261005-010838-8084b01,2004,public,ret_1_0,-0.00994999447778599
20261005-010838-8084b01,2004,public,ret_3_1,-0.000996521018057447
20261005-010838-8084b01,2004,public,ret_9_1,-0.0017629187567440394
20261005-010838-8084b01,2004,public,ni_be,0.008461220679856121
20261005-010838-8084b01,2004,full,niq_su,-0.0001636358915081592
20261005-010838-8084b01,2004,full,ret_6_1,0.0011041358283016846
20261005-010838-8084b01,2004,full,ret_12_1,0.0069697911180844835
20261005-010838-8084b01,2004,full,saleq_su,0.001198749998983342
20261005-010838-8084b01,2004,full,tax_gr1a,-0.0010047286584019732
20261005-010838-8084b01,2004,full,ni_inc8q,-0.0011154381040550986
20261005-010838-8084b01,2004,full,prc_highprc_252d,0.008071429999047204
20261005-010838-8084b01,2004,full,resff3_6_1,-0.00035521401579516316
20261005-010838-8084b01,2004,full,resff3_12_1,0.0009015471578457427
20261005-010838-8084b01,2004,full,be_me,0.008435609654814626
20261005-010838-8084b01,2004,full,debt_me,-0.002885082559121333
20261005-010838-8084b01,2004,full,at_me,0.003352268009545249
20261005-010838-8084b01,2004,full,ret_60_12,-0.005621179911847781
20261005-010838-8084b01,2004,full,ni_me,-0.0017844390606667102
20261005-010838-8084b01,2004,full,fcf_me,0.0004688136632552047
20261005-010838-8084b01,2004,full,div12m_me,0.0015150484045535787
20261005-010838-8084b01,2004,full,eqpo_me,-0.0019168789821974363
20261005-010838-8084b01,2004,full,eqnpo_me,0.0005597101635747857
20261005-010838-8084b01,2004,full,sale_gr3,0.0010643031343639101
20261005-010838-8084b01,2004,full,sale_gr1,-0.0017653820487497107
20261005-010838-8084b01,2004,full,ebitda_mev,-0.003275695359955169
20261005-010838-8084b01,2004,full,sale_me,0.003612869573842068
20261005-010838-8084b01,2004,full,ocf_me,0.0041542992000718655
20261005-010838-8084b01,2004,full,ival_me,0.0007683296354726544
20261005-010838-8084b01,2004,full,bev_mev,0.0041531923945933415
20261005-010838-8084b01,2004,full,netdebt_me,-0.0027144585907353
20261005-010838-8084b01,2004,full,eq_dur,-0.0002731896785401846
20261005-010838-8084b01,2004,full,capex_abn,0.0008725248124035763
20261005-010838-8084b01,2004,full,at_gr1,0.00145978744743669
20261005-010838-8084b01,2004,full,ppeinv_gr1a,-0.0012206768139779703
20261005-010838-8084b01,2004,full,noa_at,-0.0036247547517164404
20261005-010838-8084b01,2004,full,noa_gr1a,0.003263992732934975
20261005-010838-8084b01,2004,full,lnoa_gr1a,-0.0003453905808556415
20261005-010838-8084b01,2004,full,capx_gr1,-0.0009171108363634323
20261005-010838-8084b01,2004,full,capx_gr2,-0.0009075728123833821
20261005-010838-8084b01,2004,full,capx_gr3,-5.148550088288199e-05
20261005-010838-8084b01,2004,full,chcsho_12m,-0.002190720726477709
20261005-010838-8084b01,2004,full,eqnpo_12m,-0.0015128931844685942
20261005-010838-8084b01,2004,full,debt_gr3,-0.001077315004100207
20261005-010838-8084b01,2004,full,inv_gr1,0.0007319596832226808
20261005-010838-8084b01,2004,full,inv_gr1a,-0.0014569341266291735
20261005-010838-8084b01,2004,full,oaccruals_at,-0.00334782536524448
20261005-010838-8084b01,2004,full,taccruals_at,-0.0005797021471301866
20261005-010838-8084b01,2004,full,cowc_gr1a,-0.00048551074504367875
20261005-010838-8084b01,2004,full,coa_gr1a,-0.002591523352434253
20261005-010838-8084b01,2004,full,col_gr1a,0.0007398535270757533
20261005-010838-8084b01,2004,full,nncoa_gr1a,-0.0018059741276865201
20261005-010838-8084b01,2004,full,ncoa_gr1a,-0.0004739289764037924
20261005-010838-8084b01,2004,full,ncol_gr1a,0.0007293843408021383
20261005-010838-8084b01,2004,full,nfna_gr1a,0.0001366841755166489
20261005-010838-8084b01,2004,full,sti_gr1a,-0.00034970907888282076
20261005-010838-8084b01,2004,full,lti_gr1a,-0.0007232261623855622
20261005-010838-8084b01,2004,full,fnl_gr1a,-0.001341450933909841
20261005-010838-8084b01,2004,full,be_gr1a,-0.0036379753191739224
20261005-010838-8084b01,2004,full,oaccruals_ni,0.00171441266319098
20261005-010838-8084b01,2004,full,taccruals_ni,0.001551086373346798
20261005-010838-8084b01,2004,full,netis_at,-8.560681105287007e-05
20261005-010838-8084b01,2004,full,eqnetis_at,-0.0014117631996220222
20261005-010838-8084b01,2004,full,dbnetis_at,0.0005467917665874245
20261005-010838-8084b01,2004,full,niq_be,0.003838183240073119
20261005-010838-8084b01,2004,full,niq_be_chg1,9.450788312690386e-05
20261005-010838-8084b01,2004,full,niq_at,0.0022310980190561117
20261005-010838-8084b01,2004,full,niq_at_chg1,0.0020585788617619436
20261005-010838-8084b01,2004,full,ebit_bev,-0.0023541612519961145
20261005-010838-8084b01,2004,full,ebit_sale,0.002163722645174384
20261005-010838-8084b01,2004,full,sale_bev,0.0007017175696655038
20261005-010838-8084b01,2004,full,at_turnover,-0.001716726111744776
20261005-010838-8084b01,2004,full,gp_at,0.0007139716562339926
20261005-010838-8084b01,2004,full,gp_atl1,-0.000507280749383376
20261005-010838-8084b01,2004,full,ope_be,0.0008642147849943291
20261005-010838-8084b01,2004,full,ope_bel1,0.0007842946933019772
20261005-010838-8084b01,2004,full,op_at,0.007110010726903117
20261005-010838-8084b01,2004,full,op_atl1,0.001573059795301829
20261005-010838-8084b01,2004,full,cop_at,-8.66039442572334e-06
20261005-010838-8084b01,2004,full,cop_atl1,0.002061967146619187
20261005-010838-8084b01,2004,full,f_score,-0.0011443875240198106
20261005-010838-8084b01,2004,full,o_score,0.0057517194274218746
20261005-010838-8084b01,2004,full,z_score,-0.0007123865814034946
20261005-010838-8084b01,2004,full,pi_nix,-9.714737470928631e-05
20261005-010838-8084b01,2004,full,at_be,-0.0015653099975772764
20261005-010838-8084b01,2004,full,saleq_gr1,0.0027833545262844297
20261005-010838-8084b01,2004,full,rd_me,0.004283452491516541
20261005-010838-8084b01,2004,full,rd_sale,0.0013120164952857077
20261005-010838-8084b01,2004,full,opex_at,0.0004367090679536339
20261005-010838-8084b01,2004,full,emp_gr1,0.0016477368795058942
20261005-010838-8084b01,2004,full,rd5_at,-0.0001657668575892962
20261005-010838-8084b01,2004,full,age,0.0007845632466916638
20261005-010838-8084b01,2004,full,dsale_dinv,0.0014181956645087728
20261005-010838-8084b01,2004,full,dsale_drec,-0.0004827930697894924
20261005-010838-8084b01,2004,full,dgp_dsale,0.0011523578357950574
20261005-010838-8084b01,2004,full,dsale_dsga,0.0005900906754754424
20261005-010838-8084b01,2004,full,sale_emp_gr1,0.0007463648903653089
20261005-010838-8084b01,2004,full,tangibility,-6.437156516280045e-05
20261005-010838-8084b01,2004,full,kz_index,-0.0008874482836403943
20261005-010838-8084b01,2004,full,ocfq_saleq_std,-0.0004291831859633234
20261005-010838-8084b01,2004,full,cash_at,0.0030014738331888007
20261005-010838-8084b01,2004,full,ni_ar1,-0.0004514280212985977
20261005-010838-8084b01,2004,full,ni_ivol,0.0005865662880643604
20261005-010838-8084b01,2004,full,earnings_variability,-0.0009016900515730525
20261005-010838-8084b01,2004,full,aliq_at,0.0009576630901181787
20261005-010838-8084b01,2004,full,aliq_mat,-0.0029987063527833436
20261005-010838-8084b01,2004,full,seas_1_1an,0.0017425477023147759
20261005-010838-8084b01,2004,full,seas_1_1na,-0.0077306730122849495
20261005-010838-8084b01,2004,full,seas_2_5an,0.005909394753059321
20261005-010838-8084b01,2004,full,seas_2_5na,0.0027753710618771167
20261005-010838-8084b01,2004,full,seas_6_10an,0.003043817163321655
20261005-010838-8084b01,2004,full,seas_6_10na,-0.002243465216052771
20261005-010838-8084b01,2004,full,seas_11_15an,0.002737546483685714
20261005-010838-8084b01,2004,full,seas_11_15na,0.00015115961263066052
20261005-010838-8084b01,2004,full,seas_16_20an,0.0023777050321682615
20261005-010838-8084b01,2004,full,seas_16_20na,-0.0007346063086864497
20261005-010838-8084b01,2004,full,market_equity,-0.004372972288427762
20261005-010838-8084b01,2004,full,ivol_ff3_21d,0.008856128170716054
20261005-010838-8084b01,2004,full,ivol_capm_252d,-0.004015949142344562
20261005-010838-8084b01,2004,full,ivol_capm_21d,-0.006345951416516903
20261005-010838-8084b01,2004,full,ivol_hxz4_21d,-0.010078912958237745
20261005-010838-8084b01,2004,full,rvol_21d,0.0012957451238098728
20261005-010838-8084b01,2004,full,beta_60m,0.001433331634538143
20261005-010838-8084b01,2004,full,betabab_1260d,0.0019108171237900585
20261005-010838-8084b01,2004,full,beta_dimson_21d,0.0011846387761488648
20261005-010838-8084b01,2004,full,turnover_126d,-0.007884712267830208
20261005-010838-8084b01,2004,full,turnover_var_126d,0.012351541691603398
20261005-010838-8084b01,2004,full,dolvol_126d,0.004384101109709415
20261005-010838-8084b01,2004,full,dolvol_var_126d,-0.01221667549415252
20261005-010838-8084b01,2004,full,prc,-0.000330651785950282
20261005-010838-8084b01,2004,full,ami_126d,0.0029403460359024333
20261005-010838-8084b01,2004,full,zero_trades_21d,-0.020525847517742783
20261005-010838-8084b01,2004,full,zero_trades_126d,0.010294362486626978
20261005-010838-8084b01,2004,full,zero_trades_252d,0.004198445134896201
20261005-010838-8084b01,2004,full,rmax1_21d,-0.002098218878540459
20261005-010838-8084b01,2004,full,rskew_21d,3.679497890149702e-05
20261005-010838-8084b01,2004,full,iskew_capm_21d,0.00018780051926859965
20261005-010838-8084b01,2004,full,iskew_ff3_21d,0.0019043253201716833
20261005-010838-8084b01,2004,full,iskew_hxz4_21d,0.0007054216655281375
20261005-010838-8084b01,2004,full,coskew_21d,0.0009096730948001418
20261005-010838-8084b01,2004,full,ret_1_0,-0.010751976130215498
20261005-010838-8084b01,2004,full,betadown_252d,0.0013814618128422827
20261005-010838-8084b01,2004,full,bidaskhl_21d,0.002041199613157264
20261005-010838-8084b01,2004,full,ret_3_1,-0.0026038525748404142
20261005-010838-8084b01,2004,full,ret_9_1,0.0013057608409250945
20261005-010838-8084b01,2004,full,ret_12_7,0.004617408720577642
20261005-010838-8084b01,2004,full,corr_1260d,-0.0011894046911426696
20261005-010838-8084b01,2004,full,rmax5_21d,0.004994303023592091
20261005-010838-8084b01,2004,full,rmax5_rvol_21d,-0.005782331920468143
20261005-010838-8084b01,2004,full,ni_be,0.0014659695723427636
20261005-010838-8084b01,2004,full,ocf_at,-0.005053058899960835
20261005-010838-8084b01,2004,full,ocf_at_chg1,0.0002387440708101353
20261005-010838-8084b01,2004,full,mispricing_perf,0.0017687622936944042
20261005-010838-8084b01,2004,full,mispricing_mgmt,-0.0024824644637636882
20261005-010838-8084b01,2004,full,qmj,-0.005074007696569756
20261005-010838-8084b01,2004,full,qmj_prof,0.0020701873736564953
20261005-010838-8084b01,2004,full,qmj_growth,0.00391930541112413
20261005-010838-8084b01,2004,full,qmj_safety,0.0012724537070411177
20261005-010838-8084b01,2006,public,niq_su,0.0022228458172193193
20261005-010838-8084b01,2006,public,ret_6_1,-0.001528349359704414
20261005-010838-8084b01,2006,public,ret_12_1,0.009557949690675542
20261005-010838-8084b01,2006,public,ni_inc8q,-0.0005501659829378345
20261005-010838-8084b01,2006,public,prc_highprc_252d,0.008032086886253453
20261005-010838-8084b01,2006,public,be_me,0.00877953772339743
20261005-010838-8084b01,2006,public,debt_me,-0.0028983167123989365
20261005-010838-8084b01,2006,public,at_me,0.003829157489250074
20261005-010838-8084b01,2006,public,ret_60_12,-0.0014629572365573407
20261005-010838-8084b01,2006,public,ni_me,-0.0008378590356090595
20261005-010838-8084b01,2006,public,fcf_me,0.001240198374261507
20261005-010838-8084b01,2006,public,div12m_me,-0.001027924646574291
20261005-010838-8084b01,2006,public,sale_gr3,0.0014800878434177813
20261005-010838-8084b01,2006,public,sale_gr1,-0.0009719149944000583
20261005-010838-8084b01,2006,public,sale_me,0.0023604831610344423
20261005-010838-8084b01,2006,public,ocf_me,0.0030799255967652924
20261005-010838-8084b01,2006,public,ival_me,-0.0004853597106188401
20261005-010838-8084b01,2006,public,eq_dur,0.00045981044688367894
20261005-010838-8084b01,2006,public,capex_abn,0.000546073907239285
20261005-010838-8084b01,2006,public,noa_at,-0.0028739148333438887
20261005-010838-8084b01,2006,public,noa_gr1a,0.0024641054827796538
20261005-010838-8084b01,2006,public,lnoa_gr1a,-0.00019919147198002522
20261005-010838-8084b01,2006,public,capx_gr1,-0.0007786198533304655
20261005-010838-8084b01,2006,public,inv_gr1a,-0.001451866528911193
20261005-010838-8084b01,2006,public,oaccruals_at,-0.00028174674252349303
20261005-010838-8084b01,2006,public,taccruals_at,0.000520871977320124
20261005-010838-8084b01,2006,public,cowc_gr1a,-0.00036340876031710714
20261005-010838-8084b01,2006,public,coa_gr1a,-0.0016909760229210794
20261005-010838-8084b01,2006,public,col_gr1a,0.00040462964239439987
20261005-010838-8084b01,2006,public,nncoa_gr1a,-0.0008909672674142067
20261005-010838-8084b01,2006,public,ncoa_gr1a,-0.0010541454450574265
20261005-010838-8084b01,2006,public,ncol_gr1a,0.0009825737447899403
20261005-010838-8084b01,2006,public,nfna_gr1a,-0.0005315521192019351
20261005-010838-8084b01,2006,public,sti_gr1a,0.00017480987656326409
20261005-010838-8084b01,2006,public,lti_gr1a,-0.0008432842706002319
20261005-010838-8084b01,2006,public,fnl_gr1a,-0.0013341723182619296
20261005-010838-8084b01,2006,public,be_gr1a,-0.0024696718982567746
20261005-010838-8084b01,2006,public,at_turnover,0.00038558506439328403
20261005-010838-8084b01,2006,public,f_score,-0.0011781751680607086
20261005-010838-8084b01,2006,public,o_score,0.0022925000611697492
20261005-010838-8084b01,2006,public,z_score,0.0010037166364158302
20261005-010838-8084b01,2006,public,pi_nix,0.00017187273679170374
20261005-010838-8084b01,2006,public,at_be,-0.0021522278705889014
20261005-010838-8084b01,2006,public,saleq_gr1,0.004189042275519525
20261005-010838-8084b01,2006,public,rd_me,0.006417441879595278
20261005-010838-8084b01,2006,public,rd_sale,0.0009525567123153142
20261005-010838-8084b01,2006,public,age,0.00014255686354012546
20261005-010838-8084b01,2006,public,dsale_dinv,0.0009087906097616185
20261005-010838-8084b01,2006,public,dsale_drec,-0.00047000714263081275
20261005-010838-8084b01,2006,public,dgp_dsale,0.0021099472553351376
20261005-010838-8084b01,2006,public,dsale_dsga,0.0011176600347258072
20261005-010838-8084b01,2006,public,sale_emp_gr1,-0.00016986728182371872
20261005-010838-8084b01,2006,public,kz_index,-0.0001477924318451073
20261005-010838-8084b01,2006,public,ni_ar1,-0.0005398679521497682
20261005-010838-8084b01,2006,public,ni_ivol,0.0019340689757517233
20261005-010838-8084b01,2006,public,earnings_variability,-0.0010107145667031068
20261005-010838-8084b01,2006,public,market_equity,-0.0038782422580286966
20261005-010838-8084b01,2006,public,ivol_capm_252d,-0.003618165097100976
20261005-010838-8084b01,2006,public,beta_60m,0.0021318244255116264
20261005-010838-8084b01,2006,public,beta_dimson_21d,0.0010269937383618815
20261005-010838-8084b01,2006,public,turnover_126d,-0.0020974369019837583
20261005-010838-8084b01,2006,public,turnover_var_126d,0.013894446013858145
20261005-010838-8084b01,2006,public,dolvol_126d,0.0031407011893929914
20261005-010838-8084b01,2006,public,dolvol_var_126d,-0.013803162955810144
20261005-010838-8084b01,2006,public,prc,0.00040490278792612913
20261005-010838-8084b01,2006,public,ami_126d,0.0031245491621077347
20261005-010838-8084b01,2006,public,coskew_21d,0.0005596288171998689
20261005-010838-8084b01,2006,public,ret_1_0,-0.011735159059825171
20261005-010838-8084b01,2006,public,ret_3_1,-0.0017510328130467174
20261005-010838-8084b01,2006,public,ret_9_1,-0.0012393549927733818
20261005-010838-8084b01,2006,public,ni_be,0.008510214265969455
20261005-010838-8084b01,2006,full,niq_su,-6.623694125955337e-05
20261005-010838-8084b01,2006,full,ret_6_1,0.00017927397644079397
20261005-010838-8084b01,2006,full,ret_12_1,0.005728181603216671
20261005-010838-8084b01,2006,full,saleq_su,0.0009570391129406794
20261005-010838-8084b01,2006,full,tax_gr1a,-0.0008321000255329155
20261005-010838-8084b01,2006,full,ni_inc8q,-0.0007887117038431745
20261005-010838-8084b01,2006,full,prc_highprc_252d,0.00841219275430495
20261005-010838-8084b01,2006,full,resff3_6_1,0.00013037737820474545
20261005-010838-8084b01,2006,full,resff3_12_1,0.000835139680273037
20261005-010838-8084b01,2006,full,be_me,0.007049333854066638
20261005-010838-8084b01,2006,full,debt_me,-0.0030652486445363974
20261005-010838-8084b01,2006,full,at_me,0.00399010728765988
20261005-010838-8084b01,2006,full,ret_60_12,-0.005704245028272729
20261005-010838-8084b01,2006,full,ni_me,-0.0020732364764187916
20261005-010838-8084b01,2006,full,fcf_me,0.0007147407103812579
20261005-010838-8084b01,2006,full,div12m_me,0.0013120405678436523
20261005-010838-8084b01,2006,full,eqpo_me,-0.0024255282669732596
20261005-010838-8084b01,2006,full,eqnpo_me,0.00043600251316981275
20261005-010838-8084b01,2006,full,sale_gr3,0.0009913912338808666
20261005-010838-8084b01,2006,full,sale_gr1,-0.0012082787969463276
20261005-010838-8084b01,2006,full,ebitda_mev,-0.0025119377056788453
20261005-010838-8084b01,2006,full,sale_me,0.004253246995457981
20261005-010838-8084b01,2006,full,ocf_me,0.003949423679490073
20261005-010838-8084b01,2006,full,ival_me,0.0004678766509454203
20261005-010838-8084b01,2006,full,bev_mev,0.004853478213890012
20261005-010838-8084b01,2006,full,netdebt_me,-0.0020330843999265247
20261005-010838-8084b01,2006,full,eq_dur,-0.0006620329174016719
20261005-010838-8084b01,2006,full,capex_abn,0.0006084028978319576
20261005-010838-8084b01,2006,full,at_gr1,0.0014456768710652086
20261005-010838-8084b01,2006,full,ppeinv_gr1a,-0.0008429597735670035
20261005-010838-8084b01,2006,full,noa_at,-0.0034461872929994414
20261005-010838-8084b01,2006,full,noa_gr1a,0.001963599465857476
20261005-010838-8084b01,2006,full,lnoa_gr1a,-0.0004159108919254215
20261005-010838-8084b01,2006,full,capx_gr1,-0.000948353312166665
20261005-010838-8084b01,2006,full,capx_gr2,-0.0005763859969334035
20261005-010838-8084b01,2006,full,capx_gr3,0.0001403231377469766
20261005-010838-8084b01,2006,full,chcsho_12m,-0.002290383992844141
20261005-010838-8084b01,2006,full,eqnpo_12m,-0.0018514978833516125
20261005-010838-8084b01,2006,full,debt_gr3,-0.001149298443123416
20261005-010838-8084b01,2006,full,inv_gr1,0.0007145569351136568
20261005-010838-8084b01,2006,full,inv_gr1a,-0.0016178383468942446
20261005-010838-8084b01,2006,full,oaccruals_at,-0.0011568802135654037
20261005-010838-8084b01,2006,full,taccruals_at,-0.0006095069791398299
20261005-010838-8084b01,2006,full,cowc_gr1a,-0.00045522096987450514
20261005-010838-8084b01,2006,full,coa_gr1a,-0.002215858081659859
20261005-010838-8084b01,2006,full,col_gr1a,0.0005487212742419907
20261005-010838-8084b01,2006,full,nncoa_gr1a,-0.001189549313879732
20261005-010838-8084b01,2006,full,ncoa_gr1a,-0.0007090328655130766
20261005-010838-8084b01,2006,full,ncol_gr1a,0.0008342330283849338
20261005-010838-8084b01,2006,full,nfna_gr1a,-0.00046422537109831936
20261005-010838-8084b01,2006,full,sti_gr1a,-0.0001291638425592641
20261005-010838-8084b01,2006,full,lti_gr1a,-0.0006338975297044565
20261005-010838-8084b01,2006,full,fnl_gr1a,-0.0016458191611934926
20261005-010838-8084b01,2006,full,be_gr1a,-0.0038501257451127617
20261005-010838-8084b01,2006,full,oaccruals_ni,0.00048089253235388674
20261005-010838-8084b01,2006,full,taccruals_ni,0.0013122454291153323
20261005-010838-8084b01,2006,full,netis_at,-0.0006479456728323914
20261005-010838-8084b01,2006,full,eqnetis_at,-0.001532659431798386
20261005-010838-8084b01,2006,full,dbnetis_at,0.0008215796220504051
20261005-010838-8084b01,2006,full,niq_be,0.004100166581482311
20261005-010838-8084b01,2006,full,niq_be_chg1,-5.672923152955123e-05
20261005-010838-8084b01,2006,full,niq_at,0.0022454244488958673
20261005-010838-8084b01,2006,full,niq_at_chg1,0.0017688527367114744
20261005-010838-8084b01,2006,full,ebit_bev,-0.001820515695182412
20261005-010838-8084b01,2006,full,ebit_sale,0.002222657848053458
20261005-010838-8084b01,2006,full,sale_bev,0.00040703650911822625
20261005-010838-8084b01,2006,full,at_turnover,-0.0014361728165642146
20261005-010838-8084b01,2006,full,gp_at,-0.00046824205875620065
20261005-010838-8084b01,2006,full,gp_atl1,0.0005209128610613193
20261005-010838-8084b01,2006,full,ope_be,0.0006853110034176596
20261005-010838-8084b01,2006,full,ope_bel1,0.000434793973791663
20261005-010838-8084b01,2006,full,op_at,0.0066014653585386275
20261005-010838-8084b01,2006,full,op_atl1,0.0011217451628927285
20261005-010838-8084b01,2006,full,cop_at,0.0005487333407934931
20261005-010838-8084b01,2006,full,cop_atl1,0.001264498193682088
20261005-010838-8084b01,2006,full,f_score,-0.0010565273444933247
20261005-010838-8084b01,2006,full,o_score,0.005516373049674014
20261005-010838-8084b01,2006,full,z_score,-0.0004353239087618002
20261005-010838-8084b01,2006,full,pi_nix,-2.767045732535184e-05
20261005-010838-8084b01,2006,full,at_be,-0.0013803356007661338
20261005-010838-8084b01,2006,full,saleq_gr1,0.0028057977932364384
20261005-010838-8084b01,2006,full,rd_me,0.005036438058287264
20261005-010838-8084b01,2006,full,rd_sale,0.0005806555446583151
20261005-010838-8084b01,2006,full,opex_at,-0.00011056899946188552
20261005-010838-8084b01,2006,full,emp_gr1,0.001392950842135904
20261005-010838-8084b01,2006,full,rd5_at,-2.2723192921539332e-05
20261005-010838-8084b01,2006,full,age,0.0003004481592089658
20261005-010838-8084b01,2006,full,dsale_dinv,0.001192654614368252
20261005-010838-8084b01,2006,full,dsale_drec,-0.00040504384348754934
20261005-010838-8084b01,2006,full,dgp_dsale,0.0011959058028646545
20261005-010838-8084b01,2006,full,dsale_dsga,0.0007620581937889018
20261005-010838-8084b01,2006,full,sale_emp_gr1,0.0006079397956835203
20261005-010838-8084b01,2006,full,tangibility,0.0002902903914758176
20261005-010838-8084b01,2006,full,kz_index,-0.00137824466953506
20261005-010838-8084b01,2006,full,ocfq_saleq_std,-0.0009485295078201117
20261005-010838-8084b01,2006,full,cash_at,0.0025771565773838436
20261005-010838-8084b01,2006,full,ni_ar1,-0.0003851167031745378
20261005-010838-8084b01,2006,full,ni_ivol,0.0008944061040127403
20261005-010838-8084b01,2006,full,earnings_variability,-0.0009906411077536656
20261005-010838-8084b01,2006,full,aliq_at,0.0007976699534266009
20261005-010838-8084b01,2006,full,aliq_mat,-0.003328857167340559
20261005-010838-8084b01,2006,full,seas_1_1an,0.0019815757641827615
20261005-010838-8084b01,2006,full,seas_1_1na,-0.007850752426919636
20261005-010838-8084b01,2006,full,seas_2_5an,0.006399374831788395
20261005-010838-8084b01,2006,full,seas_2_5na,0.003231057247407597
20261005-010838-8084b01,2006,full,seas_6_10an,0.0033249216541448904
20261005-010838-8084b01,2006,full,seas_6_10na,-0.002142018843597919
20261005-010838-8084b01,2006,full,seas_11_15an,0.002755479026376491
20261005-010838-8084b01,2006,full,seas_11_15na,0.000188473604485575
20261005-010838-8084b01,2006,full,seas_16_20an,0.0025182359816103297
20261005-010838-8084b01,2006,full,seas_16_20na,-0.0002155878226575663
20261005-010838-8084b01,2006,full,market_equity,-0.0037122241841298976
20261005-010838-8084b01,2006,full,ivol_ff3_21d,0.009173733369493522
20261005-010838-8084b01,2006,full,ivol_capm_252d,-0.003848069665964202
20261005-010838-8084b01,2006,full,ivol_capm_21d,-0.0071289762282152995
20261005-010838-8084b01,2006,full,ivol_hxz4_21d,-0.010578154068002792
20261005-010838-8084b01,2006,full,rvol_21d,0.0019134080213757084
20261005-010838-8084b01,2006,full,beta_60m,0.001256277814357248
20261005-010838-8084b01,2006,full,betabab_1260d,0.0025885502879160463
20261005-010838-8084b01,2006,full,beta_dimson_21d,0.0011026695784098098
20261005-010838-8084b01,2006,full,turnover_126d,-0.008050604395578245
20261005-010838-8084b01,2006,full,turnover_var_126d,0.01264363118340539
20261005-010838-8084b01,2006,full,dolvol_126d,0.004166138812575157
20261005-010838-8084b01,2006,full,dolvol_var_126d,-0.012666174717404633
20261005-010838-8084b01,2006,full,prc,-0.0006706675312472718
20261005-010838-8084b01,2006,full,ami_126d,0.0031610515627091156
20261005-010838-8084b01,2006,full,zero_trades_21d,-0.020094910133525445
20261005-010838-8084b01,2006,full,zero_trades_126d,0.009968343485416491
20261005-010838-8084b01,2006,full,zero_trades_252d,0.00473942103333522
20261005-010838-8084b01,2006,full,rmax1_21d,-0.0018067825566565323
20261005-010838-8084b01,2006,full,rskew_21d,0.00017307631056614196
20261005-010838-8084b01,2006,full,iskew_capm_21d,0.0002477735022946901
20261005-010838-8084b01,2006,full,iskew_ff3_21d,0.0016206226593283646
20261005-010838-8084b01,2006,full,iskew_hxz4_21d,0.0006431613245331781
20261005-010838-8084b01,2006,full,coskew_21d,0.0009540518125887071
20261005-010838-8084b01,2006,full,ret_1_0,-0.01033507519613415
20261005-010838-8084b01,2006,full,betadown_252d,0.001189238376687085
20261005-010838-8084b01,2006,full,bidaskhl_21d,0.0013853017714192163
20261005-010838-8084b01,2006,full,ret_3_1,-0.0025803050333037215
20261005-010838-8084b01,2006,full,ret_9_1,0.0032300184362771107
20261005-010838-8084b01,2006,full,ret_12_7,0.004935997207324369
20261005-010838-8084b01,2006,full,corr_1260d,-0.00136035213666494
20261005-010838-8084b01,2006,full,rmax5_21d,0.004624277066238096
20261005-010838-8084b01,2006,full,rmax5_rvol_21d,-0.005581098457275197
20261005-010838-8084b01,2006,full,ni_be,0.0013693808760705758
20261005-010838-8084b01,2006,full,ocf_at,-0.004390453927503588
20261005-010838-8084b01,2006,full,ocf_at_chg1,0.00024066165915551937
20261005-010838-8084b01,2006,full,mispricing_perf,0.0018466705895466926
20261005-010838-8084b01,2006,full,mispricing_mgmt,-0.0021053931832437167
20261005-010838-8084b01,2006,full,qmj,-0.00542785952263048
20261005-010838-8084b01,2006,full,qmj_prof,0.0026262396567390354
20261005-010838-8084b01,2006,full,qmj_growth,0.003896306529696811
20261005-010838-8084b01,2006,full,qmj_safety,0.0014024371419169956
20261005-010838-8084b01,2008,public,niq_su,0.0016879334497500104
20261005-010838-8084b01,2008,public,ret_6_1,-0.002087994908924117
20261005-010838-8084b01,2008,public,ret_12_1,0.00929936081913947
20261005-010838-8084b01,2008,public,saleq_su,0.00017115113494704697
20261005-010838-8084b01,2008,public,ni_inc8q,-0.0005532928920075117
20261005-010838-8084b01,2008,public,prc_highprc_252d,0.007806055006055891
20261005-010838-8084b01,2008,public,be_me,0.007640381493234783
20261005-010838-8084b01,2008,public,debt_me,-0.0002991255870375735
20261005-010838-8084b01,2008,public,at_me,0.0014512782252810172
20261005-010838-8084b01,2008,public,ret_60_12,-0.00165920442593258
20261005-010838-8084b01,2008,public,ni_me,-0.0005383598086335174
20261005-010838-8084b01,2008,public,fcf_me,0.0002955301074155703
20261005-010838-8084b01,2008,public,div12m_me,-0.0002175032066731073
20261005-010838-8084b01,2008,public,eqpo_me,-0.00161552928066106
20261005-010838-8084b01,2008,public,eqnpo_me,0.0006168752423199256
20261005-010838-8084b01,2008,public,sale_gr3,0.0012833342071047942
20261005-010838-8084b01,2008,public,sale_gr1,-0.0013899238947969897
20261005-010838-8084b01,2008,public,sale_me,0.0015670625995808406
20261005-010838-8084b01,2008,public,ocf_me,0.0015137994437521925
20261005-010838-8084b01,2008,public,ival_me,0.00021924568222866738
20261005-010838-8084b01,2008,public,bev_mev,0.0031620016236441817
20261005-010838-8084b01,2008,public,netdebt_me,-0.003605087596949749
20261005-010838-8084b01,2008,public,eq_dur,0.0007316424557029646
20261005-010838-8084b01,2008,public,capex_abn,0.00018730858165396942
20261005-010838-8084b01,2008,public,noa_at,-0.0037820212248489307
20261005-010838-8084b01,2008,public,noa_gr1a,0.0035714864566290918
20261005-010838-8084b01,2008,public,lnoa_gr1a,6.737052920757774e-05
20261005-010838-8084b01,2008,public,capx_gr1,-0.0007234227421040009
20261005-010838-8084b01,2008,public,capx_gr2,-0.0007542707585055096
20261005-010838-8084b01,2008,public,capx_gr3,0.00031893619200651423
20261005-010838-8084b01,2008,public,eqnpo_12m,1.6853751648690066e-05
20261005-010838-8084b01,2008,public,inv_gr1a,-0.0021171451542570763
20261005-010838-8084b01,2008,public,oaccruals_at,-0.0023930557650904336
20261005-010838-8084b01,2008,public,taccruals_at,0.0006150980270159228
20261005-010838-8084b01,2008,public,cowc_gr1a,-0.0012976743127751564
20261005-010838-8084b01,2008,public,coa_gr1a,-0.000505417116748762
20261005-010838-8084b01,2008,public,col_gr1a,8.577664593646969e-05
20261005-010838-8084b01,2008,public,nncoa_gr1a,-0.0005585929175501055
20261005-010838-8084b01,2008,public,ncoa_gr1a,-0.0012964151363135134
20261005-010838-8084b01,2008,public,ncol_gr1a,0.0010501562848972373
20261005-010838-8084b01,2008,public,nfna_gr1a,7.252576603316645e-05
20261005-010838-8084b01,2008,public,sti_gr1a,-8.856880761666497e-05
20261005-010838-8084b01,2008,public,lti_gr1a,-0.0008644314290672012
20261005-010838-8084b01,2008,public,fnl_gr1a,-0.001570789411865846
20261005-010838-8084b01,2008,public,be_gr1a,-0.002559042535147016
20261005-010838-8084b01,2008,public,netis_at,-0.001007454091446494
20261005-010838-8084b01,2008,public,eqnetis_at,-0.0006667754178343924
20261005-010838-8084b01,2008,public,dbnetis_at,0.001272922311402629
20261005-010838-8084b01,2008,public,at_turnover,0.001929904982809707
20261005-010838-8084b01,2008,public,f_score,-0.0008865481394468517
20261005-010838-8084b01,2008,public,o_score,0.0035826320304037187
20261005-010838-8084b01,2008,public,z_score,0.0003343532755413207
20261005-010838-8084b01,2008,public,pi_nix,4.7589226844065025e-05
20261005-010838-8084b01,2008,public,at_be,-0.0029558359709586876
20261005-010838-8084b01,2008,public,saleq_gr1,0.004181814318428952
20261005-010838-8084b01,2008,public,rd_me,0.005073600976236381
20261005-010838-8084b01,2008,public,rd_sale,0.0037930567507263417
20261005-010838-8084b01,2008,public,age,-0.000526383448347226
20261005-010838-8084b01,2008,public,dsale_dinv,0.0007428355007086077
20261005-010838-8084b01,2008,public,dsale_drec,-0.0004416873657017256
20261005-010838-8084b01,2008,public,dgp_dsale,0.0018843325439086775
20261005-010838-8084b01,2008,public,dsale_dsga,0.0009706793110238989
20261005-010838-8084b01,2008,public,sale_emp_gr1,3.9504829335461965e-05
20261005-010838-8084b01,2008,public,kz_index,-0.0005497049254493978
20261005-010838-8084b01,2008,public,ni_ar1,-0.0005911033775350852
20261005-010838-8084b01,2008,public,ni_ivol,0.001698586495764798
20261005-010838-8084b01,2008,public,earnings_variability,-0.0007987691238158026
20261005-010838-8084b01,2008,public,market_equity,-0.0031173476421333664
20261005-010838-8084b01,2008,public,ivol_ff3_21d,0.00940584636069625
20261005-010838-8084b01,2008,public,ivol_capm_252d,0.002572205365767748
20261005-010838-8084b01,2008,public,ivol_capm_21d,-0.012953649888727067
20261005-010838-8084b01,2008,public,ivol_hxz4_21d,-0.007652042187005396
20261005-010838-8084b01,2008,public,rvol_21d,0.004003122585384943
20261005-010838-8084b01,2008,public,beta_60m,0.0021994885180832385
20261005-010838-8084b01,2008,public,beta_dimson_21d,0.0008331032929461309
20261005-010838-8084b01,2008,public,turnover_126d,-0.008175365862572323
20261005-010838-8084b01,2008,public,turnover_var_126d,0.011820518213816383
20261005-010838-8084b01,2008,public,dolvol_126d,0.0033487146200871063
20261005-010838-8084b01,2008,public,dolvol_var_126d,-0.011048156781507364
20261005-010838-8084b01,2008,public,prc,0.0004365416535275988
20261005-010838-8084b01,2008,public,ami_126d,0.0009913634361540338
20261005-010838-8084b01,2008,public,zero_trades_21d,-0.020371663527322902
20261005-010838-8084b01,2008,public,zero_trades_126d,0.009640485449389282
20261005-010838-8084b01,2008,public,zero_trades_252d,0.0038137930581119478
20261005-010838-8084b01,2008,public,coskew_21d,0.0003059671633470286
20261005-010838-8084b01,2008,public,ret_1_0,-0.012892654030156816
20261005-010838-8084b01,2008,public,betadown_252d,0.00214503360852137
20261005-010838-8084b01,2008,public,ret_3_1,-0.0024023765765083375
20261005-010838-8084b01,2008,public,ret_9_1,-0.0008659909180969528
20261005-010838-8084b01,2008,public,ni_be,0.007295669403884595
20261005-010838-8084b01,2008,full,niq_su,-0.0004931996062490201
20261005-010838-8084b01,2008,full,ret_6_1,0.0010972114137960934
20261005-010838-8084b01,2008,full,ret_12_1,0.008235122085977155
20261005-010838-8084b01,2008,full,saleq_su,0.0005183717141113988
20261005-010838-8084b01,2008,full,tax_gr1a,-0.0011064282830614766
20261005-010838-8084b01,2008,full,ni_inc8q,-0.0009367984527978558
20261005-010838-8084b01,2008,full,prc_highprc_252d,0.00805708393898069
20261005-010838-8084b01,2008,full,resff3_6_1,-0.0005165356156823456
20261005-010838-8084b01,2008,full,resff3_12_1,0.0016961275920104435
20261005-010838-8084b01,2008,full,be_me,0.007342049715402577
20261005-010838-8084b01,2008,full,debt_me,-0.0019487586129187486
20261005-010838-8084b01,2008,full,at_me,0.0012554139135502866
20261005-010838-8084b01,2008,full,ret_60_12,-0.004578379845995634
20261005-010838-8084b01,2008,full,ni_me,0.0013059292681714557
20261005-010838-8084b01,2008,full,fcf_me,0.0010952683459058002
20261005-010838-8084b01,2008,full,div12m_me,0.0006135425770561181
20261005-010838-8084b01,2008,full,eqpo_me,-0.0019122911946391652
20261005-010838-8084b01,2008,full,eqnpo_me,0.001179632374570987
20261005-010838-8084b01,2008,full,sale_gr3,0.0006295599300005011
20261005-010838-8084b01,2008,full,sale_gr1,-0.001356311235874257
20261005-010838-8084b01,2008,full,ebitda_mev,-0.0021652663572918757
20261005-010838-8084b01,2008,full,sale_me,0.003048215808447197
20261005-010838-8084b01,2008,full,ocf_me,0.0026147853820347312
20261005-010838-8084b01,2008,full,ival_me,-0.0003307668235114765
20261005-010838-8084b01,2008,full,bev_mev,0.005652812083730632
20261005-010838-8084b01,2008,full,netdebt_me,-0.0022949581648321676
20261005-010838-8084b01,2008,full,eq_dur,-0.0011700998590450909
20261005-010838-8084b01,2008,full,capex_abn,0.00013122205666571575
20261005-010838-8084b01,2008,full,at_gr1,-3.940908338670813e-05
20261005-010838-8084b01,2008,full,ppeinv_gr1a,-0.0009575307258662975
20261005-010838-8084b01,2008,full,noa_at,-0.0035540556551653417
20261005-010838-8084b01,2008,full,noa_gr1a,0.0021375854313978628
20261005-010838-8084b01,2008,full,lnoa_gr1a,-0.0003627920642766459
20261005-010838-8084b01,2008,full,capx_gr1,-0.0008409061964944789
20261005-010838-8084b01,2008,full,capx_gr2,-0.0007695385338707791
20261005-010838-8084b01,2008,full,capx_gr3,0.00060709851410837
20261005-010838-8084b01,2008,full,chcsho_12m,-0.0029497610859494207
20261005-010838-8084b01,2008,full,eqnpo_12m,-0.0013191306441368276
20261005-010838-8084b01,2008,full,debt_gr3,-0.0014358786573998006
20261005-010838-8084b01,2008,full,inv_gr1,0.0004924010665665576
20261005-010838-8084b01,2008,full,inv_gr1a,-0.002242730665721115
20261005-010838-8084b01,2008,full,oaccruals_at,-0.0023394389521254806
20261005-010838-8084b01,2008,full,taccruals_at,-0.00023289628422584247
20261005-010838-8084b01,2008,full,cowc_gr1a,-0.0010764864527818946
20261005-010838-8084b01,2008,full,coa_gr1a,-0.0014160272632942022
20261005-010838-8084b01,2008,full,col_gr1a,0.00019321816656461
20261005-010838-8084b01,2008,full,nncoa_gr1a,-0.0005760518053357074
20261005-010838-8084b01,2008,full,ncoa_gr1a,-0.0009019022450859222
20261005-010838-8084b01,2008,full,ncol_gr1a,0.0008139848460474143
20261005-010838-8084b01,2008,full,nfna_gr1a,-3.124546508597179e-05
20261005-010838-8084b01,2008,full,sti_gr1a,-0.000563079223972294
20261005-010838-8084b01,2008,full,lti_gr1a,-0.0006614400092892387
20261005-010838-8084b01,2008,full,fnl_gr1a,-0.0013325466604653588
20261005-010838-8084b01,2008,full,be_gr1a,-0.004064002813818863
20261005-010838-8084b01,2008,full,oaccruals_ni,-3.642645383586536e-05
20261005-010838-8084b01,2008,full,taccruals_ni,0.0009735054826816716
20261005-010838-8084b01,2008,full,netis_at,-0.0007307390810082308
20261005-010838-8084b01,2008,full,eqnetis_at,-0.0005341183881324085
20261005-010838-8084b01,2008,full,dbnetis_at,0.0010221602470768096
20261005-010838-8084b01,2008,full,niq_be,0.004736136892626036
20261005-010838-8084b01,2008,full,niq_be_chg1,-0.0001879656207371592
20261005-010838-8084b01,2008,full,niq_at,0.0017762296709401238
20261005-010838-8084b01,2008,full,niq_at_chg1,0.0016993073412410514
20261005-010838-8084b01,2008,full,ebit_bev,-0.004303742169395266
20261005-010838-8084b01,2008,full,ebit_sale,0.0017208003114282788
20261005-010838-8084b01,2008,full,sale_bev,0.0032636159668663874
20261005-010838-8084b01,2008,full,at_turnover,-0.0013870039996577038
20261005-010838-8084b01,2008,full,gp_at,0.0030382862851363194
20261005-010838-8084b01,2008,full,gp_atl1,6.348566121569714e-05
20261005-010838-8084b01,2008,full,ope_be,0.0005524331744646771
20261005-010838-8084b01,2008,full,ope_bel1,0.000432538246919379
20261005-010838-8084b01,2008,full,op_at,0.008658586314055809
20261005-010838-8084b01,2008,full,op_atl1,0.0011029151683073482
20261005-010838-8084b01,2008,full,cop_at,0.00019488168265263493
20261005-010838-8084b01,2008,full,cop_atl1,0.0010049038991852134
20261005-010838-8084b01,2008,full,f_score,-0.0007516678866861056
20261005-010838-8084b01,2008,full,o_score,0.004921433130420808
20261005-010838-8084b01,2008,full,z_score,8.588979264442062e-05
20261005-010838-8084b01,2008,full,pi_nix,-0.00017294537966807856
20261005-010838-8084b01,2008,full,at_be,-0.0010583993520602913
20261005-010838-8084b01,2008,full,saleq_gr1,0.003178993445918253
20261005-010838-8084b01,2008,full,rd_me,0.003936320406333483
20261005-010838-8084b01,2008,full,rd_sale,0.002031968473144799
20261005-010838-8084b01,2008,full,opex_at,-0.002047710683022813
20261005-010838-8084b01,2008,full,emp_gr1,0.0016155880868537567
20261005-010838-8084b01,2008,full,rd5_at,-0.00039119497753159027
20261005-010838-8084b01,2008,full,age,-0.00022685225751717646
20261005-010838-8084b01,2008,full,dsale_dinv,0.0008273258877967482
20261005-010838-8084b01,2008,full,dsale_drec,-0.000485005781512647
20261005-010838-8084b01,2008,full,dgp_dsale,0.0007130417974832121
20261005-010838-8084b01,2008,full,dsale_dsga,0.0006553874193443251
20261005-010838-8084b01,2008,full,sale_emp_gr1,0.0006364574408690668
20261005-010838-8084b01,2008,full,tangibility,0.000487328211461823
20261005-010838-8084b01,2008,full,kz_index,-0.0013142040505916017
20261005-010838-8084b01,2008,full,ocfq_saleq_std,-0.0002161460736356218
20261005-010838-8084b01,2008,full,cash_at,0.0030896974859961767
20261005-010838-8084b01,2008,full,ni_ar1,-0.0003006410414694352
20261005-010838-8084b01,2008,full,ni_ivol,0.0009084046016689394
20261005-010838-8084b01,2008,full,earnings_variability,-0.0007991956108514166
20261005-010838-8084b01,2008,full,aliq_at,0.00206357351036648
20261005-010838-8084b01,2008,full,aliq_mat,-0.0026341784352542433
20261005-010838-8084b01,2008,full,seas_1_1an,0.0012463525834768105
20261005-010838-8084b01,2008,full,seas_1_1na,-0.010245500526454938
20261005-010838-8084b01,2008,full,seas_2_5an,0.006194078280957776
20261005-010838-8084b01,2008,full,seas_2_5na,0.002736633841788788
20261005-010838-8084b01,2008,full,seas_6_10an,0.003637066026522303
20261005-010838-8084b01,2008,full,seas_6_10na,-0.001452652897877322
20261005-010838-8084b01,2008,full,seas_11_15an,0.002672875583185295
20261005-010838-8084b01,2008,full,seas_11_15na,-0.00017948106840015972
20261005-010838-8084b01,2008,full,seas_16_20an,0.0023516354184527277
20261005-010838-8084b01,2008,full,seas_16_20na,-0.00032849099682368
20261005-010838-8084b01,2008,full,market_equity,-0.0003029661503288918
20261005-010838-8084b01,2008,full,ivol_ff3_21d,0.009060863208584112
20261005-010838-8084b01,2008,full,ivol_capm_252d,-0.0028899234008600526
20261005-010838-8084b01,2008,full,ivol_capm_21d,-0.008880872491519708
20261005-010838-8084b01,2008,full,ivol_hxz4_21d,-0.01004984202810877
20261005-010838-8084b01,2008,full,rvol_21d,0.006119072641674252
20261005-010838-8084b01,2008,full,beta_60m,0.0016570568642101974
20261005-010838-8084b01,2008,full,betabab_1260d,0.0029394648557749714
20261005-010838-8084b01,2008,full,beta_dimson_21d,0.0011679942876654907
20261005-010838-8084b01,2008,full,turnover_126d,-0.00792619099439557
20261005-010838-8084b01,2008,full,turnover_var_126d,0.011641662627704516
20261005-010838-8084b01,2008,full,dolvol_126d,0.0035947517490176415
20261005-010838-8084b01,2008,full,dolvol_var_126d,-0.011372030764949291
20261005-010838-8084b01,2008,full,prc,0.0025466254728349924
20261005-010838-8084b01,2008,full,ami_126d,0.0027048249471164133
20261005-010838-8084b01,2008,full,zero_trades_21d,-0.020124209294105425
20261005-010838-8084b01,2008,full,zero_trades_126d,0.008707446620449607
20261005-010838-8084b01,2008,full,zero_trades_252d,0.005131990116583669
20261005-010838-8084b01,2008,full,rmax1_21d,-0.003639251832116937
20261005-010838-8084b01,2008,full,rskew_21d,0.000105233893672516
20261005-010838-8084b01,2008,full,iskew_capm_21d,0.0007014155661999704
20261005-010838-8084b01,2008,full,iskew_ff3_21d,0.0016207372149174973
20261005-010838-8084b01,2008,full,iskew_hxz4_21d,0.001021737216225714
20261005-010838-8084b01,2008,full,coskew_21d,0.0007794087919293591
20261005-010838-8084b01,2008,full,ret_1_0,-0.008732390193449839
20261005-010838-8084b01,2008,full,betadown_252d,0.001664889629072472
20261005-010838-8084b01,2008,full,bidaskhl_21d,0.003239075037563212
20261005-010838-8084b01,2008,full,ret_3_1,-0.002276820331455769
20261005-010838-8084b01,2008,full,ret_9_1,0.004694765401181163
20261005-010838-8084b01,2008,full,ret_12_7,0.005452206126405435
20261005-010838-8084b01,2008,full,corr_1260d,-0.0019236231941563468
20261005-010838-8084b01,2008,full,rmax5_21d,0.003473375760434703
20261005-010838-8084b01,2008,full,rmax5_rvol_21d,-0.0060719904601267095
20261005-010838-8084b01,2008,full,ni_be,0.00016893677528686485
20261005-010838-8084b01,2008,full,ocf_at,-0.0028767261183905496
20261005-010838-8084b01,2008,full,ocf_at_chg1,5.0608205401082706e-05
20261005-010838-8084b01,2008,full,mispricing_perf,-0.0010002086327459503
20261005-010838-8084b01,2008,full,mispricing_mgmt,-0.003834964211711339
20261005-010838-8084b01,2008,full,qmj,-0.00647253904838002
20261005-010838-8084b01,2008,full,qmj_prof,0.0014045604287124419
20261005-010838-8084b01,2008,full,qmj_growth,0.0041180205652930875
20261005-010838-8084b01,2008,full,qmj_safety,0.0015396970323441244
20261005-010838-8084b01,2010,public,niq_su,0.002023205346077393
20261005-010838-8084b01,2010,public,ret_6_1,-0.0011090988760756183
20261005-010838-8084b01,2010,public,ret_12_1,0.010473773551468843
20261005-010838-8084b01,2010,public,saleq_su,0.0013066195101328632
20261005-010838-8084b01,2010,public,ni_inc8q,-0.00019620957968251697
20261005-010838-8084b01,2010,public,prc_highprc_252d,0.009095540922160025
20261005-010838-8084b01,2010,public,be_me,0.0073596380180864385
20261005-010838-8084b01,2010,public,debt_me,-0.00022582811231860875
20261005-010838-8084b01,2010,public,at_me,-0.0007869964143225064
20261005-010838-8084b01,2010,public,ret_60_12,-0.006817846050702335
20261005-010838-8084b01,2010,public,ni_me,-0.0013192558415462438
20261005-010838-8084b01,2010,public,fcf_me,0.0007728430243511215
20261005-010838-8084b01,2010,public,div12m_me,-0.0001961294326656471
20261005-010838-8084b01,2010,public,eqpo_me,-0.0016818758810372997
20261005-010838-8084b01,2010,public,eqnpo_me,0.00043214437945903676
20261005-010838-8084b01,2010,public,sale_gr3,0.0023525817610884295
20261005-010838-8084b01,2010,public,sale_gr1,-0.0018119032495506695
20261005-010838-8084b01,2010,public,sale_me,0.004372932169146269
20261005-010838-8084b01,2010,public,ocf_me,0.0017916831461687874
20261005-010838-8084b01,2010,public,ival_me,-9.568497281345963e-05
20261005-010838-8084b01,2010,public,bev_mev,0.0034122052405579128
20261005-010838-8084b01,2010,public,netdebt_me,-0.0028834614943492698
20261005-010838-8084b01,2010,public,eq_dur,0.00044289331720215194
20261005-010838-8084b01,2010,public,capex_abn,5.8314049600722046e-05
20261005-010838-8084b01,2010,public,at_gr1,0.001556713886104958
20261005-010838-8084b01,2010,public,ppeinv_gr1a,0.0004308725419782598
20261005-010838-8084b01,2010,public,noa_at,-0.0043135346636791905
20261005-010838-8084b01,2010,public,noa_gr1a,0.0010077840896283398
20261005-010838-8084b01,2010,public,lnoa_gr1a,2.35964620358684e-05
20261005-010838-8084b01,2010,public,capx_gr1,-0.0016708989495902273
20261005-010838-8084b01,2010,public,capx_gr2,-0.0006932366971114078
20261005-010838-8084b01,2010,public,capx_gr3,0.0006345457288854362
20261005-010838-8084b01,2010,public,chcsho_12m,-0.0017586731231695055
20261005-010838-8084b01,2010,public,eqnpo_12m,-0.001584025753187391
20261005-010838-8084b01,2010,public,debt_gr3,-0.0016345774009041507
20261005-010838-8084b01,2010,public,inv_gr1a,-0.0013849681680220465
20261005-010838-8084b01,2010,public,oaccruals_at,-0.0011374644140751437
20261005-010838-8084b01,2010,public,taccruals_at,0.0011364950180710038
20261005-010838-8084b01,2010,public,cowc_gr1a,0.0006376025247170217
20261005-010838-8084b01,2010,public,coa_gr1a,-0.0020074245485394646
20261005-010838-8084b01,2010,public,col_gr1a,0.00033447283587192706
20261005-010838-8084b01,2010,public,nncoa_gr1a,0.0006857437934575169
20261005-010838-8084b01,2010,public,ncoa_gr1a,-0.0014811618498809906
20261005-010838-8084b01,2010,public,ncol_gr1a,0.0009380917696769966
20261005-010838-8084b01,2010,public,nfna_gr1a,-5.498455297701809e-05
20261005-010838-8084b01,2010,public,sti_gr1a,-0.0008812387761891038
20261005-010838-8084b01,2010,public,lti_gr1a,-0.0009288266804323066
20261005-010838-8084b01,2010,public,fnl_gr1a,-0.0013533207489876522
20261005-010838-8084b01,2010,public,be_gr1a,-0.004012933490811333
20261005-010838-8084b01,2010,public,netis_at,-0.0006353989733301074
20261005-010838-8084b01,2010,public,eqnetis_at,-0.0006984414459842806
20261005-010838-8084b01,2010,public,dbnetis_at,0.0008925629975239443
20261005-010838-8084b01,2010,public,ebit_bev,-0.0006881561226373725
20261005-010838-8084b01,2010,public,ebit_sale,0.006614535040727383
20261005-010838-8084b01,2010,public,sale_bev,0.0025744432170255564
20261005-010838-8084b01,2010,public,at_turnover,0.000473782453517103
20261005-010838-8084b01,2010,public,f_score,-0.0015262672195512814
20261005-010838-8084b01,2010,public,o_score,0.0041313152523651695
20261005-010838-8084b01,2010,public,z_score,-0.0003254703966323771
20261005-010838-8084b01,2010,public,pi_nix,-0.0001331517943919743
20261005-010838-8084b01,2010,public,at_be,-0.0035132991905984304
20261005-010838-8084b01,2010,public,saleq_gr1,0.003022325957849227
20261005-010838-8084b01,2010,public,rd_me,0.0073978898696549925
20261005-010838-8084b01,2010,public,rd_sale,0.0022676297863885703
20261005-010838-8084b01,2010,public,age,-0.00023983165104659955
20261005-010838-8084b01,2010,public,dsale_dinv,0.0010931919896467318
20261005-010838-8084b01,2010,public,dsale_drec,-0.0004717740098757864
20261005-010838-8084b01,2010,public,dgp_dsale,0.0015704698795017994
20261005-010838-8084b01,2010,public,dsale_dsga,0.0007810225841136475
20261005-010838-8084b01,2010,public,sale_emp_gr1,-0.0002087723739488771
20261005-010838-8084b01,2010,public,tangibility,0.002185110600331882
20261005-010838-8084b01,2010,public,kz_index,-0.0004253906060106119
20261005-010838-8084b01,2010,public,ocfq_saleq_std,0.0004321765074062443
20261005-010838-8084b01,2010,public,ni_ar1,-0.00048068358103890474
20261005-010838-8084b01,2010,public,ni_ivol,0.001984796801601368
20261005-010838-8084b01,2010,public,earnings_variability,-0.0012622199752091786
20261005-010838-8084b01,2010,public,seas_1_1an,0.002465088005442297
20261005-010838-8084b01,2010,public,seas_1_1na,-0.007367166184397901
20261005-010838-8084b01,2010,public,seas_2_5an,0.007763236233276229
20261005-010838-8084b01,2010,public,seas_2_5na,0.004255993591438692
20261005-010838-8084b01,2010,public,seas_6_10an,0.004185756237572148
20261005-010838-8084b01,2010,public,seas_6_10na,-0.001336965186053923
20261005-010838-8084b01,2010,public,seas_11_15an,0.00315246958587401
20261005-010838-8084b01,2010,public,seas_11_15na,3.876124869614602e-05
20261005-010838-8084b01,2010,public,seas_16_20an,0.002781151175037965
20261005-010838-8084b01,2010,public,seas_16_20na,0.00014738242785226416
20261005-010838-8084b01,2010,public,market_equity,-0.00263137596109069
20261005-010838-8084b01,2010,public,ivol_ff3_21d,0.011917351039335134
20261005-010838-8084b01,2010,public,ivol_capm_252d,0.002687404059997025
20261005-010838-8084b01,2010,public,ivol_capm_21d,-0.014229316679837173
20261005-010838-8084b01,2010,public,ivol_hxz4_21d,-0.008258730374349654
20261005-010838-8084b01,2010,public,rvol_21d,0.002248155612235239
20261005-010838-8084b01,2010,public,beta_60m,0.001988395387528867
20261005-010838-8084b01,2010,public,beta_dimson_21d,0.0004854308921202993
20261005-010838-8084b01,2010,public,turnover_126d,-0.008000935272124666
20261005-010838-8084b01,2010,public,turnover_var_126d,0.013245314573589554
20261005-010838-8084b01,2010,public,dolvol_126d,0.0023618860055246325
20261005-010838-8084b01,2010,public,dolvol_var_126d,-0.012838893869887635
20261005-010838-8084b01,2010,public,prc,-0.0021174483534535816
20261005-010838-8084b01,2010,public,ami_126d,0.0005918759206252458
20261005-010838-8084b01,2010,public,zero_trades_21d,-0.023728530141575156
20261005-010838-8084b01,2010,public,zero_trades_126d,0.010613698375375931
20261005-010838-8084b01,2010,public,zero_trades_252d,0.005320143476782085
20261005-010838-8084b01,2010,public,coskew_21d,0.0004328276553775412
20261005-010838-8084b01,2010,public,ret_1_0,-0.011598444395514771
20261005-010838-8084b01,2010,public,betadown_252d,0.0013624342188990168
20261005-010838-8084b01,2010,public,ret_3_1,-0.003454834261330805
20261005-010838-8084b01,2010,public,ret_9_1,0.0036191951781818043
20261005-010838-8084b01,2010,public,ni_be,0.0055806158982117365
20261005-010838-8084b01,2010,full,niq_su,0.0002788584607631657
20261005-010838-8084b01,2010,full,ret_6_1,0.0008756643702360744
20261005-010838-8084b01,2010,full,ret_12_1,0.006569858752916469
20261005-010838-8084b01,2010,full,saleq_su,0.0015435912276409477
20261005-010838-8084b01,2010,full,tax_gr1a,-0.0007977732314207731
20261005-010838-8084b01,2010,full,ni_inc8q,-0.0003440368310638849
20261005-010838-8084b01,2010,full,prc_highprc_252d,0.010009857255445405
20261005-010838-8084b01,2010,full,resff3_6_1,-0.0014790331204960988
20261005-010838-8084b01,2010,full,resff3_12_1,0.003443785445924132
20261005-010838-8084b01,2010,full,be_me,0.007464751862286195
20261005-010838-8084b01,2010,full,debt_me,-0.0018396803190125265
20261005-010838-8084b01,2010,full,at_me,0.005831606211381116
20261005-010838-8084b01,2010,full,ret_60_12,-0.00596321382435845
20261005-010838-8084b01,2010,full,ni_me,-0.0009199061372540628
20261005-010838-8084b01,2010,full,fcf_me,0.001148971553963851
20261005-010838-8084b01,2010,full,div12m_me,0.0007493034735128798
20261005-010838-8084b01,2010,full,eqpo_me,-0.0017701762946439365
20261005-010838-8084b01,2010,full,eqnpo_me,0.0005208605256410017
20261005-010838-8084b01,2010,full,sale_gr3,0.0014386216974273502
20261005-010838-8084b01,2010,full,sale_gr1,-0.0019148324173323724
20261005-010838-8084b01,2010,full,ebitda_mev,-0.0031421100574770718
20261005-010838-8084b01,2010,full,sale_me,0.00317102047917046
20261005-010838-8084b01,2010,full,ocf_me,0.0023353005023120017
20261005-010838-8084b01,2010,full,ival_me,0.0004058867831504818
20261005-010838-8084b01,2010,full,bev_mev,0.004494291364309841
20261005-010838-8084b01,2010,full,netdebt_me,-0.003965076054757904
20261005-010838-8084b01,2010,full,eq_dur,-0.0010176669027055318
20261005-010838-8084b01,2010,full,capex_abn,0.0002736890050205073
20261005-010838-8084b01,2010,full,at_gr1,0.000619452439117797
20261005-010838-8084b01,2010,full,ppeinv_gr1a,-0.0005237891951950738
20261005-010838-8084b01,2010,full,noa_at,-0.004199571375577793
20261005-010838-8084b01,2010,full,noa_gr1a,0.000447701994232042
20261005-010838-8084b01,2010,full,lnoa_gr1a,-0.0004161960311630522
20261005-010838-8084b01,2010,full,capx_gr1,-0.001605593331241894
20261005-010838-8084b01,2010,full,capx_gr2,-0.0006096875316768262
20261005-010838-8084b01,2010,full,capx_gr3,0.0004252859105654921
20261005-010838-8084b01,2010,full,chcsho_12m,-0.001983079625036935
20261005-010838-8084b01,2010,full,eqnpo_12m,-0.0015945350269925406
20261005-010838-8084b01,2010,full,debt_gr3,-0.0013702749394993532
20261005-010838-8084b01,2010,full,inv_gr1,0.0004370384822726203
20261005-010838-8084b01,2010,full,inv_gr1a,-0.0016114310133091142
20261005-010838-8084b01,2010,full,oaccruals_at,-6.633830125488532e-05
20261005-010838-8084b01,2010,full,taccruals_at,-0.0007222713971764816
20261005-010838-8084b01,2010,full,cowc_gr1a,0.0002859711057991502
20261005-010838-8084b01,2010,full,coa_gr1a,-0.002017279361363795
20261005-010838-8084b01,2010,full,col_gr1a,0.0007361890410925232
20261005-010838-8084b01,2010,full,nncoa_gr1a,9.692738950409603e-05
20261005-010838-8084b01,2010,full,ncoa_gr1a,-0.0007935491145388109
20261005-010838-8084b01,2010,full,ncol_gr1a,0.0009750051119865223
20261005-010838-8084b01,2010,full,nfna_gr1a,0.00016057093873040918
20261005-010838-8084b01,2010,full,sti_gr1a,-0.0009976034194420383
20261005-010838-8084b01,2010,full,lti_gr1a,-0.00072268675003294
20261005-010838-8084b01,2010,full,fnl_gr1a,-0.0004708121790996568
20261005-010838-8084b01,2010,full,be_gr1a,-0.0050133454051217875
20261005-010838-8084b01,2010,full,oaccruals_ni,-0.000742377120610189
20261005-010838-8084b01,2010,full,taccruals_ni,0.0020215861529521845
20261005-010838-8084b01,2010,full,netis_at,7.20335666380808e-05
20261005-010838-8084b01,2010,full,eqnetis_at,-0.0009242655971596057
20261005-010838-8084b01,2010,full,dbnetis_at,0.0004803780133285565
20261005-010838-8084b01,2010,full,niq_be,0.004084805109511982
20261005-010838-8084b01,2010,full,niq_be_chg1,-0.00021922153613909077
20261005-010838-8084b01,2010,full,niq_at,0.0028450043009496315
20261005-010838-8084b01,2010,full,niq_at_chg1,0.000589750632185582
20261005-010838-8084b01,2010,full,ebit_bev,-0.0047697698075150965
20261005-010838-8084b01,2010,full,ebit_sale,0.0018520705770313027
20261005-010838-8084b01,2010,full,sale_bev,0.003057718531276708
20261005-010838-8084b01,2010,full,at_turnover,-0.002929192131684668
20261005-010838-8084b01,2010,full,gp_at,0.0030608573259305262
20261005-010838-8084b01,2010,full,gp_atl1,-0.0028916337885247323
20261005-010838-8084b01,2010,full,ope_be,-6.308168510644898e-06
20261005-010838-8084b01,2010,full,ope_bel1,0.00027060173534550495
20261005-010838-8084b01,2010,full,op_at,0.007314828280278568
20261005-010838-8084b01,2010,full,op_atl1,0.005179870646824278
20261005-010838-8084b01,2010,full,cop_at,0.0035298378714360944
20261005-010838-8084b01,2010,full,cop_atl1,-0.0019769508846574054
20261005-010838-8084b01,2010,full,f_score,-0.0009756119644514045
20261005-010838-8084b01,2010,full,o_score,0.005100901123902445
20261005-010838-8084b01,2010,full,z_score,-0.0015005669533633677
20261005-010838-8084b01,2010,full,pi_nix,2.0788078644311425e-05
20261005-010838-8084b01,2010,full,at_be,-0.002618161067729758
20261005-010838-8084b01,2010,full,saleq_gr1,0.002491853690162238
20261005-010838-8084b01,2010,full,rd_me,0.005915484546198706
20261005-010838-8084b01,2010,full,rd_sale,0.0005854484390090202
20261005-010838-8084b01,2010,full,opex_at,0.00037427059965310734
20261005-010838-8084b01,2010,full,emp_gr1,0.0016769863093476312
20261005-010838-8084b01,2010,full,rd5_at,-0.0002439142613680699
20261005-010838-8084b01,2010,full,age,-1.309031600027341e-07
20261005-010838-8084b01,2010,full,dsale_dinv,0.0011272863113633298
20261005-010838-8084b01,2010,full,dsale_drec,-0.00046043610556244886
20261005-010838-8084b01,2010,full,dgp_dsale,0.0008856233723622522
20261005-010838-8084b01,2010,full,dsale_dsga,0.0008165390128418889
20261005-010838-8084b01,2010,full,sale_emp_gr1,0.0005895550999011674
20261005-010838-8084b01,2010,full,tangibility,0.0009643914930658325
20261005-010838-8084b01,2010,full,kz_index,-0.0008162278747246354
20261005-010838-8084b01,2010,full,ocfq_saleq_std,4.103782910035558e-05
20261005-010838-8084b01,2010,full,cash_at,0.0026244299587347597
20261005-010838-8084b01,2010,full,ni_ar1,-0.0004062143454814133
20261005-010838-8084b01,2010,full,ni_ivol,0.0005453523984873937
20261005-010838-8084b01,2010,full,earnings_variability,-0.0008171199605686007
20261005-010838-8084b01,2010,full,aliq_at,0.002395589003661205
20261005-010838-8084b01,2010,full,aliq_mat,-0.004728692587184943
20261005-010838-8084b01,2010,full,seas_1_1an,0.0019115714579846974
20261005-010838-8084b01,2010,full,seas_1_1na,-0.008147466036791359
20261005-010838-8084b01,2010,full,seas_2_5an,0.007682640533721158
20261005-010838-8084b01,2010,full,seas_2_5na,0.003998760973725184
20261005-010838-8084b01,2010,full,seas_6_10an,0.00419832804363742
20261005-010838-8084b01,2010,full,seas_6_10na,-0.0013109537507365661
20261005-010838-8084b01,2010,full,seas_11_15an,0.0030905262533533944
20261005-010838-8084b01,2010,full,seas_11_15na,-6.347525252617537e-05
20261005-010838-8084b01,2010,full,seas_16_20an,0.0027318559124202184
20261005-010838-8084b01,2010,full,seas_16_20na,5.111593840322868e-05
20261005-010838-8084b01,2010,full,market_equity,-0.0023316381889804715
20261005-010838-8084b01,2010,full,ivol_ff3_21d,0.011145193991249974
20261005-010838-8084b01,2010,full,ivol_capm_252d,-0.0022908881712854954
20261005-010838-8084b01,2010,full,ivol_capm_21d,-0.012474341505673128
20261005-010838-8084b01,2010,full,ivol_hxz4_21d,-0.009294501459642236
20261005-010838-8084b01,2010,full,rvol_21d,0.006274234112225017
20261005-010838-8084b01,2010,full,beta_60m,0.0010339493263671945
20261005-010838-8084b01,2010,full,betabab_1260d,0.0029092104207867433
20261005-010838-8084b01,2010,full,beta_dimson_21d,0.0006168635816760387
20261005-010838-8084b01,2010,full,turnover_126d,-0.008289274143235005
20261005-010838-8084b01,2010,full,turnover_var_126d,0.012129650260664008
20261005-010838-8084b01,2010,full,dolvol_126d,0.0020028158727407536
20261005-010838-8084b01,2010,full,dolvol_var_126d,-0.011875197532319857
20261005-010838-8084b01,2010,full,prc,-0.001436537082395209
20261005-010838-8084b01,2010,full,ami_126d,0.0012378908192430347
20261005-010838-8084b01,2010,full,zero_trades_21d,-0.024547922922018604
20261005-010838-8084b01,2010,full,zero_trades_126d,0.010233074965112754
20261005-010838-8084b01,2010,full,zero_trades_252d,0.006520580648241746
20261005-010838-8084b01,2010,full,rmax1_21d,-0.002360181084692898
20261005-010838-8084b01,2010,full,rskew_21d,-0.0005033531286508742
20261005-010838-8084b01,2010,full,iskew_capm_21d,0.001187301929505732
20261005-010838-8084b01,2010,full,iskew_ff3_21d,0.0015133611523480562
20261005-010838-8084b01,2010,full,iskew_hxz4_21d,0.0007406992409233215
20261005-010838-8084b01,2010,full,coskew_21d,0.0008567870856432986
20261005-010838-8084b01,2010,full,ret_1_0,-0.010203405573730055
20261005-010838-8084b01,2010,full,betadown_252d,0.0005518050782494297
20261005-010838-8084b01,2010,full,bidaskhl_21d,0.0019623651237914595
20261005-010838-8084b01,2010,full,ret_3_1,-0.003601296944356367
20261005-010838-8084b01,2010,full,ret_9_1,0.004088928569516122
20261005-010838-8084b01,2010,full,ret_12_7,0.0034755108618621834
20261005-010838-8084b01,2010,full,corr_1260d,-0.0007928109378043468
20261005-010838-8084b01,2010,full,rmax5_21d,0.002343143748648392
20261005-010838-8084b01,2010,full,rmax5_rvol_21d,-0.005794187213762814
20261005-010838-8084b01,2010,full,ni_be,0.0005983392188851141
20261005-010838-8084b01,2010,full,ocf_at,-0.004105351250399206
20261005-010838-8084b01,2010,full,ocf_at_chg1,-7.921320225504744e-05
20261005-010838-8084b01,2010,full,mispricing_perf,-0.0002142418829962089
20261005-010838-8084b01,2010,full,mispricing_mgmt,-0.0015849538648263016
20261005-010838-8084b01,2010,full,qmj,-0.005672166491135753
20261005-010838-8084b01,2010,full,qmj_prof,0.004434311278415358
20261005-010838-8084b01,2010,full,qmj_growth,0.004246679209751843
20261005-010838-8084b01,2010,full,qmj_safety,0.0012013962940307368
20261005-010838-8084b01,2012,public,niq_su,4.720634283964402e-05
20261005-010838-8084b01,2012,public,ret_6_1,0.0013538655920622281
20261005-010838-8084b01,2012,public,ret_12_1,0.011241941955347215
20261005-010838-8084b01,2012,public,saleq_su,0.0009072993077216033
20261005-010838-8084b01,2012,public,tax_gr1a,-0.0005722559145217564
20261005-010838-8084b01,2012,public,ni_inc8q,-0.0008041835224940319
20261005-010838-8084b01,2012,public,prc_highprc_252d,0.006889674155307927
20261005-010838-8084b01,2012,public,resff3_6_1,-0.0020599185419132807
20261005-010838-8084b01,2012,public,resff3_12_1,0.004308724112738284
20261005-010838-8084b01,2012,public,be_me,0.006849436634871888
20261005-010838-8084b01,2012,public,debt_me,0.0005125277798964217
20261005-010838-8084b01,2012,public,at_me,-0.0028876752942439167
20261005-010838-8084b01,2012,public,ret_60_12,-0.004949192190544876
20261005-010838-8084b01,2012,public,ni_me,-0.0009029204480525006
20261005-010838-8084b01,2012,public,fcf_me,0.0006057869365740211
20261005-010838-8084b01,2012,public,div12m_me,-0.000362239678944564
20261005-010838-8084b01,2012,public,eqpo_me,-0.0023254441250004023
20261005-010838-8084b01,2012,public,eqnpo_me,0.0008007006114887303
20261005-010838-8084b01,2012,public,sale_gr3,0.002353588959611571
20261005-010838-8084b01,2012,public,sale_gr1,-0.0011307002394683851
20261005-010838-8084b01,2012,public,ebitda_mev,0.0021999920832051823
20261005-010838-8084b01,2012,public,sale_me,0.00515485375388455
20261005-010838-8084b01,2012,public,ocf_me,0.002427011234748194
20261005-010838-8084b01,2012,public,ival_me,-0.0011260549397227183
20261005-010838-8084b01,2012,public,bev_mev,0.003833588691853123
20261005-010838-8084b01,2012,public,netdebt_me,-0.003217318585725056
20261005-010838-8084b01,2012,public,eq_dur,-0.0009713332795241659
20261005-010838-8084b01,2012,public,capex_abn,0.0003623263769086138
20261005-010838-8084b01,2012,public,at_gr1,0.0018461162010104109
20261005-010838-8084b01,2012,public,ppeinv_gr1a,3.4188139287706013e-06
20261005-010838-8084b01,2012,public,noa_at,-0.0038499021865209602
20261005-010838-8084b01,2012,public,noa_gr1a,0.0003658050495854377
20261005-010838-8084b01,2012,public,lnoa_gr1a,-0.000560061826511555
20261005-010838-8084b01,2012,public,capx_gr1,-0.0017068151213956136
20261005-010838-8084b01,2012,public,capx_gr2,-0.0013359569114072217
20261005-010838-8084b01,2012,public,capx_gr3,0.0008410841993138743
20261005-010838-8084b01,2012,public,chcsho_12m,-0.0023467801769412634
20261005-010838-8084b01,2012,public,eqnpo_12m,-0.002042768730479658
20261005-010838-8084b01,2012,public,debt_gr3,-0.0014599630023802654
20261005-010838-8084b01,2012,public,inv_gr1,0.0009087673368113466
20261005-010838-8084b01,2012,public,inv_gr1a,-0.0012355599670617232
20261005-010838-8084b01,2012,public,oaccruals_at,0.0010095244513917679
20261005-010838-8084b01,2012,public,taccruals_at,-0.0002270695050315196
20261005-010838-8084b01,2012,public,cowc_gr1a,0.0009245077329130914
20261005-010838-8084b01,2012,public,coa_gr1a,-0.0024529487138744786
20261005-010838-8084b01,2012,public,col_gr1a,0.00023080508451784546
20261005-010838-8084b01,2012,public,nncoa_gr1a,0.0017192405660908015
20261005-010838-8084b01,2012,public,ncoa_gr1a,-0.002180683184137665
20261005-010838-8084b01,2012,public,ncol_gr1a,0.0007254427246899341
20261005-010838-8084b01,2012,public,nfna_gr1a,5.491833643679406e-05
20261005-010838-8084b01,2012,public,sti_gr1a,-0.0012366380323052526
20261005-010838-8084b01,2012,public,lti_gr1a,-0.0010103382541043436
20261005-010838-8084b01,2012,public,fnl_gr1a,-0.0016297360449473053
20261005-010838-8084b01,2012,public,be_gr1a,-0.0040645409172162935
20261005-010838-8084b01,2012,public,oaccruals_ni,-0.0015844107431568367
20261005-010838-8084b01,2012,public,taccruals_ni,0.0012765624723556394
20261005-010838-8084b01,2012,public,netis_at,-0.0009275624327862866
20261005-010838-8084b01,2012,public,eqnetis_at,-0.0006189024682595587
20261005-010838-8084b01,2012,public,dbnetis_at,0.0012371199918071235
20261005-010838-8084b01,2012,public,niq_at,0.006768515034593614
20261005-010838-8084b01,2012,public,niq_at_chg1,0.0005410197162261846
20261005-010838-8084b01,2012,public,ebit_bev,-0.002844364285107066
20261005-010838-8084b01,2012,public,ebit_sale,0.005984120110023281
20261005-010838-8084b01,2012,public,sale_bev,0.003482413855032286
20261005-010838-8084b01,2012,public,at_turnover,0.003844209334254862
20261005-010838-8084b01,2012,public,f_score,-0.0020125788384963324
20261005-010838-8084b01,2012,public,o_score,0.005263676383061577
20261005-010838-8084b01,2012,public,z_score,0.0012015085783226005
20261005-010838-8084b01,2012,public,pi_nix,-8.409528281632841e-05
20261005-010838-8084b01,2012,public,at_be,-0.0014765279334187176
20261005-010838-8084b01,2012,public,saleq_gr1,0.0027430125160387187
20261005-010838-8084b01,2012,public,rd_me,0.007786747485498492
20261005-010838-8084b01,2012,public,rd_sale,0.0009035865648508625
20261005-010838-8084b01,2012,public,opex_at,-0.005662114805968662
20261005-010838-8084b01,2012,public,rd5_at,0.0008834224608822156
20261005-010838-8084b01,2012,public,age,-0.00031164829265731026
20261005-010838-8084b01,2012,public,dsale_dinv,0.0014506653799761181
20261005-010838-8084b01,2012,public,dsale_drec,-0.0005747985382341489
20261005-010838-8084b01,2012,public,dgp_dsale,0.0015793407487483266
20261005-010838-8084b01,2012,public,dsale_dsga,0.0011138624292840018
20261005-010838-8084b01,2012,public,sale_emp_gr1,-0.0004521037263092496
20261005-010838-8084b01,2012,public,tangibility,0.002278867264720965
20261005-010838-8084b01,2012,public,kz_index,-0.0010261270040480951
20261005-010838-8084b01,2012,public,ocfq_saleq_std,0.0003493648176249994
20261005-010838-8084b01,2012,public,ni_ar1,-0.0002549982550416005
20261005-010838-8084b01,2012,public,ni_ivol,0.002338085107163094
20261005-010838-8084b01,2012,public,earnings_variability,-0.0009451347664493861
20261005-010838-8084b01,2012,public,seas_1_1an,0.0015575428518402388
20261005-010838-8084b01,2012,public,seas_1_1na,-0.010556417269244833
20261005-010838-8084b01,2012,public,seas_2_5an,0.006976684910972801
20261005-010838-8084b01,2012,public,seas_2_5na,0.0032066968301918434
20261005-010838-8084b01,2012,public,seas_6_10an,0.003974901455662193
20261005-010838-8084b01,2012,public,seas_6_10na,-0.0016638096282583618
20261005-010838-8084b01,2012,public,seas_11_15an,0.002748357851395865
20261005-010838-8084b01,2012,public,seas_11_15na,-0.00012498257286127018
20261005-010838-8084b01,2012,public,seas_16_20an,0.0026056434889281674
20261005-010838-8084b01,2012,public,seas_16_20na,-0.00021457771539123635
20261005-010838-8084b01,2012,public,market_equity,0.000658515966774282
20261005-010838-8084b01,2012,public,ivol_ff3_21d,0.012661768451896219
20261005-010838-8084b01,2012,public,ivol_capm_252d,0.0012236625447406015
20261005-010838-8084b01,2012,public,ivol_capm_21d,-0.011700111002755533
20261005-010838-8084b01,2012,public,ivol_hxz4_21d,-0.008554732094196322
20261005-010838-8084b01,2012,public,rvol_21d,7.630795092563947e-05
20261005-010838-8084b01,2012,public,beta_60m,0.002514172104747616
20261005-010838-8084b01,2012,public,beta_dimson_21d,0.0004686101367758555
20261005-010838-8084b01,2012,public,turnover_126d,-0.007616644245268805
20261005-010838-8084b01,2012,public,turnover_var_126d,0.0160048203787651
20261005-010838-8084b01,2012,public,dolvol_126d,0.0013738112178777401
20261005-010838-8084b01,2012,public,dolvol_var_126d,-0.01578120770749867
20261005-010838-8084b01,2012,public,prc,-0.0011506391735203046
20261005-010838-8084b01,2012,public,ami_126d,0.003045722585420221
20261005-010838-8084b01,2012,public,zero_trades_21d,-0.021932670669675976
20261005-010838-8084b01,2012,public,zero_trades_126d,0.009017071816463473
20261005-010838-8084b01,2012,public,zero_trades_252d,0.005134280228638583
20261005-010838-8084b01,2012,public,rmax1_21d,-0.0013491932245570098
20261005-010838-8084b01,2012,public,coskew_21d,0.00031381469445679745
20261005-010838-8084b01,2012,public,ret_1_0,-0.008533926124026637
20261005-010838-8084b01,2012,public,betadown_252d,0.00108264892756811
20261005-010838-8084b01,2012,public,ret_3_1,-0.002629665117759122
20261005-010838-8084b01,2012,public,ret_9_1,0.004336247806341171
20261005-010838-8084b01,2012,public,ni_be,0.003935005183277114
20261005-010838-8084b01,2012,full,niq_su,-0.00014137496336685652
20261005-010838-8084b01,2012,full,ret_6_1,0.0025113399048129893
20261005-010838-8084b01,2012,full,ret_12_1,0.008012329112504529
20261005-010838-8084b01,2012,full,saleq_su,0.000947047136810387
20261005-010838-8084b01,2012,full,tax_gr1a,-0.0009376449271934457
20261005-010838-8084b01,2012,full,ni_inc8q,-0.0004475175673418188
20261005-010838-8084b01,2012,full,prc_highprc_252d,0.00793513320726252
20261005-010838-8084b01,2012,full,resff3_6_1,-0.0012458503749533903
20261005-010838-8084b01,2012,full,resff3_12_1,0.0037353850390694403
20261005-010838-8084b01,2012,full,be_me,0.006998836415427847
20261005-010838-8084b01,2012,full,debt_me,-0.0012623309977586451
20261005-010838-8084b01,2012,full,at_me,0.0023135232741377854
20261005-010838-8084b01,2012,full,ret_60_12,-0.0038551484081999895
20261005-010838-8084b01,2012,full,ni_me,0.0008142122869834537
20261005-010838-8084b01,2012,full,fcf_me,0.0008993396996518576
20261005-010838-8084b01,2012,full,div12m_me,0.0002923408465421278
20261005-010838-8084b01,2012,full,eqpo_me,-0.00223428092162083
20261005-010838-8084b01,2012,full,eqnpo_me,0.0009957967826131563
20261005-010838-8084b01,2012,full,sale_gr3,0.0016460076164386364
20261005-010838-8084b01,2012,full,sale_gr1,-0.0015720081876522362
20261005-010838-8084b01,2012,full,ebitda_mev,-0.0016511612003088127
20261005-010838-8084b01,2012,full,sale_me,0.0038639631864271573
20261005-010838-8084b01,2012,full,ocf_me,0.0033730185634183387
20261005-010838-8084b01,2012,full,ival_me,-0.0009618438392557314
20261005-010838-8084b01,2012,full,bev_mev,0.004556661845856171
20261005-010838-8084b01,2012,full,netdebt_me,-0.0038997056265062387
20261005-010838-8084b01,2012,full,eq_dur,-0.001969557990332703
20261005-010838-8084b01,2012,full,capex_abn,0.00037422791687252406
20261005-010838-8084b01,2012,full,at_gr1,0.0005572102970803916
20261005-010838-8084b01,2012,full,ppeinv_gr1a,-0.0007599188134784252
20261005-010838-8084b01,2012,full,noa_at,-0.0037183848533624856
20261005-010838-8084b01,2012,full,noa_gr1a,1.3251727226904939e-05
20261005-010838-8084b01,2012,full,lnoa_gr1a,-0.0007788341146862826
20261005-010838-8084b01,2012,full,capx_gr1,-0.0016800040971857453
20261005-010838-8084b01,2012,full,capx_gr2,-0.001249247024372833
20261005-010838-8084b01,2012,full,capx_gr3,0.000769805939976648
20261005-010838-8084b01,2012,full,chcsho_12m,-0.0028384154698655635
20261005-010838-8084b01,2012,full,eqnpo_12m,-0.002023306456088619
20261005-010838-8084b01,2012,full,debt_gr3,-0.001331766537045942
20261005-010838-8084b01,2012,full,inv_gr1,0.0007232270014879543
20261005-010838-8084b01,2012,full,inv_gr1a,-0.0011901471269146328
20261005-010838-8084b01,2012,full,oaccruals_at,0.0012121155442520308
20261005-010838-8084b01,2012,full,taccruals_at,-0.0004888215096028992
20261005-010838-8084b01,2012,full,cowc_gr1a,0.0005695480081862092
20261005-010838-8084b01,2012,full,coa_gr1a,-0.0025590188288446376
20261005-010838-8084b01,2012,full,col_gr1a,0.0006158953951033175
20261005-010838-8084b01,2012,full,nncoa_gr1a,0.0012422946470165472
20261005-010838-8084b01,2012,full,ncoa_gr1a,-0.0015666954488721657
20261005-010838-8084b01,2012,full,ncol_gr1a,0.0008076545171862492
20261005-010838-8084b01,2012,full,nfna_gr1a,0.0004223644988439504
20261005-010838-8084b01,2012,full,sti_gr1a,-0.0013018618734038441
20261005-010838-8084b01,2012,full,lti_gr1a,-0.0008521967793330009
20261005-010838-8084b01,2012,full,fnl_gr1a,-0.0009888052955341427
20261005-010838-8084b01,2012,full,be_gr1a,-0.00452412299971553
20261005-010838-8084b01,2012,full,oaccruals_ni,-0.0014586996250233232
20261005-010838-8084b01,2012,full,taccruals_ni,0.0012026054401479119
20261005-010838-8084b01,2012,full,netis_at,-0.0006012617708182978
20261005-010838-8084b01,2012,full,eqnetis_at,-0.0007055230426798769
20261005-010838-8084b01,2012,full,dbnetis_at,0.0010396074705512927
20261005-010838-8084b01,2012,full,niq_be,0.004439356490313604
20261005-010838-8084b01,2012,full,niq_be_chg1,-2.0615408650560875e-05
20261005-010838-8084b01,2012,full,niq_at,0.0027628862819965745
20261005-010838-8084b01,2012,full,niq_at_chg1,0.0008456308647618648
20261005-010838-8084b01,2012,full,ebit_bev,-0.004782530419765123
20261005-010838-8084b01,2012,full,ebit_sale,0.002607060018084794
20261005-010838-8084b01,2012,full,sale_bev,0.0027816851311371496
20261005-010838-8084b01,2012,full,at_turnover,0.0006547939287971752
20261005-010838-8084b01,2012,full,gp_at,0.006084205699150206
20261005-010838-8084b01,2012,full,gp_atl1,-0.004199931498821149
20261005-010838-8084b01,2012,full,ope_be,-0.0009808657180082826
20261005-010838-8084b01,2012,full,ope_bel1,0.0006153516700974508
20261005-010838-8084b01,2012,full,op_at,0.006140441769423117
20261005-010838-8084b01,2012,full,op_atl1,0.005223753239370042
20261005-010838-8084b01,2012,full,cop_at,0.003472570362049404
20261005-010838-8084b01,2012,full,cop_atl1,-0.0019900292323415548
20261005-010838-8084b01,2012,full,f_score,-0.00149952534088546
20261005-010838-8084b01,2012,full,o_score,0.005067028777387717
20261005-010838-8084b01,2012,full,z_score,-0.00012641671159277284
20261005-010838-8084b01,2012,full,pi_nix,-0.00016320077556338243
20261005-010838-8084b01,2012,full,at_be,-0.0011945217925207815
20261005-010838-8084b01,2012,full,saleq_gr1,0.0029036383320150956
20261005-010838-8084b01,2012,full,rd_me,0.006373185740509232
20261005-010838-8084b01,2012,full,rd_sale,-0.00030247935902268677
20261005-010838-8084b01,2012,full,opex_at,-0.004141936027694814
20261005-010838-8084b01,2012,full,emp_gr1,0.0014620189204176022
20261005-010838-8084b01,2012,full,rd5_at,-0.00013540696368800336
20261005-010838-8084b01,2012,full,age,-3.9029703315880004e-05
20261005-010838-8084b01,2012,full,dsale_dinv,0.001322667283646182
20261005-010838-8084b01,2012,full,dsale_drec,-0.000673301129830168
20261005-010838-8084b01,2012,full,dgp_dsale,0.0008785751551563696
20261005-010838-8084b01,2012,full,dsale_dsga,0.0010919320875528368
20261005-010838-8084b01,2012,full,sale_emp_gr1,0.000300546965391003
20261005-010838-8084b01,2012,full,tangibility,0.0011764892755635882
20261005-010838-8084b01,2012,full,kz_index,-0.0010671514015165328
20261005-010838-8084b01,2012,full,ocfq_saleq_std,-0.00034361358585733697
20261005-010838-8084b01,2012,full,cash_at,0.002425155929697373
20261005-010838-8084b01,2012,full,ni_ar1,-0.00023467418151654155
20261005-010838-8084b01,2012,full,ni_ivol,0.0011310873656853048
20261005-010838-8084b01,2012,full,earnings_variability,-0.0007580191409363177
20261005-010838-8084b01,2012,full,aliq_at,0.0024468464146803572
20261005-010838-8084b01,2012,full,aliq_mat,-0.002944919874539467
20261005-010838-8084b01,2012,full,seas_1_1an,0.0010763797620863612
20261005-010838-8084b01,2012,full,seas_1_1na,-0.01114305435207032
20261005-010838-8084b01,2012,full,seas_2_5an,0.006728432590350258
20261005-010838-8084b01,2012,full,seas_2_5na,0.002454297757530383
20261005-010838-8084b01,2012,full,seas_6_10an,0.004029570748269867
20261005-010838-8084b01,2012,full,seas_6_10na,-0.0015708298357200953
20261005-010838-8084b01,2012,full,seas_11_15an,0.0027192920345861463
20261005-010838-8084b01,2012,full,seas_11_15na,-0.00019415654100184867
20261005-010838-8084b01,2012,full,seas_16_20an,0.0026131896128588523
20261005-010838-8084b01,2012,full,seas_16_20na,-0.00022527827284993645
20261005-010838-8084b01,2012,full,market_equity,0.0006542949856358256
20261005-010838-8084b01,2012,full,ivol_ff3_21d,0.012365225117797035
20261005-010838-8084b01,2012,full,ivol_capm_252d,-0.0035831684923751856
20261005-010838-8084b01,2012,full,ivol_capm_21d,-0.010206159416482738
20261005-010838-8084b01,2012,full,ivol_hxz4_21d,-0.009862194651970635
20261005-010838-8084b01,2012,full,rvol_21d,0.004565134791748285
20261005-010838-8084b01,2012,full,beta_60m,0.0013316026238183976
20261005-010838-8084b01,2012,full,betabab_1260d,0.003984806916634616
20261005-010838-8084b01,2012,full,beta_dimson_21d,0.0005427879157813306
20261005-010838-8084b01,2012,full,turnover_126d,-0.008022671803704492
20261005-010838-8084b01,2012,full,turnover_var_126d,0.015108016181718774
20261005-010838-8084b01,2012,full,dolvol_126d,0.0016511905628839572
20261005-010838-8084b01,2012,full,dolvol_var_126d,-0.01515575737296792
20261005-010838-8084b01,2012,full,prc,-0.0009863263250138082
20261005-010838-8084b01,2012,full,ami_126d,0.0039026135707504244
20261005-010838-8084b01,2012,full,zero_trades_21d,-0.022600457033610185
20261005-010838-8084b01,2012,full,zero_trades_126d,0.008790160066614027
20261005-010838-8084b01,2012,full,zero_trades_252d,0.00623470635442054
20261005-010838-8084b01,2012,full,rmax1_21d,-0.0026565955519698764
20261005-010838-8084b01,2012,full,rskew_21d,-0.000583385313940092
20261005-010838-8084b01,2012,full,iskew_capm_21d,0.001060979359162104
20261005-010838-8084b01,2012,full,iskew_ff3_21d,0.001434184244296152
20261005-010838-8084b01,2012,full,iskew_hxz4_21d,0.000979807723513866
20261005-010838-8084b01,2012,full,coskew_21d,0.0007510604738423299
20261005-010838-8084b01,2012,full,ret_1_0,-0.007438188969236005
20261005-010838-8084b01,2012,full,betadown_252d,0.00024636022174062596
20261005-010838-8084b01,2012,full,bidaskhl_21d,0.0009842884588913952
20261005-010838-8084b01,2012,full,ret_3_1,-0.002840812821866486
20261005-010838-8084b01,2012,full,ret_9_1,0.005287413048786521
20261005-010838-8084b01,2012,full,ret_12_7,0.004582408812758104
20261005-010838-8084b01,2012,full,corr_1260d,-0.0017548342499938798
20261005-010838-8084b01,2012,full,rmax5_21d,0.0005302146653265211
20261005-010838-8084b01,2012,full,rmax5_rvol_21d,-0.005285362431012157
20261005-010838-8084b01,2012,full,ni_be,0.0008073009548065101
20261005-010838-8084b01,2012,full,ocf_at,-0.0029955525461499914
20261005-010838-8084b01,2012,full,ocf_at_chg1,-0.00021241361118769974
20261005-010838-8084b01,2012,full,mispricing_perf,-0.0007286771939416957
20261005-010838-8084b01,2012,full,mispricing_mgmt,-0.0016082266046580304
20261005-010838-8084b01,2012,full,qmj,-0.006817989478860191
20261005-010838-8084b01,2012,full,qmj_prof,0.002386893753359041
20261005-010838-8084b01,2012,full,qmj_growth,0.00429714514929659
20261005-010838-8084b01,2012,full,qmj_safety,0.0013291944098022517
20261005-010838-8084b01,2014,public,niq_su,0.00039019218951071195
20261005-010838-8084b01,2014,public,ret_6_1,0.0015094296785510598
20261005-010838-8084b01,2014,public,ret_12_1,0.0052062484432961855
20261005-010838-8084b01,2014,public,saleq_su,0.0009123075011038106
20261005-010838-8084b01,2014,public,tax_gr1a,-0.00043090309840285634
20261005-010838-8084b01,2014,public,ni_inc8q,-0.0001727619136617264
20261005-010838-8084b01,2014,public,prc_highprc_252d,0.008454656280203497
20261005-010838-8084b01,2014,public,resff3_6_1,-0.0014630304076056308
20261005-010838-8084b01,2014,public,resff3_12_1,0.004266768305894968
20261005-010838-8084b01,2014,public,be_me,0.006640301068239786
20261005-010838-8084b01,2014,public,debt_me,-0.0020907252917896526
20261005-010838-8084b01,2014,public,at_me,0.002725133239400432
20261005-010838-8084b01,2014,public,ret_60_12,-0.004910211884971678
20261005-010838-8084b01,2014,public,ni_me,-0.003141407022431292
20261005-010838-8084b01,2014,public,fcf_me,0.0003793549959513436
20261005-010838-8084b01,2014,public,div12m_me,0.00023163454957495234
20261005-010838-8084b01,2014,public,eqpo_me,-0.0021649430445877106
20261005-010838-8084b01,2014,public,eqnpo_me,0.0007706394444897904
20261005-010838-8084b01,2014,public,sale_gr3,0.0024235227344726155
20261005-010838-8084b01,2014,public,sale_gr1,-0.0012189670560670564
20261005-010838-8084b01,2014,public,ebitda_mev,0.001459092770580362
20261005-010838-8084b01,2014,public,sale_me,0.004096564159626797
20261005-010838-8084b01,2014,public,ocf_me,0.0017920711616808594
20261005-010838-8084b01,2014,public,ival_me,0.0003068314133010056
20261005-010838-8084b01,2014,public,bev_mev,0.002771988878203566
20261005-010838-8084b01,2014,public,netdebt_me,-0.002125010323428265
20261005-010838-8084b01,2014,public,eq_dur,-0.00029432640839853567
20261005-010838-8084b01,2014,public,capex_abn,0.00041817309555473316
20261005-010838-8084b01,2014,public,at_gr1,0.0014146752672420397
20261005-010838-8084b01,2014,public,ppeinv_gr1a,0.0001644256527826961
20261005-010838-8084b01,2014,public,noa_at,-0.003330308426177353
20261005-010838-8084b01,2014,public,noa_gr1a,0.0014622844213769855
20261005-010838-8084b01,2014,public,lnoa_gr1a,-0.000362334531422543
20261005-010838-8084b01,2014,public,capx_gr1,-0.001709748873847392
20261005-010838-8084b01,2014,public,capx_gr2,-0.0013559057270391486
20261005-010838-8084b01,2014,public,capx_gr3,0.0007242636547929346
20261005-010838-8084b01,2014,public,chcsho_12m,-0.0016558244016617407
20261005-010838-8084b01,2014,public,eqnpo_12m,-0.0013602305126228758
20261005-010838-8084b01,2014,public,debt_gr3,-0.0015457978019467397
20261005-010838-8084b01,2014,public,inv_gr1,0.0006028154429149118
20261005-010838-8084b01,2014,public,inv_gr1a,-0.001446264043327161
20261005-010838-8084b01,2014,public,oaccruals_at,-0.0008582303707176235
20261005-010838-8084b01,2014,public,taccruals_at,-0.0002702031180239773
20261005-010838-8084b01,2014,public,cowc_gr1a,0.0006171879258619661
20261005-010838-8084b01,2014,public,coa_gr1a,-0.0018974426076660085
20261005-010838-8084b01,2014,public,col_gr1a,0.0006721922670466132
20261005-010838-8084b01,2014,public,nncoa_gr1a,0.0008630140686913455
20261005-010838-8084b01,2014,public,ncoa_gr1a,-0.0014130405435053388
20261005-010838-8084b01,2014,public,ncol_gr1a,0.000841618762991082
20261005-010838-8084b01,2014,public,nfna_gr1a,0.00012918778178305708
20261005-010838-8084b01,2014,public,sti_gr1a,-0.0012802384372628092
20261005-010838-8084b01,2014,public,lti_gr1a,-0.0008172538723065649
20261005-010838-8084b01,2014,public,fnl_gr1a,-0.0011261041741843908
20261005-010838-8084b01,2014,public,be_gr1a,-0.0037063304937111664
20261005-010838-8084b01,2014,public,oaccruals_ni,-0.0011727605592253482
20261005-010838-8084b01,2014,public,taccruals_ni,0.002113339440084544
20261005-010838-8084b01,2014,public,netis_at,-0.0004959435551282083
20261005-010838-8084b01,2014,public,eqnetis_at,-0.0004637809253579086
20261005-010838-8084b01,2014,public,dbnetis_at,0.0008983060041455838
20261005-010838-8084b01,2014,public,niq_at,0.006563454596920492
20261005-010838-8084b01,2014,public,niq_at_chg1,0.0002033690127634621
20261005-010838-8084b01,2014,public,ebit_bev,-0.00264408690550244
20261005-010838-8084b01,2014,public,ebit_sale,0.0045613149458065124
20261005-010838-8084b01,2014,public,sale_bev,0.002001538073823431
20261005-010838-8084b01,2014,public,at_turnover,-0.0011444167559911474
20261005-010838-8084b01,2014,public,gp_at,0.005753466858145216
20261005-010838-8084b01,2014,public,gp_atl1,-0.0012123777667092392
20261005-010838-8084b01,2014,public,f_score,-0.0014064669931664164
20261005-010838-8084b01,2014,public,o_score,0.005617776666870031
20261005-010838-8084b01,2014,public,z_score,-0.0007862556577271137
20261005-010838-8084b01,2014,public,pi_nix,0.00041404074727722216
20261005-010838-8084b01,2014,public,at_be,-0.0026539696458196373
20261005-010838-8084b01,2014,public,saleq_gr1,0.0027495237622159967
20261005-010838-8084b01,2014,public,rd_me,0.007871536658893587
20261005-010838-8084b01,2014,public,rd_sale,0.0006565840977447872
20261005-010838-8084b01,2014,public,opex_at,-0.0017123897883117108
20261005-010838-8084b01,2014,public,rd5_at,0.00032919585593358845
20261005-010838-8084b01,2014,public,age,-0.0002495873144331456
20261005-010838-8084b01,2014,public,dsale_dinv,0.0011700395634314574
20261005-010838-8084b01,2014,public,dsale_drec,-0.0005769516507580636
20261005-010838-8084b01,2014,public,dgp_dsale,0.0012117651230510893
20261005-010838-8084b01,2014,public,dsale_dsga,0.001213161651344487
20261005-010838-8084b01,2014,public,sale_emp_gr1,-7.596506750438093e-05
20261005-010838-8084b01,2014,public,tangibility,0.0021169846501789737
20261005-010838-8084b01,2014,public,kz_index,-2.985989390295554e-05
20261005-010838-8084b01,2014,public,ocfq_saleq_std,0.00019266114776409835
20261005-010838-8084b01,2014,public,cash_at,0.002837168587310238
20261005-010838-8084b01,2014,public,ni_ar1,-0.0005045974951670112
20261005-010838-8084b01,2014,public,ni_ivol,0.0016415837700908872
20261005-010838-8084b01,2014,public,earnings_variability,-0.0009567057220083503
20261005-010838-8084b01,2014,public,seas_1_1an,0.0018561804884791042
20261005-010838-8084b01,2014,public,seas_1_1na,-0.008428066342927129
20261005-010838-8084b01,2014,public,seas_2_5an,0.007264950855107129
20261005-010838-8084b01,2014,public,seas_2_5na,0.0036605653245357804
20261005-010838-8084b01,2014,public,seas_6_10an,0.004107169909637268
20261005-010838-8084b01,2014,public,seas_6_10na,-0.0016265142998795575
20261005-010838-8084b01,2014,public,seas_11_15an,0.002758888562262594
20261005-010838-8084b01,2014,public,seas_11_15na,-0.00021424581736581173
20261005-010838-8084b01,2014,public,seas_16_20an,0.002444521533742944
20261005-010838-8084b01,2014,public,seas_16_20na,-9.958756354812705e-05
20261005-010838-8084b01,2014,public,market_equity,-0.001897322492974265
20261005-010838-8084b01,2014,public,ivol_ff3_21d,0.012564392726686961
20261005-010838-8084b01,2014,public,ivol_capm_252d,0.002512892007543497
20261005-010838-8084b01,2014,public,ivol_capm_21d,-0.012286687775360908
20261005-010838-8084b01,2014,public,ivol_hxz4_21d,-0.007664362058364871
20261005-010838-8084b01,2014,public,rvol_21d,-0.0008912133414623606
20261005-010838-8084b01,2014,public,beta_60m,0.002026938269854175
20261005-010838-8084b01,2014,public,beta_dimson_21d,0.0005180809851470315
20261005-010838-8084b01,2014,public,turnover_126d,-0.008642939249753194
20261005-010838-8084b01,2014,public,turnover_var_126d,0.011156763592724144
20261005-010838-8084b01,2014,public,dolvol_126d,0.0022286137524767952
20261005-010838-8084b01,2014,public,dolvol_var_126d,-0.010769247554037253
20261005-010838-8084b01,2014,public,prc,-0.0023403626521164974
20261005-010838-8084b01,2014,public,ami_126d,0.0003081882966543635
20261005-010838-8084b01,2014,public,zero_trades_21d,-0.02384138645422388
20261005-010838-8084b01,2014,public,zero_trades_126d,0.010391299188369589
20261005-010838-8084b01,2014,public,zero_trades_252d,0.005401974654206629
20261005-010838-8084b01,2014,public,rmax1_21d,-3.849855579463655e-05
20261005-010838-8084b01,2014,public,coskew_21d,0.00010390355244633206
20261005-010838-8084b01,2014,public,ret_1_0,-0.010051145806996896
20261005-010838-8084b01,2014,public,betadown_252d,0.0007519510910448972
20261005-010838-8084b01,2014,public,bidaskhl_21d,0.0014449278293106303
20261005-010838-8084b01,2014,public,ret_3_1,-0.003176973445524577
20261005-010838-8084b01,2014,public,ret_9_1,0.004672010048215293
20261005-010838-8084b01,2014,public,ret_12_7,0.0031745502255795047
20261005-010838-8084b01,2014,public,ni_be,0.005326812834932212
20261005-010838-8084b01,2014,full,niq_su,0.00026368490627883223
20261005-010838-8084b01,2014,full,ret_6_1,0.0012846181383215835
20261005-010838-8084b01,2014,full,ret_12_1,0.005665068160483086
20261005-010838-8084b01,2014,full,saleq_su,0.0009454961575877503
20261005-010838-8084b01,2014,full,tax_gr1a,-0.0007481529037966335
20261005-010838-8084b01,2014,full,ni_inc8q,-3.724052991658577e-05
20261005-010838-8084b01,2014,full,prc_highprc_252d,0.009339163069881907
20261005-010838-8084b01,2014,full,resff3_6_1,-0.0014713351668385667
20261005-010838-8084b01,2014,full,resff3_12_1,0.0044823139771303
20261005-010838-8084b01,2014,full,be_me,0.007019844045425852
20261005-010838-8084b01,2014,full,debt_me,-0.0023254451470954406
20261005-010838-8084b01,2014,full,at_me,0.006675191918830728
20261005-010838-8084b01,2014,full,ret_60_12,-0.0042829096300362485
20261005-010838-8084b01,2014,full,ni_me,-0.001814692206512438
20261005-010838-8084b01,2014,full,fcf_me,0.0008916376171744222
20261005-010838-8084b01,2014,full,div12m_me,0.0006973914408238528
20261005-010838-8084b01,2014,full,eqpo_me,-0.002222359656585473
20261005-010838-8084b01,2014,full,eqnpo_me,0.0007094050337661976
20261005-010838-8084b01,2014,full,sale_gr3,0.0017125394636892223
20261005-010838-8084b01,2014,full,sale_gr1,-0.0017096328351871
20261005-010838-8084b01,2014,full,ebitda_mev,-0.0021646337406825643
20261005-010838-8084b01,2014,full,sale_me,0.00362251197372622
20261005-010838-8084b01,2014,full,ocf_me,0.00258716713496149
20261005-010838-8084b01,2014,full,ival_me,0.0003152564693608576
20261005-010838-8084b01,2014,full,bev_mev,0.004040802124469316
20261005-010838-8084b01,2014,full,netdebt_me,-0.0042534589616247676
20261005-010838-8084b01,2014,full,eq_dur,-0.0013206207629417053
20261005-010838-8084b01,2014,full,capex_abn,0.00043072245328084377
20261005-010838-8084b01,2014,full,at_gr1,0.0009437060473550434
20261005-010838-8084b01,2014,full,ppeinv_gr1a,-0.0007864776906712586
20261005-010838-8084b01,2014,full,noa_at,-0.00383043618731924
20261005-010838-8084b01,2014,full,noa_gr1a,0.0012977798914948714
20261005-010838-8084b01,2014,full,lnoa_gr1a,-0.0005456522771079206
20261005-010838-8084b01,2014,full,capx_gr1,-0.001699722535879069
20261005-010838-8084b01,2014,full,capx_gr2,-0.0012771331329633894
20261005-010838-8084b01,2014,full,capx_gr3,0.0007520944216267629
20261005-010838-8084b01,2014,full,chcsho_12m,-0.00207344852673146
20261005-010838-8084b01,2014,full,eqnpo_12m,-0.0014132694241537956
20261005-010838-8084b01,2014,full,debt_gr3,-0.0013110014834437486
20261005-010838-8084b01,2014,full,inv_gr1,0.0001314345489918841
20261005-010838-8084b01,2014,full,inv_gr1a,-0.0010534590334867532
20261005-010838-8084b01,2014,full,oaccruals_at,-0.00036896517806848304
20261005-010838-8084b01,2014,full,taccruals_at,-0.0007632140212630125
20261005-010838-8084b01,2014,full,cowc_gr1a,0.00013004096397416156
20261005-010838-8084b01,2014,full,coa_gr1a,-0.0019079942559220157
20261005-010838-8084b01,2014,full,col_gr1a,0.0008967046170651388
20261005-010838-8084b01,2014,full,nncoa_gr1a,0.0005204614652676196
20261005-010838-8084b01,2014,full,ncoa_gr1a,-0.001147505721975322
20261005-010838-8084b01,2014,full,ncol_gr1a,0.0008548786772266656
20261005-010838-8084b01,2014,full,nfna_gr1a,0.0005524168929913728
20261005-010838-8084b01,2014,full,sti_gr1a,-0.0011902950205447804
20261005-010838-8084b01,2014,full,lti_gr1a,-0.0007444664114856376
20261005-010838-8084b01,2014,full,fnl_gr1a,-0.0005941331274659423
20261005-010838-8084b01,2014,full,be_gr1a,-0.004572348878314683
20261005-010838-8084b01,2014,full,oaccruals_ni,-0.0007625867084796755
20261005-010838-8084b01,2014,full,taccruals_ni,0.0018967673627837344
20261005-010838-8084b01,2014,full,netis_at,-0.0002766691638243916
20261005-010838-8084b01,2014,full,eqnetis_at,-0.0008700245051821094
20261005-010838-8084b01,2014,full,dbnetis_at,0.0007840022366394476
20261005-010838-8084b01,2014,full,niq_be,0.0037407630720704215
20261005-010838-8084b01,2014,full,niq_be_chg1,-0.00011496135460944277
20261005-010838-8084b01,2014,full,niq_at,0.0031631633582343884
20261005-010838-8084b01,2014,full,niq_at_chg1,0.0005371289913849711
20261005-010838-8084b01,2014,full,ebit_bev,-0.004577561337431208
20261005-010838-8084b01,2014,full,ebit_sale,0.0022305507897983218
20261005-010838-8084b01,2014,full,sale_bev,0.0025749260693127447
20261005-010838-8084b01,2014,full,at_turnover,-0.0025894640278471786
20261005-010838-8084b01,2014,full,gp_at,0.0035270792626863104
20261005-010838-8084b01,2014,full,gp_atl1,-0.0028257966036838245
20261005-010838-8084b01,2014,full,ope_be,-0.0005348108094250608
20261005-010838-8084b01,2014,full,ope_bel1,0.0007569494875265842
20261005-010838-8084b01,2014,full,op_at,0.006177587366018669
20261005-010838-8084b01,2014,full,op_atl1,0.004813660797022257
20261005-010838-8084b01,2014,full,cop_at,0.0034362624065179116
20261005-010838-8084b01,2014,full,cop_atl1,-0.002091714874238092
20261005-010838-8084b01,2014,full,f_score,-0.0010412797859314109
20261005-010838-8084b01,2014,full,o_score,0.005377999385352118
20261005-010838-8084b01,2014,full,z_score,-0.0015531127930966725
20261005-010838-8084b01,2014,full,pi_nix,0.0002914344494367148
20261005-010838-8084b01,2014,full,at_be,-0.003064998588300393
20261005-010838-8084b01,2014,full,saleq_gr1,0.0030270312330702128
20261005-010838-8084b01,2014,full,rd_me,0.006530657786630706
20261005-010838-8084b01,2014,full,rd_sale,-0.0002670565771158416
20261005-010838-8084b01,2014,full,opex_at,9.032185690886693e-05
20261005-010838-8084b01,2014,full,emp_gr1,0.0012456330766265522
20261005-010838-8084b01,2014,full,rd5_at,-0.000422154483404801
20261005-010838-8084b01,2014,full,age,1.840628206442361e-05
20261005-010838-8084b01,2014,full,dsale_dinv,0.0010369156346511815
20261005-010838-8084b01,2014,full,dsale_drec,-0.0005899542540627093
20261005-010838-8084b01,2014,full,dgp_dsale,0.0008579082680290146
20261005-010838-8084b01,2014,full,dsale_dsga,0.0010437993721541176
20261005-010838-8084b01,2014,full,sale_emp_gr1,0.0005428303058819922
20261005-010838-8084b01,2014,full,tangibility,0.0014360697979574498
20261005-010838-8084b01,2014,full,kz_index,-0.0005630521129221617
20261005-010838-8084b01,2014,full,ocfq_saleq_std,-3.814125378573362e-05
20261005-010838-8084b01,2014,full,cash_at,0.002540122637853878
20261005-010838-8084b01,2014,full,ni_ar1,-0.00039503453134853326
20261005-010838-8084b01,2014,full,ni_ivol,0.0005420505480718498
20261005-010838-8084b01,2014,full,earnings_variability,-0.0008669492544237988
20261005-010838-8084b01,2014,full,aliq_at,0.001860320838938336
20261005-010838-8084b01,2014,full,aliq_mat,-0.004439292891550067
20261005-010838-8084b01,2014,full,seas_1_1an,0.0019772371329118384
20261005-010838-8084b01,2014,full,seas_1_1na,-0.008294976323900726
20261005-010838-8084b01,2014,full,seas_2_5an,0.007023539007705367
20261005-010838-8084b01,2014,full,seas_2_5na,0.0028793339649815955
20261005-010838-8084b01,2014,full,seas_6_10an,0.004132488368219675
20261005-010838-8084b01,2014,full,seas_6_10na,-0.0016280977982035306
20261005-010838-8084b01,2014,full,seas_11_15an,0.0027165707354035004
20261005-010838-8084b01,2014,full,seas_11_15na,-0.0003396027167656507
20261005-010838-8084b01,2014,full,seas_16_20an,0.002449517690875692
20261005-010838-8084b01,2014,full,seas_16_20na,-0.00016136662705906518
20261005-010838-8084b01,2014,full,market_equity,-0.0021344350468478607
20261005-010838-8084b01,2014,full,ivol_ff3_21d,0.012091712038055029
20261005-010838-8084b01,2014,full,ivol_capm_252d,-0.0016703804517800144
20261005-010838-8084b01,2014,full,ivol_capm_21d,-0.01120416225148785
20261005-010838-8084b01,2014,full,ivol_hxz4_21d,-0.008460241457526925
20261005-010838-8084b01,2014,full,rvol_21d,0.0035472283881417183
20261005-010838-8084b01,2014,full,beta_60m,0.001270981960750179
20261005-010838-8084b01,2014,full,betabab_1260d,0.00246798083164808
20261005-010838-8084b01,2014,full,beta_dimson_21d,0.0005922031995997069
20261005-010838-8084b01,2014,full,turnover_126d,-0.00885781486063567
20261005-010838-8084b01,2014,full,turnover_var_126d,0.011052015916503614
20261005-010838-8084b01,2014,full,dolvol_126d,0.0021982292009702594
20261005-010838-8084b01,2014,full,dolvol_var_126d,-0.010903677327710635
20261005-010838-8084b01,2014,full,prc,-0.002161933615797781
20261005-010838-8084b01,2014,full,ami_126d,0.0012153495491749847
20261005-010838-8084b01,2014,full,zero_trades_21d,-0.02436358822679328
20261005-010838-8084b01,2014,full,zero_trades_126d,0.010168648772322512
20261005-010838-8084b01,2014,full,zero_trades_252d,0.006264736251769044
20261005-010838-8084b01,2014,full,rmax1_21d,-0.00208824686006898
20261005-010838-8084b01,2014,full,rskew_21d,-0.00047778259620554777
20261005-010838-8084b01,2014,full,iskew_capm_21d,0.0009571295012572546
20261005-010838-8084b01,2014,full,iskew_ff3_21d,0.0014177742780799292
20261005-010838-8084b01,2014,full,iskew_hxz4_21d,0.0010392930680582005
20261005-010838-8084b01,2014,full,coskew_21d,0.0005435038835546894
20261005-010838-8084b01,2014,full,ret_1_0,-0.00915533144824234
20261005-010838-8084b01,2014,full,betadown_252d,0.00012845559160162232
20261005-010838-8084b01,2014,full,bidaskhl_21d,0.0012767850627569649
20261005-010838-8084b01,2014,full,ret_3_1,-0.003407343460624382
20261005-010838-8084b01,2014,full,ret_9_1,0.004508366908659394
20261005-010838-8084b01,2014,full,ret_12_7,0.0034816186611510294
20261005-010838-8084b01,2014,full,corr_1260d,-0.0011741188555787897
20261005-010838-8084b01,2014,full,rmax5_21d,0.0020503204020765834
20261005-010838-8084b01,2014,full,rmax5_rvol_21d,-0.005347173843485861
20261005-010838-8084b01,2014,full,ni_be,0.0017036820560372085
20261005-010838-8084b01,2014,full,ocf_at,-0.0036651782092099023
20261005-010838-8084b01,2014,full,ocf_at_chg1,-0.00021694681809009505
20261005-010838-8084b01,2014,full,mispricing_perf,-0.0001736741767028392
20261005-010838-8084b01,2014,full,mispricing_mgmt,-0.001546494482788233
20261005-010838-8084b01,2014,full,qmj,-0.005159365529600902
20261005-010838-8084b01,2014,full,qmj_prof,0.0040434523460561676
20261005-010838-8084b01,2014,full,qmj_growth,0.0038159702234482518
20261005-010838-8084b01,2014,full,qmj_safety,0.0007218383591820219
20261005-010838-8084b01,2016,public,niq_su,0.00018196084506420633
20261005-010838-8084b01,2016,public,ret_6_1,0.0015684849480742872
20261005-010838-8084b01,2016,public,ret_12_1,0.005973795292188679
20261005-010838-8084b01,2016,public,saleq_su,0.0009344808467380901
20261005-010838-8084b01,2016,public,tax_gr1a,-0.00037523319376010875
20261005-010838-8084b01,2016,public,ni_inc8q,-0.00036972838286094764
20261005-010838-8084b01,2016,public,prc_highprc_252d,0.008738069433263268
20261005-010838-8084b01,2016,public,resff3_6_1,-0.001659929848733231
20261005-010838-8084b01,2016,public,resff3_12_1,0.004130499151742707
20261005-010838-8084b01,2016,public,be_me,0.007081137978756089
20261005-010838-8084b01,2016,public,debt_me,-0.0021876804048105757
20261005-010838-8084b01,2016,public,at_me,0.002665781481640093
20261005-010838-8084b01,2016,public,ret_60_12,-0.004298277263982505
20261005-010838-8084b01,2016,public,ni_me,-0.0021006889193276976
20261005-010838-8084b01,2016,public,fcf_me,0.00018198517728997132
20261005-010838-8084b01,2016,public,div12m_me,0.0004532535006388388
20261005-010838-8084b01,2016,public,eqpo_me,-0.0023320471702891906
20261005-010838-8084b01,2016,public,eqnpo_me,0.0008785290929840246
20261005-010838-8084b01,2016,public,sale_gr3,0.0018445205485705606
20261005-010838-8084b01,2016,public,sale_gr1,-0.0017722908667595003
20261005-010838-8084b01,2016,public,ebitda_mev,0.0009023769957689163
20261005-010838-8084b01,2016,public,sale_me,0.004584129878459126
20261005-010838-8084b01,2016,public,ocf_me,0.001591054498998345
20261005-010838-8084b01,2016,public,ival_me,-7.546368590983868e-05
20261005-010838-8084b01,2016,public,bev_mev,0.003755352935169154
20261005-010838-8084b01,2016,public,netdebt_me,-0.002169345597085582
20261005-010838-8084b01,2016,public,eq_dur,-0.0008328678038092368
20261005-010838-8084b01,2016,public,capex_abn,0.00013702846595668646
20261005-010838-8084b01,2016,public,at_gr1,0.0018868703136741406
20261005-010838-8084b01,2016,public,ppeinv_gr1a,-0.00017584793140988997
20261005-010838-8084b01,2016,public,noa_at,-0.0029135410651609348
20261005-010838-8084b01,2016,public,noa_gr1a,0.0012821341906711168
20261005-010838-8084b01,2016,public,lnoa_gr1a,-0.0004716182379915738
20261005-010838-8084b01,2016,public,capx_gr1,-0.0016389954256423778
20261005-010838-8084b01,2016,public,capx_gr2,-0.0010234565798439247
20261005-010838-8084b01,2016,public,capx_gr3,0.0007672149935171266
20261005-010838-8084b01,2016,public,chcsho_12m,-0.001589120451031581
20261005-010838-8084b01,2016,public,eqnpo_12m,-0.001500798190820676
20261005-010838-8084b01,2016,public,debt_gr3,-0.001457113212915969
20261005-010838-8084b01,2016,public,inv_gr1,0.0002757762444069467
20261005-010838-8084b01,2016,public,inv_gr1a,-0.0009832613281517766
20261005-010838-8084b01,2016,public,oaccruals_at,-0.00039569488121241633
20261005-010838-8084b01,2016,public,taccruals_at,-0.0007509309236714486
20261005-010838-8084b01,2016,public,cowc_gr1a,0.00011712090933949668
20261005-010838-8084b01,2016,public,coa_gr1a,-0.0015842908063238522
20261005-010838-8084b01,2016,public,col_gr1a,0.0006288338070569882
20261005-010838-8084b01,2016,public,nncoa_gr1a,0.0004784565827517807
20261005-010838-8084b01,2016,public,ncoa_gr1a,-0.0012731057081811735
20261005-010838-8084b01,2016,public,ncol_gr1a,0.0007377591596273782
20261005-010838-8084b01,2016,public,nfna_gr1a,0.0003599119326742758
20261005-010838-8084b01,2016,public,sti_gr1a,-0.0011871399017518514
20261005-010838-8084b01,2016,public,lti_gr1a,-0.0007268867290505371
20261005-010838-8084b01,2016,public,fnl_gr1a,-0.0007801470626223314
20261005-010838-8084b01,2016,public,be_gr1a,-0.003922434691349811
20261005-010838-8084b01,2016,public,oaccruals_ni,-0.0012266580687357424
20261005-010838-8084b01,2016,public,taccruals_ni,0.002052145803880245
20261005-010838-8084b01,2016,public,netis_at,-0.0004589725626336161
20261005-010838-8084b01,2016,public,eqnetis_at,-0.0004667852524478066
20261005-010838-8084b01,2016,public,dbnetis_at,0.0009160098090131305
20261005-010838-8084b01,2016,public,niq_be,0.0022350202684207447
20261005-010838-8084b01,2016,public,niq_be_chg1,0.00023295782076989015
20261005-010838-8084b01,2016,public,niq_at,0.004863367090102268
20261005-010838-8084b01,2016,public,niq_at_chg1,0.00016027886201347308
20261005-010838-8084b01,2016,public,ebit_bev,-0.003120974518145631
20261005-010838-8084b01,2016,public,ebit_sale,0.0036978895346891504
20261005-010838-8084b01,2016,public,sale_bev,0.002488076764791303
20261005-010838-8084b01,2016,public,at_turnover,-0.0005555345921906903
20261005-010838-8084b01,2016,public,gp_at,0.006360941497372767
20261005-010838-8084b01,2016,public,gp_atl1,-0.002451577281358306
20261005-010838-8084b01,2016,public,ope_be,0.0012656692671692725
20261005-010838-8084b01,2016,public,ope_bel1,0.002327566360081312
20261005-010838-8084b01,2016,public,f_score,-0.001168021267911478
20261005-010838-8084b01,2016,public,o_score,0.005306388970807889
20261005-010838-8084b01,2016,public,z_score,-0.001625640709473109
20261005-010838-8084b01,2016,public,pi_nix,0.00013167027913006977
20261005-010838-8084b01,2016,public,at_be,-0.0038693649750564905
20261005-010838-8084b01,2016,public,saleq_gr1,0.00292672792918235
20261005-010838-8084b01,2016,public,rd_me,0.008187829850840591
20261005-010838-8084b01,2016,public,rd_sale,0.00019118278990638076
20261005-010838-8084b01,2016,public,opex_at,-0.0026126455331499667
20261005-010838-8084b01,2016,public,emp_gr1,0.0012518210965007802
20261005-010838-8084b01,2016,public,rd5_at,-0.00041656056256112026
20261005-010838-8084b01,2016,public,age,4.9261376965557654e-05
20261005-010838-8084b01,2016,public,dsale_dinv,0.0009650061312315741
20261005-010838-8084b01,2016,public,dsale_drec,-0.0007664112539878531
20261005-010838-8084b01,2016,public,dgp_dsale,0.0012700385641302892
20261005-010838-8084b01,2016,public,dsale_dsga,0.0010589419726807182
20261005-010838-8084b01,2016,public,sale_emp_gr1,0.0004949994214942732
20261005-010838-8084b01,2016,public,tangibility,0.002024648441698325
20261005-010838-8084b01,2016,public,kz_index,0.00017480325124915967
20261005-010838-8084b01,2016,public,ocfq_saleq_std,-3.08598125091463e-05
20261005-010838-8084b01,2016,public,cash_at,0.0031568065275077027
20261005-010838-8084b01,2016,public,ni_ar1,-0.0003366597097503346
20261005-010838-8084b01,2016,public,ni_ivol,0.0017245571610041395
20261005-010838-8084b01,2016,public,earnings_variability,-0.0007924063011590073
20261005-010838-8084b01,2016,public,aliq_at,0.0006974628320834603
20261005-010838-8084b01,2016,public,aliq_mat,-0.004005316864002829
20261005-010838-8084b01,2016,public,seas_1_1an,0.0016602332287603844
20261005-010838-8084b01,2016,public,seas_1_1na,-0.007779983515378291
20261005-010838-8084b01,2016,public,seas_2_5an,0.006835924280212679
20261005-010838-8084b01,2016,public,seas_2_5na,0.003184564030258714
20261005-010838-8084b01,2016,public,seas_6_10an,0.003944610449921346
20261005-010838-8084b01,2016,public,seas_6_10na,-0.001897287182462007
20261005-010838-8084b01,2016,public,seas_11_15an,0.0026239033200918366
20261005-010838-8084b01,2016,public,seas_11_15na,-0.0007651559192313151
20261005-010838-8084b01,2016,public,seas_16_20an,0.0023817557337457596
20261005-010838-8084b01,2016,public,seas_16_20na,-0.0002539171901041336
20261005-010838-8084b01,2016,public,market_equity,-0.0020404176992658853
20261005-010838-8084b01,2016,public,ivol_ff3_21d,0.012429496007535363
20261005-010838-8084b01,2016,public,ivol_capm_252d,0.0025207044741195487
20261005-010838-8084b01,2016,public,ivol_capm_21d,-0.011621288081683823
20261005-010838-8084b01,2016,public,ivol_hxz4_21d,-0.00752168706389388
20261005-010838-8084b01,2016,public,rvol_21d,-0.0020367014028257716
20261005-010838-8084b01,2016,public,beta_60m,0.0012491458443930007
20261005-010838-8084b01,2016,public,betabab_1260d,0.002064012040759956
20261005-010838-8084b01,2016,public,beta_dimson_21d,0.000547072672633033
20261005-010838-8084b01,2016,public,turnover_126d,-0.00860910019004684
20261005-010838-8084b01,2016,public,turnover_var_126d,0.010582192852589975
20261005-010838-8084b01,2016,public,dolvol_126d,0.002260980093570193
20261005-010838-8084b01,2016,public,dolvol_var_126d,-0.010133436338403804
20261005-010838-8084b01,2016,public,prc,-0.0023748078157223656
20261005-010838-8084b01,2016,public,ami_126d,0.0006313367834807801
20261005-010838-8084b01,2016,public,zero_trades_21d,-0.023189369619165873
20261005-010838-8084b01,2016,public,zero_trades_126d,0.009836625126724076
20261005-010838-8084b01,2016,public,zero_trades_252d,0.005950459049388741
20261005-010838-8084b01,2016,public,rmax1_21d,0.00037500762166459205
20261005-010838-8084b01,2016,public,coskew_21d,1.8014801605900186e-05
20261005-010838-8084b01,2016,public,ret_1_0,-0.009486112402123523
20261005-010838-8084b01,2016,public,betadown_252d,0.0005193694995565719
20261005-010838-8084b01,2016,public,bidaskhl_21d,0.001257451876503006
20261005-010838-8084b01,2016,public,ret_3_1,-0.002909167964808133
20261005-010838-8084b01,2016,public,ret_9_1,0.00441987941162061
20261005-010838-8084b01,2016,public,ret_12_7,0.0030656785220742454
20261005-010838-8084b01,2016,public,ni_be,0.0030144679015495688
20261005-010838-8084b01,2016,full,niq_su,0.00024745978762824545
20261005-010838-8084b01,2016,full,ret_6_1,0.0012849857065823757
20261005-010838-8084b01,2016,full,ret_12_1,0.005760398851227607
20261005-010838-8084b01,2016,full,saleq_su,0.0009158154040120377
20261005-010838-8084b01,2016,full,tax_gr1a,-0.000621107908891698
20261005-010838-8084b01,2016,full,ni_inc8q,-2.9660905799280604e-05
20261005-010838-8084b01,2016,full,prc_highprc_252d,0.009383354084532055
20261005-010838-8084b01,2016,full,resff3_6_1,-0.0015959444198137165
20261005-010838-8084b01,2016,full,resff3_12_1,0.004178100481668899
20261005-010838-8084b01,2016,full,be_me,0.006415436129982301
20261005-010838-8084b01,2016,full,debt_me,-0.002419108538531728
20261005-010838-8084b01,2016,full,at_me,0.0059630806119326165
20261005-010838-8084b01,2016,full,ret_60_12,-0.003583860495168327
20261005-010838-8084b01,2016,full,ni_me,-0.0016222397603058215
20261005-010838-8084b01,2016,full,fcf_me,0.0004347037656909663
20261005-010838-8084b01,2016,full,div12m_me,0.0007936625645489252
20261005-010838-8084b01,2016,full,eqpo_me,-0.0022546675816768258
20261005-010838-8084b01,2016,full,eqnpo_me,0.0007944767128022494
20261005-010838-8084b01,2016,full,sale_gr3,0.0015855651448913853
20261005-010838-8084b01,2016,full,sale_gr1,-0.0018677880232561316
20261005-010838-8084b01,2016,full,ebitda_mev,-0.0015326857653736995
20261005-010838-8084b01,2016,full,sale_me,0.004061869234247391
20261005-010838-8084b01,2016,full,ocf_me,0.0020516700852895304
20261005-010838-8084b01,2016,full,ival_me,-2.979555116724212e-05
20261005-010838-8084b01,2016,full,bev_mev,0.004014713437631838
20261005-010838-8084b01,2016,full,netdebt_me,-0.004021900467951624
20261005-010838-8084b01,2016,full,eq_dur,-0.0013410658713706276
20261005-010838-8084b01,2016,full,capex_abn,5.921548221060971e-05
20261005-010838-8084b01,2016,full,at_gr1,0.0009238362539753525
20261005-010838-8084b01,2016,full,ppeinv_gr1a,-0.0006861942100690444
20261005-010838-8084b01,2016,full,noa_at,-0.0037347458099212085
20261005-010838-8084b01,2016,full,noa_gr1a,0.001424154701010423
20261005-010838-8084b01,2016,full,lnoa_gr1a,-0.00046969972294527685
20261005-010838-8084b01,2016,full,capx_gr1,-0.0016258823058658192
20261005-010838-8084b01,2016,full,capx_gr2,-0.0009204381550038123
20261005-010838-8084b01,2016,full,capx_gr3,0.0007914117606291836
20261005-010838-8084b01,2016,full,chcsho_12m,-0.002160459970621605
20261005-010838-8084b01,2016,full,eqnpo_12m,-0.0013485913819658352
20261005-010838-8084b01,2016,full,debt_gr3,-0.001338218502735911
20261005-010838-8084b01,2016,full,inv_gr1,0.0001686256960011332
20261005-010838-8084b01,2016,full,inv_gr1a,-0.0009871725113372387
20261005-010838-8084b01,2016,full,oaccruals_at,-5.2870299920712276e-05
20261005-010838-8084b01,2016,full,taccruals_at,-0.001095727161972689
20261005-010838-8084b01,2016,full,cowc_gr1a,-0.00019092625570866432
20261005-010838-8084b01,2016,full,coa_gr1a,-0.0015334275248142372
20261005-010838-8084b01,2016,full,col_gr1a,0.0007934397118006446
20261005-010838-8084b01,2016,full,nncoa_gr1a,0.00028586741110874224
20261005-010838-8084b01,2016,full,ncoa_gr1a,-0.0010533729222749152
20261005-010838-8084b01,2016,full,ncol_gr1a,0.0007502274484744395
20261005-010838-8084b01,2016,full,nfna_gr1a,0.0006037459803735463
20261005-010838-8084b01,2016,full,sti_gr1a,-0.0011230245988798563
20261005-010838-8084b01,2016,full,lti_gr1a,-0.0006405629814331407
20261005-010838-8084b01,2016,full,fnl_gr1a,-0.0005826470036096366
20261005-010838-8084b01,2016,full,be_gr1a,-0.004113492707357936
20261005-010838-8084b01,2016,full,oaccruals_ni,-0.0009084152791198379
20261005-010838-8084b01,2016,full,taccruals_ni,0.002061465968359356
20261005-010838-8084b01,2016,full,netis_at,-0.0003063568042016711
20261005-010838-8084b01,2016,full,eqnetis_at,-0.0006125501793948401
20261005-010838-8084b01,2016,full,dbnetis_at,0.000851554225968337
20261005-010838-8084b01,2016,full,niq_be,0.0033848786813091957
20261005-010838-8084b01,2016,full,niq_be_chg1,3.2639035803340073e-05
20261005-010838-8084b01,2016,full,niq_at,0.003342003272305825
20261005-010838-8084b01,2016,full,niq_at_chg1,0.00042767607380594393
20261005-010838-8084b01,2016,full,ebit_bev,-0.004503543138781115
20261005-010838-8084b01,2016,full,ebit_sale,0.002027046941621036
20261005-010838-8084b01,2016,full,sale_bev,0.0025794229674358897
20261005-010838-8084b01,2016,full,at_turnover,-0.0026562631926514537
20261005-010838-8084b01,2016,full,gp_at,0.0037685265695719373
20261005-010838-8084b01,2016,full,gp_atl1,-0.0030652592818515624
20261005-010838-8084b01,2016,full,ope_be,-0.0003961761414586674
20261005-010838-8084b01,2016,full,ope_bel1,0.0008059696615847118
20261005-010838-8084b01,2016,full,op_at,0.005343398700532793
20261005-010838-8084b01,2016,full,op_atl1,0.004457535285131645
20261005-010838-8084b01,2016,full,cop_at,0.0036054140207995708
20261005-010838-8084b01,2016,full,cop_atl1,-0.001771252347383773
20261005-010838-8084b01,2016,full,f_score,-0.0009104468377117578
20261005-010838-8084b01,2016,full,o_score,0.005460720562539797
20261005-010838-8084b01,2016,full,z_score,-0.0010965111146053854
20261005-010838-8084b01,2016,full,pi_nix,0.000181323963599773
20261005-010838-8084b01,2016,full,at_be,-0.003224965314975735
20261005-010838-8084b01,2016,full,saleq_gr1,0.0030409634222019768
20261005-010838-8084b01,2016,full,rd_me,0.00675322656621322
20261005-010838-8084b01,2016,full,rd_sale,-0.0004391834495224734
20261005-010838-8084b01,2016,full,opex_at,-0.00041002867419203466
20261005-010838-8084b01,2016,full,emp_gr1,0.0013223392553760027
20261005-010838-8084b01,2016,full,rd5_at,-0.0008460401357497561
20261005-010838-8084b01,2016,full,age,0.00013660249254415484
20261005-010838-8084b01,2016,full,dsale_dinv,0.0009426738530158388
20261005-010838-8084b01,2016,full,dsale_drec,-0.0007264062662250666
20261005-010838-8084b01,2016,full,dgp_dsale,0.001018375792957265
20261005-010838-8084b01,2016,full,dsale_dsga,0.0009795545989503777
20261005-010838-8084b01,2016,full,sale_emp_gr1,0.0005859683112223416
20261005-010838-8084b01,2016,full,tangibility,0.001260796679445148
20261005-010838-8084b01,2016,full,kz_index,-0.00012027257676128764
20261005-010838-8084b01,2016,full,ocfq_saleq_std,-0.00039446857271074756
20261005-010838-8084b01,2016,full,cash_at,0.002682470920275367
20261005-010838-8084b01,2016,full,ni_ar1,-0.0002714682968598401
20261005-010838-8084b01,2016,full,ni_ivol,0.0006002946080984784
20261005-010838-8084b01,2016,full,earnings_variability,-0.0006640129214985867
20261005-010838-8084b01,2016,full,aliq_at,0.0015424576895489944
20261005-010838-8084b01,2016,full,aliq_mat,-0.0040817097092744285
20261005-010838-8084b01,2016,full,seas_1_1an,0.0016494881794724041
20261005-010838-8084b01,2016,full,seas_1_1na,-0.007928653700231575
20261005-010838-8084b01,2016,full,seas_2_5an,0.006642539035400623
20261005-010838-8084b01,2016,full,seas_2_5na,0.002525242497874746
20261005-010838-8084b01,2016,full,seas_6_10an,0.004038222597627675
20261005-010838-8084b01,2016,full,seas_6_10na,-0.0016881351886108148
20261005-010838-8084b01,2016,full,seas_11_15an,0.002644501595501109
20261005-010838-8084b01,2016,full,seas_11_15na,-0.0007335914347151205
20261005-010838-8084b01,2016,full,seas_16_20an,0.002425882199696879
20261005-010838-8084b01,2016,full,seas_16_20na,-0.0002043979170112048
20261005-010838-8084b01,2016,full,market_equity,-0.002069488306265319
20261005-010838-8084b01,2016,full,ivol_ff3_21d,0.011964690078623833
20261005-010838-8084b01,2016,full,ivol_capm_252d,-0.0011358296401822279
20261005-010838-8084b01,2016,full,ivol_capm_21d,-0.011342390729596388
20261005-010838-8084b01,2016,full,ivol_hxz4_21d,-0.008358629436475922
20261005-010838-8084b01,2016,full,rvol_21d,0.0028160930830147513
20261005-010838-8084b01,2016,full,beta_60m,0.0012520741296409787
20261005-010838-8084b01,2016,full,betabab_1260d,0.0021672714652197188
20261005-010838-8084b01,2016,full,beta_dimson_21d,0.0006602143898144343
20261005-010838-8084b01,2016,full,turnover_126d,-0.008805794435484357
20261005-010838-8084b01,2016,full,turnover_var_126d,0.010332315544681194
20261005-010838-8084b01,2016,full,dolvol_126d,0.002413690680145364
20261005-010838-8084b01,2016,full,dolvol_var_126d,-0.010237081357520515
20261005-010838-8084b01,2016,full,prc,-0.002171998783014481
20261005-010838-8084b01,2016,full,ami_126d,0.0007607175837631404
20261005-010838-8084b01,2016,full,zero_trades_21d,-0.0236212938012522
20261005-010838-8084b01,2016,full,zero_trades_126d,0.010163197231376486
20261005-010838-8084b01,2016,full,zero_trades_252d,0.006236876617959985
20261005-010838-8084b01,2016,full,rmax1_21d,-0.002106239059278421
20261005-010838-8084b01,2016,full,rskew_21d,-0.0005777821067517469
20261005-010838-8084b01,2016,full,iskew_capm_21d,0.0009415924044849078
20261005-010838-8084b01,2016,full,iskew_ff3_21d,0.0014754659767609365
20261005-010838-8084b01,2016,full,iskew_hxz4_21d,0.0011767131185221114
20261005-010838-8084b01,2016,full,coskew_21d,0.0005257180720046071
20261005-010838-8084b01,2016,full,ret_1_0,-0.008874011998364476
20261005-010838-8084b01,2016,full,betadown_252d,0.0002654356777164785
20261005-010838-8084b01,2016,full,bidaskhl_21d,0.0013013832142578464
20261005-010838-8084b01,2016,full,ret_3_1,-0.003099676460289422
20261005-010838-8084b01,2016,full,ret_9_1,0.004189624668846591
20261005-010838-8084b01,2016,full,ret_12_7,0.003075755953847773
20261005-010838-8084b01,2016,full,corr_1260d,-0.0013118630483145931
20261005-010838-8084b01,2016,full,rmax5_21d,0.0030412380570947295
20261005-010838-8084b01,2016,full,rmax5_rvol_21d,-0.005365576710934501
20261005-010838-8084b01,2016,full,ni_be,0.0018350214917377712
20261005-010838-8084b01,2016,full,ocf_at,-0.0027315560347719765
20261005-010838-8084b01,2016,full,ocf_at_chg1,-0.00028549092598395825
20261005-010838-8084b01,2016,full,mispricing_perf,0.00011074395130058742
20261005-010838-8084b01,2016,full,mispricing_mgmt,-0.0016228594471484603
20261005-010838-8084b01,2016,full,qmj,-0.005281139305465069
20261005-010838-8084b01,2016,full,qmj_prof,0.0037053337930774977
20261005-010838-8084b01,2016,full,qmj_growth,0.0037618627998599226
20261005-010838-8084b01,2016,full,qmj_safety,0.00047935757019365106
20261005-010838-8084b01,2018,public,niq_su,0.0004250817814390468
20261005-010838-8084b01,2018,public,ret_6_1,0.0014885960079062594
20261005-010838-8084b01,2018,public,ret_12_1,0.0036610317792369175
20261005-010838-8084b01,2018,public,saleq_su,0.0008999129486592651
20261005-010838-8084b01,2018,public,tax_gr1a,-0.0004370410429047907
20261005-010838-8084b01,2018,public,ni_inc8q,-6.549750094506395e-05
20261005-010838-8084b01,2018,public,prc_highprc_252d,0.007873950926169828
20261005-010838-8084b01,2018,public,resff3_6_1,-0.0012696711991124516
20261005-010838-8084b01,2018,public,resff3_12_1,0.004065183808461846
20261005-010838-8084b01,2018,public,be_me,0.0066121757509240665
20261005-010838-8084b01,2018,public,debt_me,-0.0026392393166953807
20261005-010838-8084b01,2018,public,at_me,0.007081267986477055
20261005-010838-8084b01,2018,public,ret_60_12,-0.003406768034366087
20261005-010838-8084b01,2018,public,ni_me,-0.0016004273753710567
20261005-010838-8084b01,2018,public,fcf_me,0.0005668809706550177
20261005-010838-8084b01,2018,public,div12m_me,0.0010540885823298266
20261005-010838-8084b01,2018,public,eqpo_me,-0.002502033161269806
20261005-010838-8084b01,2018,public,eqnpo_me,0.0013784338604721541
20261005-010838-8084b01,2018,public,sale_gr3,0.001329773977299298
20261005-010838-8084b01,2018,public,sale_gr1,-0.0018401504437903413
20261005-010838-8084b01,2018,public,ebitda_mev,-0.0005395612157226824
20261005-010838-8084b01,2018,public,sale_me,0.0035316146866262617
20261005-010838-8084b01,2018,public,ocf_me,0.0018201494186025561
20261005-010838-8084b01,2018,public,ival_me,6.33167512694793e-05
20261005-010838-8084b01,2018,public,bev_mev,0.0033666278352132897
20261005-010838-8084b01,2018,public,netdebt_me,-0.003927576625925546
20261005-010838-8084b01,2018,public,eq_dur,-0.0006886202577779172
20261005-010838-8084b01,2018,public,capex_abn,0.00019246690333512445
20261005-010838-8084b01,2018,public,at_gr1,0.0005517237629988015
20261005-010838-8084b01,2018,public,ppeinv_gr1a,-0.00022239224120994866
20261005-010838-8084b01,2018,public,noa_at,-0.0034023827276093792
20261005-010838-8084b01,2018,public,noa_gr1a,0.0013439944542113721
20261005-010838-8084b01,2018,public,lnoa_gr1a,-0.0008517046829121898
20261005-010838-8084b01,2018,public,capx_gr1,-0.0015879371622355503
20261005-010838-8084b01,2018,public,capx_gr2,-0.0007064946823610357
20261005-010838-8084b01,2018,public,capx_gr3,0.0006962650329080158
20261005-010838-8084b01,2018,public,chcsho_12m,-0.002124477750067447
20261005-010838-8084b01,2018,public,eqnpo_12m,-0.001640839197648018
20261005-010838-8084b01,2018,public,debt_gr3,-0.0013200414504454525
20261005-010838-8084b01,2018,public,inv_gr1,0.0003334951843241692
20261005-010838-8084b01,2018,public,inv_gr1a,-0.0015325438080762011
20261005-010838-8084b01,2018,public,oaccruals_at,-0.0008849447169036301
20261005-010838-8084b01,2018,public,taccruals_at,-0.0009773558492019929
20261005-010838-8084b01,2018,public,cowc_gr1a,0.00027134921947426455
20261005-010838-8084b01,2018,public,coa_gr1a,-0.0011965980829057926
20261005-010838-8084b01,2018,public,col_gr1a,0.0005496949969687398
20261005-010838-8084b01,2018,public,nncoa_gr1a,0.0005615068592125555
20261005-010838-8084b01,2018,public,ncoa_gr1a,-0.001192010287136494
20261005-010838-8084b01,2018,public,ncol_gr1a,0.0006458655763299859
20261005-010838-8084b01,2018,public,nfna_gr1a,-2.109850095428097e-06
20261005-010838-8084b01,2018,public,sti_gr1a,-0.001032635596996313
20261005-010838-8084b01,2018,public,lti_gr1a,-0.0005661798444355674
20261005-010838-8084b01,2018,public,fnl_gr1a,-0.0008274402749384844
20261005-010838-8084b01,2018,public,be_gr1a,-0.003989160298374109
20261005-010838-8084b01,2018,public,oaccruals_ni,6.767582627025606e-05
20261005-010838-8084b01,2018,public,taccruals_ni,0.002284131697138877
20261005-010838-8084b01,2018,public,netis_at,4.2841124865564034e-05
20261005-010838-8084b01,2018,public,eqnetis_at,-0.00019168973156724785
20261005-010838-8084b01,2018,public,dbnetis_at,0.000622791042188896
20261005-010838-8084b01,2018,public,niq_be,0.003812412304105791
20261005-010838-8084b01,2018,public,niq_be_chg1,0.00020943164802032717
20261005-010838-8084b01,2018,public,niq_at,0.0022350006429962253
20261005-010838-8084b01,2018,public,niq_at_chg1,-6.123048216686008e-05
20261005-010838-8084b01,2018,public,ebit_bev,-0.00476383460968346
20261005-010838-8084b01,2018,public,ebit_sale,0.0028553446593505886
20261005-010838-8084b01,2018,public,sale_bev,0.002452826330631568
20261005-010838-8084b01,2018,public,at_turnover,-0.0025720127632813615
20261005-010838-8084b01,2018,public,gp_at,0.004323073656362413
20261005-010838-8084b01,2018,public,gp_atl1,-0.0030199405920162724
20261005-010838-8084b01,2018,public,ope_be,-0.0005150279058907208
20261005-010838-8084b01,2018,public,ope_bel1,0.0006169360899130959
20261005-010838-8084b01,2018,public,op_at,0.004958165770158866
20261005-010838-8084b01,2018,public,op_atl1,0.004581871677124
20261005-010838-8084b01,2018,public,cop_at,0.0030911832503870786
20261005-010838-8084b01,2018,public,cop_atl1,-0.0014762675455125033
20261005-010838-8084b01,2018,public,f_score,-0.0013860536129619485
20261005-010838-8084b01,2018,public,o_score,0.006938989408689245
20261005-010838-8084b01,2018,public,z_score,-0.0016168644954890083
20261005-010838-8084b01,2018,public,pi_nix,0.0002280054527131394
20261005-010838-8084b01,2018,public,at_be,-0.0036899410905124642
20261005-010838-8084b01,2018,public,saleq_gr1,0.003087986141934924
20261005-010838-8084b01,2018,public,rd_me,0.006535344609021994
20261005-010838-8084b01,2018,public,rd_sale,-3.7646468407103104e-06
20261005-010838-8084b01,2018,public,opex_at,3.0299645060225327e-05
20261005-010838-8084b01,2018,public,emp_gr1,0.0012923712400588366
20261005-010838-8084b01,2018,public,rd5_at,-0.0013334604490278844
20261005-010838-8084b01,2018,public,age,0.00020711723596237552
20261005-010838-8084b01,2018,public,dsale_dinv,0.0009078390877466473
20261005-010838-8084b01,2018,public,dsale_drec,-0.00040835873231326043
20261005-010838-8084b01,2018,public,dgp_dsale,0.0013702908300838893
20261005-010838-8084b01,2018,public,dsale_dsga,0.0010576742358160743
20261005-010838-8084b01,2018,public,sale_emp_gr1,0.0005374760838431032
20261005-010838-8084b01,2018,public,tangibility,0.001318708208658832
20261005-010838-8084b01,2018,public,kz_index,0.0004040967505214413
20261005-010838-8084b01,2018,public,ocfq_saleq_std,-0.0005488343468597952
20261005-010838-8084b01,2018,public,cash_at,0.0027676512807933993
20261005-010838-8084b01,2018,public,ni_ar1,-0.000391617534745922
20261005-010838-8084b01,2018,public,ni_ivol,0.001690599635129804
20261005-010838-8084b01,2018,public,earnings_variability,-0.0008794756556170969
20261005-010838-8084b01,2018,public,aliq_at,0.001886970906385898
20261005-010838-8084b01,2018,public,aliq_mat,-0.003956914013242132
20261005-010838-8084b01,2018,public,seas_1_1an,0.00197774465444112
20261005-010838-8084b01,2018,public,seas_1_1na,-0.007123776551171451
20261005-010838-8084b01,2018,public,seas_2_5an,0.0063317742761495495
20261005-010838-8084b01,2018,public,seas_2_5na,0.0021341308579448724
20261005-010838-8084b01,2018,public,seas_6_10an,0.004173388682994892
20261005-010838-8084b01,2018,public,seas_6_10na,-0.0019527783934248743
20261005-010838-8084b01,2018,public,seas_11_15an,0.0027624744395017583
20261005-010838-8084b01,2018,public,seas_11_15na,-0.0009416612044727583
20261005-010838-8084b01,2018,public,seas_16_20an,0.0024985978439707695
20261005-010838-8084b01,2018,public,seas_16_20na,-0.0003943998824126338
20261005-010838-8084b01,2018,public,market_equity,-0.0017952633522954457
20261005-010838-8084b01,2018,public,ivol_ff3_21d,0.011273298096294352
20261005-010838-8084b01,2018,public,ivol_capm_252d,0.0023617088694009984
20261005-010838-8084b01,2018,public,ivol_capm_21d,-0.012452944042182385
20261005-010838-8084b01,2018,public,ivol_hxz4_21d,-0.007210694945076597
20261005-010838-8084b01,2018,public,rvol_21d,0.0036791607827655155
20261005-010838-8084b01,2018,public,beta_60m,0.0019956163006187126
20261005-010838-8084b01,2018,public,betabab_1260d,0.001673327548671585
20261005-010838-8084b01,2018,public,beta_dimson_21d,0.0006995653665176102
20261005-010838-8084b01,2018,public,turnover_126d,-0.00857673296914583
20261005-010838-8084b01,2018,public,turnover_var_126d,0.009806070080454749
20261005-010838-8084b01,2018,public,dolvol_126d,0.0019928367074274612
20261005-010838-8084b01,2018,public,dolvol_var_126d,-0.009233260079650902
20261005-010838-8084b01,2018,public,prc,-0.002863512148861091
20261005-010838-8084b01,2018,public,ami_126d,0.0005225777589182953
20261005-010838-8084b01,2018,public,zero_trades_21d,-0.023409880305709764
20261005-010838-8084b01,2018,public,zero_trades_126d,0.009728209663870408
20261005-010838-8084b01,2018,public,zero_trades_252d,0.006369169075287107
20261005-010838-8084b01,2018,public,rmax1_21d,-0.0019803350319594986
20261005-010838-8084b01,2018,public,rskew_21d,-0.0002733473152466392
20261005-010838-8084b01,2018,public,iskew_capm_21d,6.410987515873241e-05
20261005-010838-8084b01,2018,public,iskew_ff3_21d,0.001664212835182461
20261005-010838-8084b01,2018,public,iskew_hxz4_21d,0.0010469962275723884
20261005-010838-8084b01,2018,public,coskew_21d,0.00033695815731853835
20261005-010838-8084b01,2018,public,ret_1_0,-0.008679198397052584
20261005-010838-8084b01,2018,public,betadown_252d,0.0006838969541529253
20261005-010838-8084b01,2018,public,bidaskhl_21d,0.0011357617038493322
20261005-010838-8084b01,2018,public,ret_3_1,-0.002589260198036467
20261005-010838-8084b01,2018,public,ret_9_1,0.004602140576616177
20261005-010838-8084b01,2018,public,ret_12_7,0.003374903072342534
20261005-010838-8084b01,2018,public,rmax5_21d,-0.0028102995816739213
20261005-010838-8084b01,2018,public,ni_be,0.0029687740348589946
20261005-010838-8084b01,2018,public,mispricing_perf,0.0013122654477582675
20261005-010838-8084b01,2018,public,mispricing_mgmt,-0.0011112919791079461
20261005-010838-8084b01,2018,full,niq_su,0.0004687404206700796
20261005-010838-8084b01,2018,full,ret_6_1,0.0012514249045815784
20261005-010838-8084b01,2018,full,ret_12_1,0.00362974192065506
20261005-010838-8084b01,2018,full,saleq_su,0.0009234111936865588
20261005-010838-8084b01,2018,full,tax_gr1a,-0.0005731749768279784
20261005-010838-8084b01,2018,full,ni_inc8q,0.000148803148265274
20261005-010838-8084b01,2018,full,prc_highprc_252d,0.008308026647308654
20261005-010838-8084b01,2018,full,resff3_6_1,-0.0012011518791594487
20261005-010838-8084b01,2018,full,resff3_12_1,0.004091910837984736
20261005-010838-8084b01,2018,full,be_me,0.006738060996502141
20261005-010838-8084b01,2018,full,debt_me,-0.0026460925055229066
20261005-010838-8084b01,2018,full,at_me,0.007150261788454352
20261005-010838-8084b01,2018,full,ret_60_12,-0.002863582386907107
20261005-010838-8084b01,2018,full,ni_me,-0.0018132608330150486
20261005-010838-8084b01,2018,full,fcf_me,0.000623399322022997
20261005-010838-8084b01,2018,full,div12m_me,0.00110906001467586
20261005-010838-8084b01,2018,full,eqpo_me,-0.002358522467486556
20261005-010838-8084b01,2018,full,eqnpo_me,0.0012889548091631654
20261005-010838-8084b01,2018,full,sale_gr3,0.0013723528874386335
20261005-010838-8084b01,2018,full,sale_gr1,-0.0018479270501720669
20261005-010838-8084b01,2018,full,ebitda_mev,-0.000735426864414064
20261005-010838-8084b01,2018,full,sale_me,0.003640767867076737
20261005-010838-8084b01,2018,full,ocf_me,0.0026316419235852427
20261005-010838-8084b01,2018,full,ival_me,6.82657113048249e-05
20261005-010838-8084b01,2018,full,bev_mev,0.003292276297616814
20261005-010838-8084b01,2018,full,netdebt_me,-0.004202031778418229
20261005-010838-8084b01,2018,full,eq_dur,-0.0005761562795133521
20261005-010838-8084b01,2018,full,capex_abn,0.0002152895748944748
20261005-010838-8084b01,2018,full,at_gr1,0.0005827951710589613
20261005-010838-8084b01,2018,full,ppeinv_gr1a,-0.00020491179502776132
20261005-010838-8084b01,2018,full,noa_at,-0.003348039061592723
20261005-010838-8084b01,2018,full,noa_gr1a,0.0013021454864279947
20261005-010838-8084b01,2018,full,lnoa_gr1a,-0.0007339874503820247
20261005-010838-8084b01,2018,full,capx_gr1,-0.0016644772977327407
20261005-010838-8084b01,2018,full,capx_gr2,-0.0006972095642233886
20261005-010838-8084b01,2018,full,capx_gr3,0.0006502525013449297
20261005-010838-8084b01,2018,full,chcsho_12m,-0.0021382886552003787
20261005-010838-8084b01,2018,full,eqnpo_12m,-0.0016169765952212041
20261005-010838-8084b01,2018,full,debt_gr3,-0.0012649421817071003
20261005-010838-8084b01,2018,full,inv_gr1,0.00022910318443649915
20261005-010838-8084b01,2018,full,inv_gr1a,-0.0014719478661472645
20261005-010838-8084b01,2018,full,oaccruals_at,-0.0007189835444223742
20261005-010838-8084b01,2018,full,taccruals_at,-0.0011949368794199472
20261005-010838-8084b01,2018,full,cowc_gr1a,0.00015494082863650246
20261005-010838-8084b01,2018,full,coa_gr1a,-0.0012596413838933576
20261005-010838-8084b01,2018,full,col_gr1a,0.0005613517961019482
20261005-010838-8084b01,2018,full,nncoa_gr1a,0.00047614340363098687
20261005-010838-8084b01,2018,full,ncoa_gr1a,-0.0011117060966614
20261005-010838-8084b01,2018,full,ncol_gr1a,0.000638344058920627
20261005-010838-8084b01,2018,full,nfna_gr1a,0.00026803609721484065
20261005-010838-8084b01,2018,full,sti_gr1a,-0.0010132814314286161
20261005-010838-8084b01,2018,full,lti_gr1a,-0.0005293428863183118
20261005-010838-8084b01,2018,full,fnl_gr1a,-0.0007330172477023002
20261005-010838-8084b01,2018,full,be_gr1a,-0.004100247092574973
20261005-010838-8084b01,2018,full,oaccruals_ni,0.00024956205050274624
20261005-010838-8084b01,2018,full,taccruals_ni,0.002153276257311089
20261005-010838-8084b01,2018,full,netis_at,-4.67134765960558e-05
20261005-010838-8084b01,2018,full,eqnetis_at,-0.0003283830179673846
20261005-010838-8084b01,2018,full,dbnetis_at,0.0006680796568388495
20261005-010838-8084b01,2018,full,niq_be,0.0034996444088669565
20261005-010838-8084b01,2018,full,niq_be_chg1,0.00020600867595217388
20261005-010838-8084b01,2018,full,niq_at,0.0027622547710517936
20261005-010838-8084b01,2018,full,niq_at_chg1,-4.999902590025819e-05
20261005-010838-8084b01,2018,full,ebit_bev,-0.004451170876571173
20261005-010838-8084b01,2018,full,ebit_sale,0.0024034644934126806
20261005-010838-8084b01,2018,full,sale_bev,0.002230773154158099
20261005-010838-8084b01,2018,full,at_turnover,-0.0023754856529112052
20261005-010838-8084b01,2018,full,gp_at,0.00267431681492755
20261005-010838-8084b01,2018,full,gp_atl1,-0.002739143214868973
20261005-010838-8084b01,2018,full,ope_be,-0.0004088805964821763
20261005-010838-8084b01,2018,full,ope_bel1,0.0005752441352801676
20261005-010838-8084b01,2018,full,op_at,0.0048856539693282915
20261005-010838-8084b01,2018,full,op_atl1,0.004272451005543992
20261005-010838-8084b01,2018,full,cop_at,0.003954026430628965
20261005-010838-8084b01,2018,full,cop_atl1,-0.001605154306754979
20261005-010838-8084b01,2018,full,f_score,-0.0011808016933942927
20261005-010838-8084b01,2018,full,o_score,0.005925628104175613
20261005-010838-8084b01,2018,full,z_score,-0.0012180818890472904
20261005-010838-8084b01,2018,full,pi_nix,0.0002231722482854586
20261005-010838-8084b01,2018,full,at_be,-0.0038333848787101455
20261005-010838-8084b01,2018,full,saleq_gr1,0.003056033657697203
20261005-010838-8084b01,2018,full,rd_me,0.006662453449253323
20261005-010838-8084b01,2018,full,rd_sale,-0.0003631338138729251
20261005-010838-8084b01,2018,full,opex_at,0.00036939870406553775
20261005-010838-8084b01,2018,full,emp_gr1,0.0013144319833640584
20261005-010838-8084b01,2018,full,rd5_at,-0.001265793767348412
20261005-010838-8084b01,2018,full,age,0.00022185983074189105
20261005-010838-8084b01,2018,full,dsale_dinv,0.0008658371384496939
20261005-010838-8084b01,2018,full,dsale_drec,-0.0004257696961361295
20261005-010838-8084b01,2018,full,dgp_dsale,0.001161864285709554
20261005-010838-8084b01,2018,full,dsale_dsga,0.0010906803999930113
20261005-010838-8084b01,2018,full,sale_emp_gr1,0.0005844818164674907
20261005-010838-8084b01,2018,full,tangibility,0.0011959886570745248
20261005-010838-8084b01,2018,full,kz_index,0.0004017666298782714
20261005-010838-8084b01,2018,full,ocfq_saleq_std,-0.0007785297836951641
20261005-010838-8084b01,2018,full,cash_at,0.0026648831578218284
20261005-010838-8084b01,2018,full,ni_ar1,-0.00028227662023435057
20261005-010838-8084b01,2018,full,ni_ivol,0.0009472183544174999
20261005-010838-8084b01,2018,full,earnings_variability,-0.0008815691401880831
20261005-010838-8084b01,2018,full,aliq_at,0.0020334190300012383
20261005-010838-8084b01,2018,full,aliq_mat,-0.0041352731737514066
20261005-010838-8084b01,2018,full,seas_1_1an,0.001973644833336364
20261005-010838-8084b01,2018,full,seas_1_1na,-0.00727359550237651
20261005-010838-8084b01,2018,full,seas_2_5an,0.006189817077615909
20261005-010838-8084b01,2018,full,seas_2_5na,0.0016437072373463122
20261005-010838-8084b01,2018,full,seas_6_10an,0.004284292217916199
20261005-010838-8084b01,2018,full,seas_6_10na,-0.0016623186901092778
20261005-010838-8084b01,2018,full,seas_11_15an,0.0027945465019281065
20261005-010838-8084b01,2018,full,seas_11_15na,-0.0008487595924788273
20261005-010838-8084b01,2018,full,seas_16_20an,0.0025357631703112004
20261005-010838-8084b01,2018,full,seas_16_20na,-0.00032595840499508353
20261005-010838-8084b01,2018,full,market_equity,-0.002040986909224719
20261005-010838-8084b01,2018,full,ivol_ff3_21d,0.011338946764119878
20261005-010838-8084b01,2018,full,ivol_capm_252d,-0.0013125181582473288
20261005-010838-8084b01,2018,full,ivol_capm_21d,-0.012254979066232718
20261005-010838-8084b01,2018,full,ivol_hxz4_21d,-0.007572205819495389
20261005-010838-8084b01,2018,full,rvol_21d,0.0033153358583416564
20261005-010838-8084b01,2018,full,beta_60m,0.002065040600810916
20261005-010838-8084b01,2018,full,betabab_1260d,0.001979579824211387
20261005-010838-8084b01,2018,full,beta_dimson_21d,0.0008283084114664266
20261005-010838-8084b01,2018,full,turnover_126d,-0.008979933845034788
20261005-010838-8084b01,2018,full,turnover_var_126d,0.009620222585453747
20261005-010838-8084b01,2018,full,dolvol_126d,0.0025073065450898196
20261005-010838-8084b01,2018,full,dolvol_var_126d,-0.00922252783463259
20261005-010838-8084b01,2018,full,prc,-0.0026580842529534154
20261005-010838-8084b01,2018,full,ami_126d,0.0003081252718305855
20261005-010838-8084b01,2018,full,zero_trades_21d,-0.023906021041748618
20261005-010838-8084b01,2018,full,zero_trades_126d,0.01014671773109393
20261005-010838-8084b01,2018,full,zero_trades_252d,0.006501784187691178
20261005-010838-8084b01,2018,full,rmax1_21d,-0.0020386890265774327
20261005-010838-8084b01,2018,full,rskew_21d,9.634623118182079e-05
20261005-010838-8084b01,2018,full,iskew_capm_21d,8.936534421175253e-05
20261005-010838-8084b01,2018,full,iskew_ff3_21d,0.0016568400454498398
20261005-010838-8084b01,2018,full,iskew_hxz4_21d,0.0010508973091658085
20261005-010838-8084b01,2018,full,coskew_21d,0.0003240697833210785
20261005-010838-8084b01,2018,full,ret_1_0,-0.008391889343192597
20261005-010838-8084b01,2018,full,betadown_252d,0.0004599728282404366
20261005-010838-8084b01,2018,full,bidaskhl_21d,0.0011420921490587824
20261005-010838-8084b01,2018,full,ret_3_1,-0.0027214846050666714
20261005-010838-8084b01,2018,full,ret_9_1,0.004418555939798586
20261005-010838-8084b01,2018,full,ret_12_7,0.0033959378232760393
20261005-010838-8084b01,2018,full,corr_1260d,-0.0014138781181601676
20261005-010838-8084b01,2018,full,rmax5_21d,0.002945577940019048
20261005-010838-8084b01,2018,full,rmax5_rvol_21d,-0.00533724290917198
20261005-010838-8084b01,2018,full,ni_be,0.002059286688498784
20261005-010838-8084b01,2018,full,ocf_at,-0.002893677961719304
20261005-010838-8084b01,2018,full,ocf_at_chg1,-0.0004308060557055944
20261005-010838-8084b01,2018,full,mispricing_perf,0.0011397586107190422
20261005-010838-8084b01,2018,full,mispricing_mgmt,-0.0010298607461694412
20261005-010838-8084b01,2018,full,qmj,-0.005292405103972471
20261005-010838-8084b01,2018,full,qmj_prof,0.00410702170919044
20261005-010838-8084b01,2018,full,qmj_growth,0.0037429027845640706
20261005-010838-8084b01,2018,full,qmj_safety,0.00038076088366243983
20261005-010838-8084b01,2020,public,niq_su,0.00038244383045905195
20261005-010838-8084b01,2020,public,ret_6_1,0.0011370099307987211
20261005-010838-8084b01,2020,public,ret_12_1,0.00392122932080947
20261005-010838-8084b01,2020,public,saleq_su,0.000889107321244194
20261005-010838-8084b01,2020,public,tax_gr1a,-0.000616445763971719
20261005-010838-8084b01,2020,public,ni_inc8q,0.00011182810157983623
20261005-010838-8084b01,2020,public,prc_highprc_252d,0.00784905879333965
20261005-010838-8084b01,2020,public,resff3_6_1,-0.0010846978525532055
20261005-010838-8084b01,2020,public,resff3_12_1,0.0037374253462428447
20261005-010838-8084b01,2020,public,be_me,0.006901873587386393
20261005-010838-8084b01,2020,public,debt_me,-0.0031829368856925453
20261005-010838-8084b01,2020,public,at_me,0.006713289865619552
20261005-010838-8084b01,2020,public,ret_60_12,-0.002819726727433708
20261005-010838-8084b01,2020,public,ni_me,-0.001476364913391829
20261005-010838-8084b01,2020,public,fcf_me,0.0006268819624691806
20261005-010838-8084b01,2020,public,div12m_me,0.0010613819320437455
20261005-010838-8084b01,2020,public,eqpo_me,-0.0022270869419041273
20261005-010838-8084b01,2020,public,eqnpo_me,0.0011817855558335971
20261005-010838-8084b01,2020,public,sale_gr3,0.0015995939080423345
20261005-010838-8084b01,2020,public,sale_gr1,-0.002007198354471408
20261005-010838-8084b01,2020,public,ebitda_mev,-0.0007466883101291052
20261005-010838-8084b01,2020,public,sale_me,0.003339601556703828
20261005-010838-8084b01,2020,public,ocf_me,0.002264752999555464
20261005-010838-8084b01,2020,public,ival_me,-0.00016988637023177764
20261005-010838-8084b01,2020,public,bev_mev,0.003335570466923227
20261005-010838-8084b01,2020,public,netdebt_me,-0.003347303279986376
20261005-010838-8084b01,2020,public,eq_dur,-0.0006352340180326192
20261005-010838-8084b01,2020,public,capex_abn,0.0002505071784296181
20261005-010838-8084b01,2020,public,at_gr1,0.0008186381030695339
20261005-010838-8084b01,2020,public,ppeinv_gr1a,-0.00020880969014957807
20261005-010838-8084b01,2020,public,noa_at,-0.003355819240856543
20261005-010838-8084b01,2020,public,noa_gr1a,0.000961187083155954
20261005-010838-8084b01,2020,public,lnoa_gr1a,-0.0006371411689977008
20261005-010838-8084b01,2020,public,capx_gr1,-0.0016931037866602158
20261005-010838-8084b01,2020,public,capx_gr2,-0.0006217802989856324
20261005-010838-8084b01,2020,public,capx_gr3,0.0005960429183808509
20261005-010838-8084b01,2020,public,chcsho_12m,-0.002353193841122445
20261005-010838-8084b01,2020,public,eqnpo_12m,-0.0016233840215330488
20261005-010838-8084b01,2020,public,debt_gr3,-0.001173109972825099
20261005-010838-8084b01,2020,public,inv_gr1,0.00022653842409994343
20261005-010838-8084b01,2020,public,inv_gr1a,-0.001587467220609452
20261005-010838-8084b01,2020,public,oaccruals_at,-0.0005821651715484143
20261005-010838-8084b01,2020,public,taccruals_at,-0.0013060898112907651
20261005-010838-8084b01,2020,public,cowc_gr1a,0.00025150573047527707
20261005-010838-8084b01,2020,public,coa_gr1a,-0.001137152680862187
20261005-010838-8084b01,2020,public,col_gr1a,0.00047121430173202876
20261005-010838-8084b01,2020,public,nncoa_gr1a,0.0007850524699664172
20261005-010838-8084b01,2020,public,ncoa_gr1a,-0.0013786263856648663
20261005-010838-8084b01,2020,public,ncol_gr1a,0.0007573885129186597
20261005-010838-8084b01,2020,public,nfna_gr1a,0.0004693049979974731
20261005-010838-8084b01,2020,public,sti_gr1a,-0.0009857190539731095
20261005-010838-8084b01,2020,public,lti_gr1a,-0.0005117506993935705
20261005-010838-8084b01,2020,public,fnl_gr1a,-0.0006292033769374689
20261005-010838-8084b01,2020,public,be_gr1a,-0.0038643116056754647
20261005-010838-8084b01,2020,public,oaccruals_ni,-2.3098338538438366e-05
20261005-010838-8084b01,2020,public,taccruals_ni,0.0020608019401898363
20261005-010838-8084b01,2020,public,netis_at,-0.00024076950178418378
20261005-010838-8084b01,2020,public,eqnetis_at,-0.0001889115205794454
20261005-010838-8084b01,2020,public,dbnetis_at,0.0005883761962708412
20261005-010838-8084b01,2020,public,niq_be,0.003471241520525513
20261005-010838-8084b01,2020,public,niq_be_chg1,0.00016513542788977755
20261005-010838-8084b01,2020,public,niq_at,0.0027242838677744717
20261005-010838-8084b01,2020,public,niq_at_chg1,0.00014355333422247078
20261005-010838-8084b01,2020,public,ebit_bev,-0.004284165267805997
20261005-010838-8084b01,2020,public,ebit_sale,0.0022464823945844157
20261005-010838-8084b01,2020,public,sale_bev,0.0025525455902265133
20261005-010838-8084b01,2020,public,at_turnover,-0.0025857483263547155
20261005-010838-8084b01,2020,public,gp_at,0.003107703109017936
20261005-010838-8084b01,2020,public,gp_atl1,-0.002805110992380137
20261005-010838-8084b01,2020,public,ope_be,-0.00017498482381623421
20261005-010838-8084b01,2020,public,ope_bel1,0.0002579476217867106
20261005-010838-8084b01,2020,public,op_at,0.004488402804319125
20261005-010838-8084b01,2020,public,op_atl1,0.004446129921701068
20261005-010838-8084b01,2020,public,cop_at,0.004139968128922856
20261005-010838-8084b01,2020,public,cop_atl1,-0.0019028254815340155
20261005-010838-8084b01,2020,public,f_score,-0.0010408843442143052
20261005-010838-8084b01,2020,public,o_score,0.006036991012378303
20261005-010838-8084b01,2020,public,z_score,-0.0010742299413187076
20261005-010838-8084b01,2020,public,pi_nix,0.00031655606919832335
20261005-010838-8084b01,2020,public,at_be,-0.0034226964304483005
20261005-010838-8084b01,2020,public,saleq_gr1,0.003209463043560693
20261005-010838-8084b01,2020,public,rd_me,0.006456407366117283
20261005-010838-8084b01,2020,public,rd_sale,-0.0001430081697972875
20261005-010838-8084b01,2020,public,opex_at,0.00038715704781536403
20261005-010838-8084b01,2020,public,emp_gr1,0.000878616598699992
20261005-010838-8084b01,2020,public,rd5_at,-0.0016470598007541158
20261005-010838-8084b01,2020,public,age,0.00025500092500092353
20261005-010838-8084b01,2020,public,dsale_dinv,0.0007364276831715246
20261005-010838-8084b01,2020,public,dsale_drec,-0.00034242468032680734
20261005-010838-8084b01,2020,public,dgp_dsale,0.0011639692177195656
20261005-010838-8084b01,2020,public,dsale_dsga,0.001156553530494181
20261005-010838-8084b01,2020,public,sale_emp_gr1,0.00030984942007835834
20261005-010838-8084b01,2020,public,tangibility,0.0012810802344177597
20261005-010838-8084b01,2020,public,kz_index,0.00034742710343475927
20261005-010838-8084b01,2020,public,ocfq_saleq_std,-0.0007366808673933357
20261005-010838-8084b01,2020,public,cash_at,0.00271690913884014
20261005-010838-8084b01,2020,public,ni_ar1,-0.0002651837524622933
20261005-010838-8084b01,2020,public,ni_ivol,0.0011478880493761105
20261005-010838-8084b01,2020,public,earnings_variability,-0.0008459150929706475
20261005-010838-8084b01,2020,public,aliq_at,0.0018782307884312366
20261005-010838-8084b01,2020,public,aliq_mat,-0.00416305899783267
20261005-010838-8084b01,2020,public,seas_1_1an,0.002130062436222364
20261005-010838-8084b01,2020,public,seas_1_1na,-0.0068315811073156015
20261005-010838-8084b01,2020,public,seas_2_5an,0.006036895995265388
20261005-010838-8084b01,2020,public,seas_2_5na,0.0018510253746139378
20261005-010838-8084b01,2020,public,seas_6_10an,0.004135640228693613
20261005-010838-8084b01,2020,public,seas_6_10na,-0.0015781137037457146
20261005-010838-8084b01,2020,public,seas_11_15an,0.0026254407990536598
20261005-010838-8084b01,2020,public,seas_11_15na,-0.0008887289389242052
20261005-010838-8084b01,2020,public,seas_16_20an,0.002540105413458666
20261005-010838-8084b01,2020,public,seas_16_20na,-0.00037674037505441214
20261005-010838-8084b01,2020,public,market_equity,-0.001652441861952971
20261005-010838-8084b01,2020,public,ivol_ff3_21d,0.01118682921136582
20261005-010838-8084b01,2020,public,ivol_capm_252d,0.0021839648915399257
20261005-010838-8084b01,2020,public,ivol_capm_21d,-0.01330925038252383
20261005-010838-8084b01,2020,public,ivol_hxz4_21d,-0.007543233175260842
20261005-010838-8084b01,2020,public,rvol_21d,0.004423460944821066
20261005-010838-8084b01,2020,public,beta_60m,0.0018803705932578412
20261005-010838-8084b01,2020,public,betabab_1260d,0.0015117102438043917
20261005-010838-8084b01,2020,public,beta_dimson_21d,0.00062404052640905
20261005-010838-8084b01,2020,public,turnover_126d,-0.008266429748425612
20261005-010838-8084b01,2020,public,turnover_var_126d,0.00994860978737464
20261005-010838-8084b01,2020,public,dolvol_126d,0.0019664954895353506
20261005-010838-8084b01,2020,public,dolvol_var_126d,-0.009660809982919663
20261005-010838-8084b01,2020,public,prc,-0.003046063476391747
20261005-010838-8084b01,2020,public,ami_126d,0.000589630476873395
20261005-010838-8084b01,2020,public,zero_trades_21d,-0.023019048144861623
20261005-010838-8084b01,2020,public,zero_trades_126d,0.009947733987463288
20261005-010838-8084b01,2020,public,zero_trades_252d,0.006534878836271824
20261005-010838-8084b01,2020,public,rmax1_21d,-0.0015406945046427523
20261005-010838-8084b01,2020,public,rskew_21d,-0.0005139825939026719
20261005-010838-8084b01,2020,public,iskew_capm_21d,0.00022696158047927885
20261005-010838-8084b01,2020,public,iskew_ff3_21d,0.0016706656802977866
20261005-010838-8084b01,2020,public,iskew_hxz4_21d,0.0009152524044630111
20261005-010838-8084b01,2020,public,coskew_21d,0.0004752246851660437
20261005-010838-8084b01,2020,public,ret_1_0,-0.008686788887987703
20261005-010838-8084b01,2020,public,betadown_252d,0.0006722417286035377
20261005-010838-8084b01,2020,public,bidaskhl_21d,0.0009406522010641117
20261005-010838-8084b01,2020,public,ret_3_1,-0.0023190674001061632
20261005-010838-8084b01,2020,public,ret_9_1,0.004463625039399411
20261005-010838-8084b01,2020,public,ret_12_7,0.003441075625439607
20261005-010838-8084b01,2020,public,rmax5_21d,-0.0026124360126383436
20261005-010838-8084b01,2020,public,ni_be,0.0017371444411127938
20261005-010838-8084b01,2020,public,ocf_at,-0.0025947068103337736
20261005-010838-8084b01,2020,public,ocf_at_chg1,-0.0005058202339129366
20261005-010838-8084b01,2020,public,mispricing_perf,0.0007657976733293595
20261005-010838-8084b01,2020,public,mispricing_mgmt,-0.0012888417800185736
20261005-010838-8084b01,2020,public,qmj,-0.005081078020683836
20261005-010838-8084b01,2020,public,qmj_prof,0.00398871888575151
20261005-010838-8084b01,2020,public,qmj_growth,0.0036820540004052845
20261005-010838-8084b01,2020,public,qmj_safety,0.0005470211389698137
20261005-010838-8084b01,2020,full,niq_su,0.00012746163168087633
20261005-010838-8084b01,2020,full,ret_6_1,0.0021475546123910696
20261005-010838-8084b01,2020,full,ret_12_1,0.005806136943898787
20261005-010838-8084b01,2020,full,saleq_su,0.0008352558994040062
20261005-010838-8084b01,2020,full,tax_gr1a,-0.0007015379298928387
20261005-010838-8084b01,2020,full,ni_inc8q,-0.0002698115833525435
20261005-010838-8084b01,2020,full,prc_highprc_252d,0.007064630986042257
20261005-010838-8084b01,2020,full,resff3_6_1,-0.0009499290023803872
20261005-010838-8084b01,2020,full,resff3_12_1,0.0031579790499257055
20261005-010838-8084b01,2020,full,be_me,0.006190137308384154
20261005-010838-8084b01,2020,full,debt_me,-0.0025134730623382015
20261005-010838-8084b01,2020,full,at_me,0.0023988102088976825
20261005-010838-8084b01,2020,full,ret_60_12,-0.0015919280692148915
20261005-010838-8084b01,2020,full,ni_me,0.0012255028883804027
20261005-010838-8084b01,2020,full,fcf_me,0.00042323763712562935
20261005-010838-8084b01,2020,full,div12m_me,0.0003926175444332669
20261005-010838-8084b01,2020,full,eqpo_me,-0.002334410970018114
20261005-010838-8084b01,2020,full,eqnpo_me,0.0012216974213109476
20261005-010838-8084b01,2020,full,sale_gr3,0.00166920580190076
20261005-010838-8084b01,2020,full,sale_gr1,-0.0018426867288598757
20261005-010838-8084b01,2020,full,ebitda_mev,1.462856630683104e-05
20261005-010838-8084b01,2020,full,sale_me,0.003739927737478086
20261005-010838-8084b01,2020,full,ocf_me,0.0027735631523698907
20261005-010838-8084b01,2020,full,ival_me,-0.001460368579049355
20261005-010838-8084b01,2020,full,bev_mev,0.0043358414648180755
20261005-010838-8084b01,2020,full,netdebt_me,-0.0028676731891586703
20261005-010838-8084b01,2020,full,eq_dur,-0.001523937565397225
20261005-010838-8084b01,2020,full,capex_abn,0.00015659426092406198
20261005-010838-8084b01,2020,full,at_gr1,0.0003719940601480011
20261005-010838-8084b01,2020,full,ppeinv_gr1a,-0.00047702704403762406
20261005-010838-8084b01,2020,full,noa_at,-0.0032038378872117934
20261005-010838-8084b01,2020,full,noa_gr1a,0.0005543066961256458
20261005-010838-8084b01,2020,full,lnoa_gr1a,-0.0006447597825800343
20261005-010838-8084b01,2020,full,capx_gr1,-0.00158060396949067
20261005-010838-8084b01,2020,full,capx_gr2,-0.000568306851950651
20261005-010838-8084b01,2020,full,capx_gr3,0.0008297827378858423
20261005-010838-8084b01,2020,full,chcsho_12m,-0.003147339123389024
20261005-010838-8084b01,2020,full,eqnpo_12m,-0.0018767827376508486
20261005-010838-8084b01,2020,full,debt_gr3,-0.0012389678878910325
20261005-010838-8084b01,2020,full,inv_gr1,0.000534457703274297
20261005-010838-8084b01,2020,full,inv_gr1a,-0.001501349574242502
20261005-010838-8084b01,2020,full,oaccruals_at,0.00016763826284645997
20261005-010838-8084b01,2020,full,taccruals_at,-0.0009132694704607727
20261005-010838-8084b01,2020,full,cowc_gr1a,0.0001523646984051063
20261005-010838-8084b01,2020,full,coa_gr1a,-0.0013205390353214141
20261005-010838-8084b01,2020,full,col_gr1a,0.0002150050692544277
20261005-010838-8084b01,2020,full,nncoa_gr1a,0.0009001374771814627
20261005-010838-8084b01,2020,full,ncoa_gr1a,-0.0015312918381349464
20261005-010838-8084b01,2020,full,ncol_gr1a,0.0007405298092793471
20261005-010838-8084b01,2020,full,nfna_gr1a,0.0004719501913757197
20261005-010838-8084b01,2020,full,sti_gr1a,-0.0009828865657198174
20261005-010838-8084b01,2020,full,lti_gr1a,-0.0005945443481469362
20261005-010838-8084b01,2020,full,fnl_gr1a,-0.0009281233537359307
20261005-010838-8084b01,2020,full,be_gr1a,-0.0037136588994429115
20261005-010838-8084b01,2020,full,oaccruals_ni,-0.0006168377536046999
20261005-010838-8084b01,2020,full,taccruals_ni,0.0012910207972300076
20261005-010838-8084b01,2020,full,netis_at,-0.0007473125390812783
20261005-010838-8084b01,2020,full,eqnetis_at,-5.886839190907208e-05
20261005-010838-8084b01,2020,full,dbnetis_at,0.0009470364149393504
20261005-010838-8084b01,2020,full,niq_be,0.003918536942182956
20261005-010838-8084b01,2020,full,niq_be_chg1,0.0003263044807634927
20261005-010838-8084b01,2020,full,niq_at,0.002423504505645583
20261005-010838-8084b01,2020,full,niq_at_chg1,6.854643456655111e-05
20261005-010838-8084b01,2020,full,ebit_bev,-0.00420849352017903
20261005-010838-8084b01,2020,full,ebit_sale,0.0023778068716971464
20261005-010838-8084b01,2020,full,sale_bev,0.0027872895514332464
20261005-010838-8084b01,2020,full,at_turnover,0.0006778984908206889
20261005-010838-8084b01,2020,full,gp_at,0.006042390932385137
20261005-010838-8084b01,2020,full,gp_atl1,-0.0043715642896755315
20261005-010838-8084b01,2020,full,ope_be,-0.0007217354331822827
20261005-010838-8084b01,2020,full,ope_bel1,0.0003437840047864209
20261005-010838-8084b01,2020,full,op_at,0.00416413847264878
20261005-010838-8084b01,2020,full,op_atl1,0.004469608717505352
20261005-010838-8084b01,2020,full,cop_at,0.004005065912263263
20261005-010838-8084b01,2020,full,cop_atl1,-0.001950006928576608
20261005-010838-8084b01,2020,full,f_score,-0.0013425208185455725
20261005-010838-8084b01,2020,full,o_score,0.0057664132337634354
20261005-010838-8084b01,2020,full,z_score,0.0005232668495660955
20261005-010838-8084b01,2020,full,pi_nix,6.073085782616265e-05
20261005-010838-8084b01,2020,full,at_be,-0.0018007963348754211
20261005-010838-8084b01,2020,full,saleq_gr1,0.003070386512104692
20261005-010838-8084b01,2020,full,rd_me,0.006433051830762567
20261005-010838-8084b01,2020,full,rd_sale,-0.000338678551075278
20261005-010838-8084b01,2020,full,opex_at,-0.004249420883285634
20261005-010838-8084b01,2020,full,emp_gr1,0.0011579630217465736
20261005-010838-8084b01,2020,full,rd5_at,-0.0015876202885506316
20261005-010838-8084b01,2020,full,age,0.00032468989965847567
20261005-010838-8084b01,2020,full,dsale_dinv,0.0008996314301938749
20261005-010838-8084b01,2020,full,dsale_drec,-0.0005043527441695269
20261005-010838-8084b01,2020,full,dgp_dsale,0.001054396969253939
20261005-010838-8084b01,2020,full,dsale_dsga,0.0010891891154066718
20261005-010838-8084b01,2020,full,sale_emp_gr1,0.00023026874304675238
20261005-010838-8084b01,2020,full,tangibility,0.0011834678095034772
20261005-010838-8084b01,2020,full,kz_index,-0.00015719414659574372
20261005-010838-8084b01,2020,full,ocfq_saleq_std,-0.001111705162640533
20261005-010838-8084b01,2020,full,cash_at,0.0024964807228426552
20261005-010838-8084b01,2020,full,ni_ar1,-0.00021022066906378157
20261005-010838-8084b01,2020,full,ni_ivol,0.001615195314262685
20261005-010838-8084b01,2020,full,earnings_variability,-0.0008475738590273958
20261005-010838-8084b01,2020,full,aliq_at,0.0023153207639236895
20261005-010838-8084b01,2020,full,aliq_mat,-0.002842352950041219
20261005-010838-8084b01,2020,full,seas_1_1an,0.0012079479764258792
20261005-010838-8084b01,2020,full,seas_1_1na,-0.009403646333483206
20261005-010838-8084b01,2020,full,seas_2_5an,0.005552151122137294
20261005-010838-8084b01,2020,full,seas_2_5na,0.0008615602668114755
20261005-010838-8084b01,2020,full,seas_6_10an,0.003955597024599119
20261005-010838-8084b01,2020,full,seas_6_10na,-0.0015852788046396584
20261005-010838-8084b01,2020,full,seas_11_15an,0.0025343019952490365
20261005-010838-8084b01,2020,full,seas_11_15na,-0.0009616158107841174
20261005-010838-8084b01,2020,full,seas_16_20an,0.0024441687445334636
20261005-010838-8084b01,2020,full,seas_16_20na,-0.0005590942587655878
20261005-010838-8084b01,2020,full,market_equity,0.0014385920134097775
20261005-010838-8084b01,2020,full,ivol_ff3_21d,0.011934730095250938
20261005-010838-8084b01,2020,full,ivol_capm_252d,-0.002857683284725938
20261005-010838-8084b01,2020,full,ivol_capm_21d,-0.011434190187889067
20261005-010838-8084b01,2020,full,ivol_hxz4_21d,-0.009007101491747299
20261005-010838-8084b01,2020,full,rvol_21d,0.004010143218953665
20261005-010838-8084b01,2020,full,beta_60m,0.001920488040663059
20261005-010838-8084b01,2020,full,betabab_1260d,0.0031880521458933025
20261005-010838-8084b01,2020,full,beta_dimson_21d,0.0008036870732499197
20261005-010838-8084b01,2020,full,turnover_126d,-0.007687358860500273
20261005-010838-8084b01,2020,full,turnover_var_126d,0.013744956083380088
20261005-010838-8084b01,2020,full,dolvol_126d,0.0016844113834536046
20261005-010838-8084b01,2020,full,dolvol_var_126d,-0.013927584751512359
20261005-010838-8084b01,2020,full,prc,-0.0018033756420195314
20261005-010838-8084b01,2020,full,ami_126d,0.0028568284391482543
20261005-010838-8084b01,2020,full,zero_trades_21d,-0.021274226375058117
20261005-010838-8084b01,2020,full,zero_trades_126d,0.009351750538940903
20261005-010838-8084b01,2020,full,zero_trades_252d,0.005983151350838617
20261005-010838-8084b01,2020,full,rmax1_21d,-0.0021902966071705157
20261005-010838-8084b01,2020,full,rskew_21d,-1.7589250003496248e-05
20261005-010838-8084b01,2020,full,iskew_capm_21d,0.0003382785639520501
20261005-010838-8084b01,2020,full,iskew_ff3_21d,0.0015456464217364746
20261005-010838-8084b01,2020,full,iskew_hxz4_21d,0.000908998936860746
20261005-010838-8084b01,2020,full,coskew_21d,0.00047566482512908294
20261005-010838-8084b01,2020,full,ret_1_0,-0.006558499156925282
20261005-010838-8084b01,2020,full,betadown_252d,0.0005155737780070152
20261005-010838-8084b01,2020,full,bidaskhl_21d,0.0004528712186339551
20261005-010838-8084b01,2020,full,ret_3_1,-0.002078088432727451
20261005-010838-8084b01,2020,full,ret_9_1,0.005384161001495826
20261005-010838-8084b01,2020,full,ret_12_7,0.004360781660392022
20261005-010838-8084b01,2020,full,corr_1260d,-0.002336421726341311
20261005-010838-8084b01,2020,full,rmax5_21d,0.0011468889273482802
20261005-010838-8084b01,2020,full,rmax5_rvol_21d,-0.004768601330262302
20261005-010838-8084b01,2020,full,ni_be,0.0009536855006151841
20261005-010838-8084b01,2020,full,ocf_at,-0.0012240786581754854
20261005-010838-8084b01,2020,full,ocf_at_chg1,-0.000595745498566125
20261005-010838-8084b01,2020,full,mispricing_perf,3.8504793366645033e-05
20261005-010838-8084b01,2020,full,mispricing_mgmt,-0.001853427007210789
20261005-010838-8084b01,2020,full,qmj,-0.006328727051001087
20261005-010838-8084b01,2020,full,qmj_prof,0.001999035648384763
20261005-010838-8084b01,2020,full,qmj_growth,0.003932421449657627
20261005-010838-8084b01,2020,full,qmj_safety,0.0008436510072345085
20261005-010838-8084b01,2022,public,niq_su,0.000324199043092448
20261005-010838-8084b01,2022,public,ret_6_1,0.0007292619625835485
20261005-010838-8084b01,2022,public,ret_12_1,0.004142823143024785
20261005-010838-8084b01,2022,public,saleq_su,0.0009073919183260154
20261005-010838-8084b01,2022,public,tax_gr1a,-0.0005606306082745678
20261005-010838-8084b01,2022,public,ni_inc8q,0.00015998691990062752
20261005-010838-8084b01,2022,public,prc_highprc_252d,0.008100753395055489
20261005-010838-8084b01,2022,public,resff3_6_1,-0.0008732557968058517
20261005-010838-8084b01,2022,public,resff3_12_1,0.0033496442730224273
20261005-010838-8084b01,2022,public,be_me,0.006847010821178315
20261005-010838-8084b01,2022,public,debt_me,-0.0028543874175705284
20261005-010838-8084b01,2022,public,at_me,0.006332510881468106
20261005-010838-8084b01,2022,public,ret_60_12,-0.0028337042458155795
20261005-010838-8084b01,2022,public,ni_me,-0.001234214768124333
20261005-010838-8084b01,2022,public,fcf_me,0.0008106509896822177
20261005-010838-8084b01,2022,public,div12m_me,0.0008598531296527735
20261005-010838-8084b01,2022,public,eqpo_me,-0.0021446999173222792
20261005-010838-8084b01,2022,public,eqnpo_me,0.0010394288183575614
20261005-010838-8084b01,2022,public,sale_gr3,0.0016028325127653274
20261005-010838-8084b01,2022,public,sale_gr1,-0.0021177313191082106
20261005-010838-8084b01,2022,public,ebitda_mev,-0.0009607960459046297
20261005-010838-8084b01,2022,public,sale_me,0.0036610591683946076
20261005-010838-8084b01,2022,public,ocf_me,0.002175952059928074
20261005-010838-8084b01,2022,public,ival_me,-0.00011423652989279614
20261005-010838-8084b01,2022,public,bev_mev,0.0037095811033828236
20261005-010838-8084b01,2022,public,netdebt_me,-0.0034602849634295437
20261005-010838-8084b01,2022,public,eq_dur,-0.00039221672838322556
20261005-010838-8084b01,2022,public,capex_abn,0.00014156254755903365
20261005-010838-8084b01,2022,public,at_gr1,0.0007971002055554629
20261005-010838-8084b01,2022,public,ppeinv_gr1a,-0.0005113930634495761
20261005-010838-8084b01,2022,public,noa_at,-0.0034082112107742465
20261005-010838-8084b01,2022,public,noa_gr1a,0.0009617389040433237
20261005-010838-8084b01,2022,public,lnoa_gr1a,-0.0004601597076130998
20261005-010838-8084b01,2022,public,capx_gr1,-0.0015543730593421759
20261005-010838-8084b01,2022,public,capx_gr2,-0.0006157006181306464
20261005-010838-8084b01,2022,public,capx_gr3,0.0005161370724586383
20261005-010838-8084b01,2022,public,chcsho_12m,-0.0024135208789793404
20261005-010838-8084b01,2022,public,eqnpo_12m,-0.0015821713806538338
20261005-010838-8084b01,2022,public,debt_gr3,-0.001176142141045308
20261005-010838-8084b01,2022,public,inv_gr1,0.00013092521620433677
20261005-010838-8084b01,2022,public,inv_gr1a,-0.0014487184735276382
20261005-010838-8084b01,2022,public,oaccruals_at,-0.00040057216648374685
20261005-010838-8084b01,2022,public,taccruals_at,-0.0010800348497672818
20261005-010838-8084b01,2022,public,cowc_gr1a,0.00010573860970311557
20261005-010838-8084b01,2022,public,coa_gr1a,-0.0009347896388522506
20261005-010838-8084b01,2022,public,col_gr1a,0.00043744460785585283
20261005-010838-8084b01,2022,public,nncoa_gr1a,0.0007540222300669122
20261005-010838-8084b01,2022,public,ncoa_gr1a,-0.0013153457807645675
20261005-010838-8084b01,2022,public,ncol_gr1a,0.0008179134029591278
20261005-010838-8084b01,2022,public,nfna_gr1a,0.000373984827096474
20261005-010838-8084b01,2022,public,sti_gr1a,-0.0010335989856533937
20261005-010838-8084b01,2022,public,lti_gr1a,-0.000462933834660786
20261005-010838-8084b01,2022,public,fnl_gr1a,-0.0005999923511598933
20261005-010838-8084b01,2022,public,be_gr1a,-0.003916468489401489
20261005-010838-8084b01,2022,public,oaccruals_ni,-0.00016718994195101351
20261005-010838-8084b01,2022,public,taccruals_ni,0.001872691252024385
20261005-010838-8084b01,2022,public,netis_at,-0.0001904159868401051
20261005-010838-8084b01,2022,public,eqnetis_at,-0.0003421093716780941
20261005-010838-8084b01,2022,public,dbnetis_at,0.0004202602534142601
20261005-010838-8084b01,2022,public,niq_be,0.0033860970757155565
20261005-010838-8084b01,2022,public,niq_be_chg1,0.00023347914190315907
20261005-010838-8084b01,2022,public,niq_at,0.0029705460661398316
20261005-010838-8084b01,2022,public,niq_at_chg1,8.093175655105371e-05
20261005-010838-8084b01,2022,public,ebit_bev,-0.0038043736240816434
20261005-010838-8084b01,2022,public,ebit_sale,0.0020642303933612895
20261005-010838-8084b01,2022,public,sale_bev,0.002580608172712219
20261005-010838-8084b01,2022,public,at_turnover,-0.0026972728073396714
20261005-010838-8084b01,2022,public,gp_at,0.003016447839384993
20261005-010838-8084b01,2022,public,gp_atl1,-0.002732190423711369
20261005-010838-8084b01,2022,public,ope_be,5.4688820060552114e-05
20261005-010838-8084b01,2022,public,ope_bel1,0.0003338984712698324
20261005-010838-8084b01,2022,public,op_at,0.004526554102661049
20261005-010838-8084b01,2022,public,op_atl1,0.004257539004483374
20261005-010838-8084b01,2022,public,cop_at,0.003478323232026057
20261005-010838-8084b01,2022,public,cop_atl1,-0.0015376360688232592
20261005-010838-8084b01,2022,public,f_score,-0.0009046534517920867
20261005-010838-8084b01,2022,public,o_score,0.0059395190653928455
20261005-010838-8084b01,2022,public,z_score,-0.000947390409396321
20261005-010838-8084b01,2022,public,pi_nix,0.00028050960969652533
20261005-010838-8084b01,2022,public,at_be,-0.0032390526274565998
20261005-010838-8084b01,2022,public,saleq_gr1,0.0031576318661101755
20261005-010838-8084b01,2022,public,rd_me,0.006435503152286618
20261005-010838-8084b01,2022,public,rd_sale,-0.00011509639865026918
20261005-010838-8084b01,2022,public,opex_at,0.00030900933108297246
20261005-010838-8084b01,2022,public,emp_gr1,0.0008584066886350562
20261005-010838-8084b01,2022,public,rd5_at,-0.0016731840166419923
20261005-010838-8084b01,2022,public,age,0.00022892175965571408
20261005-010838-8084b01,2022,public,dsale_dinv,0.0005613604566820645
20261005-010838-8084b01,2022,public,dsale_drec,-0.00035818131729442815
20261005-010838-8084b01,2022,public,dgp_dsale,0.0011907860880052703
20261005-010838-8084b01,2022,public,dsale_dsga,0.0011655790006950555
20261005-010838-8084b01,2022,public,sale_emp_gr1,0.00024158367391823
20261005-010838-8084b01,2022,public,tangibility,0.001338264961743104
20261005-010838-8084b01,2022,public,kz_index,2.683304097621834e-05
20261005-010838-8084b01,2022,public,ocfq_saleq_std,-0.0009303820536783472
20261005-010838-8084b01,2022,public,cash_at,0.0026827416958224736
20261005-010838-8084b01,2022,public,ni_ar1,-0.0002159587667877416
20261005-010838-8084b01,2022,public,ni_ivol,0.0009194359840002562
20261005-010838-8084b01,2022,public,earnings_variability,-0.0008094542427182828
20261005-010838-8084b01,2022,public,aliq_at,0.001680355579276948
20261005-010838-8084b01,2022,public,aliq_mat,-0.0044762549065514275
20261005-010838-8084b01,2022,public,seas_1_1an,0.0020660519674770114
20261005-010838-8084b01,2022,public,seas_1_1na,-0.006795736474788297
20261005-010838-8084b01,2022,public,seas_2_5an,0.005882318757182011
20261005-010838-8084b01,2022,public,seas_2_5na,0.0017043824128743503
20261005-010838-8084b01,2022,public,seas_6_10an,0.00408811256421232
20261005-010838-8084b01,2022,public,seas_6_10na,-0.0016756396592926422
20261005-010838-8084b01,2022,public,seas_11_15an,0.0025493691890854982
20261005-010838-8084b01,2022,public,seas_11_15na,-0.000873073961876466
20261005-010838-8084b01,2022,public,seas_16_20an,0.002497670960964883
20261005-010838-8084b01,2022,public,seas_16_20na,-0.0004456048196748732
20261005-010838-8084b01,2022,public,market_equity,-0.0017601901478290689
20261005-010838-8084b01,2022,public,ivol_ff3_21d,0.010804995524916237
20261005-010838-8084b01,2022,public,ivol_capm_252d,-0.0014833564463770901
20261005-010838-8084b01,2022,public,ivol_capm_21d,-0.012901175557968799
20261005-010838-8084b01,2022,public,ivol_hxz4_21d,-0.007565493443763566
20261005-010838-8084b01,2022,public,rvol_21d,0.0039301772904529264
20261005-010838-8084b01,2022,public,beta_60m,0.0019316458482572538
20261005-010838-8084b01,2022,public,betabab_1260d,0.0019733449998094316
20261005-010838-8084b01,2022,public,beta_dimson_21d,0.0007470036371186963
20261005-010838-8084b01,2022,public,turnover_126d,-0.008548854177675307
20261005-010838-8084b01,2022,public,turnover_var_126d,0.009835037777550201
20261005-010838-8084b01,2022,public,dolvol_126d,0.0024120675574272684
20261005-010838-8084b01,2022,public,dolvol_var_126d,-0.0096635535659564
20261005-010838-8084b01,2022,public,prc,-0.002517966296807324
20261005-010838-8084b01,2022,public,ami_126d,0.0005906509892823858
20261005-010838-8084b01,2022,public,zero_trades_21d,-0.02295287031760754
20261005-010838-8084b01,2022,public,zero_trades_126d,0.01015272698641459
20261005-010838-8084b01,2022,public,zero_trades_252d,0.0061575268887375575
20261005-010838-8084b01,2022,public,rmax1_21d,-0.0015289484997208736
20261005-010838-8084b01,2022,public,rskew_21d,-0.0002913364305540831
20261005-010838-8084b01,2022,public,iskew_capm_21d,0.00037641074768648774
20261005-010838-8084b01,2022,public,iskew_ff3_21d,0.0016226855079251212
20261005-010838-8084b01,2022,public,iskew_hxz4_21d,0.0008944037203437499
20261005-010838-8084b01,2022,public,coskew_21d,0.0004020354607219844
20261005-010838-8084b01,2022,public,ret_1_0,-0.008249569700334726
20261005-010838-8084b01,2022,public,betadown_252d,0.0005489168523419297
20261005-010838-8084b01,2022,public,bidaskhl_21d,0.000836736373058702
20261005-010838-8084b01,2022,public,ret_3_1,-0.00225344322075102
20261005-010838-8084b01,2022,public,ret_9_1,0.004222922006795121
20261005-010838-8084b01,2022,public,ret_12_7,0.003542648676092182
20261005-010838-8084b01,2022,public,corr_1260d,-0.0015369128422190494
20261005-010838-8084b01,2022,public,rmax5_21d,0.0032188905803900705
20261005-010838-8084b01,2022,public,rmax5_rvol_21d,-0.005048824348501469
20261005-010838-8084b01,2022,public,ni_be,0.0011022822257694448
20261005-010838-8084b01,2022,public,ocf_at,-0.0026414300183838168
20261005-010838-8084b01,2022,public,ocf_at_chg1,-0.0004185769204775501
20261005-010838-8084b01,2022,public,mispricing_perf,0.00037782985332432623
20261005-010838-8084b01,2022,public,mispricing_mgmt,-0.0014756831561701874
20261005-010838-8084b01,2022,public,qmj,-0.005036026015261855
20261005-010838-8084b01,2022,public,qmj_prof,0.004176587860181299
20261005-010838-8084b01,2022,public,qmj_growth,0.003575858596146409
20261005-010838-8084b01,2022,public,qmj_safety,0.00033754784875259414
20261005-010838-8084b01,2022,full,niq_su,0.000324199043092448
20261005-010838-8084b01,2022,full,ret_6_1,0.0007292619625835485
20261005-010838-8084b01,2022,full,ret_12_1,0.004142823143024785
20261005-010838-8084b01,2022,full,saleq_su,0.0009073919183260154
20261005-010838-8084b01,2022,full,tax_gr1a,-0.0005606306082745678
20261005-010838-8084b01,2022,full,ni_inc8q,0.00015998691990062752
20261005-010838-8084b01,2022,full,prc_highprc_252d,0.008100753395055489
20261005-010838-8084b01,2022,full,resff3_6_1,-0.0008732557968058517
20261005-010838-8084b01,2022,full,resff3_12_1,0.0033496442730224273
20261005-010838-8084b01,2022,full,be_me,0.006847010821178315
20261005-010838-8084b01,2022,full,debt_me,-0.0028543874175705284
20261005-010838-8084b01,2022,full,at_me,0.006332510881468106
20261005-010838-8084b01,2022,full,ret_60_12,-0.0028337042458155795
20261005-010838-8084b01,2022,full,ni_me,-0.001234214768124333
20261005-010838-8084b01,2022,full,fcf_me,0.0008106509896822177
20261005-010838-8084b01,2022,full,div12m_me,0.0008598531296527735
20261005-010838-8084b01,2022,full,eqpo_me,-0.0021446999173222792
20261005-010838-8084b01,2022,full,eqnpo_me,0.0010394288183575614
20261005-010838-8084b01,2022,full,sale_gr3,0.0016028325127653274
20261005-010838-8084b01,2022,full,sale_gr1,-0.0021177313191082106
20261005-010838-8084b01,2022,full,ebitda_mev,-0.0009607960459046297
20261005-010838-8084b01,2022,full,sale_me,0.0036610591683946076
20261005-010838-8084b01,2022,full,ocf_me,0.002175952059928074
20261005-010838-8084b01,2022,full,ival_me,-0.00011423652989279614
20261005-010838-8084b01,2022,full,bev_mev,0.0037095811033828236
20261005-010838-8084b01,2022,full,netdebt_me,-0.0034602849634295437
20261005-010838-8084b01,2022,full,eq_dur,-0.00039221672838322556
20261005-010838-8084b01,2022,full,capex_abn,0.00014156254755903365
20261005-010838-8084b01,2022,full,at_gr1,0.0007971002055554629
20261005-010838-8084b01,2022,full,ppeinv_gr1a,-0.0005113930634495761
20261005-010838-8084b01,2022,full,noa_at,-0.0034082112107742465
20261005-010838-8084b01,2022,full,noa_gr1a,0.0009617389040433237
20261005-010838-8084b01,2022,full,lnoa_gr1a,-0.0004601597076130998
20261005-010838-8084b01,2022,full,capx_gr1,-0.0015543730593421759
20261005-010838-8084b01,2022,full,capx_gr2,-0.0006157006181306464
20261005-010838-8084b01,2022,full,capx_gr3,0.0005161370724586383
20261005-010838-8084b01,2022,full,chcsho_12m,-0.0024135208789793404
20261005-010838-8084b01,2022,full,eqnpo_12m,-0.0015821713806538338
20261005-010838-8084b01,2022,full,debt_gr3,-0.001176142141045308
20261005-010838-8084b01,2022,full,inv_gr1,0.00013092521620433677
20261005-010838-8084b01,2022,full,inv_gr1a,-0.0014487184735276382
20261005-010838-8084b01,2022,full,oaccruals_at,-0.00040057216648374685
20261005-010838-8084b01,2022,full,taccruals_at,-0.0010800348497672818
20261005-010838-8084b01,2022,full,cowc_gr1a,0.00010573860970311557
20261005-010838-8084b01,2022,full,coa_gr1a,-0.0009347896388522506
20261005-010838-8084b01,2022,full,col_gr1a,0.00043744460785585283
20261005-010838-8084b01,2022,full,nncoa_gr1a,0.0007540222300669122
20261005-010838-8084b01,2022,full,ncoa_gr1a,-0.0013153457807645675
20261005-010838-8084b01,2022,full,ncol_gr1a,0.0008179134029591278
20261005-010838-8084b01,2022,full,nfna_gr1a,0.000373984827096474
20261005-010838-8084b01,2022,full,sti_gr1a,-0.0010335989856533937
20261005-010838-8084b01,2022,full,lti_gr1a,-0.000462933834660786
20261005-010838-8084b01,2022,full,fnl_gr1a,-0.0005999923511598933
20261005-010838-8084b01,2022,full,be_gr1a,-0.003916468489401489
20261005-010838-8084b01,2022,full,oaccruals_ni,-0.00016718994195101351
20261005-010838-8084b01,2022,full,taccruals_ni,0.001872691252024385
20261005-010838-8084b01,2022,full,netis_at,-0.0001904159868401051
20261005-010838-8084b01,2022,full,eqnetis_at,-0.0003421093716780941
20261005-010838-8084b01,2022,full,dbnetis_at,0.0004202602534142601
20261005-010838-8084b01,2022,full,niq_be,0.0033860970757155565
20261005-010838-8084b01,2022,full,niq_be_chg1,0.00023347914190315907
20261005-010838-8084b01,2022,full,niq_at,0.0029705460661398316
20261005-010838-8084b01,2022,full,niq_at_chg1,8.093175655105371e-05
20261005-010838-8084b01,2022,full,ebit_bev,-0.0038043736240816434
20261005-010838-8084b01,2022,full,ebit_sale,0.0020642303933612895
20261005-010838-8084b01,2022,full,sale_bev,0.002580608172712219
20261005-010838-8084b01,2022,full,at_turnover,-0.0026972728073396714
20261005-010838-8084b01,2022,full,gp_at,0.003016447839384993
20261005-010838-8084b01,2022,full,gp_atl1,-0.002732190423711369
20261005-010838-8084b01,2022,full,ope_be,5.4688820060552114e-05
20261005-010838-8084b01,2022,full,ope_bel1,0.0003338984712698324
20261005-010838-8084b01,2022,full,op_at,0.004526554102661049
20261005-010838-8084b01,2022,full,op_atl1,0.004257539004483374
20261005-010838-8084b01,2022,full,cop_at,0.003478323232026057
20261005-010838-8084b01,2022,full,cop_atl1,-0.0015376360688232592
20261005-010838-8084b01,2022,full,f_score,-0.0009046534517920867
20261005-010838-8084b01,2022,full,o_score,0.0059395190653928455
20261005-010838-8084b01,2022,full,z_score,-0.000947390409396321
20261005-010838-8084b01,2022,full,pi_nix,0.00028050960969652533
20261005-010838-8084b01,2022,full,at_be,-0.0032390526274565998
20261005-010838-8084b01,2022,full,saleq_gr1,0.0031576318661101755
20261005-010838-8084b01,2022,full,rd_me,0.006435503152286618
20261005-010838-8084b01,2022,full,rd_sale,-0.00011509639865026918
20261005-010838-8084b01,2022,full,opex_at,0.00030900933108297246
20261005-010838-8084b01,2022,full,emp_gr1,0.0008584066886350562
20261005-010838-8084b01,2022,full,rd5_at,-0.0016731840166419923
20261005-010838-8084b01,2022,full,age,0.00022892175965571408
20261005-010838-8084b01,2022,full,dsale_dinv,0.0005613604566820645
20261005-010838-8084b01,2022,full,dsale_drec,-0.00035818131729442815
20261005-010838-8084b01,2022,full,dgp_dsale,0.0011907860880052703
20261005-010838-8084b01,2022,full,dsale_dsga,0.0011655790006950555
20261005-010838-8084b01,2022,full,sale_emp_gr1,0.00024158367391823
20261005-010838-8084b01,2022,full,tangibility,0.001338264961743104
20261005-010838-8084b01,2022,full,kz_index,2.683304097621834e-05
20261005-010838-8084b01,2022,full,ocfq_saleq_std,-0.0009303820536783472
20261005-010838-8084b01,2022,full,cash_at,0.0026827416958224736
20261005-010838-8084b01,2022,full,ni_ar1,-0.0002159587667877416
20261005-010838-8084b01,2022,full,ni_ivol,0.0009194359840002562
20261005-010838-8084b01,2022,full,earnings_variability,-0.0008094542427182828
20261005-010838-8084b01,2022,full,aliq_at,0.001680355579276948
20261005-010838-8084b01,2022,full,aliq_mat,-0.0044762549065514275
20261005-010838-8084b01,2022,full,seas_1_1an,0.0020660519674770114
20261005-010838-8084b01,2022,full,seas_1_1na,-0.006795736474788297
20261005-010838-8084b01,2022,full,seas_2_5an,0.005882318757182011
20261005-010838-8084b01,2022,full,seas_2_5na,0.0017043824128743503
20261005-010838-8084b01,2022,full,seas_6_10an,0.00408811256421232
20261005-010838-8084b01,2022,full,seas_6_10na,-0.0016756396592926422
20261005-010838-8084b01,2022,full,seas_11_15an,0.0025493691890854982
20261005-010838-8084b01,2022,full,seas_11_15na,-0.000873073961876466
20261005-010838-8084b01,2022,full,seas_16_20an,0.002497670960964883
20261005-010838-8084b01,2022,full,seas_16_20na,-0.0004456048196748732
20261005-010838-8084b01,2022,full,market_equity,-0.0017601901478290689
20261005-010838-8084b01,2022,full,ivol_ff3_21d,0.010804995524916237
20261005-010838-8084b01,2022,full,ivol_capm_252d,-0.0014833564463770901
20261005-010838-8084b01,2022,full,ivol_capm_21d,-0.012901175557968799
20261005-010838-8084b01,2022,full,ivol_hxz4_21d,-0.007565493443763566
20261005-010838-8084b01,2022,full,rvol_21d,0.0039301772904529264
20261005-010838-8084b01,2022,full,beta_60m,0.0019316458482572538
20261005-010838-8084b01,2022,full,betabab_1260d,0.0019733449998094316
20261005-010838-8084b01,2022,full,beta_dimson_21d,0.0007470036371186963
20261005-010838-8084b01,2022,full,turnover_126d,-0.008548854177675307
20261005-010838-8084b01,2022,full,turnover_var_126d,0.009835037777550201
20261005-010838-8084b01,2022,full,dolvol_126d,0.0024120675574272684
20261005-010838-8084b01,2022,full,dolvol_var_126d,-0.0096635535659564
20261005-010838-8084b01,2022,full,prc,-0.002517966296807324
20261005-010838-8084b01,2022,full,ami_126d,0.0005906509892823858
20261005-010838-8084b01,2022,full,zero_trades_21d,-0.02295287031760754
20261005-010838-8084b01,2022,full,zero_trades_126d,0.01015272698641459
20261005-010838-8084b01,2022,full,zero_trades_252d,0.0061575268887375575
20261005-010838-8084b01,2022,full,rmax1_21d,-0.0015289484997208736
20261005-010838-8084b01,2022,full,rskew_21d,-0.0002913364305540831
20261005-010838-8084b01,2022,full,iskew_capm_21d,0.00037641074768648774
20261005-010838-8084b01,2022,full,iskew_ff3_21d,0.0016226855079251212
20261005-010838-8084b01,2022,full,iskew_hxz4_21d,0.0008944037203437499
20261005-010838-8084b01,2022,full,coskew_21d,0.0004020354607219844
20261005-010838-8084b01,2022,full,ret_1_0,-0.008249569700334726
20261005-010838-8084b01,2022,full,betadown_252d,0.0005489168523419297
20261005-010838-8084b01,2022,full,bidaskhl_21d,0.000836736373058702
20261005-010838-8084b01,2022,full,ret_3_1,-0.00225344322075102
20261005-010838-8084b01,2022,full,ret_9_1,0.004222922006795121
20261005-010838-8084b01,2022,full,ret_12_7,0.003542648676092182
20261005-010838-8084b01,2022,full,corr_1260d,-0.0015369128422190494
20261005-010838-8084b01,2022,full,rmax5_21d,0.0032188905803900705
20261005-010838-8084b01,2022,full,rmax5_rvol_21d,-0.005048824348501469
20261005-010838-8084b01,2022,full,ni_be,0.0011022822257694448
20261005-010838-8084b01,2022,full,ocf_at,-0.0026414300183838168
20261005-010838-8084b01,2022,full,ocf_at_chg1,-0.0004185769204775501
20261005-010838-8084b01,2022,full,mispricing_perf,0.00037782985332432623
20261005-010838-8084b01,2022,full,mispricing_mgmt,-0.0014756831561701874
20261005-010838-8084b01,2022,full,qmj,-0.005036026015261855
20261005-010838-8084b01,2022,full,qmj_prof,0.004176587860181299
20261005-010838-8084b01,2022,full,qmj_growth,0.003575858596146409
20261005-010838-8084b01,2022,full,qmj_safety,0.00033754784875259414
20261005-010838-8084b01,2024,public,niq_su,-0.00011262266735078167
20261005-010838-8084b01,2024,public,ret_6_1,0.0023046242467933045
20261005-010838-8084b01,2024,public,ret_12_1,0.006006943489088214
20261005-010838-8084b01,2024,public,saleq_su,0.00091465540829406
20261005-010838-8084b01,2024,public,tax_gr1a,-0.0006022267128112021
20261005-010838-8084b01,2024,public,ni_inc8q,-0.00035323457444915395
20261005-010838-8084b01,2024,public,prc_highprc_252d,0.0069843458428248155
20261005-010838-8084b01,2024,public,resff3_6_1,-0.001008883922166872
20261005-010838-8084b01,2024,public,resff3_12_1,0.0025802343906823583
20261005-010838-8084b01,2024,public,be_me,0.006364051527647513
20261005-010838-8084b01,2024,public,debt_me,-0.0020711204453354288
20261005-010838-8084b01,2024,public,at_me,0.0012129763089513115
20261005-010838-8084b01,2024,public,ret_60_12,-0.0019349548377003733
20261005-010838-8084b01,2024,public,ni_me,0.001927569368212215
20261005-010838-8084b01,2024,public,fcf_me,0.0009928750496533852
20261005-010838-8084b01,2024,public,div12m_me,-4.58790293950437e-05
20261005-010838-8084b01,2024,public,eqpo_me,-0.00228046963575868
20261005-010838-8084b01,2024,public,eqnpo_me,0.0009689783617276696
20261005-010838-8084b01,2024,public,sale_gr3,0.0016263447552268891
20261005-010838-8084b01,2024,public,sale_gr1,-0.002030893975899808
20261005-010838-8084b01,2024,public,ebitda_mev,-0.0005470956164065315
20261005-010838-8084b01,2024,public,sale_me,0.003944508938972609
20261005-010838-8084b01,2024,public,ocf_me,0.0023127516182340456
20261005-010838-8084b01,2024,public,ival_me,-0.0014981507812522285
20261005-010838-8084b01,2024,public,bev_mev,0.005115690022782986
20261005-010838-8084b01,2024,public,netdebt_me,-0.0030259509607977676
20261005-010838-8084b01,2024,public,eq_dur,-0.001402335125180117
20261005-010838-8084b01,2024,public,capex_abn,5.9175882754533623e-05
20261005-010838-8084b01,2024,public,at_gr1,0.0008981006585829575
20261005-010838-8084b01,2024,public,ppeinv_gr1a,-0.0009525049850873202
20261005-010838-8084b01,2024,public,noa_at,-0.0037405688547408012
20261005-010838-8084b01,2024,public,noa_gr1a,0.0007499752318586233
20261005-010838-8084b01,2024,public,lnoa_gr1a,-0.0003835097011843759
20261005-010838-8084b01,2024,public,capx_gr1,-0.0013620984284937524
20261005-010838-8084b01,2024,public,capx_gr2,-0.0005552014770256361
20261005-010838-8084b01,2024,public,capx_gr3,0.0007723377183826831
20261005-010838-8084b01,2024,public,chcsho_12m,-0.003319940431576664
20261005-010838-8084b01,2024,public,eqnpo_12m,-0.0017341133902590976
20261005-010838-8084b01,2024,public,debt_gr3,-0.0011920456836861319
20261005-010838-8084b01,2024,public,inv_gr1,0.00042610752476322875
20261005-010838-8084b01,2024,public,inv_gr1a,-0.0012167182180349717
20261005-010838-8084b01,2024,public,oaccruals_at,9.030714323341958e-05
20261005-010838-8084b01,2024,public,taccruals_at,-0.00045928770843643073
20261005-010838-8084b01,2024,public,cowc_gr1a,-0.00012134872279968796
20261005-010838-8084b01,2024,public,coa_gr1a,-0.0009506159247174306
20261005-010838-8084b01,2024,public,col_gr1a,0.00012628634755440106
20261005-010838-8084b01,2024,public,nncoa_gr1a,0.0008650069652590033
20261005-010838-8084b01,2024,public,ncoa_gr1a,-0.001515318858792484
20261005-010838-8084b01,2024,public,ncol_gr1a,0.0008895215191722248
20261005-010838-8084b01,2024,public,nfna_gr1a,0.0005092188679702018
20261005-010838-8084b01,2024,public,sti_gr1a,-0.0009037948960558195
20261005-010838-8084b01,2024,public,lti_gr1a,-0.0005756914048045286
20261005-010838-8084b01,2024,public,fnl_gr1a,-0.0009326536153426417
20261005-010838-8084b01,2024,public,be_gr1a,-0.003737724814943235
20261005-010838-8084b01,2024,public,oaccruals_ni,-0.0005759588784477044
20261005-010838-8084b01,2024,public,taccruals_ni,0.0008489033098531354
20261005-010838-8084b01,2024,public,netis_at,-0.0006224583278805603
20261005-010838-8084b01,2024,public,eqnetis_at,-0.00029924007324208946
20261005-010838-8084b01,2024,public,dbnetis_at,0.0007832980315760513
20261005-010838-8084b01,2024,public,niq_be,0.003990488960307136
20261005-010838-8084b01,2024,public,niq_be_chg1,0.00040234441269678534
20261005-010838-8084b01,2024,public,niq_at,0.0024582113128339784
20261005-010838-8084b01,2024,public,niq_at_chg1,0.00025926005474492895
20261005-010838-8084b01,2024,public,ebit_bev,-0.0035189250723932537
20261005-010838-8084b01,2024,public,ebit_sale,0.0021789795683801057
20261005-010838-8084b01,2024,public,sale_bev,0.0030295238534639728
20261005-010838-8084b01,2024,public,at_turnover,0.00014165292741854057
20261005-010838-8084b01,2024,public,gp_at,0.005947247212479386
20261005-010838-8084b01,2024,public,gp_atl1,-0.004436347821902339
20261005-010838-8084b01,2024,public,ope_be,-0.0005268014147747401
20261005-010838-8084b01,2024,public,ope_bel1,0.00047299234331023933
20261005-010838-8084b01,2024,public,op_at,0.004650941310215962
20261005-010838-8084b01,2024,public,op_atl1,0.003935923758107094
20261005-010838-8084b01,2024,public,cop_at,0.002760692600444234
20261005-010838-8084b01,2024,public,cop_atl1,-0.0009771720218385927
20261005-010838-8084b01,2024,public,f_score,-0.0012069526258931807
20261005-010838-8084b01,2024,public,o_score,0.005821919428683166
20261005-010838-8084b01,2024,public,z_score,0.0010060587709947082
20261005-010838-8084b01,2024,public,pi_nix,-5.014341913140304e-05
20261005-010838-8084b01,2024,public,at_be,-0.001145442357249309
20261005-010838-8084b01,2024,public,saleq_gr1,0.002987931338845026
20261005-010838-8084b01,2024,public,rd_me,0.006725841933858615
20261005-010838-8084b01,2024,public,rd_sale,-0.000554653552319989
20261005-010838-8084b01,2024,public,opex_at,-0.0038484774473978205
20261005-010838-8084b01,2024,public,emp_gr1,0.0011786572544376097
20261005-010838-8084b01,2024,public,rd5_at,-0.0016938253115885977
20261005-010838-8084b01,2024,public,age,0.00027653241330836476
20261005-010838-8084b01,2024,public,dsale_dinv,0.0007898315410679257
20261005-010838-8084b01,2024,public,dsale_drec,-0.0005092993355692913
20261005-010838-8084b01,2024,public,dgp_dsale,0.0011479953389703867
20261005-010838-8084b01,2024,public,dsale_dsga,0.001029125656380366
20261005-010838-8084b01,2024,public,sale_emp_gr1,0.0001575534857988285
20261005-010838-8084b01,2024,public,tangibility,0.001187904128172238
20261005-010838-8084b01,2024,public,kz_index,-0.0006965744624995675
20261005-010838-8084b01,2024,public,ocfq_saleq_std,-0.0011887259811280667
20261005-010838-8084b01,2024,public,cash_at,0.0024288739354875618
20261005-010838-8084b01,2024,public,ni_ar1,-2.4934772881067853e-05
20261005-010838-8084b01,2024,public,ni_ivol,0.0013778012377431142
20261005-010838-8084b01,2024,public,earnings_variability,-0.0008230917667599628
20261005-010838-8084b01,2024,public,aliq_at,0.0017925056793249752
20261005-010838-8084b01,2024,public,aliq_mat,-0.003318200053055252
20261005-010838-8084b01,2024,public,seas_1_1an,0.0012863318125467258
20261005-010838-8084b01,2024,public,seas_1_1na,-0.008787475615742307
20261005-010838-8084b01,2024,public,seas_2_5an,0.005366583606203121
20261005-010838-8084b01,2024,public,seas_2_5na,0.0012116479896881445
20261005-010838-8084b01,2024,public,seas_6_10an,0.0038272349479714423
20261005-010838-8084b01,2024,public,seas_6_10na,-0.0017374056056040986
20261005-010838-8084b01,2024,public,seas_11_15an,0.0025798361175165675
20261005-010838-8084b01,2024,public,seas_11_15na,-0.0009998279006178939
20261005-010838-8084b01,2024,public,seas_16_20an,0.002424637158754581
20261005-010838-8084b01,2024,public,seas_16_20na,-0.0006806473041206569
20261005-010838-8084b01,2024,public,market_equity,0.0017912298603764767
20261005-010838-8084b01,2024,public,ivol_ff3_21d,0.012951778511438378
20261005-010838-8084b01,2024,public,ivol_capm_252d,-0.002607817747207828
20261005-010838-8084b01,2024,public,ivol_capm_21d,-0.011798179657683316
20261005-010838-8084b01,2024,public,ivol_hxz4_21d,-0.008958147913917388
20261005-010838-8084b01,2024,public,rvol_21d,0.0029136957426236913
20261005-010838-8084b01,2024,public,beta_60m,0.0015488731324548608
20261005-010838-8084b01,2024,public,betabab_1260d,0.0023996794412753375
20261005-010838-8084b01,2024,public,beta_dimson_21d,0.0006383468064550642
20261005-010838-8084b01,2024,public,turnover_126d,-0.0073008218124115
20261005-010838-8084b01,2024,public,turnover_var_126d,0.013519296604104475
20261005-010838-8084b01,2024,public,dolvol_126d,0.001471857269670223
20261005-010838-8084b01,2024,public,dolvol_var_126d,-0.013680756998473024
20261005-010838-8084b01,2024,public,prc,-0.0015204504631803654
20261005-010838-8084b01,2024,public,ami_126d,0.0028274556021374783
20261005-010838-8084b01,2024,public,zero_trades_21d,-0.020153893518729187
20261005-010838-8084b01,2024,public,zero_trades_126d,0.008943702273222318
20261005-010838-8084b01,2024,public,zero_trades_252d,0.005652650299584464
20261005-010838-8084b01,2024,public,rmax1_21d,-0.0018439563941566068
20261005-010838-8084b01,2024,public,rskew_21d,-0.00015098090756271776
20261005-010838-8084b01,2024,public,iskew_capm_21d,0.00045356985539946184
20261005-010838-8084b01,2024,public,iskew_ff3_21d,0.0014638603453774831
20261005-010838-8084b01,2024,public,iskew_hxz4_21d,0.0009676354457941192
20261005-010838-8084b01,2024,public,coskew_21d,0.00044572829198259847
20261005-010838-8084b01,2024,public,ret_1_0,-0.006396986865092448
20261005-010838-8084b01,2024,public,betadown_252d,0.0005842017497940688
20261005-010838-8084b01,2024,public,bidaskhl_21d,0.00027126313233896357
20261005-010838-8084b01,2024,public,ret_3_1,-0.0018683754783801725
20261005-010838-8084b01,2024,public,ret_9_1,0.005034813010817128
20261005-010838-8084b01,2024,public,ret_12_7,0.0044300178603074595
20261005-010838-8084b01,2024,public,corr_1260d,-0.0020926461575075266
20261005-010838-8084b01,2024,public,rmax5_21d,0.0013801957622511984
20261005-010838-8084b01,2024,public,rmax5_rvol_21d,-0.004598078658917078
20261005-010838-8084b01,2024,public,ni_be,-0.00040370249449647207
20261005-010838-8084b01,2024,public,ocf_at,-0.001511838945541133
20261005-010838-8084b01,2024,public,ocf_at_chg1,-0.00041597836822993207
20261005-010838-8084b01,2024,public,mispricing_perf,-0.0005357794414633374
20261005-010838-8084b01,2024,public,mispricing_mgmt,-0.0023415618534232963
20261005-010838-8084b01,2024,public,qmj,-0.006350134721726422
20261005-010838-8084b01,2024,public,qmj_prof,0.0025004553325306644
20261005-010838-8084b01,2024,public,qmj_growth,0.003833538131874126
20261005-010838-8084b01,2024,public,qmj_safety,0.0006042725921624586
20261005-010838-8084b01,2024,full,niq_su,-0.00011262266735078167
20261005-010838-8084b01,2024,full,ret_6_1,0.0023046242467933045
20261005-010838-8084b01,2024,full,ret_12_1,0.006006943489088214
20261005-010838-8084b01,2024,full,saleq_su,0.00091465540829406
20261005-010838-8084b01,2024,full,tax_gr1a,-0.0006022267128112021
20261005-010838-8084b01,2024,full,ni_inc8q,-0.00035323457444915395
20261005-010838-8084b01,2024,full,prc_highprc_252d,0.0069843458428248155
20261005-010838-8084b01,2024,full,resff3_6_1,-0.001008883922166872
20261005-010838-8084b01,2024,full,resff3_12_1,0.0025802343906823583
20261005-010838-8084b01,2024,full,be_me,0.006364051527647513
20261005-010838-8084b01,2024,full,debt_me,-0.0020711204453354288
20261005-010838-8084b01,2024,full,at_me,0.0012129763089513115
20261005-010838-8084b01,2024,full,ret_60_12,-0.0019349548377003733
20261005-010838-8084b01,2024,full,ni_me,0.001927569368212215
20261005-010838-8084b01,2024,full,fcf_me,0.0009928750496533852
20261005-010838-8084b01,2024,full,div12m_me,-4.58790293950437e-05
20261005-010838-8084b01,2024,full,eqpo_me,-0.00228046963575868
20261005-010838-8084b01,2024,full,eqnpo_me,0.0009689783617276696
20261005-010838-8084b01,2024,full,sale_gr3,0.0016263447552268891
20261005-010838-8084b01,2024,full,sale_gr1,-0.002030893975899808
20261005-010838-8084b01,2024,full,ebitda_mev,-0.0005470956164065315
20261005-010838-8084b01,2024,full,sale_me,0.003944508938972609
20261005-010838-8084b01,2024,full,ocf_me,0.0023127516182340456
20261005-010838-8084b01,2024,full,ival_me,-0.0014981507812522285
20261005-010838-8084b01,2024,full,bev_mev,0.005115690022782986
20261005-010838-8084b01,2024,full,netdebt_me,-0.0030259509607977676
20261005-010838-8084b01,2024,full,eq_dur,-0.001402335125180117
20261005-010838-8084b01,2024,full,capex_abn,5.9175882754533623e-05
20261005-010838-8084b01,2024,full,at_gr1,0.0008981006585829575
20261005-010838-8084b01,2024,full,ppeinv_gr1a,-0.0009525049850873202
20261005-010838-8084b01,2024,full,noa_at,-0.0037405688547408012
20261005-010838-8084b01,2024,full,noa_gr1a,0.0007499752318586233
20261005-010838-8084b01,2024,full,lnoa_gr1a,-0.0003835097011843759
20261005-010838-8084b01,2024,full,capx_gr1,-0.0013620984284937524
20261005-010838-8084b01,2024,full,capx_gr2,-0.0005552014770256361
20261005-010838-8084b01,2024,full,capx_gr3,0.0007723377183826831
20261005-010838-8084b01,2024,full,chcsho_12m,-0.003319940431576664
20261005-010838-8084b01,2024,full,eqnpo_12m,-0.0017341133902590976
20261005-010838-8084b01,2024,full,debt_gr3,-0.0011920456836861319
20261005-010838-8084b01,2024,full,inv_gr1,0.00042610752476322875
20261005-010838-8084b01,2024,full,inv_gr1a,-0.0012167182180349717
20261005-010838-8084b01,2024,full,oaccruals_at,9.030714323341958e-05
20261005-010838-8084b01,2024,full,taccruals_at,-0.00045928770843643073
20261005-010838-8084b01,2024,full,cowc_gr1a,-0.00012134872279968796
20261005-010838-8084b01,2024,full,coa_gr1a,-0.0009506159247174306
20261005-010838-8084b01,2024,full,col_gr1a,0.00012628634755440106
20261005-010838-8084b01,2024,full,nncoa_gr1a,0.0008650069652590033
20261005-010838-8084b01,2024,full,ncoa_gr1a,-0.001515318858792484
20261005-010838-8084b01,2024,full,ncol_gr1a,0.0008895215191722248
20261005-010838-8084b01,2024,full,nfna_gr1a,0.0005092188679702018
20261005-010838-8084b01,2024,full,sti_gr1a,-0.0009037948960558195
20261005-010838-8084b01,2024,full,lti_gr1a,-0.0005756914048045286
20261005-010838-8084b01,2024,full,fnl_gr1a,-0.0009326536153426417
20261005-010838-8084b01,2024,full,be_gr1a,-0.003737724814943235
20261005-010838-8084b01,2024,full,oaccruals_ni,-0.0005759588784477044
20261005-010838-8084b01,2024,full,taccruals_ni,0.0008489033098531354
20261005-010838-8084b01,2024,full,netis_at,-0.0006224583278805603
20261005-010838-8084b01,2024,full,eqnetis_at,-0.00029924007324208946
20261005-010838-8084b01,2024,full,dbnetis_at,0.0007832980315760513
20261005-010838-8084b01,2024,full,niq_be,0.003990488960307136
20261005-010838-8084b01,2024,full,niq_be_chg1,0.00040234441269678534
20261005-010838-8084b01,2024,full,niq_at,0.0024582113128339784
20261005-010838-8084b01,2024,full,niq_at_chg1,0.00025926005474492895
20261005-010838-8084b01,2024,full,ebit_bev,-0.0035189250723932537
20261005-010838-8084b01,2024,full,ebit_sale,0.0021789795683801057
20261005-010838-8084b01,2024,full,sale_bev,0.0030295238534639728
20261005-010838-8084b01,2024,full,at_turnover,0.00014165292741854057
20261005-010838-8084b01,2024,full,gp_at,0.005947247212479386
20261005-010838-8084b01,2024,full,gp_atl1,-0.004436347821902339
20261005-010838-8084b01,2024,full,ope_be,-0.0005268014147747401
20261005-010838-8084b01,2024,full,ope_bel1,0.00047299234331023933
20261005-010838-8084b01,2024,full,op_at,0.004650941310215962
20261005-010838-8084b01,2024,full,op_atl1,0.003935923758107094
20261005-010838-8084b01,2024,full,cop_at,0.002760692600444234
20261005-010838-8084b01,2024,full,cop_atl1,-0.0009771720218385927
20261005-010838-8084b01,2024,full,f_score,-0.0012069526258931807
20261005-010838-8084b01,2024,full,o_score,0.005821919428683166
20261005-010838-8084b01,2024,full,z_score,0.0010060587709947082
20261005-010838-8084b01,2024,full,pi_nix,-5.014341913140304e-05
20261005-010838-8084b01,2024,full,at_be,-0.001145442357249309
20261005-010838-8084b01,2024,full,saleq_gr1,0.002987931338845026
20261005-010838-8084b01,2024,full,rd_me,0.006725841933858615
20261005-010838-8084b01,2024,full,rd_sale,-0.000554653552319989
20261005-010838-8084b01,2024,full,opex_at,-0.0038484774473978205
20261005-010838-8084b01,2024,full,emp_gr1,0.0011786572544376097
20261005-010838-8084b01,2024,full,rd5_at,-0.0016938253115885977
20261005-010838-8084b01,2024,full,age,0.00027653241330836476
20261005-010838-8084b01,2024,full,dsale_dinv,0.0007898315410679257
20261005-010838-8084b01,2024,full,dsale_drec,-0.0005092993355692913
20261005-010838-8084b01,2024,full,dgp_dsale,0.0011479953389703867
20261005-010838-8084b01,2024,full,dsale_dsga,0.001029125656380366
20261005-010838-8084b01,2024,full,sale_emp_gr1,0.0001575534857988285
20261005-010838-8084b01,2024,full,tangibility,0.001187904128172238
20261005-010838-8084b01,2024,full,kz_index,-0.0006965744624995675
20261005-010838-8084b01,2024,full,ocfq_saleq_std,-0.0011887259811280667
20261005-010838-8084b01,2024,full,cash_at,0.0024288739354875618
20261005-010838-8084b01,2024,full,ni_ar1,-2.4934772881067853e-05
20261005-010838-8084b01,2024,full,ni_ivol,0.0013778012377431142
20261005-010838-8084b01,2024,full,earnings_variability,-0.0008230917667599628
20261005-010838-8084b01,2024,full,aliq_at,0.0017925056793249752
20261005-010838-8084b01,2024,full,aliq_mat,-0.003318200053055252
20261005-010838-8084b01,2024,full,seas_1_1an,0.0012863318125467258
20261005-010838-8084b01,2024,full,seas_1_1na,-0.008787475615742307
20261005-010838-8084b01,2024,full,seas_2_5an,0.005366583606203121
20261005-010838-8084b01,2024,full,seas_2_5na,0.0012116479896881445
20261005-010838-8084b01,2024,full,seas_6_10an,0.0038272349479714423
20261005-010838-8084b01,2024,full,seas_6_10na,-0.0017374056056040986
20261005-010838-8084b01,2024,full,seas_11_15an,0.0025798361175165675
20261005-010838-8084b01,2024,full,seas_11_15na,-0.0009998279006178939
20261005-010838-8084b01,2024,full,seas_16_20an,0.002424637158754581
20261005-010838-8084b01,2024,full,seas_16_20na,-0.0006806473041206569
20261005-010838-8084b01,2024,full,market_equity,0.0017912298603764767
20261005-010838-8084b01,2024,full,ivol_ff3_21d,0.012951778511438378
20261005-010838-8084b01,2024,full,ivol_capm_252d,-0.002607817747207828
20261005-010838-8084b01,2024,full,ivol_capm_21d,-0.011798179657683316
20261005-010838-8084b01,2024,full,ivol_hxz4_21d,-0.008958147913917388
20261005-010838-8084b01,2024,full,rvol_21d,0.0029136957426236913
20261005-010838-8084b01,2024,full,beta_60m,0.0015488731324548608
20261005-010838-8084b01,2024,full,betabab_1260d,0.0023996794412753375
20261005-010838-8084b01,2024,full,beta_dimson_21d,0.0006383468064550642
20261005-010838-8084b01,2024,full,turnover_126d,-0.0073008218124115
20261005-010838-8084b01,2024,full,turnover_var_126d,0.013519296604104475
20261005-010838-8084b01,2024,full,dolvol_126d,0.001471857269670223
20261005-010838-8084b01,2024,full,dolvol_var_126d,-0.013680756998473024
20261005-010838-8084b01,2024,full,prc,-0.0015204504631803654
20261005-010838-8084b01,2024,full,ami_126d,0.0028274556021374783
20261005-010838-8084b01,2024,full,zero_trades_21d,-0.020153893518729187
20261005-010838-8084b01,2024,full,zero_trades_126d,0.008943702273222318
20261005-010838-8084b01,2024,full,zero_trades_252d,0.005652650299584464
20261005-010838-8084b01,2024,full,rmax1_21d,-0.0018439563941566068
20261005-010838-8084b01,2024,full,rskew_21d,-0.00015098090756271776
20261005-010838-8084b01,2024,full,iskew_capm_21d,0.00045356985539946184
20261005-010838-8084b01,2024,full,iskew_ff3_21d,0.0014638603453774831
20261005-010838-8084b01,2024,full,iskew_hxz4_21d,0.0009676354457941192
20261005-010838-8084b01,2024,full,coskew_21d,0.00044572829198259847
20261005-010838-8084b01,2024,full,ret_1_0,-0.006396986865092448
20261005-010838-8084b01,2024,full,betadown_252d,0.0005842017497940688
20261005-010838-8084b01,2024,full,bidaskhl_21d,0.00027126313233896357
20261005-010838-8084b01,2024,full,ret_3_1,-0.0018683754783801725
20261005-010838-8084b01,2024,full,ret_9_1,0.005034813010817128
20261005-010838-8084b01,2024,full,ret_12_7,0.0044300178603074595
20261005-010838-8084b01,2024,full,corr_1260d,-0.0020926461575075266
20261005-010838-8084b01,2024,full,rmax5_21d,0.0013801957622511984
20261005-010838-8084b01,2024,full,rmax5_rvol_21d,-0.004598078658917078
20261005-010838-8084b01,2024,full,ni_be,-0.00040370249449647207
20261005-010838-8084b01,2024,full,ocf_at,-0.001511838945541133
20261005-010838-8084b01,2024,full,ocf_at_chg1,-0.00041597836822993207
20261005-010838-8084b01,2024,full,mispricing_perf,-0.0005357794414633374
20261005-010838-8084b01,2024,full,mispricing_mgmt,-0.0023415618534232963
20261005-010838-8084b01,2024,full,qmj,-0.006350134721726422
20261005-010838-8084b01,2024,full,qmj_prof,0.0025004553325306644
20261005-010838-8084b01,2024,full,qmj_growth,0.003833538131874126
20261005-010838-8084b01,2024,full,qmj_safety,0.0006042725921624586
